,dates,mex0489-0000,mex0489-0001
0,1986-04-21 17:30:52+00:00,200.35137559281114,212.92462128754275
1,1987-06-27 17:30:26+00:00,205.92525302774285,216.1898593317179
2,1987-07-13 17:30:44+00:00,215.5125245574589,223.84051640542143
3,1990-05-02 17:25:42+00:00,213.52568043263088,221.8499331144773
4,1991-04-03 17:27:15+00:00,214.0417539401203,216.55924232341263
5,1992-08-27 17:27:58+00:00,201.93526214026562,209.8242491351566
6,1993-02-03 17:27:27+00:00,200.40184748456605,214.48570960060022
7,1993-03-07 17:27:44+00:00,202.59555546875114,211.57070513249656
8,1993-04-08 17:27:52+00:00,211.65857364582794,222.52158876307726
9,1993-05-10 17:28:04+00:00,197.69971778335966,206.12826509042262
10,1993-05-26 17:28:07+00:00,205.29622266653135,214.9923522626256
11,1993-06-11 17:28:08+00:00,207.67304426476116,208.7970947954853
12,1993-06-27 17:28:02+00:00,203.22036650749493,211.5742448847119
13,1993-07-29 17:27:58+00:00,204.56843837081405,216.52842686445558
14,1993-08-14 17:28:00+00:00,200.98733121615143,211.97426910362447
15,1993-10-01 17:27:52+00:00,208.02034664034835,208.95768650786204
16,1993-10-17 17:27:46+00:00,206.05784226552112,213.82607680184637
17,1993-11-02 17:27:40+00:00,208.67964473250638,220.18060555249372
18,1994-01-05 17:27:08+00:00,209.52724266983532,221.26975581788642
19,1994-01-21 17:26:53+00:00,215.2993109204102,222.7368612792363
20,1994-02-06 17:26:45+00:00,214.38308228313213,221.0728499213315
21,1994-03-10 17:26:16+00:00,214.10448979131726,222.45771713786058
22,1994-03-26 17:26:02+00:00,214.19398224723122,219.8590370317045
23,1994-04-11 17:25:44+00:00,217.74708028325978,222.8817764882945
24,1994-04-27 17:25:26+00:00,216.49300801841332,219.92627921909468
25,1994-05-13 17:25:08+00:00,207.59033930090405,217.10184550726052
26,1994-05-29 17:24:52+00:00,209.68450069245966,221.92417452233084
27,1994-06-14 17:24:32+00:00,216.72894794110616,227.74357769437677
28,1994-06-30 17:24:09+00:00,214.4401210717418,215.8669602994267
29,1994-07-16 17:23:43+00:00,216.86041511731221,221.72535588730034
30,1994-08-01 17:23:15+00:00,216.34247294962276,220.47012851775563
31,1994-08-17 17:22:51+00:00,203.0185027518766,205.5122809502912
32,1994-09-02 17:22:28+00:00,208.8021451402861,215.87199164613318
33,1994-09-18 17:22:03+00:00,212.1213922762683,218.4666440483434
34,1994-10-04 17:21:36+00:00,205.17837050467253,217.47091335179266
35,1994-10-20 17:21:05+00:00,217.47688829553223,221.5454700856464
36,1994-11-21 17:19:57+00:00,213.6885358418506,217.0503339148925
37,1994-12-07 17:19:29+00:00,212.80589808997877,
38,1995-01-08 17:18:25+00:00,211.4764830869267,215.63901486802965
39,1995-02-09 17:17:10+00:00,204.22374582939423,211.22549822283193
40,1995-03-13 17:15:54+00:00,212.13574963972707,224.67198866974283
41,1995-04-14 17:14:34+00:00,214.63592195819976,226.90062617233633
42,1995-04-30 17:13:52+00:00,218.78965206905994,221.4421518309735
43,1995-05-16 17:13:09+00:00,219.91922641810197,220.87230525413673
44,1995-06-01 17:12:24+00:00,214.3781860244802,222.1371168559989
45,1995-06-17 17:11:41+00:00,210.65118465015794,215.36454112233088
46,1995-07-03 17:10:58+00:00,214.3918317892432,226.1984005335802
47,1995-08-04 17:09:30+00:00,205.81967746171085,209.962265666713
48,1995-08-20 17:08:46+00:00,206.98548561121643,211.12938082578034
49,1995-09-05 17:08:01+00:00,203.68027336499404,211.5608332883432
50,1995-09-21 17:07:13+00:00,201.7287116523157,214.88745764677847
51,1995-10-07 17:06:23+00:00,212.34881224436907,212.2857583212222
52,1995-10-23 17:05:30+00:00,217.57631673533947,218.24673585387276
53,1995-11-08 17:05:05+00:00,217.2399712316522,222.75695870512615
54,1996-01-11 17:08:38+00:00,216.1214075103155,223.36699965655075
55,1996-01-27 17:09:45+00:00,218.8613568865692,229.58321985208693
56,1996-03-15 17:12:59+00:00,222.5578707085041,227.46704328641795
57,1996-03-31 17:14:01+00:00,229.0771738785491,226.1242007242886
58,1996-04-16 17:15:00+00:00,220.87595585937544,228.62091861150375
59,1996-05-02 17:15:57+00:00,216.2725077373892,220.05956060315071
60,1996-05-18 17:16:53+00:00,216.96828157704027,220.79806389103396
61,1996-06-03 17:17:46+00:00,213.2264440511143,221.96859966426686
62,1996-06-19 17:18:39+00:00,220.8382682773967,224.99175022969163
63,1996-07-05 17:19:29+00:00,212.76158190706477,218.5085758049147
64,1996-07-21 17:20:20+00:00,219.7500843708972,221.475701778594
65,1996-08-06 17:21:11+00:00,207.1394824759389,213.78065739424022
66,1996-08-22 17:22:00+00:00,213.6881398051803,218.10812879430705
67,1996-09-07 17:22:54+00:00,207.7712801442493,216.57171833186783
68,1996-10-09 17:24:37+00:00,208.57188872509857,216.49150734705336
69,1996-10-25 17:25:25+00:00,211.50912997524023,219.77382769820977
70,1996-11-10 17:26:11+00:00,218.73305300528088,220.919975391847
71,1996-11-26 17:26:56+00:00,219.0833346699087,223.92437291193124
72,1996-12-12 17:27:42+00:00,226.21083285138246,223.54999020410878
73,1996-12-28 17:28:27+00:00,218.17927419874536,222.55951679949902
74,1997-01-29 17:29:56+00:00,219.93769732713147,224.64330101932572
75,1997-02-14 17:30:38+00:00,223.1328324708897,229.84637600789105
76,1997-03-02 17:31:17+00:00,222.42085920795125,230.53969359210754
77,1997-03-18 17:31:55+00:00,218.86797961551554,226.8901475748751
78,1997-04-03 17:32:30+00:00,219.31168480592035,226.53817206875388
79,1997-04-19 17:33:04+00:00,224.14662748219448,230.2506839809333
80,1997-05-05 17:33:38+00:00,217.1055162254615,218.232547304639
81,1997-05-21 17:34:11+00:00,209.57315899469756,213.61424651653365
82,1997-06-06 17:34:45+00:00,218.32666390823886,221.27194933097107
83,1997-07-08 17:35:51+00:00,214.4148644986197,212.74622970402257
84,1997-08-09 17:36:55+00:00,208.2122235997736,218.59062831218716
85,1997-08-25 17:37:24+00:00,218.35479228705398,220.66139662971582
86,1997-09-10 17:37:52+00:00,207.02746778692244,215.58691913531433
87,1997-09-26 17:38:20+00:00,204.58181755681244,210.7421328487234
88,1997-10-12 17:38:46+00:00,198.14497533029237,212.0468589928122
89,1997-10-28 17:39:13+00:00,194.5608821043379,210.69451691761046
90,1997-11-13 17:39:36+00:00,204.94759533732645,216.2214127713222
91,1997-12-15 17:40:22+00:00,206.4723022656343,220.16716750765934
92,1997-12-31 17:40:45+00:00,,
93,1998-03-21 17:42:17+00:00,199.4927853213518,219.33054221223333
94,1998-04-22 17:42:40+00:00,205.1020299412109,218.4986564901772
95,1998-06-09 17:43:25+00:00,200.741300402786,217.76794890158027
96,1998-06-25 17:43:35+00:00,204.05004936586147,216.18216193659174
97,1998-07-11 17:43:49+00:00,206.10685066868223,219.46472839101114
98,1998-08-12 17:44:02+00:00,199.68492272361274,212.3355581970414
99,1998-08-28 17:44:14+00:00,204.80210531151536,210.9282332526124
100,1998-09-13 17:44:21+00:00,203.79812542484666,211.02188876989183
101,1998-09-29 17:44:26+00:00,209.83173267785656,215.77954763159434
102,1998-10-15 17:44:25+00:00,211.99349442534702,218.5869155397962
103,1998-10-31 17:44:29+00:00,211.7607115503523,222.5452938805168
104,1998-11-16 17:44:38+00:00,205.3438361675174,212.82292013009987
105,1999-01-03 17:44:40+00:00,218.98452471952746,221.10286781957018
106,1999-01-19 17:44:36+00:00,210.24033423273727,220.2691240016729
107,1999-02-20 17:44:51+00:00,217.97789693716524,219.08290793125147
108,1999-03-24 17:44:27+00:00,209.56527135428146,219.44425617883456
109,1999-05-11 17:44:10+00:00,208.20739373244476,217.9323010525822
110,1999-05-27 17:43:46+00:00,213.59943921335164,220.57711754946064
111,1999-07-22 17:58:23+00:00,205.63665865903042,212.09172179487774
112,1999-07-30 17:43:18+00:00,211.03903530949262,218.1851311500344
113,1999-08-31 17:42:49+00:00,216.8793876972383,216.8092577737288
114,1999-09-16 17:42:18+00:00,211.87241837770773,221.74886720232132
115,1999-10-18 17:42:10+00:00,214.27858564639914,223.1698343898004
116,1999-11-03 17:41:43+00:00,213.7958733532564,224.76211501896097
117,1999-11-19 17:41:08+00:00,213.95049687417443,223.21720027800336
118,1999-11-27 17:58:22+00:00,217.21538183199118,222.0242560133592
119,2000-02-23 17:39:08+00:00,213.63414207961048,221.0664976592697
120,2000-03-18 17:58:11+00:00,213.10488780106488,216.24450016706143
121,2000-04-11 17:40:00+00:00,214.47244141485726,221.0077323065127
122,2000-04-19 17:57:52+00:00,210.19521698764336,216.74221354231136
123,2000-05-13 17:41:21+00:00,208.15297716115683,219.13904587247626
124,2000-06-06 17:57:26+00:00,213.98381542845868,220.18781130082922
125,2000-06-14 17:41:56+00:00,211.11864495138224,217.66654840230066
126,2000-08-09 17:56:40+00:00,204.97425628658593,214.0554529087204
127,2000-09-18 17:43:50+00:00,200.44493150586413,211.14170453095448
128,2000-10-28 17:55:56+00:00,208.051605897978,213.58678066251545
129,2000-11-29 17:55:58+00:00,213.20342765056066,224.3684631755013
130,2000-12-07 17:44:51+00:00,210.42154884512638,214.9761378104396
131,2001-01-08 17:45:22+00:00,202.7967719709578,217.5470719845765
132,2001-01-24 17:45:29+00:00,207.85253587381402,221.22798085237625
133,2001-02-01 17:56:04+00:00,215.51581123198628,224.04366344330631
134,2001-03-13 17:45:42+00:00,217.60154330724998,224.90948453278753
135,2001-04-06 17:55:38+00:00,,196.1611212462645
136,2001-04-22 17:55:41+00:00,213.5370479022897,218.92381263337913
137,2001-04-30 17:45:47+00:00,214.182146987904,215.19722417019852
138,2001-05-16 17:45:45+00:00,204.88527270592883,219.5046237294306
139,2001-06-17 17:45:54+00:00,208.26704371272746,213.03121524473892
140,2001-07-11 17:54:57+00:00,212.30922154742603,214.61546719617246
141,2001-07-19 17:45:58+00:00,206.6038127703129,218.46548023384727
142,2001-08-04 17:45:55+00:00,211.28733495750154,217.3437802543752
143,2001-08-28 17:54:20+00:00,202.60333282207654,211.70286169916687
144,2001-09-05 17:45:46+00:00,217.96668581452343,220.98160720925327
145,2001-09-21 17:45:39+00:00,214.91036837298068,215.10752121414788
146,2001-10-23 17:45:26+00:00,209.27198358495957,213.96463575486928
147,2001-10-31 17:53:53+00:00,215.31171389332147,222.9294696056595
148,2001-11-24 17:45:09+00:00,210.1913461004434,221.4948048615846
149,2001-12-02 17:54:06+00:00,214.1432148733253,223.50660133612652
150,2001-12-10 17:45:02+00:00,206.95793662372682,216.2189861904048
151,2001-12-26 17:44:54+00:00,216.3201724025621,224.20547632044025
152,2002-01-27 17:44:32+00:00,210.76994785289511,217.79362496914396
153,2002-02-12 17:44:12+00:00,214.14553074779244,220.8262997582362
154,2002-02-20 17:54:26+00:00,220.96141582712386,226.02897718301858
155,2002-04-25 17:54:23+00:00,219.44140619623727,222.00349524437658
156,2002-05-19 17:42:25+00:00,212.56582029352006,218.860772070671
157,2002-06-04 17:42:09+00:00,207.19423979921328,220.01435905639653
158,2002-06-20 17:41:40+00:00,214.21973825803076,224.09612719001643
159,2002-07-06 17:41:18+00:00,215.04121259060986,224.10174719851287
160,2002-07-22 17:40:59+00:00,209.76241869951073,216.3410969303694
161,2002-07-30 17:53:50+00:00,213.249613023231,217.06824908636293
162,2002-08-07 17:40:31+00:00,209.36087649808653,216.19860863156555
163,2002-08-23 17:40:00+00:00,195.64770208796438,
164,2002-09-24 17:39:11+00:00,205.27821439719827,211.60900862718023
165,2002-10-02 17:53:19+00:00,204.10935938342732,210.15739014968898
166,2002-10-10 17:38:41+00:00,208.64640332424813,216.34876119557822
167,2002-10-26 17:38:15+00:00,205.67076300159866,212.51731636650115
168,2002-11-11 17:37:38+00:00,212.00399672260136,222.26308102247262
169,2002-12-05 17:53:51+00:00,217.6350279833086,220.7185440604251
170,2002-12-13 17:36:59+00:00,208.58434836014888,219.07487242103082
171,2003-01-06 17:53:54+00:00,209.55594087464127,221.6025344106326
172,2003-01-14 17:37:57+00:00,211.95351845138532,221.5676271442997
173,2003-01-30 17:38:18+00:00,211.4108886781769,221.54854299097934
174,2003-02-15 17:38:38+00:00,209.12561192997373,218.60370751128107
175,2003-03-11 17:54:20+00:00,215.1403286414812,223.23240270750802
176,2003-03-19 17:39:26+00:00,208.32086778025126,222.3366816199668
177,2003-04-04 17:39:54+00:00,214.02303581254083,225.52668915102754
178,2003-04-20 17:40:19+00:00,218.53196388382364,225.528196659063
179,2003-05-06 17:40:40+00:00,214.20506162275296,221.63265108927237
180,2003-05-22 17:40:58+00:00,194.19028068222747,210.39030911322988
181,2003-06-07 17:41:13+00:00,219.64358448826033,222.62749543642266
182,2003-06-23 17:41:36+00:00,215.55720326304794,223.54265814533716
183,2003-07-09 17:41:55+00:00,212.18083890627395,216.28856198417358
184,2003-07-25 17:42:12+00:00,206.71520336148544,218.48894406451504
185,2003-08-02 17:54:01+00:00,208.53833488880295,
186,2003-08-10 17:42:28+00:00,207.39930795892192,214.60060827021735
187,2003-08-26 17:42:47+00:00,204.87387488732637,215.961600276527
188,2003-09-11 17:43:03+00:00,215.61649041996432,220.6375952380554
189,2003-10-21 17:53:54+00:00,,
190,2003-10-29 17:43:38+00:00,205.44074269014428,209.64988850478676
191,2003-11-06 17:54:02+00:00,217.12753327267365,224.00606617267908
192,2003-11-22 17:54:16+00:00,218.6537808345529,225.45154315476657
193,2003-11-30 17:44:06+00:00,222.19307798531472,230.03215712935463
194,2003-12-16 17:44:12+00:00,221.8919293493161,226.37342399536237
195,2004-01-01 17:44:21+00:00,212.75264312518271,218.9397889418532
196,2004-01-09 17:54:31+00:00,214.8750508063005,216.95460076757325
197,2004-01-17 17:44:23+00:00,211.1910878358213,220.98275199292613
198,2004-02-10 17:54:43+00:00,224.81504064976735,231.58227823618205
199,2004-02-18 17:44:32+00:00,215.6093302304681,225.27631176148316
200,2004-02-26 17:54:42+00:00,219.6076428684549,225.34333257229463
201,2004-03-05 17:44:37+00:00,214.52075400778477,222.77886996581464
202,2004-03-21 17:44:43+00:00,215.7516779447988,222.78996383215627
203,2004-03-29 17:54:52+00:00,221.5804137702949,225.02286480420725
204,2004-04-06 17:45:01+00:00,220.188949443699,230.01037297864008
205,2004-04-14 17:54:46+00:00,220.2095834422915,230.97130628689507
206,2004-04-22 17:45:30+00:00,218.9687414185464,226.3878892985989
207,2004-04-30 17:54:46+00:00,212.2348137143653,218.71909202255992
208,2004-05-08 17:45:57+00:00,213.53395551851085,225.65105476126337
209,2004-05-16 17:54:47+00:00,215.78906200853308,222.9625218203176
210,2004-06-09 17:46:52+00:00,206.5816556909852,215.48230903582524
211,2004-06-25 17:47:21+00:00,220.03050329663122,223.91743855705343
212,2004-07-11 17:47:49+00:00,216.79013041128286,223.78671821461433
213,2004-07-19 17:54:33+00:00,217.4658701961962,223.12400727416798
214,2004-08-04 17:54:24+00:00,219.30229707090513,219.0030048300937
215,2004-08-20 17:54:23+00:00,218.12970303349604,224.30437759385612
216,2004-09-05 17:54:18+00:00,,
217,2004-09-13 17:49:24+00:00,207.55658516650075,220.12951837602623
218,2004-09-21 17:54:13+00:00,210.67704472775503,223.40179695423916
219,2004-09-29 17:49:45+00:00,199.49957540429722,213.31275505067146
220,2004-10-07 17:54:03+00:00,213.6351802341717,218.297289785384
221,2004-10-15 17:50:06+00:00,197.17780317511634,211.96926709183668
222,2004-10-23 17:54:21+00:00,218.4162878144181,222.6387408038983
223,2004-10-31 17:50:26+00:00,221.3253491657288,227.329805237015
224,2004-11-16 17:50:41+00:00,222.74212029594415,226.68890364143925
225,2004-11-24 17:54:39+00:00,216.01476796297894,225.13998180100626
226,2004-12-10 17:54:46+00:00,218.35114649301548,220.3669665126268
227,2005-01-19 17:51:46+00:00,210.73349756380944,220.40885199041506
228,2005-01-27 17:55:00+00:00,218.4017765694153,221.29694628104275
229,2005-02-04 17:51:58+00:00,223.2085415295999,232.19343627179333
230,2005-02-20 17:52:15+00:00,213.92338242703406,219.12755567341674
231,2005-03-08 17:52:29+00:00,214.18807682102346,220.02369006919258
232,2005-03-16 17:55:18+00:00,224.4000270419261,226.44476834965906
233,2005-04-09 17:52:42+00:00,222.7590871091195,224.83506123597078
234,2005-04-25 17:52:46+00:00,203.68329821629163,217.4362912869524
235,2005-05-03 17:55:12+00:00,208.39567052853346,213.49673812150812
236,2005-05-11 17:52:51+00:00,217.53688720512784,220.66848846268522
237,2005-05-19 17:55:12+00:00,213.4969034811747,220.42286473488696
238,2005-06-20 17:55:01+00:00,210.94676525682613,215.41443824272523
239,2005-06-28 17:53:12+00:00,214.97471655119332,223.01723654620562
240,2005-07-06 17:55:01+00:00,213.84949405360544,218.0484819800946
241,2005-07-14 17:53:21+00:00,214.4396511334454,222.6517874976083
242,2005-07-30 17:53:31+00:00,211.13995318557517,215.56539270218747
243,2005-08-07 17:54:58+00:00,219.2459146944104,222.6529544779936
244,2005-08-15 17:53:38+00:00,217.47289360387762,226.11933023442697
245,2005-08-31 17:53:42+00:00,206.63354386786665,216.08667810065444
246,2005-09-08 17:54:43+00:00,206.37767612108192,217.02433312452288
247,2005-09-16 17:53:43+00:00,207.17417748202956,216.98761599330385
248,2005-09-24 17:54:40+00:00,208.72828124826776,219.5287582091385
249,2005-10-02 17:53:40+00:00,207.98012083818298,216.06224933312896
250,2005-10-10 17:54:39+00:00,218.59092102867496,219.5864320047793
251,2005-10-18 17:53:38+00:00,214.7049677484673,221.84658723779745
252,2005-10-26 17:54:53+00:00,219.00877935077563,224.67282388770644
253,2005-11-03 17:53:42+00:00,205.2930984094331,210.13413620957863
254,2005-11-11 17:55:03+00:00,,227.9600567018237
255,2005-11-19 17:54:07+00:00,222.34902583948832,233.9847733670158
256,2005-11-27 17:55:10+00:00,219.4110687141505,225.87567436395074
257,2005-12-29 17:55:20+00:00,212.8466648198711,
258,2006-01-22 17:55:34+00:00,226.11575519803594,227.7081616376649
259,2006-01-30 17:55:35+00:00,223.43545418550758,227.05736285946318
260,2006-02-07 17:55:57+00:00,209.25145243731976,226.88581335070083
261,2006-02-15 17:55:40+00:00,225.07877775094403,232.1163961050738
262,2006-03-11 17:56:40+00:00,219.28426374462572,252.7295841547614
263,2006-04-12 17:57:15+00:00,220.38097181135146,225.27342409638632
264,2006-04-20 17:55:36+00:00,224.49007018429467,231.80400762031297
265,2006-04-28 17:57:29+00:00,221.72690217494016,226.92708269610486
266,2006-05-06 17:55:39+00:00,224.16544435591356,231.1698215994256
267,2006-05-14 17:57:41+00:00,212.28779958668534,219.251047905578
268,2006-05-22 17:55:40+00:00,219.76918461075607,229.80127226189063
269,2006-05-30 17:57:55+00:00,223.77277383172685,229.3651908002209
270,2006-06-07 17:55:38+00:00,210.75682579318226,212.65924753114123
271,2006-06-15 17:58:11+00:00,218.14260462606134,227.99706654792033
272,2006-06-23 17:55:33+00:00,220.35361143544336,226.44494787495188
273,2006-07-01 17:58:27+00:00,209.40722440152499,215.18604315695208
274,2006-07-09 17:55:26+00:00,212.92533557133356,216.3522678636025
275,2006-07-17 17:58:40+00:00,210.8469636954456,217.71361441156876
276,2006-08-02 17:58:52+00:00,217.1820382881059,219.1819737653551
277,2006-08-10 17:55:16+00:00,210.23209757546687,219.66212256855474
278,2006-08-26 17:55:14+00:00,,
279,2006-09-03 17:59:15+00:00,207.92075317964802,215.7531171945072
280,2006-09-11 17:55:09+00:00,212.80222967008328,220.04094688339478
281,2006-09-19 17:59:26+00:00,201.9395112366043,215.59486656342662
282,2006-09-27 17:55:03+00:00,209.66291498462837,219.86697462434654
283,2006-10-21 17:59:49+00:00,206.37929437834268,217.80392561343677
284,2006-11-06 17:59:58+00:00,210.6821134140624,218.92237605407968
285,2006-11-14 17:55:31+00:00,215.97857437466146,223.2414883138716
286,2006-11-22 18:00:06+00:00,214.28624987929217,216.13149766215318
287,2006-11-30 17:55:41+00:00,218.4218897272405,219.71564629721942
288,2006-12-08 18:00:13+00:00,216.8227787264141,221.8353914258175
289,2006-12-24 18:00:20+00:00,217.87028421997357,221.2098627643099
290,2007-01-25 18:00:32+00:00,223.1231176234839,226.41299733478888
291,2007-02-02 17:55:57+00:00,199.09916268536267,
292,2007-02-10 18:00:35+00:00,215.80961698115186,223.96309713582002
293,2007-02-18 17:56:03+00:00,212.71530622193265,219.53368123465128
294,2007-02-26 18:00:35+00:00,225.72557408977644,230.13187076754375
295,2007-03-06 17:56:06+00:00,226.5926377119661,229.88278036367484
296,2007-03-14 18:00:33+00:00,219.71885157334845,227.7868050898196
297,2007-03-30 18:00:29+00:00,221.5173656585219,231.60421170074082
298,2007-04-15 18:00:23+00:00,207.8792420659055,213.1488696591733
299,2007-05-17 18:00:05+00:00,213.9627842091686,222.79308778567426
300,2007-05-25 17:55:53+00:00,217.67830424430454,225.2202054240272
301,2007-06-02 17:59:52+00:00,210.46460524623538,221.32736249035122
302,2007-06-18 17:59:35+00:00,215.1833662601304,221.10623790982407
303,2007-06-26 17:55:51+00:00,,220.11448463533196
304,2007-07-04 17:59:21+00:00,200.36260953885687,215.7451626295245
305,2007-07-20 17:59:13+00:00,217.1173543900683,217.26702818854574
306,2007-08-13 17:55:39+00:00,196.48784732739867,207.31389717075615
307,2007-08-21 17:58:53+00:00,197.68864484205852,206.7957200959331
308,2007-09-22 17:58:38+00:00,213.48454516124258,209.78875631850818
309,2007-10-16 17:55:24+00:00,220.86452699201413,227.24316588713165
310,2007-11-01 17:55:35+00:00,226.88536204089402,227.88841861298846
311,2007-11-17 17:55:44+00:00,230.99779180205965,232.5564968545998
312,2007-12-03 17:55:51+00:00,223.271614582456,227.87917086810458
313,2007-12-19 17:55:55+00:00,222.7418920557985,227.17924077299904
314,2008-01-20 17:55:57+00:00,222.13504679818496,227.95564513732631
315,2008-02-05 17:55:55+00:00,225.529857461921,228.29490961692503
316,2008-02-29 17:55:55+00:00,217.12996125368454,227.3869898959842
317,2008-03-16 17:55:35+00:00,227.96849178622153,233.23349533037504
318,2008-03-24 17:55:45+00:00,209.71413296538483,214.25199675744128
319,2008-04-01 17:55:14+00:00,203.21616201373456,219.90520764332908
320,2008-04-09 17:55:44+00:00,225.14182142350452,230.22986614079156
321,2008-04-17 17:54:51+00:00,217.88772108573983,226.25629103630553
322,2008-04-25 17:55:41+00:00,229.3191705625913,236.85225282437372
323,2008-05-11 17:55:37+00:00,222.52343989513275,226.67120610284778
324,2008-05-27 17:55:30+00:00,211.1520412108118,212.51356965786562
325,2008-06-04 17:53:34+00:00,215.3003014101069,221.91116681397563
326,2008-07-22 17:52:13+00:00,199.1520878198112,214.93296488516035
327,2008-08-07 17:51:44+00:00,214.7958425156871,215.4094506446005
328,2008-08-23 17:51:18+00:00,212.72754570273779,221.4016975704679
329,2008-09-08 17:50:51+00:00,213.7723862759152,220.0335708147698
330,2008-09-24 17:50:22+00:00,219.78443498553037,219.64614121086177
331,2008-10-02 17:54:20+00:00,212.9049183421836,223.609065067192
332,2008-10-10 17:49:51+00:00,199.7789849674329,203.49610772083835
333,2008-10-18 17:54:20+00:00,223.77601468861843,228.97069306216432
334,2008-10-26 17:49:18+00:00,206.24784882577967,213.88063112424138
335,2008-11-03 17:54:35+00:00,215.78096283516746,222.62958369978517
336,2008-11-11 17:48:47+00:00,210.16249284002024,217.3636677715728
337,2008-11-19 17:54:49+00:00,217.3247127370288,222.00106319853438
338,2008-11-27 17:49:17+00:00,217.52873786578323,220.71702179458055
339,2008-12-21 17:55:09+00:00,222.44396709848476,225.86413709842097
340,2008-12-29 17:50:14+00:00,218.8835875930543,223.86284700620448
341,2009-01-06 17:55:15+00:00,217.32201382456523,221.85497443934145
342,2009-01-14 17:50:39+00:00,220.69364644915,228.84155707614127
343,2009-01-30 17:51:05+00:00,224.78775801982044,227.15002386435737
344,2009-02-07 17:55:25+00:00,208.50658514317203,215.57016187066856
345,2009-02-15 17:51:29+00:00,,
346,2009-03-03 17:51:52+00:00,222.1965111517969,225.10934440281162
347,2009-03-11 17:55:44+00:00,215.84789631734523,224.0586392329656
348,2009-03-19 17:52:14+00:00,213.02331952118246,220.03570494183893
349,2009-03-27 17:55:50+00:00,215.25639696647065,223.14885342541913
350,2009-04-04 17:52:35+00:00,221.2979948220653,228.71435417331858
351,2009-04-12 17:55:56+00:00,,223.2868288339812
352,2009-04-20 17:52:54+00:00,222.09792741252573,229.12570421542395
353,2009-05-06 17:53:12+00:00,215.33412055852259,224.1503296695068
354,2009-05-14 17:56:02+00:00,,
355,2009-05-22 17:53:30+00:00,221.11505740169554,226.00327545796958
356,2009-05-30 17:56:02+00:00,218.55967608547388,
357,2009-06-07 17:53:46+00:00,218.52018552187099,228.82635207961633
358,2009-06-15 17:56:01+00:00,220.49918258893535,224.29646528416598
359,2009-06-23 17:54:04+00:00,214.83929272877845,221.2490001502702
360,2009-07-01 17:55:59+00:00,,222.4875966447385
361,2009-07-09 17:54:21+00:00,211.23547547417968,217.55205670165262
362,2009-07-25 17:54:36+00:00,207.0037708419006,214.683200055891
363,2009-08-02 17:55:49+00:00,,219.91864591875444
364,2009-08-10 17:54:50+00:00,212.39792435617662,218.2084767154024
365,2009-08-18 17:55:46+00:00,,
366,2009-08-26 17:55:05+00:00,206.8499517924679,214.60045310166817
367,2009-09-11 17:55:19+00:00,209.03682619030226,220.6849902915585
368,2009-09-19 17:55:45+00:00,,
369,2009-09-27 17:55:31+00:00,216.16878143418342,219.91820872263372
370,2009-10-13 17:55:41+00:00,212.95870207342585,223.19251480461182
371,2009-10-21 17:55:51+00:00,207.60556526532196,215.40621561623047
372,2009-10-29 17:55:50+00:00,219.4149117441165,217.61101839021882
373,2009-11-14 17:55:57+00:00,207.1896713239148,220.62355640120506
374,2009-11-22 17:56:18+00:00,221.6708787451925,225.89395985338123
375,2009-11-30 17:56:04+00:00,203.85445912564887,210.8257700714754
376,2009-12-08 17:56:28+00:00,216.28012358611073,230.30894149548965
377,2009-12-16 17:56:13+00:00,209.91271488325012,218.56057952868173
378,2010-01-09 17:57:02+00:00,,224.73067593123162
379,2010-01-17 17:56:24+00:00,212.85948407599395,220.9255319456804
380,2010-01-25 17:57:16+00:00,221.78461749387617,227.34881667129645
381,2010-02-18 17:56:31+00:00,213.72535383352357,219.74134111758346
382,2010-02-26 17:57:37+00:00,219.33858239353128,226.5487681457685
383,2010-03-14 17:57:44+00:00,213.98538572348582,228.76886994174353
384,2010-03-30 17:57:48+00:00,218.26098698388708,225.4760955456452
385,2010-04-07 17:56:30+00:00,218.67645544794996,226.99811617081374
386,2010-04-15 17:57:49+00:00,,218.4302137983294
387,2010-04-23 17:56:27+00:00,213.02667829545948,220.95701381679564
388,2010-05-01 17:57:47+00:00,219.28887564218786,215.67123413662944
389,2010-05-17 17:57:42+00:00,207.15507673121812,216.21025932619875
390,2010-06-10 17:56:15+00:00,206.60606875016,211.1819115739707
391,2010-06-26 17:56:10+00:00,206.5542561549448,213.9480138694018
392,2010-07-12 17:56:07+00:00,208.72238008927425,222.17142597088989
393,2010-07-28 17:56:02+00:00,209.98478059798197,216.39992388918733
394,2010-08-29 17:55:52+00:00,204.38518603150666,218.4256850696702
395,2010-09-14 17:55:48+00:00,212.69573321429505,217.90006739889932
396,2010-09-30 17:55:41+00:00,218.46864339102197,221.35338628504303
397,2010-10-08 17:57:54+00:00,,226.4476525691822
398,2010-10-24 17:58:04+00:00,218.8787393780512,221.06453174161385
399,2010-11-01 17:55:26+00:00,220.51526613124858,226.28818239434983
400,2010-11-09 17:58:15+00:00,,
401,2010-11-17 17:55:24+00:00,217.51360456243367,222.79155539480064
402,2010-12-03 17:55:24+00:00,193.49551981205957,207.72187664354755
403,2010-12-27 17:58:43+00:00,227.4333601440264,230.54655221627362
404,2011-01-04 17:55:31+00:00,214.0544427946008,222.11582367166892
405,2011-01-12 17:58:52+00:00,229.79639535379786,237.2950557553978
406,2011-01-28 17:58:58+00:00,224.36681055740019,229.23392187991152
407,2011-02-05 17:55:33+00:00,221.7797515916095,226.00434398979073
408,2011-02-21 17:55:34+00:00,215.9858844250026,222.7873967135298
409,2011-03-01 17:59:07+00:00,225.3764130119813,230.15242254699953
410,2011-03-09 17:55:31+00:00,214.8164312325394,225.1261184069029
411,2011-03-25 17:55:25+00:00,221.27282947440895,221.49184183188743
412,2011-04-10 17:55:23+00:00,221.4905307477964,224.75057634852487
413,2011-04-26 17:55:15+00:00,218.49244013969758,227.42023528252952
414,2011-05-12 17:55:10+00:00,222.45686559924792,221.08419310883076
415,2011-06-29 17:54:50+00:00,212.70007401465722,217.18275984087865
416,2011-08-24 17:58:59+00:00,213.1430534783235,220.91455052102378
417,2011-09-09 17:58:54+00:00,210.29009041091047,217.82458457807343
418,2011-09-25 17:58:51+00:00,215.07275561656022,
419,2011-10-03 17:53:44+00:00,216.34159987127052,224.09873448022157
420,2011-10-11 17:58:49+00:00,215.38876558425176,219.27117175695327
421,2011-10-27 17:58:58+00:00,211.61377187793636,219.16198561982367
422,2011-11-28 17:59:18+00:00,218.00728366094003,
423,2011-12-30 17:59:35+00:00,220.8717269754792,226.8967395726481
424,2012-05-06 18:00:11+00:00,220.2755998488496,229.3092848320226
425,2012-05-22 18:00:14+00:00,218.7758654612154,227.2501899075686
426,2012-06-07 17:59:56+00:00,201.52808260800296,215.9167745303324
427,2012-07-25 18:00:29+00:00,213.99799395307053,225.45242031432898
428,2012-08-10 18:00:41+00:00,209.4291047046458,218.82612850340666
429,2012-08-26 18:00:50+00:00,,224.6337133520445
430,2012-10-13 18:01:18+00:00,215.2125195726137,221.53401879397308
431,2012-10-29 18:01:26+00:00,210.08229719008045,219.84578299887755
432,2012-12-16 18:01:42+00:00,223.74983048994866,224.10177977881173
433,2013-01-01 18:01:46+00:00,221.67917901171347,231.0330956202828
434,2013-02-18 18:01:47+00:00,224.58212223344745,230.3858419409564
435,2013-03-22 18:01:40+00:00,216.46078479516066,222.121694713922
436,2013-04-07 18:01:38+00:00,214.1961992638379,225.3437629193524
437,2013-04-15 18:07:25+00:00,215.76483103404354,217.5097018749044
438,2013-04-23 18:01:30+00:00,210.9324905355578,221.23556766948306
439,2013-05-09 18:01:28+00:00,,
440,2013-05-25 18:01:25+00:00,207.54739686133368,220.2179212304925
441,2013-06-10 18:01:16+00:00,207.69985303555353,
442,2013-07-04 18:07:35+00:00,198.47866481183755,208.47891022076263
443,2013-07-12 18:00:59+00:00,199.669332656776,210.66324517800342
444,2013-07-20 18:07:33+00:00,195.0083276781602,204.93053067876212
445,2013-07-28 18:00:52+00:00,210.44467940453455,217.2974390307055
446,2013-08-21 18:07:38+00:00,205.1210859748729,213.03959469521274
447,2013-09-06 18:07:37+00:00,205.3458501255833,212.75839550193908
448,2013-09-14 18:01:14+00:00,208.10975391246376,217.36030278510339
449,2013-09-22 18:07:30+00:00,214.3456464799033,222.19054794513534
450,2013-09-30 18:01:24+00:00,219.29581754704563,224.71054376027175
451,2013-10-16 18:01:37+00:00,209.97564592207996,219.8477872638591
452,2013-10-24 18:07:22+00:00,216.4601915745355,220.26885740373604
453,2013-11-09 18:07:20+00:00,215.6898171121871,219.74595873599287
454,2013-11-17 18:01:46+00:00,214.40700586911973,223.6847396652082
455,2013-11-25 18:07:12+00:00,223.3375240723835,226.0200886363054
456,2013-12-27 18:07:02+00:00,216.49559298498403,221.39316902829998
457,2014-01-12 18:06:48+00:00,216.99228190534376,223.5320072454238
458,2014-01-20 18:02:17+00:00,218.05064819620728,225.01819558919712
459,2014-01-28 18:06:42+00:00,218.2508744422251,223.13325399653866
460,2014-02-13 18:06:27+00:00,208.8789921003717,215.45025256071784
461,2014-02-21 18:02:18+00:00,216.1759218024478,224.47729162385838
462,2014-03-09 18:02:24+00:00,221.70683131560492,225.12752196088974
463,2014-03-17 18:06:04+00:00,217.26742405303162,222.77943090778572
464,2014-03-25 18:02:31+00:00,,228.25732036484763
465,2014-04-02 18:05:48+00:00,214.11350080081047,219.9032100018063
466,2014-04-10 18:02:36+00:00,,
467,2014-04-26 18:02:48+00:00,206.74728445004277,211.1489548374493
468,2014-05-04 18:05:15+00:00,206.87384187934583,214.7387449380929
469,2014-05-12 18:02:54+00:00,208.94462574904054,213.87640406418177
470,2014-05-20 18:05:06+00:00,205.47013197610778,212.7216865274463
471,2014-06-05 18:05:15+00:00,204.89961839259456,209.8878134776855
472,2014-06-13 18:03:00+00:00,206.19205732534164,218.98588552155965
473,2014-06-21 18:05:19+00:00,205.8710954450142,210.6256959432503
474,2014-06-29 18:03:05+00:00,,217.37426820971802
475,2014-07-15 18:03:06+00:00,212.33437734772218,217.22479055372966
476,2014-07-23 18:05:28+00:00,209.53483674783413,214.20262292903874
477,2014-08-08 18:05:38+00:00,211.2360775380606,221.23207006561358
478,2014-08-16 18:03:15+00:00,,222.03157398293743
479,2014-08-24 18:05:40+00:00,208.03906087774283,214.91258631866106
480,2014-09-01 18:03:14+00:00,211.2671081679665,218.89906329469804
481,2014-10-03 18:03:30+00:00,199.7211440282188,212.67128433459828
482,2014-10-11 18:05:48+00:00,206.21320142312084,217.3984224393838
483,2014-10-27 18:05:47+00:00,206.57500753545045,218.27832733724665
484,2014-11-04 18:03:48+00:00,200.56968178159687,211.44805082488588
485,2014-11-20 18:03:51+00:00,202.55079237172046,217.71066848182758
486,2014-11-28 18:05:48+00:00,209.01843637795125,214.68943589658087
487,2014-12-14 18:05:42+00:00,202.84885639267208,214.40052824175467
488,2014-12-22 18:04:08+00:00,207.89266599381537,214.47757951357823
489,2014-12-30 18:05:38+00:00,200.40948155254495,210.6434688803389
490,2015-01-15 18:05:37+00:00,188.25872451949368,205.3668826371525
491,2015-01-31 18:05:33+00:00,200.12683947353045,214.24435185495926
492,2015-02-08 18:04:17+00:00,214.12200700884253,224.4158966284184
493,2015-02-16 18:05:24+00:00,201.78406672933502,213.8293281155679
494,2015-02-24 18:04:25+00:00,217.87337374611297,229.7841092312564
495,2015-03-12 18:04:31+00:00,211.93743822666605,218.85034229362077
496,2015-03-20 18:05:10+00:00,203.72947040358775,211.11606408416597
497,2015-03-28 18:04:39+00:00,206.64331145965681,209.84430160497888
498,2015-04-13 18:04:48+00:00,206.36367717264173,215.5233698489497
499,2015-04-21 18:04:57+00:00,204.16943689920748,213.8902129011883
500,2015-04-29 18:04:54+00:00,210.78009591420417,220.49353782449742
501,2015-05-15 18:05:02+00:00,200.16962167994166,212.83667119806637
502,2015-05-31 18:05:07+00:00,194.39563214368943,203.0796376550736
503,2015-06-16 18:05:13+00:00,210.77661419907398,212.43164324680137
504,2015-06-24 18:04:55+00:00,195.1481993563036,209.0866579463123
505,2015-07-02 18:05:15+00:00,207.21876153252836,
506,2015-07-10 18:05:06+00:00,202.71078349274407,211.57222906518462
507,2015-07-18 18:05:21+00:00,198.90342635390314,
508,2015-07-26 18:05:12+00:00,188.69721204193846,199.44551171293557
509,2015-08-03 18:05:24+00:00,201.94334910737132,208.64183565845948
510,2015-08-11 18:05:16+00:00,197.05824889470705,211.9933879889039
511,2015-08-19 18:05:27+00:00,201.35450280879652,207.09431091757594
512,2015-09-12 18:05:30+00:00,196.81087022430376,205.76033328976305
513,2015-09-28 18:05:36+00:00,203.7085334547209,209.31709376652586
514,2015-10-06 18:05:37+00:00,189.54124671477038,202.34496579639466
515,2015-10-14 18:05:36+00:00,195.47596519701688,206.00709745849161
516,2015-10-22 18:05:56+00:00,204.42134787973927,213.2595698619066
517,2015-11-07 18:06:10+00:00,207.57090166610556,217.1848651316467
518,2015-11-23 18:06:26+00:00,,205.06832340932564
519,2015-12-09 18:06:41+00:00,203.5535517127615,212.95015506289224
520,2015-12-17 18:05:44+00:00,210.30361985956117,220.46075477376272
521,2016-01-02 18:05:42+00:00,207.1169129239523,215.8234077949599
522,2016-01-10 18:07:10+00:00,217.0607624565721,
523,2016-01-26 18:07:21+00:00,215.75931696699286,223.2879591057844
524,2016-02-03 18:05:38+00:00,210.33926688073765,221.11530904264035
525,2016-03-06 18:05:29+00:00,196.61030621554963,207.75015505996004
526,2016-03-14 18:07:41+00:00,216.00197208903012,225.16793671881274
527,2016-03-22 18:05:21+00:00,210.1455835106613,218.55818693555037
528,2016-04-15 18:07:52+00:00,211.7577664727036,219.44231844759832
529,2016-04-23 18:05:07+00:00,205.0834524431566,214.50496893383615
530,2016-05-09 18:05:09+00:00,203.796533252386,215.45438328029482
531,2016-05-25 18:05:14+00:00,207.55111751457423,215.84774622560508
532,2016-06-02 18:08:06+00:00,197.0619671155612,204.91803323341676
533,2016-06-10 18:05:17+00:00,211.8432969354926,217.37262944453408
534,2016-06-18 18:08:09+00:00,199.0832553406618,205.1899784721824
535,2016-07-04 18:08:09+00:00,,221.180503646818
536,2016-07-12 18:05:32+00:00,203.54367834915018,212.77721476708692
537,2016-07-20 18:08:11+00:00,201.00193241767266,208.18992152298478
538,2016-08-05 18:08:13+00:00,209.88892520869004,219.89387823881958
539,2016-08-13 18:05:39+00:00,207.0179471752758,215.04599853421746
540,2016-08-21 18:08:15+00:00,208.72541970570347,
541,2016-08-29 18:05:46+00:00,204.44868608190038,211.5026128693022
542,2016-09-14 18:05:50+00:00,205.96275398377048,215.14222100068662
543,2016-09-30 18:05:50+00:00,200.06239002762248,207.35538592403296
544,2016-10-08 18:08:21+00:00,211.12369934930356,220.63262042956723
545,2016-10-16 18:05:56+00:00,205.7051897634768,216.80866665952715
546,2016-10-24 18:08:18+00:00,207.8532144333356,218.9785611593732
547,2016-11-09 18:08:11+00:00,220.56437701181298,225.96824575291916
548,2016-11-17 18:05:56+00:00,213.10963172056142,222.23542899223423
549,2016-11-25 18:08:07+00:00,221.95124049071234,
550,2016-12-03 18:05:55+00:00,213.36913592037956,217.01330128672606
551,2016-12-11 18:08:03+00:00,,
552,2017-02-05 18:05:36+00:00,209.89427217037175,220.5160023340699
553,2017-02-13 18:07:32+00:00,220.79931126308702,
554,2017-02-21 18:05:30+00:00,222.05923397427276,227.06846648930028
555,2017-03-01 18:07:41+00:00,215.5073918653853,218.4936513444546
556,2017-03-09 18:05:23+00:00,208.8573607523275,221.25389939035858
557,2017-03-17 18:07:47+00:00,225.24046231110546,
558,2017-03-25 18:05:13+00:00,215.65939466843355,223.3754029707392
559,2017-04-02 18:07:51+00:00,218.53167039997842,225.8365070704153
560,2017-04-10 18:05:06+00:00,210.7557569662155,215.27933231602017
561,2017-04-18 18:07:58+00:00,220.85352712097213,227.9810159185348
562,2017-04-26 18:04:55+00:00,205.90732778362232,214.8960043488651
563,2017-05-04 18:08:03+00:00,210.01181310246085,218.1037750582244
564,2017-05-12 18:05:00+00:00,209.4202739261834,216.05279491312473
565,2017-05-28 18:05:10+00:00,205.18655361507058,215.84335830285949
566,2017-06-13 18:05:18+00:00,210.93142177786874,217.22777075009793
567,2017-06-21 18:08:14+00:00,203.86158794291796,216.46386846761254
568,2017-06-29 18:05:22+00:00,203.1867378435362,210.83750513427438
569,2017-07-07 18:08:15+00:00,198.41834353539744,212.01915954534658
570,2017-07-15 18:05:25+00:00,206.28810834248924,212.4373428331738
571,2017-07-31 18:05:33+00:00,199.535630710944,211.7185444743043
572,2017-08-08 18:08:13+00:00,207.61884622664564,217.2567183146087
573,2017-08-16 18:05:39+00:00,200.6753555561191,209.6559713670662
574,2017-08-24 18:08:13+00:00,,
575,2017-09-09 18:08:12+00:00,209.62893050095548,215.74693251818968
576,2017-09-17 18:05:44+00:00,208.18526770898345,216.2583868968894
577,2017-09-25 18:08:11+00:00,218.48983355674127,226.20264163355802
578,2017-10-03 18:05:51+00:00,209.22739913635823,215.7827464395792
579,2017-10-11 18:08:13+00:00,213.1628959711114,221.14703672235146
580,2017-10-19 18:05:54+00:00,198.2391312870897,206.5661124656611
581,2017-10-27 18:08:14+00:00,211.24278081499824,220.6291946864556
582,2017-11-12 18:08:12+00:00,219.42959269874072,225.62906161711666
583,2017-11-20 18:05:49+00:00,212.49972787262087,219.41889666591595
584,2017-12-14 18:07:58+00:00,209.96504981720798,221.7733415385568
585,2017-12-22 18:05:48+00:00,212.8724305548521,220.5088128164645
586,2017-12-30 18:07:47+00:00,,226.2953566854169
587,2018-01-07 18:05:42+00:00,209.5680303165949,217.24848445771312
588,2018-01-15 18:07:33+00:00,219.88954507951522,229.10540175216371
589,2018-01-23 18:05:34+00:00,219.45671462193914,228.24815194802773
590,2018-01-31 18:07:18+00:00,198.7319641781535,206.1943928768918
591,2018-02-08 18:05:26+00:00,213.44423707774453,223.11032735027933
592,2018-02-24 18:05:20+00:00,220.46358166201253,228.7305886306927
593,2018-03-04 18:06:56+00:00,224.01207306682946,
594,2018-03-20 18:06:44+00:00,220.55504468996793,224.69257862008408
595,2018-03-28 18:05:04+00:00,220.37100161389947,226.44557518625822
596,2018-04-05 18:06:30+00:00,219.20064080317434,226.90296135470408
597,2018-04-13 18:04:56+00:00,207.84511693728706,218.68170790732043
598,2018-04-29 18:04:47+00:00,203.5478841819279,212.869489428607
599,2018-05-07 18:05:56+00:00,218.6725992491091,224.16731965962055
600,2018-05-15 18:04:36+00:00,201.4411166634577,212.86900187925406
601,2018-05-31 18:04:23+00:00,207.8530699572339,217.21585340643227
602,2018-06-08 18:05:25+00:00,213.6381455497043,220.60051279754322
603,2018-06-16 18:04:30+00:00,196.76138762959638,208.4372027195785
604,2018-06-24 18:05:07+00:00,201.2856876703163,208.9758936626428
605,2018-07-02 18:04:40+00:00,204.3974663286247,211.8779481056891
606,2018-07-10 18:04:48+00:00,,214.14465674043353
607,2018-07-18 18:04:47+00:00,203.16412797610374,212.8600729643165
608,2018-08-03 18:04:55+00:00,204.7740915159238,215.9096095533543
609,2018-08-11 18:04:14+00:00,,
610,2018-08-19 18:05:04+00:00,200.92394550646293,208.60630840613473
611,2018-08-27 18:03:55+00:00,213.52441723421035,
612,2018-09-04 18:05:10+00:00,203.04305961605104,204.9945815467886
613,2018-09-12 18:03:34+00:00,213.73573531145283,220.47526419762787
614,2018-09-20 18:05:14+00:00,201.6027583172347,212.55964514161337
615,2018-09-28 18:03:12+00:00,202.79612870714158,209.9107633101387
616,2018-10-06 18:05:23+00:00,199.08187848732888,208.65025254386248
617,2018-10-14 18:02:48+00:00,217.69126807741654,221.41576459028352
618,2018-10-22 18:05:28+00:00,204.44002409955812,211.63342551394004
619,2018-11-07 18:05:32+00:00,207.89719427027669,216.2289135439624
620,2018-11-15 18:02:06+00:00,210.07882150446846,214.62765781916647
621,2018-12-01 18:01:41+00:00,195.94196178159308,217.20561056203937
622,2018-12-09 18:05:29+00:00,210.72309315331074,218.2776677949132
623,2018-12-17 18:01:15+00:00,212.0557847987671,218.88763118889173
624,2019-01-02 18:00:46+00:00,217.50901270785295,220.8388667523722
625,2019-01-18 18:00:16+00:00,211.55528140983523,221.14010227813577
626,2019-01-26 18:05:23+00:00,214.4425555072978,218.95243616871684
627,2019-03-15 18:05:11+00:00,215.78924822619274,220.66744086774037
628,2019-03-23 17:58:16+00:00,223.47774091280462,233.68500504709812
629,2019-03-31 18:05:08+00:00,210.75153719132643,220.04007554278473
630,2019-04-08 17:57:42+00:00,224.29386344441937,230.34475141082243
631,2019-04-24 17:57:07+00:00,223.28650113000512,228.7790275396049
632,2019-05-18 18:05:12+00:00,201.60701803260696,211.0453557701211
633,2019-05-26 17:55:54+00:00,,218.8377103511716
634,2019-06-03 18:05:21+00:00,201.24453647236007,207.50556139140872
635,2019-06-11 17:55:20+00:00,203.26092353701355,208.56906112303173
636,2019-06-19 18:05:27+00:00,202.01334980973925,210.45532021904702
637,2019-06-27 17:54:45+00:00,212.44715907556105,223.1088530466474
638,2019-07-05 18:05:31+00:00,201.53025666644328,211.2026188116697
639,2019-07-13 17:54:08+00:00,209.49136069382797,210.809419895537
640,2019-07-21 18:05:34+00:00,207.55715177364445,212.26642426113227
641,2019-07-29 17:53:29+00:00,209.37616072130874,222.48326270113444
642,2019-08-06 18:05:41+00:00,195.3052529289191,204.4497422869089
643,2019-08-14 17:52:50+00:00,210.60807343000593,
644,2019-08-22 18:05:46+00:00,203.78845953371106,215.05907758550396
645,2019-08-30 17:52:09+00:00,210.33563098539477,
646,2019-09-07 18:05:49+00:00,206.74593261513306,213.59092437181366
647,2019-09-15 17:51:27+00:00,204.30056819005574,218.54863459872456
648,2019-10-01 17:50:46+00:00,,220.23747795741198
649,2019-10-09 18:05:59+00:00,214.80265050906473,221.89381614739688
650,2019-10-17 17:50:06+00:00,213.9510816667999,220.72747299827313
651,2019-10-25 18:06:00+00:00,210.5363127258898,220.05263869311273
652,2019-11-26 18:05:55+00:00,212.6266406551987,218.45069361717685
653,2019-12-12 18:05:54+00:00,216.00797901945927,218.90169883190552
654,2019-12-20 17:47:05+00:00,224.11837421716393,228.90522332313157
655,2019-12-28 18:05:50+00:00,220.64070165954436,227.07026293870135
656,2020-01-05 17:46:15+00:00,217.78297529677425,225.86673751736708
657,2020-01-13 18:05:47+00:00,222.57971500912487,224.33396798954251
658,2020-01-29 18:05:42+00:00,219.8344654262727,222.37574329314805
659,2020-02-06 17:44:39+00:00,221.44209741538083,232.0263099590131
660,2020-02-14 18:05:38+00:00,214.4748385206318,222.52808346497645
661,2020-03-17 18:05:26+00:00,220.25204769262172,226.47611550308858
662,2020-03-25 17:42:05+00:00,217.9284096103009,221.98006358720806
663,2020-04-02 18:05:16+00:00,216.09567049977284,222.33836272558466
664,2020-04-18 18:05:10+00:00,206.45674499324494,219.4651628598004
665,2020-05-04 18:05:01+00:00,205.1729147154462,217.75338481205392
666,2020-05-12 17:39:15+00:00,213.4689715212114,220.17109805119375
667,2020-05-20 18:05:02+00:00,207.5783544595829,214.64225668349027
668,2020-06-05 18:05:09+00:00,200.84265065942043,211.69107381705072
669,2020-06-13 17:37:21+00:00,214.13156329625278,219.16239597085013
670,2020-06-21 18:05:18+00:00,206.2547340761068,213.82412996390931
671,2020-06-29 17:36:24+00:00,214.5873601185714,220.2497020683354
672,2020-07-07 18:05:25+00:00,202.20146948089456,214.56960614909667
673,2020-07-15 17:35:26+00:00,213.89839363201702,221.6874233428482
674,2020-07-23 18:05:31+00:00,212.80350214368656,218.51569729251926
675,2020-07-31 17:34:27+00:00,211.9087686114313,217.77530529861133
676,2020-08-08 18:05:34+00:00,217.8393192572177,224.29542326763527
677,2020-08-16 17:33:26+00:00,205.82049106863167,212.38579821674765
678,2020-08-24 18:05:42+00:00,198.77459144073381,209.90758459861104
679,2020-09-17 17:31:20+00:00,207.61208303179515,214.22997533881457
680,2020-09-25 18:05:53+00:00,205.5386527303156,214.24218543729233
681,2020-10-03 17:30:18+00:00,208.40668660377452,222.61336009229072
682,2020-10-11 18:05:56+00:00,208.31830347533926,215.19145296226336
683,2020-10-19 17:29:17+00:00,210.3312690939184,216.45686299124736
684,2020-10-27 18:05:55+00:00,214.5067588134324,222.8415024988542
685,2020-11-04 17:28:12+00:00,214.78180982748103,216.74306275390134
686,2020-11-20 17:27:06+00:00,218.09732703824724,216.8647188891274
687,2020-12-06 17:25:56+00:00,219.55356546713037,226.55718839043624
688,2020-12-14 18:05:57+00:00,214.24605646309718,219.89614200283756
689,2020-12-22 17:24:43+00:00,226.088133412775,232.55531459159693
690,2020-12-30 18:05:53+00:00,214.45072916094364,221.78359673661592
691,2021-01-15 18:05:46+00:00,212.2033103675008,222.61359555027263
692,2021-01-23 17:22:29+00:00,213.20179520519656,224.01986316776518
693,2021-02-08 17:21:18+00:00,228.13397880737537,231.76857579650945
694,2021-02-16 18:05:40+00:00,212.50125337187183,225.76215943233396
695,2021-02-24 17:20:06+00:00,224.95437086231956,227.41264045752956
696,2021-03-12 17:18:51+00:00,225.53271407627633,230.8112314744614
697,2021-03-20 18:05:25+00:00,222.89203582213662,228.3970529923335
698,2021-04-05 18:05:21+00:00,213.17818873131193,220.85284743147693
699,2021-04-13 17:16:14+00:00,217.4767112247608,221.3699998605534
700,2021-04-21 18:05:14+00:00,213.21301942143305,220.93806847675927
701,2021-04-29 17:14:53+00:00,224.63602684946267,229.5297980980945
702,2021-05-07 18:05:05+00:00,206.69383109119693,213.59533835739157
703,2021-05-15 17:13:33+00:00,219.4006222870374,224.9152961645962
704,2021-05-23 18:05:16+00:00,202.29580369262922,211.66440933938443
705,2021-05-31 17:12:10+00:00,213.46947485770713,223.37597585960458
706,2021-06-08 18:05:24+00:00,205.6454121239882,212.54771209218598
707,2021-06-24 18:05:28+00:00,203.94962530635567,212.81253058781056
708,2021-07-02 17:09:32+00:00,211.31311046184493,220.49136910720586
709,2021-07-10 18:05:30+00:00,198.23282413362745,207.30464561370565
710,2021-07-18 17:08:10+00:00,223.17707809273995,226.96753920662965
711,2021-07-26 18:05:37+00:00,202.80763594736604,209.1373335726197
712,2021-08-03 17:06:47+00:00,208.16872801318604,205.63702323089635
713,2021-08-27 18:05:48+00:00,210.7967761799623,216.6998331987217
714,2021-09-04 17:03:59+00:00,220.58211340446113,223.55037379506734
715,2021-09-12 18:05:52+00:00,201.4768634188792,210.25282135021683
716,2021-09-20 17:02:34+00:00,214.0213615587811,218.55532578671958
717,2021-10-06 17:01:09+00:00,220.3788383428304,225.22030919884486
718,2021-10-14 18:06:01+00:00,209.26945011357154,215.3422710954532
719,2021-10-22 16:59:43+00:00,216.79244337751734,224.81403877613803
720,2021-10-30 18:06:02+00:00,214.79165318264708,223.1811744335012
721,2021-11-07 16:58:13+00:00,215.85361582116792,223.08818774934974
722,2021-11-15 18:05:56+00:00,213.94661915765477,221.43076030352364
723,2021-12-01 18:05:58+00:00,214.68719183524274,223.9090743108945
724,2021-12-17 18:05:56+00:00,218.86811381686582,223.38172422425586
725,2021-12-25 16:53:36+00:00,219.9819413785057,227.69485891263318
