,dates,chi0022-0000,chi0022-0001,chi0022-0002,chi0022-0003,chi0022-0004,chi0022-0005,chi0022-0006
0,1985-03-28 14:12:49+00:00,,177.27203973280135,197.8885346773459,201.42777693088385,,184.3993657784112,188.82890339224284
1,1985-08-03 14:12:13+00:00,,162.62336855802056,180.83648172299417,181.86661289834532,,176.03284059044532,183.17960067756198
2,1986-10-25 14:01:17+00:00,,,,,,,
3,1986-11-26 14:00:41+00:00,251.14153194609892,191.85296315344848,199.9591470157825,211.959442671324,190.63014760902047,190.24276985215812,196.80676471644736
4,1986-12-28 14:01:13+00:00,249.50225657233437,183.08124152021162,191.49816532624726,198.94703135005307,193.3376667536847,183.3580155462667,181.96551714752596
5,1987-01-29 14:02:10+00:00,239.77546372255864,180.33770161818651,191.4598600542757,197.84640600078316,188.28794143811803,183.14743191541282,185.7719050978095
6,1987-03-18 14:04:25+00:00,248.3249693696729,183.17894444003377,189.7542560776767,197.8217296308219,198.41303433318816,195.43106354482728,196.5872602690526
7,1987-10-12 14:09:27+00:00,206.36508828361295,166.3211040431571,,,186.390225621836,181.73789577321588,184.0617936179855
8,1987-11-29 14:10:45+00:00,238.2443792859827,178.6276519064619,192.36500231836555,204.1571167904122,194.4475490967592,185.40124469249122,186.63103868120686
9,1987-12-15 14:10:35+00:00,243.59680985121216,183.67740542962832,193.6246447803167,204.93293454015623,196.66033882428886,184.17894730905405,183.91228352656003
10,1987-12-31 14:11:15+00:00,252.61001060807078,183.0389192758709,195.25371453450347,204.12029721375995,191.69763665851355,186.6728944270526,196.36856907746153
11,1988-02-01 14:11:26+00:00,253.83044239739365,185.99241655495987,191.4015747021261,201.44729686949324,196.87822758941925,190.5184103623081,197.39699706821332
12,1988-02-17 14:11:41+00:00,235.56637590081056,176.07633193442507,184.52736795897596,196.66488563157392,,,
13,1988-03-04 14:11:51+00:00,242.05411263339312,181.86776034362052,192.5973547399167,199.40413041712787,192.28010596421106,184.45796783555033,190.39341644168286
14,1988-08-11 14:12:44+00:00,239.5174971653595,186.7352671040098,199.9829860853772,,,,
15,1988-10-14 14:13:00+00:00,254.09778374349779,189.62457360758782,204.9101553855349,216.00385206789971,209.97670952219175,205.68266321097633,201.89116517191798
16,1988-12-01 14:13:00+00:00,255.63790307883957,190.2754282562899,198.21965581373178,206.59847127962317,201.78021153526356,191.70510285794862,196.8472352959925
17,1988-12-17 14:12:23+00:00,239.71323339048922,191.64709026381584,204.728082057161,211.9526542868424,203.3936261568448,192.90268023120714,200.81317307552018
18,1989-03-23 14:10:57+00:00,216.71729921464765,176.73401388019292,190.13289044719943,190.2627288435743,184.29028024660715,180.88391643035817,182.3390707820206
19,1989-04-24 14:10:54+00:00,228.32334574982843,176.9006561380768,194.91683030561205,199.4872007311733,193.04473460277097,184.92281540437128,185.14095331249013
20,1989-09-15 14:08:15+00:00,250.68685003477458,183.2013334946071,196.83432308030117,198.6235639410416,190.88302509143782,184.46195506560323,184.28572329908712
21,1989-12-20 14:05:45+00:00,251.04257707580797,200.84016633357123,213.18851744919482,228.22429094298005,211.38560157757144,203.5646207739279,202.53463514257288
22,1990-01-21 14:04:45+00:00,244.94841291650286,197.82584473033975,204.08186472575625,206.10781621046067,202.45372999686018,191.9206444368864,190.79432273070154
23,1990-02-22 14:03:42+00:00,254.57657692417666,199.88359205607128,213.97058988410447,227.45188324987205,213.44731125684348,203.8451751945738,212.69367899470834
24,1990-03-10 14:03:08+00:00,234.63394903848666,180.05058224211066,196.34241337755282,204.27220353046621,195.60612868304736,189.53780031279365,185.9987635422416
25,1990-04-11 14:02:37+00:00,244.23125600356096,178.74762227195652,192.5087721221764,196.26286164650077,189.19559292791246,179.5362362869575,179.2619984353468
26,1990-09-02 14:02:17+00:00,242.656253053717,180.8700228479825,197.47914937089416,205.27061692986877,193.6088604222516,188.4052715108465,194.9304070509276
27,1990-12-07 14:01:18+00:00,252.52312904790773,188.18581346850286,214.96803894495613,227.49015927383402,216.94974790815263,204.05117653999412,208.76866758693063
28,1990-12-23 14:01:39+00:00,247.92858521282727,187.23902366842262,203.08600725722883,219.74228821059722,201.65576034828035,193.76316344808995,197.12701921996205
29,1991-01-08 14:02:04+00:00,251.22888120284668,197.4333790484054,205.99805463088123,211.64937045549215,202.76809616306474,201.62103961504246,198.36244160805134
30,1991-02-09 14:03:06+00:00,257.8856962694098,196.66073236540896,212.54063977252434,228.29364257294398,212.1248589873562,202.57264384258212,201.65895131932683
31,1991-03-29 14:03:36+00:00,244.09239266949388,181.1148750600498,202.604016475133,208.00832899740664,202.62699752860368,193.1429754760306,199.24547102994
32,1991-04-14 14:03:58+00:00,234.5682721663819,180.386275820476,197.07012904086127,195.9977187741377,190.4584075596186,186.71013652239156,185.79947390039297
33,1991-12-26 14:06:46+00:00,242.98834244763052,191.67225169092666,208.5433458776079,224.38315169661365,209.2563977687965,196.155402562443,197.44601922291247
34,1992-01-27 14:06:46+00:00,243.2239448332308,179.8878882078092,194.92735533074975,206.21529130433487,198.21907861124646,190.2883864066703,194.57799058362676
35,1992-02-28 14:06:37+00:00,230.44332375304953,181.13046776165075,194.6201009724354,200.81380057845055,193.10201230270906,192.6075282175315,196.31652683970847
36,1992-03-15 14:06:13+00:00,239.84830226144453,184.19439244470507,201.82057544835965,207.6119190655005,197.88889794932655,191.2221186933619,195.1407556439516
37,1992-05-18 14:06:05+00:00,221.26603432024464,160.01757902970644,177.25978920463675,,,174.59367617172578,
38,1992-11-10 14:03:31+00:00,254.79053707300616,187.78595721748087,196.01152513363758,207.24016221049476,197.18156013556592,192.8889782634867,197.15342915967074
39,1993-01-13 14:03:39+00:00,251.21948758033602,187.78034640741643,194.43287108621098,203.95566610764902,192.97899312629164,186.50130977708776,182.17092114851482
40,1993-01-29 14:03:50+00:00,234.4189587223156,175.2474930618371,188.6111467684916,199.05121218700168,187.19144598134363,184.49960929173773,183.94949190787156
41,1993-02-14 14:03:59+00:00,251.62624328361838,189.51056407783867,200.98533644418805,219.63619371410732,199.06390898753824,195.76310557589488,197.55119970208779
42,1993-03-18 14:04:12+00:00,246.98244899875104,188.133444175563,207.00684034440866,220.77985187222237,209.96067369052366,197.48319073890198,197.507967222765
43,1993-04-03 14:04:40+00:00,238.72516912913642,188.74677536859332,199.98972357584813,204.75078007750477,191.21814563191663,190.43009046984778,185.97168519907075
44,1993-05-05 14:04:29+00:00,239.48543347041425,172.76352020137344,190.49075981574344,189.3689015081344,,180.15725447875147,179.41852842351176
45,1993-09-10 14:04:23+00:00,238.1074009058645,177.0232712919229,192.47624726772642,200.88881441498552,195.11789401518718,183.7973477800311,196.5631425692914
46,1993-10-28 14:04:09+00:00,255.68649871017254,,,,,,
47,1993-11-29 14:03:56+00:00,252.94470377123704,180.6378349417989,192.52022134531958,203.9459667971737,193.13421630798632,184.79158958028665,182.96218075900222
48,1993-12-15 14:03:50+00:00,219.61323053536398,161.7957278205407,163.1547231870653,185.77200195119946,182.98478004997304,179.79964332013765,188.29285914997118
49,1993-12-31 14:03:39+00:00,249.8421812815335,185.27478624562386,192.39316892047702,206.85081912802696,200.464004920116,193.80870137080234,196.67024502286424
50,1994-01-16 14:03:24+00:00,241.33986542615528,181.5518149310909,193.38697549428352,206.7142745496,192.5220793314711,186.82057207930967,185.5630490685776
51,1994-06-09 14:01:05+00:00,222.11801061505517,,,,,,
52,1994-10-31 13:57:08+00:00,253.4632333486446,189.4218047977146,201.67331715644207,206.45997415617785,200.26351772126873,188.95983203485736,195.28019955390462
53,1995-01-03 13:55:27+00:00,250.19011592059132,183.9475745752224,191.51692487105413,199.7497568736487,191.65589252478208,188.70925264928837,185.1574495902567
54,1995-03-24 13:51:52+00:00,254.85214181986387,182.41964338183828,199.2469316146175,205.92429033917028,203.13162192714802,189.81198008502133,193.90193236858858
55,1995-11-03 13:41:57+00:00,248.0662640507928,187.7270741260403,200.62673467098907,204.49200152059944,198.43245981301095,193.4022004278428,199.89372808114086
56,1995-12-05 13:42:45+00:00,265.34412355594435,197.77480450512104,211.1869715065361,227.3611214324908,213.00667520909045,203.24104561478904,205.82617860748434
57,1996-02-07 13:46:57+00:00,250.97191670433622,179.67059254290328,190.43259132178352,199.26126551784927,191.50967297677994,183.07964824717305,193.78861052691246
58,1996-03-26 13:50:07+00:00,229.75694206492514,174.34709755304542,198.1707302553915,211.8477704669276,190.84248150027935,183.75522753827477,
59,1996-04-11 13:51:07+00:00,236.4286742748812,,205.45305793092342,220.42264473035263,212.1922632095358,190.591573004005,
60,1996-11-05 14:02:23+00:00,241.03835388905105,180.59832066331518,194.5684838448089,204.92618436616942,196.95994760198093,187.6605554362877,193.8035122245193
61,1996-11-21 14:03:31+00:00,252.51154931843723,184.34661168618226,197.9720395635303,208.33468866159996,197.47097857634245,192.03284827664584,197.55860421692967
62,1996-12-07 14:03:54+00:00,250.6992805773231,190.05441922888613,203.42580234712088,221.55703352240653,205.1314186555087,197.4596573245199,198.4180267448856
63,1996-12-23 14:04:39+00:00,253.65399375678663,191.4526730036074,204.4296464153015,212.83311566260434,198.40116259671433,194.69933333774802,200.46922872954244
64,1997-01-08 14:05:25+00:00,226.39634809696778,169.14538305539548,189.18623940594603,194.0512035815428,184.08401214985383,185.0024006998085,184.8800767970235
65,1997-01-24 14:06:09+00:00,237.81412152991433,173.75789809955154,185.50593696426472,190.26892718999466,181.9066392537309,179.36940793696556,184.4864153646556
66,1997-02-25 14:07:31+00:00,239.52292873860208,180.4872940899382,189.12823357181958,189.25901916379996,184.9747043342316,181.5009910407825,184.07459967809316
67,1997-09-21 14:15:01+00:00,257.59629260289995,189.46171583972952,207.32438050433396,217.1931367819099,208.19411902249408,203.48138929623042,207.2906652162532
68,1998-01-11 14:17:26+00:00,229.9316642317773,174.1953337692454,186.9806113087593,195.79505228966184,190.68472001019364,185.29797238998339,
69,1998-02-12 14:18:31+00:00,219.82376767421835,171.52446279794935,181.39723817368537,196.1545096827881,185.60261857996383,178.32337139024037,182.8149195248861
70,1998-02-28 14:18:47+00:00,249.50109641580323,183.265908030861,199.1942944750191,202.12767968275256,198.34939215093527,196.46369580267594,197.6043358785129
71,1998-04-01 14:18:50+00:00,219.38038232836018,173.853133879415,194.61546231997386,198.43721215196382,187.8502834941593,182.32607234024997,183.4587025837858
72,1998-04-17 14:19:26+00:00,234.5209644028845,177.32868008328086,194.0029115599678,197.8378916111502,191.54626698826735,185.12168828685765,186.50920191405265
73,1998-05-03 14:19:41+00:00,225.6977463812555,184.01326861118977,198.01972359222555,201.47331065928108,196.10856993613396,183.94870049810277,184.95511773191862
74,1998-05-19 14:19:32+00:00,247.71647192641697,182.7232673625685,199.6924598251997,203.7534833138085,202.62066203922575,196.98600786603257,199.37000666255278
75,1998-08-07 14:20:26+00:00,241.61112520615762,174.73212247606574,195.93923423660414,197.69332736873474,189.4662154472545,185.3613754040527,196.39112983126634
76,1998-09-08 14:20:44+00:00,238.7920232492615,175.59675171378333,188.19861618876638,191.5494825519263,183.78481946193455,179.64999633769432,181.41944497806386
77,1998-10-10 14:21:16+00:00,238.74842789489185,176.7524947241709,191.90600622624837,204.95167784649084,198.78309780937838,189.84921963853665,196.96612426622923
78,1998-11-11 14:21:27+00:00,247.3982608848054,188.20598730145505,201.61858980508612,210.72544160618128,197.93771289149183,192.22297810205836,196.69380372368835
79,1998-11-27 14:21:27+00:00,215.80680918085514,183.66543434346454,196.8567656320847,209.19920208384116,194.08107584021994,192.96380399347618,187.38359464688463
80,1998-12-13 14:20:59+00:00,241.72848788510046,181.92293503282878,198.05983356600896,206.0135536252129,194.54481847865387,188.75294272596778,190.09992923968395
81,1999-01-14 14:21:25+00:00,234.45366004063231,180.7826823014568,191.11110934929252,197.54539246833738,192.9548661936123,186.23841928537124,186.83466377913746
82,1999-01-30 14:21:05+00:00,234.66220436561704,179.65547165249188,187.45006691688792,190.95745945366286,183.84346377718444,175.4755370301224,179.91597479445687
83,1999-03-03 14:21:37+00:00,229.36836706280013,174.8331876151948,186.2897634922054,191.7344875838255,182.25873218483113,180.8973278593533,180.7356685733466
84,1999-03-19 14:21:24+00:00,234.68470201879438,175.76636770718054,187.84519051194022,193.91274079308693,189.44909629205685,180.7480289168792,185.22696220326347
85,1999-04-04 14:20:44+00:00,226.00068054268158,178.44101010277643,187.50918123427147,198.4716402100268,183.61895149209045,181.27775399315112,186.44617967565836
86,1999-10-05 14:35:29+00:00,,,,,,229.26147481177915,215.1873293995832
87,1999-11-06 14:35:20+00:00,216.65224408145627,184.90017304128315,200.29093766384358,207.44407007241261,198.12913454043047,193.18127216898435,196.12528661616966
88,1999-11-14 14:18:10+00:00,249.54046965474308,188.7360167909725,200.66952288545568,209.48196655071126,194.55430574178885,189.98535063846043,194.07188437378574
89,1999-11-22 14:35:14+00:00,242.1936690892071,182.65567761634733,193.5759869134709,207.2861542543667,203.20762586738962,193.20637687630867,198.16285511767242
90,1999-11-30 14:17:37+00:00,260.29458661879215,210.9647117935126,218.54304511929865,227.23210686209734,216.03824093777817,208.03850037828317,209.9660186898896
91,1999-12-16 14:17:10+00:00,220.37595881284724,184.72430050933175,190.6471127577076,200.08777728265562,195.43704247126044,183.75212992219002,193.64828022713232
92,1999-12-24 14:34:54+00:00,,,,,,,
93,2000-01-17 14:17:17+00:00,244.06334901586834,192.80273710360603,204.31459024059893,214.06999135845066,203.38116283527265,195.52025076989125,198.04087053421375
94,2000-02-02 14:16:19+00:00,255.85646121106785,188.31079108538063,202.30549539172802,215.60315199957415,210.5116563520433,200.03600764620057,197.64290494230127
95,2000-02-10 14:35:10+00:00,249.42397704292972,188.63187446755188,201.5082200601418,213.9950928165572,202.7896058559785,193.13257277549215,197.8250620034936
96,2000-02-18 14:15:48+00:00,240.1695822354926,185.1908275674212,196.56227156117384,216.06456489770477,202.797142823061,193.94075891251848,200.90177506224796
97,2000-03-05 14:15:21+00:00,236.0159220195598,179.07284699781215,187.43541133838892,195.73726943961532,184.00374205862508,181.12227735076263,180.3255309581095
98,2000-03-13 14:34:36+00:00,222.877235218378,186.97109538709637,200.65589743247267,207.74902259360755,196.01187170831727,189.1606083148985,193.61942209170616
99,2000-03-29 14:34:58+00:00,212.52574627714876,189.01866130055865,198.90976198283263,211.6398998179921,203.7220202652114,190.13678171374343,195.55275392796793
100,2000-04-14 14:34:45+00:00,243.16417383219746,192.9567445184908,206.80527969851804,224.91614948878043,214.59742979711774,205.05718887938087,204.29738140957517
101,2000-04-22 14:17:27+00:00,240.58958015018868,176.28609648593465,195.01626197576994,204.0854296569663,198.46870522921353,185.09804527054177,194.17596184600083
102,2000-05-16 14:34:33+00:00,203.6181031039964,181.53892568143388,199.71499342903596,200.38356420583602,192.06955569091235,190.50316113042425,198.43783281868122
103,2000-06-09 14:18:16+00:00,,,,170.26401791895154,,,
104,2000-06-17 14:33:53+00:00,211.89592663730903,167.63630437391214,178.74351531212432,191.23634869345028,183.19293430245017,187.5265904279775,183.25640116830468
105,2000-07-27 14:19:33+00:00,225.21626984375732,181.9328927742987,200.53896635609158,202.24158987423803,,,
106,2000-09-21 14:32:30+00:00,220.43551870834008,188.54164756166648,206.49274314218826,216.2083116507776,211.4456563098658,208.5640450433778,
107,2000-09-29 14:20:28+00:00,247.6805826487501,175.35947550526285,189.0170682554157,197.7455442028783,190.91287218480085,185.6267700330904,186.40290823775933
108,2000-10-07 14:32:49+00:00,242.07931697553616,193.18184582236987,205.8777509367471,216.24179537110223,205.12801200686602,198.10981852705817,202.64315233172735
109,2000-11-08 14:32:45+00:00,216.1786066577522,182.87822701236547,199.0423935035058,211.0076504199114,206.7643728262867,194.84024661601032,201.7687853892279
110,2000-11-16 14:21:03+00:00,259.56534489287577,196.04951545815973,213.28120724262806,227.41449763674623,214.61964320367477,206.32878409538037,213.04760383910025
111,2000-12-18 14:21:58+00:00,242.1234032346277,192.08010569038953,207.46498217299228,218.8286973581972,205.443039399584,204.2083095589246,198.59273580748277
112,2000-12-26 14:32:30+00:00,227.21489903665446,193.55258111119562,208.64381290537372,222.55804304882662,210.86289763250815,205.65751860594378,208.31369543849976
113,2001-01-11 14:32:55+00:00,211.57258012551813,182.63846853184452,191.42724756325723,201.54248852263714,194.3640152622346,188.4194366648643,194.04106453444737
114,2001-01-19 14:21:55+00:00,253.37840730553262,196.95773121451091,207.13903037317607,219.5731668465283,207.66604647392083,205.13985555957566,206.00733300494835
115,2001-01-27 14:32:57+00:00,242.86161521430498,187.1393492874114,202.03054851962915,207.6747294138816,199.70848598105118,195.76236251663454,196.91196376013397
116,2001-02-04 14:22:03+00:00,241.93484158875196,195.12134739358956,198.5756353232575,210.91208424372115,198.59219126231187,194.35007726655698,185.5504768172728
117,2001-02-12 14:32:28+00:00,,,,,,,
118,2001-02-20 14:22:30+00:00,246.59025810972895,185.63991159933565,198.1370302950054,212.34105057391997,209.2564219745725,198.70818706429066,203.45470225698597
119,2001-04-01 14:32:33+00:00,218.0999480376301,186.2585860573457,202.6273885308746,214.96382714882708,209.98205622791036,198.28343509225684,203.30199859285062
120,2001-04-25 14:22:33+00:00,220.6043652781892,164.74518607606228,182.66177320176268,186.5034390104272,172.22638038578742,172.2748635928873,179.931039327296
121,2001-05-27 14:22:19+00:00,,,194.14720694836802,201.40862630158392,173.2787264327036,186.54838473940583,180.52646582340904
122,2001-08-15 14:22:44+00:00,256.3611838145389,201.17452598950604,203.22629305504293,210.6683179337446,208.58547885098557,201.53467625888538,
123,2001-08-23 14:30:50+00:00,,161.65920151820336,190.2592223833853,197.9435158581214,198.4517891782404,187.84914538028755,182.1233757072829
124,2001-09-16 14:22:31+00:00,243.79350195713025,,,,,,198.30340607576738
125,2001-10-02 14:21:58+00:00,247.9967681180678,169.8886627676698,192.87789865070465,202.87733019236555,196.1470698479938,183.74899618127506,190.3728757297789
126,2001-10-26 14:30:44+00:00,257.2663510964859,193.6193301312134,208.06666827103342,228.78802531999014,217.5081526945004,202.79079073465647,206.15679332313425
127,2001-11-11 14:30:54+00:00,247.7879037899295,204.1811615221289,215.89597969054222,231.0130778797971,219.79344329620284,210.38784246637164,211.61863206586688
128,2001-11-27 14:31:00+00:00,230.74852828123772,200.35030592611298,207.89945187667632,227.83036363362098,213.00914285625183,205.27237047201902,207.65112069128443
129,2001-12-05 14:21:31+00:00,254.9223997367642,187.6237480075361,196.7596343835904,213.90749252412303,206.11151484035656,199.35096426666342,201.13719418746228
130,2002-01-06 14:21:03+00:00,258.98541279627074,205.36088237752108,214.98895973940358,236.46781455865624,216.08299051510883,206.92046441948196,205.3153995237885
131,2002-01-14 14:31:12+00:00,257.1778296261634,194.83041359977042,204.53996235515788,211.3872195010033,204.40302311496947,192.9623447366007,204.15488447122442
132,2002-01-22 14:21:26+00:00,236.6200727934647,200.76352293006255,207.16215250988924,220.5675567950143,213.63712631127828,202.34441485609824,206.94347833911326
133,2002-02-07 14:21:09+00:00,256.7990456366029,190.2480593537628,198.7793237299693,215.13465461840264,200.2844588198486,187.97284833825313,196.04015823011756
134,2002-02-15 14:31:19+00:00,235.46959080663606,188.19262894196012,199.9552933282746,208.49345946349416,200.453553444512,195.14110957265007,201.44516354219988
135,2002-02-23 14:20:47+00:00,234.95162215831527,,,,,,
136,2002-03-03 14:31:23+00:00,242.8580229129297,181.88948394886518,197.43285235363126,204.6263748887451,197.51250658326853,187.25075088812866,188.36153365548287
137,2002-03-19 14:31:11+00:00,242.72361183506263,188.0497417536636,200.54726559600755,214.278596790839,204.40195733735501,199.64777251861102,201.74291426308278
138,2002-04-20 14:31:12+00:00,227.7835959567442,179.80539651027752,200.09921924090713,204.25980667545844,198.54791366780907,191.59485207678642,191.6342402887711
139,2002-06-07 14:30:37+00:00,229.8876360260293,197.78596558235836,207.59275204503527,214.1825423197353,204.26890624166515,194.03870472913883,
140,2002-07-25 14:30:41+00:00,227.4377780950361,176.60455333128363,195.58143422243936,197.6774273342217,190.7812873902539,186.03854331764174,187.39663164550407
141,2002-08-26 14:30:02+00:00,242.20091459129466,184.23679166868806,194.34446735584675,200.53637203791823,194.06152948941053,184.38477923550232,188.69115780130093
142,2002-09-27 14:30:11+00:00,214.52478543049523,182.3920012118918,202.92285174887672,213.25634719139305,203.31114837730019,193.72053690017557,191.56227903195543
143,2002-11-30 14:30:41+00:00,242.14087597116597,190.71827764324865,204.2708655143436,223.43629200125946,211.4473224359881,203.16541896666297,194.69474937744934
144,2002-12-16 14:30:41+00:00,257.06432125170375,188.79902165688083,203.3212407554592,227.92814460176118,202.70777539607283,195.6308878187827,203.70978759180042
145,2003-01-17 14:30:54+00:00,248.5185593298441,197.3335838073254,205.09419446044703,214.5286226157652,202.9089151644237,199.84665283278446,194.24348910960867
146,2003-02-02 14:30:37+00:00,248.6453464964439,193.49687501329265,203.69764971736208,212.5584108956504,204.53486395326962,195.12182135397063,203.69509286221478
147,2003-02-18 14:31:07+00:00,257.11939441878593,185.60971165159995,199.04957248717633,205.4915968542528,193.25566472231938,184.93322947306805,192.51879760293147
148,2003-03-06 14:31:10+00:00,231.47894409108912,180.30099288860467,194.7340419104873,211.22819798522048,198.8122568402468,190.6738837336063,193.79359978800156
149,2003-03-22 14:31:06+00:00,242.35005469657062,195.21869156284183,205.37972348316436,214.3287221365906,205.04839812729574,203.02001854672267,202.45965833865182
150,2003-04-07 14:31:12+00:00,212.3155219790918,178.28635206240295,201.5178707050299,205.8656055251945,196.310815494714,189.0731978694924,194.3360983756979
151,2003-09-30 14:30:37+00:00,227.54187260444596,190.76822779494705,200.90467393652878,208.87621413770125,204.28753903793617,191.33244173429742,193.55203192042563
152,2003-10-16 14:30:14+00:00,242.29383338018127,187.3993862746244,203.16817068295933,217.5769947523264,202.14891736943093,197.52733865523123,201.41836458259706
153,2003-11-25 14:20:30+00:00,249.52345973163384,178.19135074674276,188.07244231377976,194.55676662591014,187.65621570871247,181.96501890498183,183.75504581810225
154,2003-12-03 14:30:42+00:00,246.3500298059461,197.8314110986909,210.1932373212568,232.3087073025619,218.43850177618722,211.84138412657546,214.15459176211056
155,2003-12-11 14:20:33+00:00,260.01190347319175,193.43935338681555,201.08031249623593,209.00420392800697,194.9146871369092,187.96636200506956,201.25639459961621
156,2003-12-19 14:30:51+00:00,229.32331876640944,200.76259514371216,210.60801429935788,229.26142402794318,215.70088953457633,,
157,2004-01-12 14:20:48+00:00,264.6235658919596,194.09362413954932,201.70531685476098,208.59440088411043,203.4663910904571,192.2813223398294,190.96678830184743
158,2004-01-20 14:31:02+00:00,247.83806711788438,202.54000164586267,207.51419174038003,217.46381625881725,,,
159,2004-01-28 14:21:17+00:00,264.80480933941726,200.88331147018732,212.8127044221648,221.96269688789664,210.64957523680042,198.64215317090253,203.79083606122714
160,2004-02-05 14:31:32+00:00,257.6546140413126,199.39148521334832,207.06192871099253,215.61123944121243,209.17058738280633,195.29699327481296,198.32990736834904
161,2004-02-21 14:31:32+00:00,227.69866468325046,182.68019697742508,194.4394574196382,199.62461864328003,190.37263633461737,190.0842313925212,
162,2004-02-29 14:21:02+00:00,265.0712283853747,184.37031967092486,202.40407233426322,224.55038683312267,195.1434993973902,196.69936050588976,199.98649219235074
163,2004-03-24 14:31:43+00:00,242.69034924830265,191.80538596051565,204.30359680575856,214.03330632990782,208.44762154007083,197.6406262281921,202.35390793664294
164,2004-04-01 14:21:16+00:00,259.69008516766263,188.67013481534775,202.48607300259127,219.98256860174166,204.0884052573311,194.77125647349084,200.3566274644545
165,2004-04-09 14:31:15+00:00,227.33004938698613,176.42315274919056,186.39040604780462,198.5966595852829,192.25416735202364,183.7734632578959,187.60886000920232
166,2004-04-17 14:21:48+00:00,206.63636863468895,174.00917403349527,193.04635011742502,200.10809537588608,184.0802334707323,179.2417428556412,187.15702067919153
167,2004-04-25 14:31:10+00:00,210.8152933840983,179.32945617141755,200.78380141256326,206.15375003643564,198.16986282927573,198.62212279198692,199.75521385108442
168,2004-05-03 14:22:14+00:00,,188.50858533829802,200.31174276068674,209.61462792358697,200.1275759832255,190.54698414318608,198.83555649827633
169,2004-05-19 14:22:42+00:00,204.41766558972574,,176.82782452094307,,,145.727886056753,
170,2004-05-27 14:31:12+00:00,242.63867207025606,194.305009382486,205.45756058155686,227.14032300950117,205.4512306055479,,
171,2004-09-16 14:31:04+00:00,212.11265048092915,167.12748796169564,187.0089991344385,195.8654733065256,194.0000674913557,182.21107974393865,194.8953197676477
172,2004-10-02 14:30:36+00:00,228.82842807263816,181.1970711791315,205.73162385519413,216.30268753894393,204.63011201690273,197.9755712506505,202.13606756455243
173,2004-10-26 14:26:46+00:00,243.45803640845966,185.6807769742955,193.99312497593468,206.92836065630024,200.03987908656188,189.4872305900074,190.51823522738795
174,2004-12-13 14:27:42+00:00,230.4822305045832,180.5167077503184,193.91796750261395,195.15524968910768,192.66272388911892,188.75708406068378,197.37578464200942
175,2004-12-29 14:28:20+00:00,242.9091009305823,187.97389436274474,197.3436357124777,210.60210880842348,194.70322260633182,191.04184955127093,196.80934926809493
176,2005-01-06 14:31:49+00:00,242.83779823991512,201.8526284727517,208.31660929602327,215.77509741195996,204.10592840722694,199.1679098673414,196.58080358715895
177,2005-01-22 14:31:50+00:00,257.43120326476026,,,222.63007045393226,209.61114026434444,200.1214818759663,199.96516742867232
178,2005-01-30 14:28:20+00:00,265.09542803415655,204.82862432462213,214.7607157392156,227.03732784186292,212.68707520275305,201.09944128586096,204.16463578723545
179,2005-02-07 14:31:34+00:00,257.6011005855235,205.47883082867855,210.00225941682726,223.50742642553038,213.1648980905253,203.74868401803616,209.31716385951523
180,2005-02-23 14:31:41+00:00,,,176.45535443460074,,,,
181,2005-03-03 14:29:15+00:00,252.56731486682455,199.8092314022162,205.93324226920998,223.23625521831428,209.61017118180155,198.85830335880448,201.52433952678192
182,2005-03-19 14:29:26+00:00,257.94314496817236,197.81878496031584,206.16536984209566,207.68988359219063,198.92237702068564,187.40698041760396,191.3140273360181
183,2005-03-27 14:31:43+00:00,242.81738631789636,192.1748424186495,201.6270232704607,204.70398490846958,198.11008830550418,190.81074775592342,197.29653710861652
184,2005-04-12 14:31:37+00:00,198.70711892654893,181.43695361744315,190.41095630871655,199.88185813399008,191.51242072386395,188.85479942295214,191.5193169209845
185,2005-04-20 14:29:10+00:00,228.54406974798522,175.17008787463604,195.09061857117445,192.57293042683938,188.70726263321149,176.14327937420515,180.50976197514706
186,2005-07-17 14:31:52+00:00,229.59726038325206,182.61959189428995,203.87450459846184,219.42813332175012,216.14391832452003,201.21886097734748,205.55986109232674
187,2005-07-25 14:30:18+00:00,242.71193941320115,176.16617554902635,193.90314853306268,192.40969493024264,191.57192471047256,184.72872859873618,181.05276749501542
188,2005-08-18 14:31:45+00:00,,170.06602676680194,,,193.3553397132476,188.71205378750884,188.61736895141226
189,2005-09-03 14:31:13+00:00,,,,,187.1373730376307,174.6873788163287,178.28431831147458
190,2005-10-21 14:31:39+00:00,247.40408262099444,189.6831045256268,203.16821872325787,212.37708854832206,204.0132606061965,192.4590342885669,190.51514110828592
191,2005-10-29 14:30:03+00:00,237.65241805753948,194.03992961881215,207.09211812913279,212.22505669978517,201.26038478198166,192.30516239215598,
192,2005-11-06 14:31:51+00:00,,183.79402967243212,,,,,
193,2005-12-08 14:32:03+00:00,258.21134783532654,207.62504260609393,215.62290987327427,227.19832743058333,,,
194,2005-12-24 14:31:43+00:00,245.80494674007718,206.83734904554677,213.52944539059118,224.19735424437366,216.71262911677536,205.8624023598295,203.08184508555286
195,2006-01-09 14:31:52+00:00,229.53477262056384,201.18891676209756,212.13285737066465,216.6385861981086,205.99896191653292,,
196,2006-02-02 14:32:17+00:00,255.58366830295273,200.46027699654073,202.8565644355018,206.2269818443334,201.5263351481416,196.08002554614686,198.45655508200193
197,2006-02-10 14:32:29+00:00,230.97496920683332,,,214.8390781097123,206.56233304583083,193.85171702762656,202.07988853655894
198,2006-02-18 14:32:38+00:00,261.0850719456686,194.55918338524734,201.6998126806942,208.55640125082203,200.68090741918178,188.84021787767549,187.99383017107073
199,2006-02-26 14:32:32+00:00,257.2178861883599,195.96995089915026,211.08165915569163,219.59689431865195,209.67992558003561,201.6161075009037,206.97015072742863
200,2006-03-14 14:32:32+00:00,,,204.93307266129477,212.98447682422702,201.7005252027373,198.12185142727066,207.64666629376367
201,2006-04-07 14:33:59+00:00,227.63715783693436,185.64422332547227,196.29163279928002,201.48097095239268,194.43570832710452,188.2036346433131,186.4557611051954
202,2006-04-15 14:32:27+00:00,196.79030248097513,175.52489321528475,187.63913711002195,196.72559566797884,187.6749962076354,167.96422047888382,
203,2006-05-01 14:32:05+00:00,215.75035351387504,182.18408305693998,,,194.4160535196827,187.8565497259462,193.40149381717868
204,2006-05-09 14:34:05+00:00,259.2383323623131,197.01129938592447,207.99019243724345,224.6473888377236,220.03865373879944,201.7627265496437,206.60528776696412
205,2006-05-17 14:32:30+00:00,227.62701003217816,178.1769330103252,195.82946207939327,195.85484471226593,192.03566281075015,184.59351398651322,189.25900263559413
206,2006-06-10 14:34:33+00:00,204.77343832496007,172.7034108094474,190.96047497061363,190.22460141090727,,178.6124185076318,
207,2006-06-18 14:32:01+00:00,232.31275147283566,183.78544831627573,198.38420876563387,193.45666498754275,,,
208,2006-07-04 14:31:55+00:00,242.4755268793672,178.61529717568018,,,178.39437851500446,199.31451859811267,
209,2006-07-12 14:35:02+00:00,236.12348698649907,173.47614755737305,190.73471287469832,189.668852463247,182.00827706854366,180.74790711016908,180.3937918034257
210,2006-09-06 14:32:02+00:00,246.11328922897107,,,210.59633620714294,204.7943547202975,,
211,2006-11-09 14:32:18+00:00,,,195.56774141472263,205.95269295461324,197.0111169698992,187.60004020134264,190.1532451034526
212,2006-11-17 14:36:53+00:00,250.67632468254982,184.75762172125278,197.15516070452392,206.76192065697478,202.07349764619812,192.17762318952938,193.57293844723966
213,2006-12-03 14:36:37+00:00,261.315645654019,185.95893861242794,179.6856279500046,209.94947255475137,,,
214,2006-12-11 14:32:11+00:00,,190.21702591780434,204.40917330240114,216.98631246287977,206.82801805785314,192.89995583641758,193.09848758711547
215,2007-01-04 14:37:16+00:00,259.14511940411717,190.62639595646834,201.70823950036657,208.1318683574734,,,
216,2007-01-20 14:36:57+00:00,265.2549745417351,195.89080444309388,199.47077587798213,210.33671473027522,206.6360061964016,195.05176847538496,203.14435937062862
217,2007-01-28 14:32:21+00:00,,209.2878405715748,215.47179628353345,228.53456855011152,220.65525259598033,206.59881777816355,205.95440151991818
218,2007-02-05 14:37:24+00:00,264.89032953346606,199.30093800821592,206.14594433113047,216.56225312085013,204.38372309859582,195.0232405295752,202.34015705218724
219,2007-02-13 14:32:27+00:00,,,215.70929991312732,227.75932119141063,212.9652474824253,199.87830424472622,203.46211349457352
220,2007-02-21 14:37:25+00:00,254.31740731101843,191.6044797011951,196.16734647165032,207.94766174576318,192.1237573424516,184.61526503123434,193.36752945402202
221,2007-03-01 14:32:56+00:00,242.5877571280547,202.68128530427143,212.13419303590146,218.40064933919152,204.04508881370373,198.4393928665929,
222,2007-03-17 14:32:58+00:00,230.9072672460024,197.52782970174445,207.64705507636393,217.4787086285026,207.66957985458285,,
223,2007-04-02 14:32:58+00:00,228.02347995971513,194.20215413058293,200.13936895864515,204.82778107540884,195.73523056302787,185.93305735070615,179.74413840921875
224,2007-04-10 14:36:51+00:00,246.95952739445596,174.52090702636562,192.38459371988893,203.9388629378231,193.8767257610687,185.40263213318948,186.54194822869846
225,2007-05-04 14:32:28+00:00,,181.47057122336003,198.2515243872311,204.90086846780406,194.5252715235622,189.35513118496658,192.09192356696144
226,2007-05-20 14:32:22+00:00,258.4307210647185,191.66826839129806,205.49688438708472,209.97176744664563,193.1874287125901,,
227,2007-11-12 14:32:08+00:00,243.6388694816395,,,226.04392241363695,219.19592640239412,200.5250930916627,198.44188468962358
228,2007-12-14 14:32:20+00:00,257.4858269044801,198.20877135586932,,,,198.9102830004216,203.97671799978573
229,2008-01-23 14:33:24+00:00,250.75785272713117,182.93816485603338,198.95230373437596,208.24669703766844,203.47313294394198,194.77753198342026,199.21007015593227
230,2008-01-31 14:32:46+00:00,242.68755155928903,195.98455336982607,205.6332967274689,224.041922650194,210.8335310071625,196.6197651038724,207.93987313646096
231,2008-02-08 14:32:44+00:00,264.78864331898797,208.50554410691984,211.56894641808535,220.19397125023266,215.76480549985587,199.17785823095144,208.7259393021095
232,2008-02-16 14:32:18+00:00,241.95576655122386,198.47878122944533,208.5468642709429,215.63931730065198,202.60251723138535,196.30683035991063,191.1602027254774
233,2008-02-24 14:32:27+00:00,246.94869693495818,194.6575702664671,195.13559693892876,204.57419789986284,196.75704289732113,197.8277390577132,202.00839705935613
234,2008-03-03 14:32:37+00:00,228.39384286565422,181.27314297856356,195.30095828680575,211.7667468743427,196.93280102138863,194.06138679235409,195.43290519566435
235,2008-03-11 14:32:32+00:00,257.5902630835683,184.39872229033224,187.69425018077135,199.18779275925075,195.8502266990889,190.18644269107676,194.9214612287575
236,2008-03-19 14:32:35+00:00,,,,,,192.35568552022818,193.44617529523734
237,2008-03-27 14:32:12+00:00,242.088372088641,183.24264797328476,194.74020875997712,200.17000645864024,201.86186900431983,189.18279614977482,192.77879549106424
238,2008-04-12 14:31:26+00:00,257.06880335366543,192.70313563355714,198.49177094528102,217.58860924292685,208.31951786903758,200.65002681216873,210.8627308930404
239,2008-04-20 14:32:33+00:00,257.31323162987496,195.76725776759218,,211.1274885673741,207.58767868094674,203.2084981965301,211.390499828164
240,2008-04-28 14:31:01+00:00,259.32215584840696,203.8325962685074,210.49456042423122,217.65244193523415,206.42222968189665,201.87485724768354,201.39372841074413
241,2008-05-22 14:32:23+00:00,242.3066410921363,179.53138646722275,200.82445434859386,202.35141767636676,205.31671106493062,194.9309241126041,203.7577670466174
242,2008-06-23 14:31:41+00:00,228.72579747871222,178.64437161505214,198.75753117297452,200.19683907540502,,193.26680909088685,
243,2008-10-29 14:31:21+00:00,,192.8700852114386,206.59944059159807,217.8597363804672,203.286522723566,202.22982037738285,176.4833429267299
244,2008-11-14 14:31:35+00:00,,186.2328174703565,200.31819268411286,208.32705817412926,198.58626419871774,190.64287681059398,196.48077712520188
245,2008-11-22 14:25:33+00:00,240.67060233843281,197.6163072877292,210.25693727110323,212.3726923314826,,,
246,2008-12-16 14:31:32+00:00,257.1943677901845,203.50475218881667,213.3435480861977,221.91175322669608,216.38567796078695,205.07640440744711,207.80309896181922
247,2008-12-24 14:26:56+00:00,220.29313998599235,192.53907216318083,202.26187510429077,204.03708471280385,196.95200067400717,184.09032466399995,190.7898726635134
248,2009-01-01 14:32:03+00:00,,207.33477920673758,208.00742260276812,215.09827821438773,212.45328957561216,200.7857141146962,200.7404402480072
249,2009-01-09 14:26:57+00:00,259.9540411448106,202.81383633092554,208.0052775491119,220.55814979897363,211.29703065761225,196.46172354363088,197.95316176126377
250,2009-01-25 14:27:23+00:00,253.755467739163,202.11134476916556,206.33603467114287,211.09637101657833,208.7304626798845,205.6593425957001,208.58516698301298
251,2009-02-02 14:32:13+00:00,241.97411088493783,201.67718983745024,208.35404065001518,,,,
252,2009-02-10 14:28:12+00:00,250.75422878959193,189.75618741162154,192.12221277322558,194.60578434884678,193.24303457125316,185.0010578016069,185.11894405558508
253,2009-02-26 14:28:11+00:00,246.17010196866545,187.32188973304926,193.728505098132,197.4277336869474,191.53781087947206,186.98371887374378,197.04175902765448
254,2009-03-06 14:32:07+00:00,257.5482644655852,208.76812438962997,216.2494692731,,,,
255,2009-03-14 14:28:34+00:00,203.1586363692715,175.66575841122182,185.26001680470057,196.03830317207957,187.8387788754733,182.61754861621486,191.67233089142027
256,2009-03-30 14:29:19+00:00,234.6490558595429,179.51836300805053,197.57327337288342,204.7417363978356,200.75514849697126,193.01428343807646,202.11473866576148
257,2009-04-07 14:32:45+00:00,242.67821705715792,191.98731953065345,,,,202.87818032744804,195.95436172414395
258,2009-04-23 14:32:25+00:00,,176.95405406578465,192.92929486187995,194.63596626470755,189.08393601758362,181.9536908781183,190.06427095736066
259,2009-05-09 14:32:52+00:00,209.67398952809418,177.2963265960793,190.93056217792912,,,,
260,2009-05-17 14:30:14+00:00,246.68738110805765,192.06235107025034,207.87004253519612,210.2507809679816,207.81670200772302,198.93930512033026,201.32054908534263
261,2009-07-04 14:30:42+00:00,229.286451911306,179.3800094957804,193.67049355090631,184.66585920115807,,179.05145657746567,
262,2009-08-13 14:32:12+00:00,,,,,,,
263,2009-08-29 14:32:37+00:00,248.91524247826598,199.6057801343312,208.24039942792436,220.41217158674823,225.09642717956268,207.9711864870913,207.02487294654148
264,2009-09-14 14:32:36+00:00,,,186.84811508138722,,,,
265,2009-10-08 14:32:04+00:00,255.4326273684954,200.3219669703998,207.29378047156237,213.20113159261328,200.04451548328188,191.398380022484,184.42221942978705
266,2009-11-17 14:33:05+00:00,257.5277758187362,205.59649151095357,207.59114958134336,214.60119161390054,208.00689770002262,204.06768974700194,206.43426274600273
267,2009-11-25 14:32:52+00:00,258.5316110158542,203.30825545388635,210.9092418255948,220.16601662937154,217.89963336288207,207.63309216322355,202.68711350710703
268,2010-01-04 14:33:23+00:00,,,208.85135831946278,207.31619524868262,199.54970718141914,191.26437977231095,
269,2010-01-20 14:34:02+00:00,257.7713450602949,209.38476723670135,211.36470475514002,212.06649305963845,206.83575672384046,200.1655711525451,200.51889177254228
270,2010-01-28 14:32:53+00:00,250.50204540070632,208.57291731529645,213.40237966658714,216.29615101839642,206.8644148751941,194.03860592024404,186.07261399362778
271,2010-02-13 14:33:21+00:00,229.70737458387958,191.12092089371433,192.57014399382456,,,,
272,2010-03-09 14:34:08+00:00,,209.06946676836057,218.0961726196316,221.8164453757944,204.34274828809325,195.76429719072956,205.05714553700756
273,2010-03-25 14:34:37+00:00,233.09098959079282,195.81837156366646,206.78654685357628,211.1727016742429,199.34454458805862,192.89315446418024,194.0950245025203
274,2010-04-18 14:32:55+00:00,235.45651821037887,177.33381575880415,,,,,
275,2010-06-29 14:34:14+00:00,,,,188.15182381336479,178.20884279663545,,176.6685445141531
276,2010-07-31 14:34:15+00:00,230.48384272654377,,,,,,185.04311757138123
277,2010-10-03 14:34:41+00:00,216.8661232413742,199.14349920843023,204.49665264637954,217.7913478019833,209.66144767676525,199.05842195801313,203.5279525123412
278,2010-10-19 14:34:52+00:00,259.77742248967553,207.28600566091905,208.7400966602445,,,207.78344699765205,203.03860000055153
279,2010-11-20 14:35:14+00:00,,198.9003822039184,206.7913309691104,217.75592805863153,208.04649587496982,196.11308597202816,204.0853295444404
280,2010-12-06 14:35:00+00:00,257.1436643267822,199.5169414033819,202.8163617004721,215.49592787760093,205.7962651340474,198.60424639780706,192.74828405510294
281,2010-12-22 14:35:07+00:00,248.96603095599522,196.03329866124227,207.83331499701075,220.10079871165158,208.2614913986717,196.34231710825634,195.89436495478552
282,2011-01-07 14:35:16+00:00,227.06677448770864,175.86563874924454,193.19381824011703,199.51238998276304,197.77532224431266,191.10488327720904,194.2428950775525
283,2011-01-23 14:35:23+00:00,214.77524110346891,183.3228407909428,192.7438069996493,202.6151732810996,191.87628416601183,183.2236718882398,187.3436056792063
284,2011-02-16 14:32:01+00:00,235.89172643911746,189.78822229855643,199.83955024187196,205.20125462110136,194.09698785949644,189.27411483359717,191.85266195998827
285,2011-02-24 14:35:56+00:00,242.4470362301511,198.73099508535023,207.6450570136853,216.64235373045727,210.70330301883706,200.7557674155973,200.87926291281144
286,2011-03-12 14:35:36+00:00,,191.91112400872004,,,200.6901321647392,187.20326845652,190.04229107826797
287,2011-04-13 14:35:39+00:00,,,214.32224178193997,233.67028681152956,232.31820244653323,209.8862070377845,218.14991909655552
288,2011-05-07 14:31:38+00:00,240.6237899953472,182.92436008571391,194.9217107582761,197.94184320306744,191.5157394042601,178.73090309780557,181.9245315794234
289,2011-06-16 14:35:37+00:00,205.7421498538049,,197.49320068412922,196.65036858248857,191.34592163800983,191.86189538840802,192.18164566246054
290,2012-01-10 14:36:28+00:00,257.19838684486524,205.49097453676006,212.83127180725188,217.60559638424363,209.45682780824404,198.61175411788292,202.24806250648703
291,2012-01-26 14:36:02+00:00,259.15340320710874,212.43082921908342,214.19596236115285,214.42400751645803,205.5239627422605,203.89153066150823,205.3927172609184
292,2012-02-11 14:36:33+00:00,257.12020571757705,201.74535921259167,,,,,
293,2012-02-27 14:36:10+00:00,257.16799902842,210.84068700037614,214.08845411284554,220.29433456718087,213.01728440703647,197.009095242926,
294,2012-05-01 14:36:30+00:00,229.83751286672768,198.2689111199488,207.3417929990574,,,,
295,2012-06-02 14:36:25+00:00,221.48191093219492,195.48140501511497,205.99917993977232,212.10072900057753,209.54023756601615,204.63185577080318,207.6738241328933
296,2012-11-09 14:37:55+00:00,219.04101901531766,195.76588360363536,200.3129733509175,208.76806493387772,,,
297,2012-12-27 14:38:36+00:00,192.57578455596695,,177.9042697717563,188.9652681483806,180.2512967609088,180.67027514923603,189.72284518410999
298,2013-02-13 14:38:14+00:00,242.4479311469866,207.47030542995446,,,201.6763881707978,200.05846730461366,206.65694637513258
299,2013-03-17 14:38:33+00:00,,215.537413784813,219.8241053152268,212.24457243175678,204.58205425644132,195.42636251838047,192.44590302207018
300,2013-04-02 14:38:29+00:00,242.49912038129,211.32335487284266,,213.00142341886942,209.13847801274454,195.3857657173129,198.9401146523905
301,2013-04-05 14:44:28+00:00,257.7705627198323,227.24220633599163,233.4305848146683,228.28018733255797,216.2024031940726,205.7459061938577,208.33077847730297
302,2013-04-26 14:43:47+00:00,247.91648814874688,188.40377294525192,202.30818138025057,210.53806963258978,207.29578616462183,192.75101284670123,192.16697783992345
303,2013-05-12 14:43:58+00:00,213.7804656930282,191.7122886421438,203.23707627951984,205.62905261950107,197.2816211179846,187.39197128493038,197.9840000780843
304,2013-05-28 14:44:30+00:00,243.42305768015223,192.66426409262854,204.50780534937638,207.71054596711332,204.7810373831678,200.19979608872592,204.52591105962836
305,2013-06-05 14:37:43+00:00,206.78155258058345,,,185.3651693519275,,183.2054229060775,175.5669336880386
306,2013-06-21 14:37:40+00:00,244.81059958148413,205.09153890127521,,187.6922414624566,,,
307,2013-09-09 14:37:38+00:00,231.40609585785904,184.2762335948323,192.67565477273,206.3081922463014,195.4337504228539,178.71293986589612,
308,2013-09-17 14:44:00+00:00,229.67201506369918,202.28602967738738,204.80417087743015,217.70196028375415,206.0837737273146,200.56970582631902,205.69620148316767
309,2013-10-19 14:43:52+00:00,217.59267574663073,209.29197399899573,203.46082752627893,210.5101812237996,204.80597489730113,199.26675886885835,203.94643231907492
310,2013-11-04 14:43:47+00:00,242.46913654672016,209.47652777552975,209.2989491634066,211.48578309719736,204.6743200348987,194.94657327264463,198.844494219411
311,2013-11-20 14:43:39+00:00,257.44418929151703,211.62400223653987,210.81233007458445,212.9162228965663,204.73806237234837,199.57006504559075,203.97710865961503
312,2013-11-28 14:38:19+00:00,232.2586085751197,215.1351352401755,213.04543715799622,218.1036769037009,205.2098860095483,199.8120371538813,189.52202332055825
313,2013-12-06 14:43:39+00:00,251.12203856225344,212.34384618325535,216.30838881999287,215.7612488446943,204.27239108477852,198.78785298831724,
314,2013-12-14 14:38:22+00:00,242.02220338191827,206.3548335609842,207.56437040189715,205.6305037528948,196.131882681144,190.32209593058167,187.95022811971418
315,2013-12-22 14:43:30+00:00,259.6035106419904,222.9832742421637,224.15109526526925,224.61483174519458,227.33479657584022,215.64596696028747,220.54132186784275
316,2014-01-15 14:39:01+00:00,266.51557231992007,231.27405600992935,234.30357323939734,223.38896215704358,210.30514118067964,,
317,2014-01-23 14:43:34+00:00,257.33760474554833,223.43735519825634,227.17693697313916,223.19747766446264,212.5976696770719,202.58154246504478,204.59922195325765
318,2014-01-31 14:38:54+00:00,,,234.96153173411284,219.39314931826772,212.2619498959147,206.77486940349036,208.64031168282156
319,2014-02-08 14:43:23+00:00,235.2979849436341,236.09049377844548,243.1007464138932,230.7923433411994,214.52864154681268,209.23729981758015,207.894377370248
320,2014-02-16 14:39:10+00:00,242.81858551705488,,,,,,
321,2014-03-04 14:38:49+00:00,,219.28995281129716,224.0035009421003,211.2977859719003,199.45211653393818,198.034077411456,195.38514196149606
322,2014-03-12 14:42:34+00:00,241.9908570133479,226.22241709355598,224.37326109753448,218.57649179557072,201.61490848919945,197.3625665296439,196.66462016452985
323,2014-03-20 14:38:57+00:00,210.19521741360927,211.32143690121137,220.6250020164912,206.0805740746092,196.0666476089005,191.1616593878394,192.75166771739507
324,2014-03-28 14:42:40+00:00,,238.10828748708957,242.82103521939177,230.581722798091,216.21204020978905,208.2061573059402,210.1817240597981
325,2014-05-31 14:42:02+00:00,204.72721744645756,183.2633790852196,195.17021942818042,194.59575764754686,193.2153249211353,188.49921842704146,187.496486423278
326,2014-06-08 14:39:51+00:00,242.16142361581618,202.00305982275566,209.14682748263456,205.06653948124284,195.50651048529858,191.09224053762222,189.05753613761905
327,2014-06-24 14:39:29+00:00,191.69306389916875,169.8503309056685,,,,,
328,2014-07-02 14:41:49+00:00,214.5749959360848,,,,,176.48438001395076,187.51863945279453
329,2014-07-26 14:39:38+00:00,200.39720577322953,176.78293843355692,186.24665910144083,188.0837637568074,176.98031441690938,,
330,2014-08-27 14:39:39+00:00,,,,,189.1653695496176,188.67308164499974,
331,2014-10-22 14:42:16+00:00,247.62201917242456,209.4888427014542,214.20058235970026,212.2575863792051,206.17763854442504,200.72342744325937,208.80487132853534
332,2014-11-15 14:40:17+00:00,228.03493797256127,208.23260852054858,213.04835276382946,215.30954239375507,201.98897878082104,195.64593814515857,197.5424408231709
333,2014-12-17 14:40:57+00:00,,,,,,,
334,2015-01-26 14:42:23+00:00,257.47107956943546,240.32682884341892,247.02812287652867,229.58091418986118,214.65077301650584,211.09035236546887,217.5472981616768
335,2015-02-03 14:40:44+00:00,,,,,,,
336,2015-02-11 14:41:53+00:00,,,,219.67960866036077,176.35140733442515,210.6150738959492,
337,2015-02-27 14:41:49+00:00,234.2716395158435,222.74833845142317,228.54563058955304,223.75971464326324,204.9307740794989,202.37988494988986,203.16970361489965
338,2015-03-07 14:40:55+00:00,,213.5959105476398,214.18992109572724,199.36858450740692,188.99717615374828,188.96413211385544,198.03872037765626
339,2015-03-15 14:41:38+00:00,242.50434778655494,215.6604874721718,217.13076548418348,210.6464490058242,201.16232889571663,198.83029397549524,194.78979820613893
340,2015-03-23 14:41:05+00:00,,179.0369239808364,181.6949918889016,175.0813782489524,166.2169113507145,174.01562500720541,192.35724843841382
341,2015-03-31 14:41:51+00:00,257.5293400338815,209.15661481970585,209.7903811881689,215.17173123886909,214.8560448163622,198.76939813308798,209.98528986969552
342,2015-04-08 14:41:36+00:00,,193.89435780667432,195.29777856338362,202.53003211151997,199.80474529815328,198.5348247530265,205.3644019457739
343,2015-04-16 14:41:25+00:00,231.69846307419525,205.55857957407736,201.58770805043798,210.60734379348838,208.7623979828797,195.44440465127326,199.29476274460063
344,2015-05-02 14:41:14+00:00,226.99872372514247,177.5726260140548,188.4492480791933,189.11808670370993,179.49762713968855,183.99188792904602,183.81345736560166
345,2015-05-10 14:41:26+00:00,,,,161.98481015148613,186.2535546134131,178.82211798138843,180.7287972799736
346,2015-05-18 14:41:28+00:00,227.91226535229376,183.6505236132933,197.90134085985136,197.77269333857055,190.21702807195732,187.6867700514604,190.3460290813847
347,2015-06-03 14:41:12+00:00,242.498910581597,192.7405086876076,195.08279336065942,204.8484710998334,196.8110481976338,187.7149790933445,194.0579789335651
348,2015-06-19 14:41:21+00:00,228.1294891133469,181.7036963534565,192.43058145773833,192.93329008556003,187.12331205925395,184.36417364431185,
349,2015-08-06 14:41:39+00:00,257.8241637678517,195.51180842788727,205.78205165553263,203.623436204926,191.99560348975436,,
350,2015-09-15 14:42:22+00:00,246.62089760802996,191.090495101991,200.32540012979752,203.08682226502987,198.56821189707307,197.07435681704806,199.0730932824366
351,2015-10-01 14:42:21+00:00,257.0494270156386,189.3106266172121,177.75345716561787,183.64320019397158,197.60181620657673,188.46883539143204,191.485652250646
352,2015-11-26 14:42:11+00:00,242.58070151542265,208.41363626081028,206.12599054891487,208.95748493409886,204.3853995846397,198.04743763119916,206.00266716031174
353,2015-12-20 14:43:41+00:00,,,211.4436220404695,209.2648247495071,200.82717516439106,194.5521284717378,192.52237749371193
354,2015-12-28 14:42:34+00:00,257.3800512296653,212.23117122119785,217.55777384532678,213.73400734642692,206.44709346469142,202.1298117580564,205.92033277537624
355,2016-01-13 14:42:07+00:00,242.16640630323462,214.42038001132218,223.1201256355472,212.899364409707,204.42941317487606,204.07023391966757,214.30948675903244
356,2016-01-21 14:44:09+00:00,245.52425931189222,,,,209.42764405891185,195.12683022235328,205.98193968103203
357,2016-01-29 14:42:06+00:00,257.55907869612946,218.07607356417896,226.67625077233782,223.71667827724968,215.62973092469076,206.16592068471192,213.96983391975442
358,2016-02-06 14:44:17+00:00,215.1412675809442,204.76557623566364,205.0808720543935,198.9379366519451,193.45048276403548,190.62075143320493,201.41163112437152
359,2016-02-14 14:42:23+00:00,246.74345094192992,217.0639581635906,218.4697285122524,212.85593879816795,203.1183369511817,195.99061995213611,199.4213084022598
360,2016-03-01 14:41:56+00:00,242.49683899265102,214.80594409627554,215.54110007626792,213.65517075730526,206.95385585690292,196.64403662841806,202.5720733941061
361,2016-03-09 14:44:29+00:00,,201.94526471222687,203.37021196820763,195.70396122855882,189.81955980205285,189.72280117794307,191.56058168631853
362,2016-03-17 14:41:51+00:00,242.87052519715593,215.81470460753545,220.2397222734602,214.9064731640766,212.29439653641492,198.94798065812103,205.18612349132053
363,2016-03-25 14:44:11+00:00,242.15684375271863,198.27426575096874,205.46868012882493,197.87408824192613,188.59429047211157,,
364,2016-04-02 14:42:05+00:00,242.0180338641032,208.0789758608855,206.58947761968454,209.96445870256971,197.57573705141257,194.52577330631493,199.03859308580252
365,2016-04-18 14:41:36+00:00,233.91272756173447,208.43353782809996,214.90921829442394,211.28008928597382,216.76059604618612,204.91896707944147,217.88258953100117
366,2016-04-26 14:44:47+00:00,199.86327731843568,196.27842433530878,199.54007453484755,193.48744402070173,189.50281413436522,186.26226525494718,185.9493217602033
367,2016-05-12 14:44:26+00:00,242.26950774563156,212.27487236767786,213.57519595922332,,,193.92816158942196,198.39031149448994
368,2016-05-20 14:41:38+00:00,231.60502581179952,207.91342116286415,213.8565797238712,208.6206524768685,207.78465923027713,201.32967976702602,201.9351800973373
369,2016-06-13 14:44:35+00:00,215.36664336120202,201.384566672991,205.04113746484592,200.5213157845589,200.06194468431065,190.09216563144054,194.71112754656272
370,2016-07-23 14:42:26+00:00,242.55496555316495,192.53190118161385,198.405193533836,199.6366128340123,197.25337493376404,189.10281202677413,197.26844558861706
371,2016-07-31 14:44:39+00:00,204.8355456280199,185.6015945125342,,,191.87163713799362,184.41522728224265,187.86962860998884
372,2016-09-01 14:45:08+00:00,199.5685848219667,181.23517170454255,187.44293656031684,192.39982466706942,181.83896609773007,174.88602618054787,182.90893784282065
373,2016-09-25 14:42:40+00:00,242.8354511006516,210.93288133443951,217.0679596961576,218.16526422041724,199.44101856122717,200.29668119390095,206.74266903464212
374,2016-10-03 14:44:48+00:00,211.29602117971984,,,197.70329223231224,191.14833869735426,189.89070073632695,189.17908909073122
375,2016-11-28 14:42:46+00:00,,206.7491710745248,213.64089348564457,209.4025471166808,194.42744888601288,191.8551581029941,
376,2016-12-14 14:42:43+00:00,257.7196458437766,214.23223336756712,217.9456710955806,215.573264653372,205.99608032198387,193.67425682100813,199.41991617324362
377,2016-12-22 14:44:49+00:00,,216.35880521217385,216.4634236082165,213.09155357529102,200.43384624806532,193.9943802672085,191.967453568475
378,2016-12-30 14:42:40+00:00,228.97254239653014,214.4604307704525,215.95176846970753,211.3154012162862,201.80197896713858,197.01341511101853,205.20718338445675
379,2017-01-07 14:44:16+00:00,,,209.09442600377605,201.46442848348784,191.1030887919694,188.58247004250305,188.5533658371098
380,2017-01-31 14:42:29+00:00,221.79715360283927,228.57018059782993,231.19255365763104,216.57840219330723,200.77915764509868,192.29429877046599,198.18805177724198
381,2017-02-16 14:42:22+00:00,214.5451771956728,210.83469147668794,208.4328695721302,204.28907047193837,196.15353441838997,189.49685834669071,192.53336672824724
382,2017-02-24 14:44:29+00:00,214.96046650658832,209.57574665714486,211.9284562898303,203.10871678463235,194.19560946313794,190.3128247647815,193.46224926866526
383,2017-03-04 14:42:16+00:00,218.25340275716903,211.24294780784243,213.13547474078388,204.37715063417295,199.19843291273025,191.58537748482394,198.88210630615214
384,2017-03-12 14:44:12+00:00,202.24385218069818,200.87065011375256,202.52913110793406,190.53493127262175,,,
385,2017-03-20 14:41:42+00:00,218.63323507007684,213.84431764073219,218.62910821999043,207.38181502671748,199.20339087901797,194.77873673873947,201.2279265248381
386,2017-03-28 14:44:40+00:00,242.04838098320639,210.24201144002382,210.98750048650925,201.60543398283735,192.51377047430861,195.33920661490168,202.7901813532481
387,2017-04-05 14:41:59+00:00,224.12829794767407,216.10171308197613,219.2595780789216,213.27157835649518,205.1424243154412,200.31301153203992,206.68434221411334
388,2017-04-13 14:44:22+00:00,242.32617724101377,203.0474808621949,206.11526511028558,197.88540519562193,194.2379274833592,196.10216593993545,199.70611904679743
389,2017-04-21 14:41:25+00:00,231.44312848926984,223.17129631625733,222.98821678359826,216.89568586401884,213.92208255921162,194.52747117376933,209.38102951882126
390,2017-06-16 14:45:03+00:00,,211.36500189483894,213.92479611132563,210.4425245029542,197.34824546935624,231.99288814304836,
391,2017-08-11 14:42:28+00:00,199.03782130557104,184.8400813192592,201.6403238037953,193.48070382668465,187.26550023080864,185.71001892698257,185.3476647198862
392,2017-09-28 14:42:15+00:00,228.1378492899413,194.55720102058046,208.09131504894276,214.64394858544534,205.99217682608338,202.58436863626423,206.601483151306
393,2017-10-22 14:45:05+00:00,227.95001372399457,184.71325300701915,191.97458059178092,194.4649123121281,191.5401928547654,188.99815447016672,190.28242422512017
394,2017-12-01 14:42:35+00:00,257.33050371379505,213.69031993215626,218.85037049521398,219.87882090134957,218.15848382050632,209.37391787498598,220.76058316820203
395,2017-12-09 14:44:27+00:00,205.2593527289838,197.14760706408072,199.12334393942734,201.21090164391416,191.32459872527966,192.18177106131668,194.6557741034808
396,2017-12-17 14:42:37+00:00,243.5839203896944,212.96728034522508,215.0353148840109,208.70457025226733,204.70105360096116,197.95430212972036,201.03657678235373
397,2018-01-02 14:42:11+00:00,257.1282341219244,213.9434576812976,219.4453479443666,213.75522816215533,206.04485538071071,200.9707905834057,206.18540236263857
398,2018-01-10 14:44:28+00:00,229.92848590737498,218.72115387164587,210.87338013543115,,,203.46494837065245,213.6859399403255
399,2018-01-26 14:43:49+00:00,244.99847018321708,220.1462660269136,218.57650685331512,214.3273176537249,208.0588500171516,,
400,2018-02-27 14:43:50+00:00,220.51185174399342,210.30606669746527,213.04709246154027,209.55526863361513,,,
401,2018-03-07 14:42:05+00:00,242.41738708362155,210.9617175207619,211.56460992413525,208.6012349127301,201.04075066076462,200.4160962024608,199.76709181234324
402,2018-03-15 14:43:38+00:00,205.45103488400542,191.81234566917323,198.86354112708426,,,,
403,2018-03-23 14:41:57+00:00,242.16998126047716,204.0925679423988,205.52107327009233,207.66137947279265,201.976895840448,192.77403353214459,205.13137538750703
404,2018-03-31 14:43:25+00:00,214.56539536362328,196.8381206649013,198.50251276825304,200.72819359588976,192.80602603647475,192.99448544742444,194.7593719384808
405,2018-04-08 14:41:25+00:00,242.2251733913552,207.3056824184307,207.84245387164248,207.2251896448313,204.7407533503906,190.76878998873067,196.24767427230165
406,2018-04-16 14:42:45+00:00,242.5902482414773,210.13921598081686,215.4623451974698,207.43003430355276,204.61279273184374,203.03351491065902,208.40885885179162
407,2018-04-24 14:41:16+00:00,233.0796670580957,207.62361783447042,202.0456732591178,205.93787100750464,197.76594959037655,192.45683199911136,197.8339132028305
408,2018-05-02 14:42:52+00:00,242.1592348659661,209.30485295560467,203.74508794773257,201.29073458678857,197.97408351192144,190.20427195156284,
409,2018-05-10 14:41:30+00:00,231.45288712365624,215.16279948478058,221.96876206425006,220.6973293084319,212.25475134021374,206.4375839258566,208.13274542570883
410,2018-06-11 14:41:17+00:00,218.63974172541052,196.78014483844467,202.35421637443244,204.3677542435326,187.36821081433624,191.3900783852678,196.94512275350039
411,2018-07-05 14:41:20+00:00,258.4385778781392,212.47744487135145,224.28313142893538,204.89355547594624,194.88988620208954,201.49986302026397,205.76011381766233
412,2018-10-01 14:42:11+00:00,257.2325793617871,212.22074020732708,214.30159388906242,215.8928484788542,219.80357801843832,211.79666422989388,216.67966456610338
413,2018-10-09 14:39:22+00:00,242.15384347709767,195.82651250433526,206.51884829626306,,,206.26477734417637,213.28895452117487
414,2018-12-04 14:42:20+00:00,250.5062598730015,211.4314202633088,207.41028679079443,222.4439744066451,214.9840085776184,202.83927513940552,209.32252074717536
415,2018-12-12 14:38:14+00:00,242.531692292507,208.90375925185015,207.49385244878778,212.91471770661505,202.52736198406902,195.8209165643195,203.20826129181648
416,2018-12-28 14:37:46+00:00,226.53553485971025,207.8386802132236,210.20692552001773,,,204.06872740084776,207.26927941239387
417,2019-01-21 14:42:15+00:00,230.60059841438493,217.87033291208047,218.79170533362912,216.63347560709693,214.57568777115364,202.99963476944384,206.68208023377608
418,2019-02-06 14:41:48+00:00,,,,,,,
419,2019-02-22 14:41:45+00:00,257.62399115049396,215.10991945446187,217.88276620252108,211.68979310302623,203.96427875588645,194.23424973024302,200.5340653324214
420,2019-03-02 14:35:24+00:00,261.6956267128531,230.89062515800148,233.4193800515086,221.7495850454919,215.34654440073365,204.84375504920274,208.9479350486177
421,2019-03-10 14:42:04+00:00,246.03639771247944,215.93948274303605,220.56451268129464,211.35106298142335,202.74335810632132,196.88828319722788,197.59492400644206
422,2019-03-18 14:35:16+00:00,,225.71295359655528,224.45771611272824,221.14328620323698,206.26008981990253,201.6167565780862,209.21710183790734
423,2019-03-26 14:42:00+00:00,257.3725683732751,223.9202140838803,224.85621216044504,218.48181847117263,204.7341320801239,202.75242973864,209.6168724168056
424,2019-04-11 14:41:31+00:00,241.97149745147738,218.67230640810826,220.65420599040175,213.00522743466487,203.37321276451067,193.0866152686336,203.11260273174906
425,2019-05-13 14:41:36+00:00,243.4287114116802,209.35003934607636,215.89437292470342,216.98710092999494,220.0470737977749,205.56441521823413,204.90709088207907
426,2019-08-09 14:29:29+00:00,214.40504351356049,,201.2959400797785,207.0745696348396,205.17217295142314,,
427,2019-08-17 14:42:35+00:00,196.36613719339323,172.3915159872202,194.24810285308558,204.54870550403555,195.26133842397516,187.03437423311584,195.17593858434253
428,2019-09-02 14:42:38+00:00,242.13021813750106,190.17059401715107,191.10553899595203,202.16689321544203,196.72655229049548,186.22752312953648,190.41189714485535
429,2019-10-12 14:27:09+00:00,,212.88203565576373,207.6832803822313,203.1450294727066,190.60849551509264,190.0900801835047,190.9503059451414
430,2019-10-28 14:26:28+00:00,203.46883683744457,,198.9984962486981,197.76583399242676,189.95824615192663,183.4270120840253,191.3993447503392
431,2019-11-21 14:42:21+00:00,243.29911844049187,212.888776849901,215.53878063367208,217.31170952080362,200.3911339040983,204.09573489800152,199.38911075117363
432,2019-12-07 14:42:21+00:00,235.02496500431977,224.39967366553785,225.60177900515882,230.72689280336874,223.53897515920102,212.34539260679355,208.35961844758612
433,2019-12-15 14:24:11+00:00,242.63568017191864,214.89329557301426,215.24985383039217,212.77784460052362,198.66261548936873,198.09725689244283,207.58533109406557
434,2019-12-23 14:42:18+00:00,233.79058877872393,224.59214964646475,232.55148428768925,227.76787419292185,213.90965898606265,203.6627648401552,206.48361370659825
435,2019-12-31 14:22:58+00:00,246.67151010045166,216.99795545256947,225.61084259310778,217.45379032576628,203.2417194397105,,
436,2020-01-08 14:42:14+00:00,234.571509492542,231.79194063353762,234.5947103732674,225.0952763714797,215.09935068187946,205.70123568457382,213.3960612693262
437,2020-01-16 14:22:33+00:00,242.0529354495264,218.67433623152283,218.0788817221832,210.94351737687293,195.97105579108515,189.66117712499428,192.08252388131788
438,2020-01-24 14:42:34+00:00,229.82866827298136,227.58367332378384,225.18529938133258,218.83998226466423,204.80078690348245,197.381710843719,206.69435934332523
439,2020-02-01 14:21:21+00:00,229.60937617400324,223.0482689796152,220.10729134833775,,,195.78644008806788,205.5564498480037
440,2020-02-09 14:42:05+00:00,246.8687104142046,223.79107681406362,217.70981941192838,208.88444758810493,204.2842842828312,197.9907799380806,204.93882214115928
441,2020-02-17 14:20:56+00:00,247.50095135959452,231.03863557664786,221.00398438027418,219.93719315045095,210.18210712614697,203.8132790741967,203.05909591233836
442,2020-02-25 14:42:01+00:00,245.15319835676092,216.38145024435238,218.05110978712517,207.40126873428574,205.21558722380075,198.15312813178807,203.8546826190272
443,2020-03-12 14:42:19+00:00,242.50078984674255,217.7503347821989,217.0064680692341,202.8583949784097,196.27932355327127,190.0450423914893,194.48126423645624
444,2020-03-28 14:42:10+00:00,242.66768556715618,208.31794678395613,208.12764265519513,202.38634578292738,183.27896789737773,198.87505288699117,203.6087045398043
445,2020-04-05 14:17:54+00:00,242.6850729666852,213.07636647717084,,210.25487396491928,207.95325801016364,201.1793387813809,198.17636745945327
446,2020-04-13 14:41:39+00:00,214.2517451665174,213.90508510360158,212.27101085888975,209.94991356792596,208.70304732004217,203.21063351145673,204.30571421479016
447,2020-04-21 14:17:22+00:00,206.9310563284251,202.11148209128908,198.0794272369095,198.6720457493172,189.0371662297036,185.32688616543385,191.92171065283532
448,2020-05-07 14:16:01+00:00,,210.56079597140695,214.07277348584458,197.61052425960435,,197.35915737223786,187.63845269499222
449,2020-05-31 14:41:32+00:00,243.83539246579468,214.21090232497238,222.0849541484067,210.33339490594636,208.9183925248372,198.83686277994067,199.3104111429894
450,2020-09-20 14:42:19+00:00,,194.55360942477316,206.48088139712118,201.89308792052003,189.55196136529938,186.20272025261198,195.79671264783025
451,2020-10-06 14:42:46+00:00,242.45291744778754,207.54859669442806,212.50496830333853,209.67380855734376,197.10850544894458,195.67013012053764,
452,2020-11-23 14:42:22+00:00,245.1972723087025,225.54864859049283,226.21390241859513,232.07895332247867,223.94841279029708,210.56439581903567,218.6354877193079
453,2020-12-09 14:42:23+00:00,241.0598208208505,235.31539186463635,233.31896648314563,234.37291357686718,226.71190615784028,215.09401976832405,221.57579261300984
454,2020-12-17 14:01:33+00:00,242.22610400714697,212.8938211465667,213.97112347113415,205.62236843375973,,,
455,2020-12-25 14:42:21+00:00,243.66312154635222,224.74080723980467,226.12120935779353,219.65840931264506,,,200.62307063704165
456,2021-01-02 14:00:25+00:00,230.58456086438565,228.23234028821182,222.90741874160614,216.71754337542947,202.86874456574978,199.45456380659004,198.42210264985994
457,2021-01-10 14:42:39+00:00,238.26144620988424,235.30458259938035,233.67113153198073,228.62197131244614,218.66829420892645,206.2084958552457,212.886545921621
458,2021-01-18 13:59:17+00:00,248.22957029569218,236.40036909618917,229.7920320133243,224.3014529407879,209.02938485014369,199.87629705151048,202.4267577771686
459,2021-01-26 14:42:11+00:00,235.9762740539533,238.99061663170195,237.43309245953353,228.35759319267467,217.41201730240977,210.16073472158524,213.6399911777979
460,2021-02-11 14:42:32+00:00,241.77945026206976,241.03636980686463,246.97753814384092,225.71202374835772,216.3569648140422,209.05122639628948,218.22861319568847
461,2021-02-19 13:56:56+00:00,242.67841377626937,237.86082823193715,229.71770933520293,221.41694560961935,204.69248221140413,,
462,2021-02-27 14:42:02+00:00,257.04682093066504,238.1586044609686,228.25386741797792,222.457648487504,209.41274427282835,205.096802077194,207.90934335227305
463,2021-03-07 13:55:41+00:00,244.07605222944625,245.10258727771756,242.5531990645613,228.4740306989009,216.55456100583388,199.9291121257563,
464,2021-03-15 14:41:53+00:00,242.02597205659526,226.55299908611875,223.2667495642462,210.35452785544163,195.67007911582255,188.83320560039107,197.90819444466922
465,2021-03-23 13:54:25+00:00,240.28692321892305,235.2946238717927,236.9627567515593,220.30638295333472,209.2450646733467,194.78827337237357,202.12514995563598
466,2021-05-02 14:41:34+00:00,242.59590534370156,214.84074379951653,215.91455616948852,210.08540341154577,202.78840992210107,200.44574405483826,198.68561445557012
467,2021-08-22 14:42:13+00:00,242.14079685350288,199.73877119818764,200.5677489670996,,,,
468,2021-10-25 14:42:28+00:00,227.39205600708212,192.5722084339936,201.23990053434363,209.59647575335944,198.03232038300507,198.9124126300309,196.09442548066494
469,2021-11-02 13:35:09+00:00,227.369098227775,223.16435606316054,202.53711209424006,199.70922891748424,193.3976398901124,187.32397116401302,190.4765254090862
470,2021-11-10 14:42:49+00:00,228.04685408636215,206.047069123654,214.76214791880813,220.93849081690638,219.1389943228755,206.32709096036785,221.55332524955165
471,2021-12-04 13:32:05+00:00,227.91200459909507,208.77906829684625,207.37614729006333,204.6392817986365,195.34907211461962,192.56374181644094,193.53255260172708
472,2021-12-28 14:42:42+00:00,257.11522208978045,233.47265521305448,224.29869270208593,231.27958638176426,218.43748111250605,206.2782735040849,216.9146065553918
473,2022-01-13 14:42:40+00:00,234.3144348265912,220.4650329578803,221.38122829995703,219.5398735590203,215.19605826485588,204.07252764162348,205.30659712598066
474,2022-01-29 14:42:11+00:00,238.6257548264298,229.88258254212445,224.8179147124226,223.38907424183185,211.8526956354477,204.03253876169867,206.32830761230107
475,2022-02-06 14:42:42+00:00,257.03662563261446,224.3563138196908,224.7357071830652,219.6015910464377,209.65838993898228,206.5382722638626,217.96212088556308
476,2022-03-02 14:42:27+00:00,215.56150651498146,213.54773935978696,216.090877516638,206.14378267150792,194.32599685066174,189.52349254909802,200.7598250765406
477,2022-03-18 14:41:56+00:00,248.99731945046904,219.56405911768383,214.29066542513118,206.18116267334165,203.66372184238622,193.7242421403592,198.54070849317253
478,2022-04-03 14:41:47+00:00,243.22317724898122,214.12054112856515,206.60319684421546,201.08121395236904,195.49519182276157,199.14975838636542,206.24179810453614
479,2022-04-19 14:42:16+00:00,242.39867046583126,214.77522550482774,211.42116076264028,,,190.38984836430598,196.30720874890932
480,2022-04-27 14:42:11+00:00,227.98152562419952,217.0212413835282,209.4356958699368,208.94342759657013,203.3518456140122,190.8104508118495,197.76070656583505
481,2022-05-05 14:41:53+00:00,242.21391990654547,217.65181640640628,208.09287596748368,202.5626530120504,,,
482,2022-05-13 14:41:39+00:00,243.3910869800622,223.8453823423471,213.33293840233594,209.3388135465774,204.13842972350307,193.78027164171672,200.2239754770062
483,2022-06-06 14:42:07+00:00,219.29630557393335,216.04401409765114,222.98476353417325,212.4916005679801,207.6080023429289,195.6229339444818,204.4679720984615
484,2022-06-22 14:42:40+00:00,257.39804705077603,228.1761445854143,224.41244452837233,228.90491219674402,217.5065003096085,208.69237072330475,207.5393712338834
485,2022-07-24 14:42:47+00:00,244.81453689763376,202.5272809142032,204.7805923683856,216.0406870780352,192.62766442124033,189.6740258943649,
486,2022-09-26 14:42:41+00:00,227.451765703396,195.08590752390748,195.35947008388968,198.25563184088313,188.5633869091086,186.26253840829003,187.1151139163117
487,2022-10-28 14:42:40+00:00,247.04713916308148,212.64315882585794,204.78818988087875,209.73706633235508,201.49013937284036,199.37188289028575,200.95119594915423
488,2022-11-13 14:43:00+00:00,261.4478384443452,230.91309820854477,218.8257989811904,227.8943580064838,221.1791846854853,216.83657544824757,220.90353268290596
489,2022-11-21 14:42:30+00:00,242.2256467114861,193.70676143689585,182.5709905098814,,,,
490,2022-12-07 14:42:53+00:00,262.4740873550391,215.4341639553758,216.64147576971646,217.73317335151972,209.93645749712124,210.75545978993802,205.68007223595632
491,2022-12-15 14:42:55+00:00,258.178715354521,216.89176170900058,218.4798751773411,222.2718108872147,216.70165245187656,211.52906450222318,218.26920788509224
492,2022-12-23 14:42:26+00:00,230.36522911995036,212.7394403108396,215.5652681146899,213.80231098535126,202.90697379845184,202.27361837943528,201.93714681159483
493,2022-12-31 14:42:51+00:00,248.24743246623328,218.19131771029078,215.85868519006246,221.8597727026032,216.4440980950998,206.68498376687083,218.35078188193626
494,2023-01-08 14:42:53+00:00,262.9258148721875,220.2092877530657,216.6271339955693,221.0761885289075,210.09297221546478,201.39334634745904,209.0657508558577
495,2023-01-16 14:42:44+00:00,263.84364370000856,239.17496827825147,224.06183297764562,227.65059103649725,219.30646801736242,217.50017957666432,219.14856372685787
496,2023-02-17 14:42:40+00:00,244.8115057751028,225.02273521997256,217.84808696121263,218.61982546678013,203.25644880112276,201.43298920852692,209.08002099114307
497,2023-02-25 14:42:18+00:00,231.05403179186408,221.31430534838242,216.76159192042257,211.7905012745058,203.98560753761907,201.67460609915975,209.37769922839777
498,2023-03-05 14:42:04+00:00,225.5752313072918,219.4593489616654,216.09503669099547,209.5012007294119,205.42932545324174,206.10910347007277,211.16781320636284
499,2023-03-13 14:42:35+00:00,227.14650785172927,222.64938860485393,217.15004544298156,209.22735582302744,200.62746776830917,192.23332528737316,196.90654193180106
500,2023-03-21 14:42:19+00:00,257.2551548274588,230.62075923770996,219.41912325362654,211.98915205132067,204.38363262387446,210.14598965713753,213.02104459650516
501,2023-03-29 14:42:23+00:00,228.9968071623074,231.7238359488833,221.4008194601763,214.69948031922132,199.655350952312,198.5611649509322,205.36861464809536
502,2023-04-06 14:41:42+00:00,231.51017078054846,222.86879605535364,218.86112509581224,207.71342695766506,202.3321997473113,203.63441589590758,207.16090569328583
503,2023-04-14 14:42:17+00:00,245.26159689844212,242.98507399521475,239.63443034185426,235.39053678649822,221.81904732102038,215.23053535316717,217.57873374533028
504,2023-04-22 14:41:33+00:00,245.5188583622467,224.26714428113712,216.34596015001392,203.70802207467528,196.71075013215844,190.60572039570525,198.67959644682733
505,2023-05-08 14:41:48+00:00,242.41593562060706,214.51197810113857,217.76254306486956,202.74541540744306,193.59081427735993,196.32108234245644,206.23744726055617
506,2023-05-16 14:41:38+00:00,248.28409760676453,224.05143751830815,222.86317511890442,214.7450009860999,214.1737423431921,202.9821488920021,205.52383641535272
507,2023-06-09 14:41:51+00:00,227.89145977112327,184.89888681262954,200.26460301317516,202.73309661165473,197.35333140854152,194.38866549056044,199.43604398865182
508,2023-07-03 14:41:33+00:00,214.5861648307066,192.08428974934358,200.8205189683839,200.11769292771777,190.01788035207102,185.944280610504,188.00745624150682
509,2023-09-05 14:42:02+00:00,242.0398108576613,204.39959907256926,168.08941087567544,,,,
510,2023-10-15 14:42:12+00:00,251.41277277085877,207.7472968743775,199.6420775948421,206.68137594460768,195.7593945402097,190.8768285817124,200.11108343027044
511,2023-12-02 14:42:37+00:00,230.11005972982184,216.1662788181113,206.3867551901054,216.2052489761726,197.95768544633722,194.609239063482,204.3940227774214
512,2023-12-10 14:42:42+00:00,243.90918547057268,225.83967574511,218.48704364406996,217.03672005941104,212.09747426044686,201.9708943921783,202.84571270236415
513,2024-01-03 14:42:07+00:00,239.4998920310668,240.2133174036972,232.10401365026814,226.9138394278753,217.84719245803916,208.8032671324241,219.54022077339715
514,2024-01-11 14:42:43+00:00,257.19780035316705,233.57880479277594,225.56100153865088,221.24359246125357,212.7764972510624,205.73031798648896,207.45361388733804
515,2024-01-27 14:42:17+00:00,217.22105085851675,224.65564024237113,222.7924932216883,212.4363616114053,200.57780212070315,196.84677233791615,200.02616788593366
516,2024-02-04 14:42:32+00:00,245.3686222422848,234.6475214166295,227.99628015353755,220.09828057424372,202.54068330886605,200.27117772349555,196.9788016810766
517,2024-03-07 14:41:54+00:00,239.9243769208296,242.2018650888247,241.91044860075095,231.0205738295061,213.81370843268365,205.9490673040421,204.90457203908434
518,2024-03-15 14:42:12+00:00,242.17061812798264,225.0374476933798,218.20136551151288,211.14158217886958,197.44662773776656,196.72247696285575,199.59612025063797
519,2024-03-23 14:42:08+00:00,242.8812315366602,236.6350584807813,221.4982700705035,219.28267617119377,196.94886851104542,194.10935830771362,192.56994366908933
520,2024-04-08 14:41:38+00:00,216.38472926514544,220.090534908993,216.83150567069396,204.61775883845814,191.08950434104105,187.0126801737616,189.58277447260633
521,2024-04-16 14:41:54+00:00,244.04016928491288,242.91720381823868,233.1692773460957,230.71607159926123,216.7719557649319,207.2876535210383,207.00726261155233
522,2024-04-24 14:41:29+00:00,249.40060026352268,220.0773533047393,218.6176749011438,209.79124349670928,198.53933495532397,195.11169368629086,202.1516703482086
523,2024-07-13 14:41:29+00:00,258.2846512426262,221.92431405527122,226.56433902376028,218.93947125870278,212.64994643197846,204.57230690257154,205.43494562944628
524,2024-07-21 14:41:29+00:00,226.9501216642109,206.5908194896515,205.9197569138843,199.5651657906912,191.290574315083,187.0473832779673,186.66099858056225
525,2024-10-25 14:42:12+00:00,242.73155273250222,226.3340957130235,217.00424332862758,222.2004712651089,215.86763044564262,207.90813060070158,205.40303459075096
526,2024-11-02 14:41:59+00:00,242.42757259485327,224.94740786050983,217.94162220896274,212.81264232141217,202.8869102648156,192.70981168586604,198.23919169092568
527,2024-11-02 14:42:23+00:00,242.61416647646234,225.25243345286464,217.97984265576395,212.2402339781919,202.53825893312475,192.41310010325907,198.3805229219201
528,2024-11-10 14:42:06+00:00,248.41818714087964,215.9633324377897,217.99290397425239,218.55097491178466,214.1240071804359,207.8808688226057,209.63331486900495
529,2024-11-18 14:42:06+00:00,214.24202636626234,204.60317889256865,202.1623550570124,200.64014955086725,189.2132131549008,186.9734128417073,187.5404522667783
530,2024-12-04 14:42:11+00:00,247.08017398479706,209.9961271351698,209.32680849233185,209.13371450200157,196.25464236717278,191.03042306175382,199.54677252306186
531,2024-12-04 14:42:35+00:00,248.24025478118006,209.10317212282328,208.59295086925783,208.11155160476844,195.8644791754674,190.53089006469747,198.6057387446633
532,2024-12-28 14:42:36+00:00,243.24075578617382,229.29210148217538,222.70788151969182,227.46500749846354,216.82384575539876,209.03427009439636,204.1683016107933
533,2025-01-13 14:42:13+00:00,234.05899253557118,234.8964342550223,236.96703760839029,227.63336159573151,216.89946883972124,209.59969095239902,218.86741294571107
534,2025-01-13 14:42:36+00:00,234.49692247476668,234.8578638912851,236.4745966176199,227.33858945956808,216.71297167708013,209.34095697879906,218.21863973008118
535,2025-01-21 14:42:27+00:00,241.4103338283745,241.18449053298252,237.37749915990133,230.42695271637842,215.8919918405276,208.36257661260348,206.23519901148143
536,2025-01-29 14:42:32+00:00,231.60474116596572,236.42692422729633,230.39699915242028,223.350294506826,207.31136641277539,209.31062924575133,213.86739172436683
537,2025-02-06 14:42:30+00:00,246.7619318419467,240.58431911293297,236.01084218459067,230.42038816129596,218.06546256740836,209.26400596713447,207.26545206065413
538,2025-02-14 14:42:37+00:00,257.5083751864775,232.40101022787812,229.89551394945363,219.0572340347716,206.7445155770397,198.52816988371046,203.26641917568858
539,2025-02-22 14:42:21+00:00,242.57068429517,243.58900306221884,247.32849289522017,230.59296328832232,216.63596734862148,214.36832370145467,213.22911510353146
540,2025-03-02 14:42:06+00:00,233.4951464727897,231.7872515146116,229.88628545910063,213.03602113667958,204.0299854265835,203.35711074925268,212.71283714305238
541,2025-03-26 14:41:42+00:00,231.206273553782,237.60719274743306,220.4955609936533,222.45493402620622,208.4495588295731,201.07821678218374,207.46685236908718
542,2025-04-27 14:41:51+00:00,214.65687098789635,208.78426509442562,199.39556916627572,197.96992790394015,190.4801070817786,187.78917196033328,186.43920487832474
543,2025-05-05 14:41:44+00:00,214.91039348268401,205.61372909810962,,,,,203.90118207386743
