,dates,per0094-0000,per0094-0001,per0094-0002,per0094-0003,per0094-0004,per0094-0005,per0094-0006
0,1984-08-26 14:46:45+00:00,,,,,,,
1,1984-12-16 14:46:50+00:00,212.20991290226104,197.9732198559898,197.16146517654963,197.86564395528305,203.30861325034172,198.0971756149292,178.25481370201913
2,1986-04-10 14:42:16+00:00,218.42240240470005,202.8747913851917,202.32494684428397,196.46393508909165,205.6880538191319,208.91340005201076,197.48499686177954
3,1986-04-26 14:41:53+00:00,198.80337905322895,197.15383504740646,204.5959449570728,205.29446253513635,210.63414453164336,200.84364786998864,189.13099438704344
4,1986-05-12 14:41:28+00:00,,,,,,,
5,1986-09-01 14:37:43+00:00,,,,,,,
6,1986-12-06 14:35:14+00:00,215.93972930222034,205.3555031099449,204.14275635730127,206.4941198323526,221.78360998531178,220.22017711123308,205.67248762861
7,1986-12-22 14:35:44+00:00,231.447347993664,209.12549908811894,208.56541065664032,205.0789292222506,216.9895863434818,206.5536472220987,185.56300449373748
8,1987-04-13 14:39:36+00:00,215.0787220663861,207.9689169416508,204.76656295778787,202.09833017487063,211.85863384279423,210.44147416437988,195.32658285357
9,1987-04-29 14:40:06+00:00,200.30821937973042,190.78219310483507,197.43774976782592,202.3159466443203,206.91375756406444,199.12515918756276,184.30776153357874
10,1987-06-16 14:41:19+00:00,,,,,,,
11,1987-08-03 14:42:25+00:00,208.5303543202076,197.91900845485918,199.87954626708392,196.87614885541538,198.96552783083234,198.39405947040024,179.1135125876323
12,1987-08-19 14:42:53+00:00,,,,,,,
13,1987-09-20 14:43:42+00:00,204.54217547300325,200.1263547188558,208.80858140555623,208.555545588118,206.01490616947353,204.0788135931282,204.30979868860723
14,1987-10-06 14:44:02+00:00,202.83756736612688,196.41910984635535,208.38336440724592,210.38156916234868,206.7643507524669,199.1226741827304,181.15950707006058
15,1987-11-23 14:44:57+00:00,212.9107461352415,201.48643147178922,202.4450867281679,198.0499763595771,201.06340689199504,205.2515944985126,193.48270721591516
16,1987-12-09 14:45:10+00:00,,,,,,,
17,1988-03-14 14:46:39+00:00,208.1820739631545,196.0972230584896,199.58846818251803,199.2955187621456,205.3475293893441,199.42829841099768,185.58757522874527
18,1988-03-30 14:46:46+00:00,213.3662201953339,201.4863499795467,203.80613089871179,199.82745425000036,203.1317893822214,205.55085357376532,194.51804021767515
19,1988-04-15 14:46:50+00:00,202.53212588607843,192.21927163965734,195.9568252072745,201.49472687081794,207.65056677831353,200.9048289534408,196.53179712869914
20,1988-05-01 14:46:57+00:00,211.2669637003224,195.97193302720956,200.5712762094601,203.34199622663198,208.62527434411157,202.59237750132178,195.18654493838525
21,1988-05-17 14:47:08+00:00,202.17905871454303,198.26455339543605,208.3853755457727,215.31402412086487,213.1388720893337,204.9598294198555,196.14719005823272
22,1988-06-02 14:47:14+00:00,,,,,,,
23,1988-07-04 14:47:23+00:00,,,,,,,
24,1988-08-21 14:47:29+00:00,198.92671929921366,189.76772534451337,193.60049190322513,190.27016710096345,192.74398022823172,191.02690725856533,171.35515175014842
25,1988-10-24 14:47:17+00:00,204.17616278963422,198.094637130396,202.24919992540495,199.6461286899891,209.10150306613733,209.84337644800993,195.6482076757947
26,1988-12-27 14:47:03+00:00,222.5898504051495,208.67508766478664,207.97941662777615,213.8975399789167,216.74093413698336,214.7990470308298,201.97428632613648
27,1989-03-01 14:46:29+00:00,203.07152533742504,194.40484170762312,200.1805665137926,202.47341134718536,213.40984261032466,206.41736887374987,187.30413579367914
28,1989-03-17 14:45:49+00:00,201.7593984870767,192.32386116174087,196.18055567777293,194.8471052935677,202.99385512743535,207.65626520278315,193.15428548192847
29,1989-05-04 14:45:29+00:00,,,,,,,
30,1989-05-20 14:45:08+00:00,199.33910280152534,188.58768546878915,192.18045341164515,197.03096946721374,197.40192908709153,186.34016794499763,168.42993792016702
31,1989-11-28 14:40:39+00:00,217.53176252540615,207.3307748690646,209.83372904127387,211.83455278215408,216.59099033186476,213.8607124765825,206.93212081125228
32,1989-12-14 14:40:13+00:00,211.18876232393455,200.67346516356625,201.84943860218937,197.59854202516112,206.20524725735953,206.0001952575175,194.5462139429079
33,1989-12-30 14:39:43+00:00,213.58443243125606,202.02570720777877,196.88198490446288,195.96675615436598,203.2194002199997,205.9217142628352,192.15019803585548
34,1990-01-15 14:39:12+00:00,225.07008582274094,203.22725619531627,204.77790043476912,204.5950051707663,216.68841559834988,206.30697628685752,184.520417119848
35,1990-04-05 14:36:46+00:00,,187.98492617252612,199.2285479655239,195.53910040382112,,203.24153649560128,203.80584161195043
36,1990-04-21 14:36:58+00:00,,,,,,,
37,1990-06-08 14:36:54+00:00,201.680243440492,200.04529139898696,205.66534787860232,198.7336424124613,206.32842308928957,208.3889571318769,204.49669502038407
38,1990-07-10 14:36:51+00:00,,,,,,,
39,1990-08-11 14:36:42+00:00,,,,,,,
40,1990-10-14 14:36:19+00:00,196.38774247867727,187.07855545782922,187.40288642012075,186.82297970691533,195.25762131901666,199.01755891218394,189.32108870650976
41,1990-12-17 14:36:11+00:00,190.22128508821316,176.59702171182343,184.66291076223,184.61607574557164,188.6388307424698,178.4204953276885,186.98508427503046
42,1991-01-02 14:36:36+00:00,,,,,,,
43,1991-01-18 14:37:05+00:00,205.47607492042906,200.22281092468626,198.3972577407291,197.25861149113598,209.77741816351372,210.34101825785734,201.4568698448837
44,1991-02-19 14:37:38+00:00,,,,,,,
45,1991-04-08 14:38:31+00:00,216.33954673957064,204.146793310691,210.25543228867735,209.0462843300561,220.8108041597572,219.42471761020707,215.25570758010863
46,1991-04-24 14:38:45+00:00,,,,208.34265644787752,215.25027697507775,218.15066440897363,217.92529480959377
47,1991-05-10 14:39:05+00:00,,,200.01877964926234,,,,
48,1991-05-26 14:39:21+00:00,201.93656520686596,194.83507353711008,205.8310117228556,212.23425403698653,209.4785372784749,198.86043360945186,192.67269933953563
49,1991-08-14 14:40:14+00:00,,,,,,,
50,1991-08-30 14:40:24+00:00,181.39137585499898,170.9651189560744,181.04826808901808,,,,
51,1991-09-15 14:40:38+00:00,182.16551599126572,169.53040172278125,177.14218645924655,,,,
52,1991-10-17 14:40:53+00:00,,,,,,,
53,1991-11-18 14:40:56+00:00,195.06134219895986,184.2880950171864,191.79258776295077,195.2966145827808,202.49560816410312,202.4629505016528,187.1058078768761
54,1991-12-20 14:41:03+00:00,212.8794595450817,204.62144008973877,202.2375590642768,198.14119952590545,195.46621757410958,208.963974947399,197.61384796614456
55,1992-02-06 14:40:54+00:00,,,,,,,
56,1992-03-09 14:40:54+00:00,,,,193.10342196968145,,,
57,1992-03-25 14:40:49+00:00,210.0625957411148,208.8483313479143,217.02556936563968,210.04329334089928,204.51148999311926,192.18402173575788,
58,1992-06-13 14:40:07+00:00,,,,,,,
59,1992-06-29 14:39:56+00:00,,,,,,,
60,1992-07-15 14:39:44+00:00,,,,,,,
61,1992-08-16 14:39:16+00:00,,,,,,,
62,1992-09-01 14:39:01+00:00,199.54627217587813,185.72959870693776,192.48673659437333,195.3796838528121,200.1763108562342,188.80714323651756,170.6569835007258
63,1992-10-19 14:38:12+00:00,,,205.54294758674388,217.68743282771877,189.24919848356012,,
64,1992-11-20 14:37:42+00:00,,,,,,,
65,1993-01-23 14:38:27+00:00,225.45498865606456,214.74436275609173,213.3482166717921,212.6601955060615,222.8332378180258,221.35742018985482,209.9804357266114
66,1993-02-08 14:38:38+00:00,209.34178931014526,198.43343682838025,202.60888559393828,200.9535275626697,210.25554680653107,209.0081842772681,196.85668378289233
67,1993-02-24 14:38:41+00:00,,,,,,,
68,1993-03-12 14:38:54+00:00,219.37934151248197,208.20496646016986,209.64846470172182,209.17482003668658,222.37582761900026,218.57469528499664,208.75334025961624
69,1993-03-28 14:38:55+00:00,200.59523054026994,196.18770361363923,210.02305969115204,210.63929580089285,210.4762046941585,194.31842770062585,168.75533072630378
70,1993-04-13 14:39:02+00:00,210.97468004932978,200.7751320171282,206.34409913948537,210.1545452690737,215.70567791512198,196.84944927918522,174.15508197632425
71,1993-04-29 14:39:10+00:00,220.14490026833292,206.15860220513275,213.378950418853,211.66823280712148,212.8092716982546,205.34020755390543,178.61398393331388
72,1993-05-15 14:39:12+00:00,198.7825531294211,188.47383510610615,192.12384982479767,190.2755853056602,198.70397493016065,194.72300670144136,177.10531459215883
73,1993-05-31 14:39:16+00:00,197.8213789572403,190.59098352863006,199.90068479679496,198.45738836185055,204.55600378258004,193.5000420746195,174.4233074272016
74,1993-06-16 14:39:14+00:00,,,,,,,
75,1993-08-03 14:39:07+00:00,175.3621464432854,,,,,,
76,1993-09-20 14:39:02+00:00,206.83313662771172,200.78921073371836,205.82639648696085,202.41714936664195,200.50765925561336,190.8580260821686,169.37113748700943
77,1993-10-22 14:38:52+00:00,204.03322620606482,199.74319155531433,209.06549171574912,206.57902269935508,207.47110404755335,185.00218697848487,161.019441100661
78,1993-11-07 14:38:45+00:00,204.68357968633606,202.18269781679427,212.1949568795183,209.87503381376396,208.8701408156702,200.19910959709907,173.69237459608698
79,1993-11-23 14:38:38+00:00,195.9631909619618,184.62071064255113,193.8033067927847,193.34591066660562,200.05413556556078,183.0963027904847,164.82338940469893
80,1993-12-25 14:38:25+00:00,216.1016930521082,203.98320279151164,213.90316260717125,211.90921765232284,215.98013428304705,210.58061621656805,186.77641033324062
81,1994-01-26 14:37:59+00:00,222.31366711718994,207.65621152362488,202.24671284509807,200.03613537616135,208.7355857942547,202.17397503990335,191.960714273685
82,1994-02-11 14:37:49+00:00,220.7920186790982,199.10521060423673,199.74828414000064,,,,
83,1994-04-16 14:36:46+00:00,219.1436058604574,208.41852957858248,209.8120990147959,208.08435272996508,214.47395798840088,212.87830595523775,186.95696667168394
84,1994-05-02 14:36:29+00:00,218.4146746930488,207.0518782439368,209.91406841748113,212.0609962244355,217.12026519429543,211.38833982360708,195.80238243627022
85,1994-05-18 14:36:12+00:00,207.76592994590712,199.46269180292836,198.5159346304685,203.55124132422986,214.71665306519068,215.91981417096355,192.83282813515797
86,1994-06-03 14:35:54+00:00,,,,,,,
87,1994-07-05 14:35:08+00:00,201.34128142690776,203.0146431569334,211.45053240461442,213.49803341314157,212.6796836728185,206.46378680867116,195.86084566346673
88,1994-07-21 14:34:41+00:00,,,,,,,
89,1994-10-25 14:32:02+00:00,207.79851276861223,192.27638973230194,206.85576340629308,187.87670597216763,211.18224447016877,217.06168177713278,203.35735517417893
90,1994-11-26 14:30:56+00:00,189.03604941400152,183.05381249687684,190.92496743015525,195.35515430639802,194.1478350632194,188.21407597348215,174.55625118499373
91,1994-12-12 14:30:28+00:00,,,207.8922203427664,212.6361078146755,217.11520038654544,205.25621201249112,192.10924719716496
92,1995-01-13 14:29:22+00:00,237.21086068072648,215.17055964380663,218.4038530406535,215.48512297161196,224.0495303081693,208.67459073587864,183.06786866373588
93,1995-02-14 14:28:06+00:00,224.40475588113478,209.42352324915836,206.4143863062633,201.1728646278884,206.63774699363617,210.69232632540462,192.47058396287417
94,1995-04-03 14:26:10+00:00,216.29981201748558,205.80149144003425,211.38641978368068,214.10508310910384,222.62151347368632,216.97867348256563,197.66045519030342
95,1995-04-19 14:25:29+00:00,220.70162385264118,209.5489657584597,207.40979944628685,214.37156823796136,218.3848183467254,210.92436659644224,196.40334423414723
96,1995-05-21 14:24:03+00:00,203.50972767029907,183.74629200701952,185.95050115572434,196.63196542679447,,192.15896992139488,171.4673788030189
97,1995-06-06 14:23:18+00:00,,,,,,,
98,1995-06-22 14:22:35+00:00,,,,,,,
99,1995-07-08 14:21:51+00:00,,,,,,,
100,1995-07-24 14:21:08+00:00,,,,,,,
101,1995-09-10 14:18:55+00:00,,,,,,,
102,1995-12-31 14:18:58+00:00,213.79957351327312,199.98508896516188,194.66541405271408,193.97415655010388,203.26102674166657,203.13344160647466,179.59227532457246
103,1996-02-01 14:21:13+00:00,232.20254248058606,222.36704101377123,217.64578787410565,214.27387555778833,223.60531050485895,221.76843890180118,213.32671232352655
104,1996-02-17 14:22:19+00:00,226.50240040528035,202.70610262096315,204.30251136210626,203.9259107280815,218.8025262841833,213.16496071697017,192.5852679357035
105,1996-03-20 14:24:26+00:00,215.47270404376692,205.71031095392064,208.2547391959806,204.61928620387977,210.80992327663492,202.7303695730102,198.40050817189268
106,1996-04-21 14:26:25+00:00,204.92048281744837,190.8822272338893,199.14581810345769,205.80673421422864,213.1892179679436,208.02935671584635,196.02818625967322
107,1996-05-23 14:28:17+00:00,,,,,,,
108,1996-06-08 14:29:11+00:00,,,,,,,
109,1996-06-24 14:30:02+00:00,,,,,,,
110,1996-09-28 14:35:10+00:00,,,,,,,
111,1996-10-30 14:36:47+00:00,214.85152392838296,203.81221475288902,208.3229692662298,208.80950973893667,217.71895381778364,214.40242459253813,206.88745372488208
112,1996-11-15 14:37:32+00:00,,,,,,,
113,1996-12-17 14:39:03+00:00,222.3402878468266,206.771151228313,206.48337449493968,210.76425171315628,221.4188050624866,217.98901166769372,203.58214752892295
114,1997-01-02 14:39:49+00:00,,,,,,,
115,1997-02-03 14:41:17+00:00,227.0725604371122,207.0919318852892,211.7760369586008,215.7535523996755,220.53480697011273,211.87133090601031,192.00354791485813
116,1997-05-26 14:45:30+00:00,206.38486301738044,204.23056574928282,210.64869923017744,220.01343264399432,220.30649372921658,207.32401492387626,211.58047504968735
117,1997-06-11 14:46:02+00:00,,,,,,,
118,1997-06-27 14:46:36+00:00,,,,,,,
119,1997-07-13 14:47:08+00:00,,,,,,,
120,1997-08-14 14:48:12+00:00,213.72154011410524,204.7254285147475,212.85513412369366,215.95733856655244,212.19724376791225,201.81165094998704,184.57858841411542
121,1997-09-15 14:49:08+00:00,209.72079426389269,202.4040070815717,208.41807647484939,203.40056948556793,205.2867280206529,208.4199697028491,209.311127450515
122,1997-10-17 14:50:02+00:00,201.75579804702735,194.0971009579673,194.5158905527254,193.63384988486484,201.48254839844435,198.30459336204214,193.64540512855936
123,1997-11-18 14:50:49+00:00,223.22289060631863,230.59909800162933,256.40492310556,262.1425947364158,,,
124,1998-03-10 14:53:15+00:00,232.39749807837927,219.48910514376433,218.04342341073948,218.37109766048982,214.59818724399415,212.9357553767401,206.87411193194401
125,1998-04-27 14:53:52+00:00,204.5012501147405,192.65406052188763,188.37553764750922,,,,
126,1998-06-14 14:54:36+00:00,,,,,,,
127,1998-06-30 14:54:48+00:00,,,,,,,
128,1998-07-16 14:54:59+00:00,185.01867041663462,194.38611220564852,208.19999264021877,209.539643672881,208.23095011568918,,
129,1998-08-17 14:55:12+00:00,,,,,,,
130,1998-11-05 14:55:39+00:00,194.20028915441733,184.8312352649678,189.77554298362875,197.27071118162232,199.84424785061074,176.38685133660763,157.9707361481199
131,1998-11-21 14:55:46+00:00,222.2853439695017,208.58683434011482,206.14758341841713,208.52363840438508,209.08368022556434,197.4427741944707,174.31716227340317
132,1998-12-07 14:55:41+00:00,226.35826093437862,210.2800545353943,211.1726550371848,210.41261762668296,216.00728599343813,204.65930961062338,182.7290807163408
133,1999-01-08 14:55:46+00:00,234.8068511763542,219.60205668696383,215.5776074437449,217.59227124213646,216.86962778645247,202.6301445360007,187.50881469124474
134,1999-01-24 14:55:46+00:00,236.077866187848,223.97054651984888,219.44899077557017,217.19378559636147,222.73241460229139,213.99980680719491,190.70752863366155
135,1999-02-25 14:55:58+00:00,232.1196909318718,217.59893392055773,215.0876659601441,215.29519585354217,223.01674713604422,206.56524758761913,185.09571081256573
136,1999-03-13 14:55:46+00:00,210.0809487645846,197.1662670309256,196.5014593730559,203.5795247634949,207.6525007406295,203.37750746000916,175.80660440691796
137,1999-03-29 14:55:28+00:00,224.9083229469291,204.76352981778072,203.72337591364865,203.3387806719061,213.6760694811413,205.61479011631826,179.46093743595696
138,1999-04-14 14:55:27+00:00,211.2434017051918,203.50355978977535,211.90829099233702,216.29912267464866,220.7371371827735,211.72140982870465,197.46971754858606
139,1999-05-16 14:55:11+00:00,208.29178411275873,199.06495922947167,202.877417263252,203.8719030457677,209.9353553763951,203.90340928823036,191.53615501411116
140,1999-07-03 14:54:31+00:00,,,,,,,
141,1999-10-23 14:53:13+00:00,204.3567965751786,198.0127790077323,203.2778841686902,201.87938784921036,,,
142,1999-10-31 15:09:36+00:00,,180.81832153350265,184.0001876301046,206.21033765296704,212.87722088737897,209.92875443823073,186.23404788219185
143,1999-11-16 15:09:37+00:00,217.7995250205886,200.24920402864538,205.21797154237768,207.90091255240839,217.97748003935135,217.31817532026204,192.91906689859033
144,1999-12-02 15:09:32+00:00,219.4990512991896,207.66853941755133,209.84015058539737,210.1711251722419,219.17904342278175,221.33100828324365,209.79398617713218
145,1999-12-10 14:51:51+00:00,,,,,,,
146,1999-12-18 15:09:40+00:00,220.9458009856975,210.79890019506576,208.4718461174611,209.88781914121674,215.84686649853953,220.38248873765133,197.38624386004372
147,1999-12-26 14:51:49+00:00,216.41250867394487,202.11792651670282,206.0339698334196,,,,
148,2000-02-12 14:50:44+00:00,234.28023086545406,220.6812460796862,224.5921840638838,217.85292708265132,227.80489316502266,225.7171757763034,218.3502938634809
149,2000-03-06 14:56:15+00:00,220.61123210791146,215.30624679404488,209.8570845344921,207.99815297534593,212.67212853010682,206.95030305423168,185.93555472072057
150,2000-03-31 14:51:08+00:00,225.60337677973706,207.44461504751965,208.71599776705406,216.357609242175,224.74296233854778,212.86608363029902,184.78991443510242
151,2000-04-08 15:09:07+00:00,228.5120116606847,213.68099303678957,211.08522597209364,213.3067711876254,218.2242156959497,210.50674669938437,184.43061187526075
152,2000-04-16 14:51:22+00:00,,,,,,,
153,2000-04-24 15:09:03+00:00,217.6394450638748,205.02506272383127,206.90561143288633,209.89856097102643,223.11211181562274,216.21963328554048,186.4519649792453
154,2000-05-18 14:52:31+00:00,,,,,,,
155,2000-06-03 14:52:49+00:00,,,,,,,
156,2000-06-19 14:53:11+00:00,,,,,,,
157,2000-09-23 14:55:02+00:00,207.72299017506884,201.7839753114885,210.48922663165135,209.2321271023407,210.27165890133685,199.82386173917314,198.5410754994905
158,2000-10-01 15:07:10+00:00,221.20023268916773,210.5641396032664,212.4642473407443,213.34827651707985,217.81209313575337,209.9891541477035,210.99008537669573
159,2000-10-09 14:55:13+00:00,216.17693349365328,206.69248925887706,206.4787780693164,206.80699507335547,212.5770351697521,211.01302058386955,193.62429023603613
160,2000-11-18 15:07:03+00:00,236.93939979054522,231.83064787881878,228.91983282496065,226.69787064268536,232.3604320498631,229.58212258128657,224.39802572456514
161,2000-12-04 15:07:03+00:00,242.64985726330673,224.40866110540816,221.94947040748912,224.14681698074844,232.0050439952849,227.30233647463035,207.43936031635914
162,2000-12-20 15:07:09+00:00,239.27731279682166,232.631124443964,225.1408963242099,222.83753553979852,233.5648632859235,233.11336419931445,225.84325091529396
163,2001-01-13 14:56:34+00:00,242.9201958047645,218.076349282773,221.29341056515318,217.25193145557685,227.44855366962346,224.31076948992225,205.92964470499223
164,2001-01-21 15:07:15+00:00,261.77422235640864,230.526845500086,223.92268864354406,228.8131573552403,232.23496171259418,226.6942786021591,203.127366666014
165,2001-02-06 15:07:07+00:00,245.9022108565045,233.01439959491583,226.04894326995097,224.98448100158063,229.1051217268991,224.11341869663485,210.2658344622385
166,2001-02-14 14:56:44+00:00,,,,,,,
167,2001-02-22 15:07:07+00:00,237.90532337411008,228.1854516785557,222.93785882581764,226.4810661116006,233.08663630676185,230.2112219466316,223.09616327086212
168,2001-03-02 14:56:52+00:00,234.78461614054214,218.94645993650275,217.69596584356313,220.47579544715435,230.07880779800388,224.13035690279133,210.36022652723008
169,2001-03-10 15:07:03+00:00,244.7169785950651,220.61344805947516,216.74141574432068,216.0952955541478,227.89559121281573,231.74294949136967,
170,2001-03-18 14:56:52+00:00,239.81059239375958,222.95134459254595,210.79663189171941,203.644183149737,206.243329718312,217.00017427823803,200.0595756436122
171,2001-03-26 15:06:54+00:00,236.27527990903172,221.9152902649761,222.27506576600697,210.51068788154546,221.80976203009237,219.640506609228,
172,2001-04-03 14:56:44+00:00,221.48683323108526,212.5226863981174,211.65161594955734,208.81395499135294,217.45131290301563,221.10820301110098,208.89050328121405
173,2001-04-11 15:06:50+00:00,222.49759069472586,210.43741880208182,208.80174398319406,211.3562294472116,222.5314817143752,218.51293409120902,208.07514344158713
174,2001-04-27 15:06:48+00:00,213.52009729016885,208.46524808633114,211.02612245916163,210.1464808472116,,,207.98813520877115
175,2001-05-05 14:56:56+00:00,214.9339305075579,203.40792240124358,202.43279729828762,199.3599162299064,,,
176,2001-05-13 15:06:38+00:00,212.47136719604362,202.02044812352207,204.97136220077115,209.6222175521408,,216.73129490604276,193.19531577694568
177,2001-05-29 15:06:30+00:00,,,,,,,
178,2001-06-22 14:57:03+00:00,,,,,,,
179,2001-07-08 14:57:07+00:00,,,,,,,
180,2001-07-24 14:57:02+00:00,,,,,,,
181,2001-08-09 14:57:02+00:00,,,,,,,
182,2001-10-28 14:56:25+00:00,,,,,,,
183,2001-11-05 15:05:07+00:00,229.76381713457857,219.42881227065857,221.18385507446504,220.18946644888914,230.10922231787677,229.49087923472362,226.40677377482083
184,2001-11-13 14:56:17+00:00,215.2201880413143,208.11620882369965,210.5693279369656,213.8036156435138,221.65856481368795,218.63657623434,216.05475515382753
185,2001-11-21 15:05:15+00:00,233.38737121527737,218.8330134669898,218.18315399288218,219.0280478019159,228.74178263666298,229.82971983864826,218.80214605552504
186,2001-12-23 15:05:25+00:00,230.08846954327737,222.3670441210457,225.08543292012797,224.72146495929832,233.19892439805113,232.47558818727825,223.2504392484527
187,2001-12-31 14:55:55+00:00,236.89582078322684,215.67443773078006,215.37502770001282,213.79336635647886,224.254970062126,228.50789461741527,219.09710521248266
188,2002-01-08 15:05:28+00:00,251.2851619440991,228.30342256824454,225.61418532985988,219.00856448167696,232.71228391618257,227.49524560154003,208.59137625896042
189,2002-02-01 14:55:36+00:00,231.684096811758,223.4991468419921,220.66336960559767,214.68060109716174,225.14989182802472,227.08311273413028,216.89814016111592
190,2002-02-09 15:05:38+00:00,241.48621886312455,226.1655292213478,225.714099595693,224.4556042235928,231.4247696150907,230.63357462757685,222.74289944692825
191,2002-03-29 15:05:32+00:00,220.48197261022347,217.51208611350717,223.1576410451466,219.3771588236134,231.23471731259423,228.34194858752988,227.1111908302247
192,2002-04-30 15:05:34+00:00,,,,,,202.00406611260644,
193,2002-05-16 15:05:26+00:00,221.81914581180476,208.06236333138494,215.72724506882605,212.20002458445853,215.25462718029925,214.8453945958229,208.0693455409114
194,2002-12-10 15:04:58+00:00,219.6783423170978,206.9614248185582,200.5823836096676,202.409567217875,215.36241378180196,221.1597625315978,212.07777186006516
195,2002-12-26 15:05:04+00:00,223.64984024204315,211.79495893753918,209.21430622336175,210.72798751835586,219.80296970730194,215.0558129456666,203.2522800791192
196,2003-02-28 15:05:25+00:00,224.79126957100559,210.88028014792522,209.60965189075307,207.97756905563696,218.62896014220985,225.20948725087123,212.50925578860512
197,2003-04-01 15:05:27+00:00,219.36182809520096,208.73945699575214,208.73934962606018,219.1192963977588,223.85445080420658,217.49893973286962,214.07657878259872
198,2003-04-17 15:05:28+00:00,232.73766814202293,219.85802420776577,216.84239953696482,215.51274028170607,223.91633381852301,226.57854545133694,218.38101429150748
199,2003-05-03 15:05:29+00:00,214.34818856426014,205.36816318122794,211.94852785251376,213.13069012898552,218.82576043464724,220.5137162787926,207.54756838129197
200,2003-05-19 15:05:24+00:00,218.62721565586335,202.74930661397087,204.34416597817878,206.502138269699,216.95971599595964,215.63408571304353,208.0240853738738
201,2003-07-30 14:53:25+00:00,,,,,,,
202,2003-10-02 14:54:27+00:00,212.46686869684774,198.3701602351724,202.97033713219358,201.8032534255859,208.74560626079887,209.0621718832208,191.09277416816508
203,2003-10-18 14:54:40+00:00,210.476747236562,197.86458066903631,203.534434148341,207.88881894384522,209.04091384247627,202.74632598981097,187.83355353865502
204,2003-10-26 15:05:06+00:00,206.91711754040318,,,,,,177.3175295720983
205,2003-11-03 14:54:45+00:00,212.11916039191388,197.8815336324204,199.66868119763478,199.90428466053385,203.97958882623035,197.15056717892722,182.20913937598073
206,2004-01-22 14:55:32+00:00,,,,,,,
207,2004-02-07 14:55:37+00:00,,,,,,,
208,2004-02-23 14:55:42+00:00,208.9541268317405,192.20177195611123,196.3108552697699,205.13785640477082,214.7581940807561,215.38339870193187,193.55659032416227
209,2004-03-02 15:05:53+00:00,,,,,230.52355773868805,224.81605152809405,199.04666409385658
210,2004-03-10 14:55:47+00:00,218.42797405317035,207.00251833712795,200.792888403967,203.17021139504584,212.1008397021556,214.16399641715742,191.94405412361533
211,2004-04-11 14:56:18+00:00,219.84510539943534,202.98681025959453,205.9641937916745,208.21871600391495,217.61497507874418,219.31334631854583,201.44856323334915
212,2004-04-19 15:05:51+00:00,214.41380972077255,203.72498218498978,,,,,
213,2004-04-27 14:56:45+00:00,217.29820460298725,201.88975787519718,207.0738855199386,213.02739159338802,213.8255950623969,205.70749143619148,185.9467803743459
214,2004-05-05 15:05:54+00:00,,,,,,221.6825722889279,208.2470159358795
215,2004-06-22 15:05:45+00:00,,,190.8447438128289,,182.28517420218375,188.60290691785954,
216,2004-06-30 14:58:38+00:00,,,,,,,
217,2004-07-16 14:59:04+00:00,,,,,,,
218,2004-08-25 15:05:30+00:00,,,208.90561981935724,210.13488592769588,214.67580756172552,212.74260660316614,210.97643423688604
219,2004-10-04 15:00:59+00:00,203.90958832181462,200.05046568445977,206.42830685730476,209.00242927322012,202.88053960883667,200.36519176857388,183.02222625391227
220,2004-11-05 15:01:39+00:00,209.57803502409385,202.65241476875462,201.30415621466636,200.05049617421665,209.37623545348987,208.9741447651396,203.86005327253275
221,2004-11-13 15:05:40+00:00,,210.90047619546337,210.59175754335533,208.4889408321597,,,
222,2004-11-29 15:05:50+00:00,218.23071738619132,211.92363732245244,213.46309057775196,214.10201266896414,222.14218015552575,220.87694228207073,
223,2004-12-07 15:02:16+00:00,227.15356555641793,209.62672990391314,214.4979020903503,217.67338246621193,224.79993944495163,224.0598113540836,214.83837560361638
224,2004-12-15 15:05:56+00:00,208.35210272223156,197.18074883663803,205.3198351620749,205.35882322895907,206.39104550337373,,
225,2004-12-23 15:02:33+00:00,225.22205751901276,209.93944851281836,206.12401983965827,211.3326795808952,223.93438704975267,213.61093245476565,204.87613416011715
226,2004-12-31 15:06:04+00:00,249.94692100183448,221.10803958010823,,,,,
227,2005-01-24 15:02:58+00:00,,,176.1526032925099,,,,
228,2005-02-09 15:03:11+00:00,209.45256848707194,195.07508522326881,197.77851088410293,204.36172093118353,214.16213915794546,215.91745320676128,210.74479574890626
229,2005-03-29 15:03:47+00:00,230.8349732871776,214.47709575840557,206.5500571608329,204.874463662185,214.71564766416267,218.57430161099947,208.90885057494876
230,2005-04-14 15:03:50+00:00,215.54133740454924,206.49424655056964,214.31375178482676,212.09860610359277,222.24965953981743,219.8599108748462,209.1464342779689
231,2005-04-22 15:06:16+00:00,217.98834700177727,209.22487387314695,,,,,
232,2005-04-30 15:03:56+00:00,222.4462523883475,208.2462538922812,211.50825325238986,208.9697079339157,221.74930538272537,218.30487585495842,206.47175975063604
233,2005-07-11 15:06:09+00:00,215.89422615357842,202.27062969859614,205.4788206310254,210.50913570248719,220.54024380115985,198.3163499867046,193.03578619039666
234,2005-07-19 15:04:32+00:00,,,,,,,
235,2005-08-12 15:06:04+00:00,218.40802331461785,208.26509107014314,209.76806521200376,211.1872254816303,218.6996280533854,212.9668949537788,
236,2005-10-15 15:05:51+00:00,213.14543353973033,208.1011425612416,213.36202790078318,213.7152702739007,219.62823496759614,215.02033171746766,
237,2005-11-08 15:04:57+00:00,240.19738343879516,,,,,,
238,2005-11-24 15:05:20+00:00,,,,,,,
239,2006-01-27 15:06:50+00:00,228.0378983474744,215.62376445519274,212.3045758656719,217.18331982726426,223.43460138712405,214.2735386065364,201.87808908822825
240,2006-02-28 15:07:33+00:00,239.82120460483216,217.15433084137135,220.36885471952922,221.5316553634429,228.25606648918026,218.09195736677856,
241,2006-04-01 15:08:10+00:00,217.80334363161984,202.4337823764707,199.67793339397468,202.82173049216507,210.3720933254133,210.08812091546298,205.91289176941658
242,2006-04-17 15:08:27+00:00,222.03295570889813,208.0033822748756,211.41470316801627,208.26815944340495,217.8246356928331,226.7288884001657,221.09255922757228
243,2006-04-25 15:06:45+00:00,222.91408116411586,208.7848837437859,205.2164122858983,,,,
244,2006-05-03 15:08:41+00:00,209.67325825846666,195.84809876322666,200.78093313811692,203.65253770276541,211.74434898233704,199.44882283488346,194.2110748414011
245,2006-05-11 15:06:48+00:00,226.87288030202836,211.39667846677676,,,,,
246,2006-05-19 15:08:53+00:00,,,,,,,
247,2006-06-04 15:09:08+00:00,,,,,,,
248,2006-06-12 15:06:44+00:00,,,,,,,
249,2006-06-20 15:09:24+00:00,198.8613656919682,190.47546731988334,200.86821678602755,211.82228957973882,210.34945915167503,189.09281489559314,162.76688696556886
250,2006-07-06 15:09:38+00:00,,,,,,,
251,2006-11-27 15:11:15+00:00,217.7086414948264,206.82516058250835,206.26459725970528,207.50637723419374,220.74696979887918,224.87400742235593,220.51778562848256
252,2006-12-13 15:11:23+00:00,212.85608660866572,201.48310905070772,201.44727688189818,200.9234479958577,208.84339058057958,218.41111014025012,215.41336554962237
253,2006-12-29 15:11:30+00:00,225.52907801115356,213.6963948349373,219.1939140377392,218.86092836637823,227.63606291732086,230.08341885852417,224.882549194184
254,2007-01-06 15:06:57+00:00,233.84622735362092,211.87347146797075,208.36328661952737,213.13616947817766,218.64339395491515,227.25418458513357,225.01153537300056
255,2007-03-03 15:11:42+00:00,230.0376262780469,216.97402900704472,219.14402047265577,219.36421240579097,223.72201276741376,228.79944511801241,226.02059974165928
256,2007-03-19 15:11:39+00:00,223.2124944745716,208.09885159389154,213.32944168842033,218.92349821928065,222.81880844053455,212.48894723589308,201.7688348078043
257,2007-05-14 15:07:06+00:00,,,,,,229.31134732206021,223.41658082165398
258,2007-05-22 15:11:09+00:00,220.76981675155608,207.01473739611296,209.709211021858,215.41894464932304,219.44540148889143,228.58705852386996,227.08211889830898
259,2007-05-30 15:06:59+00:00,,,,,,,
260,2007-07-17 15:06:55+00:00,,,,,,,
261,2007-09-19 15:06:31+00:00,,,,,,,
262,2007-10-21 15:06:35+00:00,219.1214705254171,203.99776770690872,204.26711558552608,206.9767622057116,217.71116370578176,220.1252012723955,207.62591912012107
263,2008-02-02 15:07:32+00:00,232.83702722362636,213.11737445234363,211.96511119775295,213.7138021343979,221.4394497867682,217.27676464332905,207.80751576771289
264,2008-02-10 15:07:01+00:00,240.8086470916846,220.7857693694484,216.1568731732318,218.78772793464685,227.56529084090906,217.77801404467087,
265,2008-03-21 15:06:37+00:00,218.63871833763133,202.12771622460608,205.23226636427816,208.9561257966923,222.4018057800878,219.476995619184,212.57110371640582
266,2008-04-06 15:06:15+00:00,230.39638262765337,217.21106306319754,219.2308770435918,220.11310082603288,225.528123836307,222.617448122305,216.02477028905182
267,2008-04-22 15:05:52+00:00,212.30783589940293,203.47962731667207,218.67589762974023,218.34523030443015,219.50268557163284,222.00524596952036,220.93740168070565
268,2008-05-24 15:05:00+00:00,219.3051123271592,213.36587130060545,221.46503263835461,218.9907507160588,227.87138208897923,225.6812272976105,217.71216701298894
269,2008-06-17 15:06:26+00:00,,,,,,,
270,2008-07-11 15:03:40+00:00,,,,,,,
271,2008-07-19 15:06:04+00:00,,,,,210.4919935921871,200.14085160768653,172.67903224094172
272,2008-09-13 15:01:50+00:00,209.1945003355194,199.28430290733368,202.89188141829294,203.32118445165472,205.35048709356963,197.70956154777872,188.68562930464103
273,2008-09-21 15:05:34+00:00,209.9415302872894,196.64592764468082,189.44959728349002,,,,185.06194603786423
274,2008-10-15 15:00:48+00:00,209.5369978641748,210.28532225611994,209.85470731920586,210.3101255228172,214.8679842294822,201.17461666186398,193.69337820713454
275,2008-10-23 15:05:33+00:00,217.5109800553858,207.31082037385244,205.17071213349848,208.98127715930357,209.10105401122362,,
276,2008-11-16 15:00:02+00:00,196.68801300263976,180.5458851035625,184.8340190229508,190.62219350139628,199.816401283145,177.59786568732392,189.58400182952477
277,2008-12-18 15:01:03+00:00,241.8133355843306,219.4835989847384,215.2956298713834,216.30793965450482,226.1963269504836,219.06503111171668,210.90388611565257
278,2009-01-03 15:01:29+00:00,218.05101464033288,202.90519409825956,202.36699167341035,211.4332365998499,225.08474246025852,219.49425047413536,215.7605801458993
279,2009-01-19 15:01:54+00:00,231.8128049163311,214.60662261063595,214.9949257081494,211.44247303566527,223.2245756254721,225.15587713968867,217.17132791668772
280,2009-02-20 15:02:44+00:00,222.11227359454978,204.99906788772049,209.97331206724735,212.81025171530587,215.0442723084779,209.60533489994287,206.54607405039874
281,2009-02-28 15:06:46+00:00,,,,213.106561193063,225.73423559967296,222.9632887485161,211.38151012199933
282,2009-04-17 15:07:05+00:00,235.11226972065012,216.3903715980422,214.32756424964225,213.23191056749593,221.73324997981283,220.9654409133462,
283,2009-04-25 15:04:07+00:00,221.00966435380897,213.50851829908285,213.31826756517597,217.42903656173414,224.38390296962015,217.0637344363896,199.29672955613242
284,2009-05-11 15:04:25+00:00,,,,,,,
285,2009-05-19 15:07:10+00:00,,,,190.22222725613102,200.1600164683848,,
286,2009-05-27 15:04:42+00:00,,,,,,,
287,2009-06-12 15:04:59+00:00,211.5291380323099,201.2364244028006,204.8373060491128,211.3459632635479,216.3598777242172,212.50897244508042,204.84007766710775
288,2009-07-14 15:05:34+00:00,,,,,,,
289,2009-09-24 15:06:52+00:00,210.7307825481881,197.21614610599886,204.44866399829976,205.64091840375175,213.84511774624704,209.3691466973148,195.1604414901107
290,2009-11-19 15:07:07+00:00,222.72585122340027,205.5293785537623,210.90951395266393,210.7639734839812,215.2726573882146,214.10246976169967,212.8455022304619
291,2009-12-05 15:07:15+00:00,209.5792879070561,185.0362801068433,183.89643363356106,192.96278789325038,198.8708875605009,196.3224900595591,195.54046593043347
292,2009-12-29 15:07:59+00:00,,,,,,,
293,2010-01-30 15:08:27+00:00,,,,218.39397265561558,227.43029540029787,209.20184943789386,191.03865411632145
294,2010-04-28 15:07:33+00:00,213.13373600611916,200.23944326777766,205.785252856609,211.2794879271359,219.57956226611793,213.45731995484115,214.79828584013254
295,2010-05-14 15:07:31+00:00,203.62322850598585,197.45911490342291,204.8567281398322,212.27603126649132,216.25331858795954,207.61330684989494,188.34211526766524
296,2010-06-15 15:07:22+00:00,216.30992107328416,200.34309082295434,199.26595834963217,203.8040569276892,214.93079325541126,212.14823988285391,192.16997903908165
297,2010-07-09 15:08:56+00:00,,,196.99547679988115,185.75496021573224,202.86919777599843,200.48977618544254,183.87595415329028
298,2010-09-19 15:06:54+00:00,208.2413183113876,196.9735221505401,189.663117563746,193.0085797297551,199.11764924358712,,
299,2010-12-08 15:06:31+00:00,225.27598645233942,211.8690194786116,221.27904466610227,220.3460956337813,225.33019104696706,227.12949021584242,
300,2010-12-16 15:09:45+00:00,225.48257070663902,208.78157888005745,207.20733045389147,208.53651593374653,,,
301,2011-01-01 15:09:54+00:00,,,,,,230.468619071268,
302,2011-02-02 15:10:07+00:00,231.72088244009637,207.59308861373702,207.67386505389683,202.48309802040376,208.42339453967102,198.81564760340103,177.29411461419787
303,2011-03-22 15:10:17+00:00,209.1911503962932,190.7261285749093,196.9858987100068,204.33456597179816,207.69334979246045,,
304,2011-04-23 15:10:20+00:00,215.63646229492798,198.1383512342332,,,,,
305,2011-05-09 15:10:19+00:00,,213.18554116454294,216.84870065741364,213.76279392063958,220.07166921562128,221.34801729402488,216.82117081994684
306,2011-06-26 15:10:15+00:00,215.20175014896665,204.5460680698819,203.0665855772527,203.63093141618262,200.3436410952151,193.48421670323606,167.6749842530226
307,2011-07-04 15:05:56+00:00,,,,,,,
308,2011-07-20 15:05:49+00:00,,,,,,,
309,2011-07-28 15:10:12+00:00,,,201.26205527301738,204.8084879999925,210.4301689445576,201.46559394948477,180.92401313051346
310,2011-09-30 15:09:59+00:00,,243.06430065405024,196.31755889438801,205.03230595250147,216.70662113653023,198.99203632417277,183.60348905346612
311,2011-11-01 15:10:05+00:00,,,,,,,
312,2011-11-17 15:10:20+00:00,219.3602125825604,210.2567827175733,,,,,
313,2011-12-03 15:10:29+00:00,,,216.37259405525964,218.09931324585511,219.78673754967235,217.53043360502025,203.9353753021479
314,2011-12-19 15:10:36+00:00,,,,217.94713150962275,230.07415711759873,228.08557051018957,212.43793729613168
315,2012-01-04 15:10:45+00:00,,,221.12580108038176,220.88103595339862,229.12884269808208,230.37944896713796,215.97617679930113
316,2012-02-05 15:10:49+00:00,227.56016809440897,217.35796840004198,218.9070846853449,215.94748141727945,219.6145439557507,217.82217037465782,
317,2012-02-21 15:10:52+00:00,239.86626413281948,,,,,,222.72788289410659
318,2012-03-24 15:10:51+00:00,217.083457171176,208.7030753430033,202.63252529496373,,,,
319,2012-04-09 15:10:46+00:00,,,,,,214.3586624136339,200.7441357079228
320,2012-04-25 15:11:02+00:00,,,,207.0484091622376,219.23778077341376,211.14108004825945,207.04926638704552
321,2012-05-11 15:11:25+00:00,,,,204.09212529982648,215.1711105015713,212.72924867127725,205.2016530370345
322,2012-11-19 15:12:42+00:00,,,,,,,
323,2013-01-06 15:12:53+00:00,229.74306826091612,213.30343770440803,212.82678466826067,214.27197652610494,223.3884423922588,,
324,2013-01-22 15:12:55+00:00,233.62188231239202,222.68645137409328,221.4996587462921,227.6691508925958,233.92512391662572,230.44584384683884,220.48138266753207
325,2013-04-19 15:18:51+00:00,,,,,,,
326,2013-04-20 15:18:31+00:00,210.6716871858828,198.72401755501866,202.66121673291462,202.90869302773663,214.98767747168327,206.48096730702022,
327,2013-05-06 15:18:34+00:00,221.94126692700834,219.63931879464184,218.8884568686422,214.60517047515447,217.8072342383241,219.19694672724248,211.74209434599328
328,2013-05-30 15:12:29+00:00,219.08253207383817,205.24217373223743,204.16331827095144,207.90122174011665,214.20120093858722,,
329,2013-06-07 15:18:45+00:00,192.43298559722322,199.2624501204156,,166.86530628134867,,,
330,2013-07-17 15:12:06+00:00,,,,,,,
331,2013-10-05 15:12:36+00:00,216.8025836283458,204.64954320890618,209.65475282253863,203.3003182123983,,,
332,2013-10-21 15:12:47+00:00,,208.14571083086622,213.34740023859342,214.68420110967156,220.97249012076608,225.62034510248543,213.8419730161534
333,2013-11-30 15:18:21+00:00,230.7095674941808,220.44676773448023,227.2118691264284,227.44594104550976,234.36742796501073,237.25622162597634,242.37366098882134
334,2013-12-08 15:13:05+00:00,236.33841598086315,217.47446365959155,220.33816914438478,223.63415266143448,235.3761894006531,240.93266134358726,233.08426978606025
335,2013-12-16 15:18:15+00:00,230.08069388421202,212.63123510123253,215.32350391582264,221.75783073471794,230.9843375470633,226.87932172329283,220.82278957814853
336,2013-12-24 15:13:07+00:00,,203.9014592915024,,,,,
337,2014-01-09 15:13:09+00:00,257.3489958273369,237.3633006584629,236.17388450208867,230.73375201167096,237.0887184150285,,
338,2014-01-17 15:17:52+00:00,222.6643889432274,209.43424165098705,213.7367632640627,217.43371145617064,,,
339,2014-01-25 15:13:30+00:00,,,224.44609481819992,226.18178408474967,235.8052948646969,230.76217245450536,224.19462580933583
340,2014-02-02 15:17:46+00:00,251.71769085026946,227.95067138869354,218.86352023624528,219.23341560397932,228.09612484164845,219.12317513984053,202.91960570104476
341,2014-02-18 15:17:33+00:00,234.04464755938614,223.91334766378324,227.71808187611416,230.4406571954606,235.46945377550037,235.33123039662595,237.87895045225076
342,2014-02-26 15:13:26+00:00,237.65622078168892,216.80246047018696,,,,,
343,2014-03-06 15:17:18+00:00,243.83841122482534,224.27492502134626,222.71279580941535,225.02848242260205,239.81747744206874,228.35602077095038,225.02748556828124
344,2014-03-30 15:13:42+00:00,238.33861960773328,217.08684417965577,221.30169296461713,224.03054057442148,232.8418563686062,230.53349388503497,205.4131763491709
345,2014-04-06 15:19:53+00:00,,,,,,,
346,2014-04-07 15:16:52+00:00,233.09013752821977,219.56196707593745,222.0017113436181,223.33266684530767,234.24763161630227,237.13211535889627,229.90651177548074
347,2014-04-15 15:13:48+00:00,223.79997643546164,,,,,,224.53745649735532
348,2014-04-23 15:16:36+00:00,224.77215327033642,214.82031169055327,215.8777633141617,217.80849023743218,228.55290989638644,234.37923083847716,235.17523661378556
349,2014-05-01 15:13:57+00:00,,,,,,,
350,2014-05-09 15:16:20+00:00,,,,,,,
351,2014-06-10 15:16:25+00:00,227.9859152689667,208.8694954584938,212.04191037866497,203.98870786550697,218.98460425330552,219.49744625170325,216.3713829064047
352,2014-06-26 15:16:26+00:00,,,218.57513190178523,204.1987109473125,206.16332723066247,219.31310206235085,206.8171415713343
353,2014-08-29 15:16:48+00:00,211.804089167173,,213.88197588468083,221.77329286070238,,206.63332771611215,183.82658625009154
354,2014-09-13 15:20:33+00:00,,,,,,,
355,2014-09-14 15:16:52+00:00,212.90181015195137,201.81807505308623,203.28200412695543,206.10591896987043,203.2209170357082,197.82444031043002,174.97751148995883
356,2014-10-08 15:14:40+00:00,215.4206271509146,,,,,216.32267103858175,207.7489079020484
357,2014-10-15 15:20:53+00:00,,,,,,,
358,2014-10-16 15:16:58+00:00,235.43576301599407,225.43665360423986,228.0624628659607,224.70787680403524,233.6561429529332,229.93463270557632,224.7273548874414
359,2014-12-03 15:16:54+00:00,231.72570443757218,217.12741705977174,223.72741801918224,222.58212862897986,230.14291715306345,231.34250401292837,238.5417152805989
360,2014-12-11 15:15:09+00:00,,209.74340294817645,210.679396224135,212.35909744119996,224.5496585628287,226.37966707330293,221.72371616899528
361,2014-12-19 15:16:51+00:00,248.67499331197084,223.63139180814602,216.46322184986596,216.25283838202787,225.54820824714108,226.84961309310108,207.44903455628005
362,2014-12-27 15:15:15+00:00,242.49116003687817,221.96173613190604,,,,,
363,2015-01-04 15:16:46+00:00,248.35531102762607,236.32889250316214,229.53782594853598,229.9918917234482,240.07918860040192,231.53722487537593,220.83581462421108
364,2015-01-12 15:15:18+00:00,,,,,,223.82948085053633,219.2375385508448
365,2015-01-20 15:16:42+00:00,244.97527947642365,226.5577949101211,227.3482475829846,228.4065464946975,236.8028243488489,233.33945214529996,228.7965620451548
366,2015-01-28 15:15:22+00:00,251.69574203114826,228.81316180831908,226.57516115222347,,,,
367,2015-02-05 15:16:39+00:00,248.73428185679697,234.14570335737045,224.72465120394295,224.38784638358462,228.689418002508,226.24589078908448,214.471335377908
368,2015-02-21 15:16:32+00:00,240.57169635577105,220.5379506205046,217.04502161400765,214.08296543688866,226.07099847137033,228.94112738678106,215.16408719769734
369,2015-03-01 15:15:36+00:00,226.689646829889,221.17978159919355,224.0020220756628,225.4585976923518,228.7664296990198,232.10662972367973,227.64695265579837
370,2015-03-08 15:21:48+00:00,,,,,,,
371,2015-03-09 15:16:23+00:00,223.72767769969587,218.90513519068278,221.5804040286414,217.4282594995442,224.9573314037514,235.1364893746221,226.05814309730835
372,2015-03-17 15:15:43+00:00,222.2941015504945,215.44981586175138,209.10929722097467,,,,
373,2015-03-25 15:16:15+00:00,238.39951238002263,229.29943349017543,227.9507449231626,226.53719839858184,231.7052355327562,233.2117665299586,219.38473742280704
374,2015-04-02 15:15:49+00:00,,,,,228.47907673559055,219.15049705466106,205.56123434641728
375,2015-04-18 15:15:57+00:00,,195.451383307112,179.59257047508683,220.49744844222522,225.41318485790865,218.97580869974755,219.70431264122325
376,2015-04-26 15:16:02+00:00,224.8399134876513,214.32107213123447,220.00380293138636,218.5308951253195,232.40167994354886,232.318606644622,231.31247776605878
377,2015-05-04 15:16:03+00:00,,,,,,,128.91352972797958
378,2015-05-12 15:15:46+00:00,209.27466464014338,189.453795835358,202.52439819757046,213.15115681716708,211.65828852577766,192.1503399954138,162.46080603704627
379,2015-05-20 15:16:11+00:00,,,,,,,
380,2015-07-23 15:16:29+00:00,212.5937637693004,204.70488202714344,201.84456875808277,199.71789056100022,204.19947718849403,206.0976534843482,192.23713778208506
381,2015-08-24 15:16:34+00:00,215.34101274985304,211.20901882195335,210.96907580967402,208.0384427469564,208.13474973445503,209.5971151017319,
382,2015-08-31 15:22:44+00:00,,,,,,,
383,2015-09-01 15:16:32+00:00,219.19712767784117,211.39470809413052,217.9789392516048,217.1476945316125,218.40566395202853,211.61878337444472,202.58698968529146
384,2015-10-02 15:22:50+00:00,,,,,,,
385,2015-10-03 15:16:45+00:00,220.90645651504266,215.89678296506918,222.93272917128374,223.13179288263478,221.05258272592917,215.02858417060187,218.3003383935605
386,2015-11-04 15:16:51+00:00,223.53010662299454,215.59156630510859,218.480290934454,219.4579437893544,220.9930555774529,220.55576493481274,208.43688054131053
387,2015-11-12 15:17:24+00:00,220.8527948913029,209.8926220610072,215.80942254077627,214.44387878013325,216.74688682188096,212.59250213133387,207.0148616051494
388,2015-11-20 15:16:52+00:00,223.66151503382554,214.90920481922626,215.11455561265666,211.97540441024222,221.27842410755022,219.0243067219023,209.5887432258824
389,2015-12-06 15:16:51+00:00,219.57084207645593,210.78500863753064,212.3391157848464,208.52567851327402,221.99795396821597,226.28355063304267,214.44330197834006
390,2015-12-14 15:17:54+00:00,,,218.26354237274208,211.2618453181877,225.34041963056896,221.47095297820917,212.98749344731544
391,2016-01-15 15:18:22+00:00,,218.5249774538118,216.93611873929905,218.0917138714938,229.8352898320137,231.48332163778608,210.74569246348713
392,2016-01-23 15:16:49+00:00,244.52176855705665,226.5929629061121,223.87471970489335,215.74905768869007,226.78191576953975,220.2463017061036,197.14606890607448
393,2016-02-08 15:16:44+00:00,,,,,,,
394,2016-02-23 15:24:46+00:00,,,,,,222.17763947934324,217.74793705614226
395,2016-02-24 15:16:37+00:00,230.97247814553808,210.36645301982077,212.6853584037855,208.9495667722307,215.12360995255503,220.69171487535465,215.20748053005804
396,2016-03-19 15:18:51+00:00,232.01632799679282,215.5457620911265,211.13642066350948,210.97300727772426,221.74418135794727,217.86077616006028,203.72195213253735
397,2016-03-27 15:16:26+00:00,232.68452912506837,212.871915261665,212.99492179894912,216.04690232465708,220.05522911786073,215.7225811981964,208.3387345282789
398,2016-04-04 15:18:54+00:00,224.66439539910988,215.38490480262192,,,,,
399,2016-04-12 15:16:20+00:00,,,,,,,
400,2016-04-20 15:19:02+00:00,,,,,,,
401,2016-05-06 15:19:07+00:00,,213.83007225552112,217.36276416893836,222.07909588141558,225.61493247616224,220.42831848309982,205.27168833841796
402,2016-06-07 15:19:15+00:00,,,219.03529484817147,220.61013930592782,221.15264178965353,213.22836767050939,202.62407438618024
403,2016-09-27 15:19:29+00:00,207.77889985128652,195.29212595944756,,,,,185.94956598334457
404,2016-10-21 15:17:04+00:00,222.8301382550813,212.33149642310994,210.52550512122954,212.90853366656188,218.98358034074457,217.09228347792373,216.4379822025465
405,2016-10-29 15:19:24+00:00,233.78668387155986,218.32480485448622,223.64346914072098,223.76769207453293,,,
406,2016-11-22 15:17:04+00:00,257.10724848184526,232.0220931907021,224.03329336255183,219.83260593337005,226.5934006271419,223.78099523528118,201.9033102597985
407,2016-11-30 15:19:14+00:00,239.82514785239215,223.23606939963074,,,,,
408,2016-12-08 15:17:02+00:00,242.70557449489422,229.1823219180196,228.12734435426876,225.31187650739108,228.93999956235723,224.78611756719755,216.04176023461832
409,2016-12-24 15:16:58+00:00,236.05606139553348,221.35371495305748,223.8484388818744,216.47657526445653,222.07627583709694,223.04367871775202,224.89569903671085
410,2017-01-09 15:16:55+00:00,239.5186900114119,224.4678149338955,221.4846059694446,222.92763722076955,233.9949143576035,229.44298525208058,224.43387204496383
411,2017-01-25 15:16:49+00:00,247.33846298723353,231.09074958857764,228.871491524507,226.3460137536607,231.8364054867337,224.6096823455676,216.49585042700005
412,2017-02-02 15:18:43+00:00,244.1914629667601,,,,,,204.7353877044594
413,2017-02-09 15:24:48+00:00,,,,,225.6718626815857,220.6048990661672,209.9135607865703
414,2017-02-18 15:18:43+00:00,222.9959153403023,213.44157968052582,213.80754596430816,216.4657365064273,222.90051260247265,215.47376142928186,199.67390452437184
415,2017-02-26 15:16:36+00:00,233.88597214596587,220.3758251481431,216.26037314718255,222.71271111191916,228.76581986853762,219.5462449210355,212.97603181306255
416,2017-03-06 15:18:51+00:00,,215.59909866343742,219.8235281666719,215.9798121295285,221.59467137867784,216.60654649059313,209.9650246979204
417,2017-03-22 15:18:56+00:00,,,,,227.8270720317503,223.89699292308268,210.59839525129863
418,2017-04-07 15:19:00+00:00,,,,218.971301639292,227.83819776479376,224.50591677562957,214.80375868569746
419,2017-04-14 15:25:15+00:00,,,,,,,
420,2017-04-15 15:16:11+00:00,233.10329398575868,217.7631488785272,225.5704422813898,227.25722499517366,236.11209822826405,230.91839991111877,223.684325395065
421,2017-05-01 15:16:00+00:00,228.80463764887125,211.47046465600806,221.169368335292,219.17815003764963,233.8191063654406,226.89362360381912,214.06294847539385
422,2017-05-09 15:19:12+00:00,,207.27386681233992,202.3780305754994,200.02354062332657,211.46255931586438,221.60142860679656,206.14376887057142
423,2017-10-08 15:17:00+00:00,207.49140565998297,201.89216761848874,199.40798899140714,199.44928008191047,206.08905520010208,203.3169990146063,194.62977396247948
424,2017-10-16 15:19:22+00:00,,,214.35078470089215,214.20801600999587,212.398223640543,208.17388976216674,205.91541737393817
425,2017-11-01 15:19:22+00:00,,,,,,,
426,2017-11-09 15:17:00+00:00,219.83895751513438,213.40544277534636,218.27536339572276,221.37071235279467,218.4957054058687,208.01598314089966,191.4293919243536
427,2017-11-17 15:19:18+00:00,,,,,,,
428,2017-11-25 15:16:54+00:00,224.86054471437456,218.54546628237514,225.75146251043432,224.12194488619994,227.17912111367608,225.73765330708324,224.15469643348473
429,2017-12-03 15:19:12+00:00,226.4411957314447,209.89845455765513,213.7185901179261,218.64451162587474,,,
430,2017-12-27 15:16:54+00:00,235.17196276620706,216.80548042739696,216.66814275080077,214.27751984954534,217.10854173068603,215.81367112278727,211.05936256359806
431,2018-01-12 15:16:48+00:00,241.0512583061198,221.042313843831,220.68662426180902,218.5307414144284,227.70863364423727,238.0867070688582,225.4617483817574
432,2018-01-20 15:18:37+00:00,240.99123757417567,220.72980913062705,229.90849400361608,223.13005333943192,,222.2015567647182,208.5263213058005
433,2018-01-27 15:24:40+00:00,,,,,,,
434,2018-01-28 15:16:39+00:00,251.18699225606827,229.1840168629948,225.08486522573142,224.57869683327937,230.39668520308908,222.23923968761756,207.03825593832923
435,2018-02-05 15:18:20+00:00,,,224.71553753186686,224.67161797563992,227.098356732033,226.90597545682135,219.57184319357123
436,2018-02-20 15:22:41+00:00,228.46316103304179,223.37180198172888,216.59602190300282,219.26634435565,227.31626372786843,226.45915130877418,221.10347920384868
437,2018-03-08 15:22:32+00:00,224.7122150520407,218.645909412807,212.87223539754902,212.89790748143943,226.93498979489627,225.732076338666,213.3350317636399
438,2018-03-24 15:22:25+00:00,226.13903270552728,212.72005710605544,214.05497534352685,212.1886930230234,230.74095631839162,232.07537947706774,221.10706867663606
439,2018-03-25 15:17:47+00:00,,209.75797145371052,211.23815065302387,211.01480395799732,228.64407085577568,228.13208647320909,220.2974555845947
440,2018-04-10 15:17:33+00:00,224.25107167484148,215.2359383090688,220.9931883219698,214.79756829886418,223.27080814850558,226.86616780019588,227.3681022630466
441,2018-04-17 15:23:37+00:00,,,,,,,
442,2018-04-18 15:16:00+00:00,221.90973905840482,213.01291986092826,205.27944667266482,210.78742855329176,221.3380324133151,227.89323229150315,218.28032483499302
443,2018-04-26 15:17:16+00:00,,,,208.2498990337181,218.77734451414506,221.3440056679024,216.86697660204968
444,2018-05-03 15:23:19+00:00,245.3503787783111,231.64942599742736,230.07563561108392,217.2093611220659,216.3969835890685,219.77326698673352,218.3744104672063
445,2018-05-04 15:15:52+00:00,224.70895250496133,214.32536004089854,222.0463864898569,220.21027957880787,227.29565030704225,232.66148172762493,228.1236101488016
446,2018-05-20 15:15:40+00:00,,,,,,,
447,2018-06-04 15:22:48+00:00,229.44991700986307,225.13618489478466,221.98411875480087,,,,
448,2018-06-13 15:16:28+00:00,,,,203.97281294587253,212.00227096484372,208.73363284093472,204.09970084901644
449,2018-06-29 15:16:09+00:00,,,,,211.01140520219838,208.8757841854729,208.96930641080837
450,2018-07-31 15:15:34+00:00,,,,,,,200.19659108233353
451,2018-08-16 15:15:16+00:00,,,,,,,
452,2018-10-03 15:14:13+00:00,,,,,226.09699915816608,218.40271624910824,209.14198861488677
453,2018-11-12 15:16:40+00:00,218.49376747404355,208.66293137529496,211.92988380275037,216.86433248725191,226.3286197540172,,
454,2018-11-27 15:19:06+00:00,,,,,,,
455,2018-12-06 15:12:41+00:00,,,,215.12303541512364,228.38968653131943,224.66528126223963,201.48760053152026
456,2018-12-13 15:18:41+00:00,,,,,,,
457,2018-12-14 15:16:36+00:00,252.13881918268348,221.09720673413563,218.17650624751934,218.46238587986267,231.50312995323927,227.91446620717483,205.92366173440575
458,2019-01-07 15:11:45+00:00,,,,227.30953045234094,231.55957552151955,230.87856803935142,225.63095153837557
459,2019-01-15 15:16:34+00:00,229.0961018010225,212.95970682525743,213.19057243645773,222.5632039081533,236.8415526579739,233.7212943693121,211.90010035656326
460,2019-01-23 15:11:14+00:00,,,,,,,
461,2019-02-07 15:22:40+00:00,239.53866390578742,221.40133402400897,223.26366332752738,224.9968782991957,231.4667030858813,228.2769659502129,219.91517546803672
462,2019-02-16 15:16:28+00:00,248.5732209232467,222.58691533351438,222.49008999718143,221.804989883252,229.3322287658864,230.29306845227572,215.00900996431145
463,2019-02-23 15:22:37+00:00,243.40380951789814,223.8992192291706,220.18332261720417,217.98641594672242,227.76196767242095,220.3187809273167,207.23782589465452
464,2019-02-24 15:10:16+00:00,242.4173054618226,217.48264592637045,218.59174035204447,215.1433602588138,223.64105608529053,226.17411833675794,202.61711577298425
465,2019-03-03 15:16:14+00:00,,,,,,,233.86857757833985
466,2019-03-04 15:16:23+00:00,235.745265347302,223.61782518681926,226.9845441722537,,,,
467,2019-03-11 15:22:31+00:00,239.3606010435962,218.11462031822597,221.82312656501512,227.37145681728262,233.35637101227056,230.7705317536826,227.3302168247455
468,2019-04-04 15:15:10+00:00,227.75047351598437,211.0105491786171,213.14604453290272,211.94267022702925,214.6844982138128,,
469,2019-04-05 15:16:15+00:00,235.04306590934684,215.33155585759616,218.60829790510584,217.50693196746622,227.34506730157858,230.08870983290848,224.62441353317647
470,2019-04-13 15:08:40+00:00,,,,,225.6293037379,225.754626247383,215.28769859178348
471,2019-04-20 15:14:35+00:00,224.97258720526148,,,,,,
472,2019-04-21 15:16:08+00:00,225.94376234300202,216.3122991044976,217.458064889756,213.07458692539737,221.60369553357205,227.0483040779267,225.35588818246868
473,2019-05-07 15:16:13+00:00,,,,,,,
474,2019-05-15 15:07:27+00:00,,,211.70547372018405,,,,
475,2019-06-08 15:16:31+00:00,227.66484246998414,221.6583447832436,220.48913393238192,215.23331025666508,210.41244874363446,205.48956193045552,179.12127321415886
476,2019-06-16 15:06:17+00:00,,,,186.50798954316235,,,
477,2019-07-18 15:05:04+00:00,,,,,,,
478,2019-09-11 15:08:57+00:00,,,,209.86949466943818,213.32094179492518,205.3014698671249,202.51246970792678
479,2019-10-14 15:17:07+00:00,220.62938190966568,208.0336823648796,216.62387858182052,217.86011582606073,223.0598555512593,217.70285010335763,220.0483314366012
480,2019-10-22 15:01:01+00:00,,210.51879929653907,214.60755899956422,217.41451670900415,224.04774069615212,224.87764341122758,216.29081706475097
481,2019-10-30 15:17:07+00:00,218.62731820289451,210.61597804938071,214.76181885117623,214.7743506247128,218.2056156924,225.20091489036042,224.12058293505862
482,2019-11-07 15:00:18+00:00,217.1589574335595,205.56279529501086,200.21206255680394,207.24834145707854,214.88282793360622,204.62409213343682,
483,2019-11-15 15:17:04+00:00,218.24083425977827,211.86193820443248,216.5525779802446,221.11353711474615,228.30333305309136,220.79377116261972,221.1271117020969
484,2019-12-01 15:17:03+00:00,222.64891826346516,208.90194802818368,213.0718084014761,219.29039052187747,225.8857147879708,223.18551716287942,223.15215017116017
485,2019-12-09 14:58:47+00:00,,,,221.8653768674966,227.3981242413192,227.0780613239101,219.35705294450506
486,2019-12-17 15:17:01+00:00,231.62953629144133,221.85009210515736,223.3905222250708,222.18960924067142,232.18717385842706,227.82654555870624,228.70131438005075
487,2019-12-24 15:23:10+00:00,,,213.9711251849629,213.29131258474493,221.10336402954206,225.50749809967283,221.56180976530464
488,2019-12-25 14:57:58+00:00,,218.05540301363303,217.5086828871795,218.70760507170704,227.18945255618937,228.4982531302525,221.974348365109
489,2020-01-09 15:23:06+00:00,243.21896993027087,228.18327563061982,219.96408132992767,222.02270350403793,223.73499347050154,222.6997350598031,209.04035507730242
490,2020-01-10 14:57:08+00:00,245.6221214084296,226.13677796885642,221.81493194263103,218.75831438377512,221.3112808334224,221.69771712973917,207.4290408772804
491,2020-01-17 15:02:58+00:00,243.71309679397007,228.17717937520098,227.5500409313434,226.23015075926233,235.71430402161636,230.30118246642078,226.02851383986322
492,2020-01-18 15:16:53+00:00,229.71765108952616,221.72937186845823,221.73900951474954,222.41758726690693,229.58681639227524,229.72508262314489,227.01383916718495
493,2020-01-26 14:56:21+00:00,,,217.88473880736117,219.5017877365313,224.65054594896753,223.03733202257226,210.84972868491653
494,2020-02-02 15:02:10+00:00,,230.30844386724,225.95456419128723,225.81771258040322,237.75609815668534,235.10732242574295,207.41563219475503
495,2020-02-03 15:16:48+00:00,252.2809522500374,217.61930978271803,216.46268546326837,220.00801895416427,229.32928549008795,221.4491958665703,200.43457638307225
496,2020-02-10 15:22:57+00:00,,,,,,,
497,2020-02-11 14:55:32+00:00,230.20275448631017,212.15740316408142,216.04405245140836,,,,
498,2020-02-18 15:01:21+00:00,228.9300411052709,216.64582154188648,212.62216308425602,,,,
499,2020-02-19 15:16:45+00:00,233.50738281620514,218.81806664867779,217.0608500201101,218.9869439228776,228.56825522190397,227.47222040327637,217.80268233174462
500,2020-03-14 14:53:49+00:00,232.09851213896798,213.93251754321736,200.4248543457656,,,,
501,2020-03-22 15:16:31+00:00,223.66149006067522,210.92423275735067,211.76080407118522,215.61761265663256,226.11051093388525,224.93298686885473,215.95298877100032
502,2020-03-30 14:52:56+00:00,,191.002848303478,199.46251462213908,200.4179979452077,213.21841701841907,204.49218961790146,203.8053959086919
503,2020-04-07 15:16:23+00:00,214.41849487409326,202.83123502469508,204.16884779393158,207.8389074902694,219.79026825740914,215.59993761872659,199.88640656082015
504,2020-04-15 14:52:01+00:00,,,193.70943384223824,198.77035742723263,212.56443301544806,207.74879781354755,195.17298287629362
505,2020-04-22 14:57:47+00:00,214.33214193059376,201.08208526103087,201.87042195384106,203.8997581220591,216.00337731184092,201.02121971620863,
506,2020-05-01 14:51:04+00:00,,207.85512547484117,206.01169068052351,211.49525934532508,218.77133196057466,219.41658478227936,219.09931184385627
507,2020-05-08 14:56:49+00:00,,,,219.84052281293197,220.00294686056637,214.94999077069863,210.94266350878257
508,2020-05-09 15:16:07+00:00,205.62677553662712,200.06462047655057,215.24913280836316,216.6427599758203,209.02172186710808,206.34761637033876,187.22668799655645
509,2020-05-17 14:50:05+00:00,215.4084429479612,,,,,,203.1327029859704
510,2020-05-25 15:16:11+00:00,223.6385676823175,215.12591175861004,222.62799341345934,222.48767873045605,223.61777496959166,212.52429992773375,210.26888439021405
511,2020-06-02 14:49:07+00:00,,,,,,,
512,2020-07-04 14:47:14+00:00,,,,219.6223423203367,216.14043914289013,207.71523831414353,206.11809106042563
513,2020-07-12 15:16:35+00:00,222.30515907307836,210.9726947131422,211.99817617544863,208.9041360680958,217.63931758165785,219.33943213335516,217.11573010395054
514,2020-08-12 14:51:00+00:00,216.29439795770088,205.87455718434785,199.7156077747095,206.0965999312694,211.70082060048796,208.3368012624431,
515,2020-08-21 14:44:15+00:00,,,163.98575267109845,,,,
516,2020-09-06 14:43:12+00:00,,,,,,,
517,2020-09-22 14:42:08+00:00,,,,,,,
518,2020-09-29 14:47:53+00:00,,,,,,,
519,2020-09-30 15:17:02+00:00,201.35642031099044,194.95799996383738,210.02001385431558,211.71725034353648,216.9219613456605,217.56700533386984,210.976703159033
520,2020-10-15 14:46:51+00:00,,,,208.18813804647436,218.97512455568878,215.55507541732143,211.49574516495653
521,2020-10-16 15:17:04+00:00,212.26805241084259,200.14266064923243,202.65102279249595,203.25463384803078,218.9703868082432,210.16870601970462,209.3341343521223
522,2020-10-24 14:40:05+00:00,,,,211.7621467979301,219.96279809367104,219.77928146796057,222.8077604744832
523,2020-11-09 14:39:00+00:00,220.7188097847455,211.3739518761037,210.94824834850922,199.29994573517598,,,
524,2020-11-25 14:37:53+00:00,205.62470743087994,202.58445050067044,206.82156760039092,211.66220699613282,219.70331017854332,223.0773944599853,221.5719675145395
525,2020-12-03 15:17:05+00:00,215.55006279691457,206.94915656944823,207.12848856755977,210.14909535847815,213.73750279624164,226.95122452968016,225.89727015864682
526,2020-12-19 15:17:04+00:00,231.2965645470023,214.36067006119058,218.79514549815102,217.6644331756149,225.55075870828082,222.0100848138131,216.4740198337825
527,2021-01-11 15:23:07+00:00,,,217.23762633832368,212.51797671042416,218.03488175221648,215.9462647432039,202.9158570779978
528,2021-01-12 14:34:24+00:00,235.73092325865986,214.08557342046424,208.57419001881618,,,,
529,2021-01-20 15:16:52+00:00,251.15450123360415,221.2837550691423,218.5840053336363,216.68547154517668,225.63622213314113,214.9529286607836,199.96935044604544
530,2021-01-27 15:23:03+00:00,260.02348418208845,230.2779935218346,221.92689866162397,219.42700603405436,220.89923485553714,211.31416236126208,190.09088267353098
531,2021-01-28 14:33:15+00:00,,,,218.32714643727593,221.9860319733506,210.90988721822993,197.33996730482735
532,2021-02-05 15:16:51+00:00,,,,,,,
533,2021-02-13 14:32:04+00:00,253.5212935179011,219.03791515182044,214.66635297776753,216.4948339585318,218.27606799162194,,
534,2021-02-21 15:16:46+00:00,240.64267913377793,214.04283792364305,206.7510057309086,213.1653986792542,223.14486968718958,232.72445204428703,217.1390876884983
535,2021-03-01 14:30:51+00:00,243.27189262215765,221.2139641091502,217.96500276563566,212.52014426858995,221.03481343435536,,
536,2021-03-08 14:36:29+00:00,,,,,,,
537,2021-03-16 15:22:44+00:00,240.90189187533278,223.27818667503328,218.9181742698369,212.90115529247237,216.9691172854613,229.54408708381524,221.71365948940903
538,2021-03-17 14:29:35+00:00,241.5314962529963,223.55394952568756,222.78783998199015,,,,
539,2021-03-24 14:35:12+00:00,244.4938479826878,,,,,,
540,2021-03-25 15:16:32+00:00,230.05541668660726,212.49145223517817,216.16448506555284,216.51052077905868,223.6444517146815,227.1312775303626,227.75198836304858
541,2021-04-02 14:28:17+00:00,203.16213302844344,,,,,204.67343415750506,195.52278612791528
542,2021-04-09 14:33:53+00:00,,,,,,219.43473614393312,215.74957686477927
543,2021-04-10 15:16:27+00:00,,,,,,,
544,2021-04-18 14:26:57+00:00,,195.8508402129703,202.40322240086067,203.99501989500493,210.04625020885814,206.9746921677776,203.41472880811546
545,2021-04-25 14:32:32+00:00,212.36540411139902,204.3255423733478,205.36892363394352,,,,
546,2021-04-26 15:16:19+00:00,218.3801741186499,214.92094269511617,217.95693051334013,218.33103734249684,224.27859008257508,223.11398170439082,223.7685432564855
547,2021-05-20 14:24:15+00:00,,,,,,,
548,2021-06-05 14:22:54+00:00,,,,,,,
549,2021-06-21 14:21:36+00:00,,,,,,,
550,2021-06-28 14:27:12+00:00,206.40878818061097,195.8542301395698,196.37468363525355,199.6488675222497,203.77262786544316,197.20480234941505,
551,2021-06-29 15:16:37+00:00,,,,,,,
552,2021-07-23 14:18:53+00:00,,,,,,,
553,2021-10-11 14:11:51+00:00,,,,,,,
554,2021-10-19 15:17:09+00:00,217.89708204205044,207.23255405865586,211.24439514860686,209.69349555518616,215.45794129443107,215.96608868297776,214.9795847588345
555,2021-10-27 14:10:24+00:00,220.12767225284455,211.12195725476985,216.4186281112209,218.01495688445877,221.9414760161228,222.33404203242816,217.42675429850698
556,2021-11-04 15:17:08+00:00,225.71533860082587,208.96785213796892,210.06944207150713,214.73858610958462,222.52046124914818,219.62038964816043,205.8041959515071
557,2021-11-23 15:19:37+00:00,224.4043226061916,217.84216793670998,221.92532080479583,222.44834712187546,227.31636942094298,233.34329966893014,234.4269723237977
558,2021-12-14 14:05:49+00:00,209.89499937887447,213.8652863706882,,,,,
559,2021-12-14 15:17:01+00:00,226.75463339887077,219.24316191361902,214.8095347661698,215.15900713052113,224.59185882007262,230.4390011898335,226.20053557101656
560,2021-12-21 14:11:19+00:00,241.93765623358235,217.05702479039806,214.6061555934483,214.08494904036183,229.132384052612,,
561,2021-12-22 15:17:02+00:00,241.45825884967374,220.60138408387095,218.15075565327714,220.25776952228867,236.03055227291335,241.65768829475817,226.23911140401668
562,2021-12-30 14:04:14+00:00,241.58105651831067,222.7531664177147,217.6104395668382,,,,
563,2021-12-30 15:17:01+00:00,238.90466251215452,221.70736650098294,222.34720996115055,218.37552343816,228.83565742535905,230.7629895128241,223.7758712227992
564,2022-01-07 15:16:58+00:00,225.20296844077043,216.77284469496053,219.95674973432017,217.39012660016138,223.1225519347251,230.71942793983973,226.44410651046465
565,2022-01-15 15:16:58+00:00,235.37804485577223,222.96089658734076,218.63730454951346,216.222533445099,227.03288150411382,229.90844068479288,214.86941461921774
566,2022-01-23 15:16:54+00:00,,,,,221.26400494332702,218.81124708695194,
567,2022-02-08 15:16:51+00:00,239.318699203518,218.0617470237089,222.26991169450113,224.60890624546633,225.21708573946387,218.04895704378694,212.03988910701779
568,2022-02-16 15:16:55+00:00,,,,,,,
569,2022-03-12 15:16:41+00:00,231.91946980265567,214.06234388893841,216.52867424272156,215.34563862955673,220.92277825272933,224.90233453636964,196.9013686994066
570,2022-03-28 15:16:29+00:00,218.45432541334216,214.2255546850462,,213.21717591399184,226.60233135781087,221.7673526490054,220.95178971195207
571,2022-04-05 15:16:40+00:00,232.0613103694698,,,,229.28072082231054,233.37147811800506,229.49596322941895
572,2022-04-21 15:16:29+00:00,214.35434865149136,206.99515227097984,205.73414933777357,206.1463759430569,218.98978812180258,221.1573023621877,213.81306236083975
573,2022-04-29 15:16:29+00:00,218.5990664399066,208.90174805179447,209.0882961762817,207.83003882190658,218.59354229146533,222.04761486080088,215.05242083442673
574,2022-05-07 15:16:25+00:00,222.90842508342934,216.45385565320163,,222.04738304981026,228.86235086062695,227.33878891309297,219.7025987059247
575,2022-05-15 15:16:39+00:00,219.1164050137211,209.97149908112647,212.58595113252926,212.72164307470888,222.00592468760357,223.4371225444136,213.26495835540226
576,2022-05-31 15:16:43+00:00,223.05954689386826,212.41081561193343,220.40532677265307,223.65512015942605,222.26348154609641,217.56237175998305,204.46374707270067
577,2022-06-16 15:16:55+00:00,223.33366280822418,217.71795860480705,217.7004944885146,220.83963909633798,227.88970483087866,220.05499366159458,205.75321174995932
578,2022-08-11 15:16:54+00:00,215.63648807281137,207.70287689474264,209.73961295455865,215.5177297365801,217.3777880074134,223.46143884121025,224.06909060451798
579,2022-10-14 15:17:10+00:00,216.03349154581434,205.65310416460096,209.61888966509315,212.84060640788812,222.2425754546291,219.42979187070063,214.77969308063837
580,2022-11-07 15:17:21+00:00,,,,217.27295910789616,226.06178436619385,222.33444365391102,211.7876111545911
581,2022-11-15 15:17:12+00:00,220.5518468702872,212.86540124161667,215.68471823864388,219.67572671014236,228.31950129470573,227.53360137291656,212.08798379130636
582,2022-11-23 15:17:16+00:00,212.85072996300656,204.3303933699659,202.43909710825042,205.54015996647527,216.18798039673112,216.59967415257444,202.3354524858102
583,2022-12-01 15:17:08+00:00,221.07860814457098,208.41935401371572,208.44865985243337,208.31219242445943,217.63993886485204,216.91352393624243,211.6425675859855
584,2022-12-09 15:17:16+00:00,228.99039124897058,212.5935756625466,214.8701069673364,216.80303844982484,226.84747218013092,230.03599153435505,220.33215987760644
585,2022-12-17 15:17:10+00:00,220.77794792422364,202.61841484567853,210.19438960681452,216.9898594551318,225.69411662069237,225.63270539071667,214.21953679999996
586,2022-12-25 15:17:07+00:00,216.45047583349776,209.589084686981,205.24152925159746,208.87337365641176,217.0752930605781,219.90819837664853,204.82286697638952
587,2023-01-02 15:17:11+00:00,235.45707752815454,213.21271707770813,209.33813607891312,210.80532562347622,224.72358478846164,224.45333557101495,210.07051574296628
588,2023-01-10 15:17:06+00:00,239.00562372932592,209.01511496154615,212.94677338022206,215.8178985476117,227.21251902701462,225.09498767121804,207.87979679135944
589,2023-01-17 15:23:10+00:00,,,209.58663720514957,213.80279789105134,221.35306101833496,208.13049994976126,194.95951445070378
590,2023-02-27 15:16:47+00:00,229.0536168598926,220.00672212013393,219.71535982534672,219.28875623106256,224.01972271462728,225.9631337729448,217.30358685842702
591,2023-03-07 15:16:54+00:00,230.24875287501507,218.42094654965018,221.31453699093464,213.78478562624704,214.62742380460352,238.13295787503145,226.36526387566488
592,2023-03-23 15:16:48+00:00,236.9025750219178,226.67555335953577,224.46209898845603,222.89127912272116,230.18012228873715,229.27993620607413,228.59467361139522
593,2023-03-31 15:16:30+00:00,225.63044337085663,216.2035888080321,207.52280666090473,209.5420140677808,219.93479658681647,223.95060955088132,220.42425079601705
594,2023-04-16 15:16:16+00:00,218.14725986780468,210.1608912215497,215.94729555563984,219.4075419769563,231.5931193264793,232.82982423965618,234.9699322814423
595,2023-04-24 15:16:33+00:00,213.92749770998694,207.75404304364596,212.32816755126473,217.52846895862567,230.69365709236536,235.24375069292472,231.63623232760534
596,2023-05-26 15:16:12+00:00,201.01319939041338,189.83914733372464,205.02141269770394,202.64865530596245,204.97630939353974,203.15011910614902,176.9194645216561
597,2023-06-03 15:16:04+00:00,195.8117605865392,190.4795419470263,200.7301581650876,207.4299208646706,205.4178501929767,190.07701763522755,162.65736529365742
598,2023-06-27 15:16:06+00:00,210.9233116678994,201.2638286225107,212.27373223785935,205.711724598178,205.03883703269398,201.68437367241194,186.322484824201
599,2023-08-14 15:16:30+00:00,219.53832173801192,212.0514834609592,216.93717999804238,214.48815644004625,213.44596494106054,209.76859149499123,200.77719583271877
600,2023-09-15 15:16:48+00:00,204.5670337862332,199.77768565813273,202.82390586679128,206.99079147718197,208.97190246717378,195.88832800615373,183.0180709727929
601,2023-09-23 15:16:48+00:00,218.6248670955695,204.94925612108307,210.2924262736657,212.67397956204235,215.21263305551466,203.54792090565797,189.220720171276
602,2023-10-01 15:16:47+00:00,209.1019636110872,205.97348522731684,208.62115951113523,205.3508939592831,207.3728399300349,207.70221621099873,202.0922570799433
603,2023-10-17 15:16:58+00:00,211.78477318319617,200.9347120533093,207.02648854120955,205.81440298856893,210.757617708257,212.28868275057673,207.43113016042872
604,2023-12-04 15:16:59+00:00,220.97406031209658,208.33315258752302,203.1379064769647,204.94135218020486,214.62783569182983,216.22872041734928,211.93507863389132
605,2023-12-12 15:16:53+00:00,226.25751428043597,209.11148736530896,205.18290771226202,206.26793393866112,223.32138743517396,225.74927110307345,220.46202288307106
606,2024-01-05 15:16:57+00:00,232.71977847635372,216.9642906663403,214.42737252624104,208.89766286886353,224.21120618106525,215.4375863392562,204.22177906817828
607,2024-01-21 15:16:58+00:00,233.0582157642439,213.77143840789768,214.45604654971712,215.21633649141162,224.11919623691801,220.00042576893125,212.72795020172353
608,2024-02-06 15:17:02+00:00,233.77493773321046,219.0266496352567,225.37550459568692,221.18028259800099,228.148678685159,227.44211686194257,215.70776188256156
609,2024-02-14 15:16:48+00:00,227.30826722218694,213.47920586992012,215.14293955632257,214.8426857498515,222.2324761168337,222.98946284688202,209.77788590671955
610,2024-03-09 15:16:54+00:00,236.39874397393078,216.52027668440118,215.18071940697328,215.41383125219917,223.80440346191455,218.87294056878045,208.46006465075854
611,2024-03-17 15:16:32+00:00,219.09171155498439,210.52245658761066,205.01327125777323,201.99008080560574,207.986781033445,213.26703842991256,204.56974049811132
612,2024-03-25 15:16:48+00:00,,,,,,,
613,2024-04-02 15:16:20+00:00,224.43709869491883,214.92682267224376,214.48210243267584,216.6297513383464,225.25466223962044,224.4719909283579,210.03132692079575
614,2024-04-10 15:16:41+00:00,215.22033673975648,203.11995676837418,199.79512684492806,203.86726336384598,214.67973028269134,213.61967437864757,209.63587521392805
615,2024-04-18 15:16:12+00:00,221.5658996123345,202.70672876174285,204.5994234124348,209.44269232148025,216.82561534820107,212.1118659682957,207.79203616974488
616,2024-04-26 15:16:21+00:00,215.1769157467808,205.3816439422499,207.2150257807226,205.47573775347234,216.95106072535543,212.24498307585395,204.92590308056714
617,2024-06-05 15:15:49+00:00,208.98912638562726,205.77812964613824,211.4620179457455,219.81729847655262,213.9639070354206,216.27610167754156,209.49149211752226
618,2024-06-13 15:15:59+00:00,,,,,,,
619,2024-07-07 15:16:05+00:00,,,,,,,
620,2024-10-19 15:16:51+00:00,212.41503101733954,205.80428971510253,208.66768059462797,211.55904473486615,219.83555179674372,209.35344248353871,207.24060624945676
621,2024-10-27 15:16:45+00:00,217.14001379311483,209.84971752841525,209.71749850261858,207.55589532801505,222.63554460061013,212.2094308522048,206.6298978689889
622,2024-11-20 15:16:56+00:00,222.2494656054116,209.26327739511055,209.7960364472039,207.0415129395731,213.84893841668404,218.72265630988676,210.175922233933
623,2024-11-28 15:16:56+00:00,215.58213386872345,206.906340632191,206.15848406010076,202.66098773106657,219.03674167016442,217.15161145658178,207.5288897081471
624,2024-12-06 15:16:53+00:00,216.96896335710937,208.75991410142746,208.41640290849435,210.75270240494203,216.40129606051735,217.853786560803,214.22260278302196
625,2024-12-14 15:16:44+00:00,218.6138329174746,207.22242977706497,209.73408589104105,213.27750046064537,222.8997105588961,218.90220574499776,211.9687088356156
626,2024-12-22 15:16:54+00:00,220.91023836917407,210.1230655901422,211.93983617740514,212.42030345288148,220.63039264035018,225.5597578868249,211.49901706644167
627,2025-01-15 15:16:49+00:00,258.1551476146429,232.4408906299671,224.84596613416295,220.7336310000249,225.47548423130044,214.38816533014315,199.98816194884157
628,2025-01-23 15:16:55+00:00,256.2004604737598,232.26760030306752,229.9170421025748,222.99161965240862,228.3586922823354,221.4876986835806,210.34542021235004
629,2025-03-12 15:16:46+00:00,241.95636649902278,224.28226797143657,222.33284435872898,225.63028117820838,232.3198423038214,222.162961884062,221.29381094011987
630,2025-03-20 15:16:24+00:00,223.65941813756228,211.9623406979764,212.3544937417522,212.40306573315397,222.80387182412278,222.22449976885915,212.73355801042587
631,2025-04-05 15:16:22+00:00,236.91945258539292,220.37912238481601,219.6260753216748,216.85967607595896,227.61388275297776,219.69269830896198,221.6089281505329
632,2025-04-13 15:16:36+00:00,221.13627532064126,208.3403404955509,203.73235666484993,206.28224518718764,215.4761387742442,218.68130841293475,197.143877109472
633,2025-04-21 15:16:10+00:00,223.54071025192096,207.84976397901627,211.04246718122164,217.34046778674494,217.11203613958062,208.46989588090193,205.49612307082512
634,2025-04-29 15:16:27+00:00,210.16157513915542,203.11035678099415,205.8449737234944,208.3243274280809,220.08593679093096,209.40199273058212,194.32099266809553
