,dates,jap0089-0000,jap0089-0001,jap0089-0002,jap0089-0003,jap0089-0004,jap0089-0005,jap0089-0006,jap0089-0007
0,1984-04-17 00:47:35+00:00,,,,,,,,
1,1984-05-28 00:42:11+00:00,,,,,,,,
2,1984-07-31 00:43:30+00:00,146.9441949346882,151.2072827902568,159.96583222263584,152.11855309042645,151.5251540609642,157.99012569072588,160.5777098123398,157.65145195740402
3,1984-10-10 00:50:30+00:00,136.27171202994415,139.1285633060542,148.2082144648917,141.58898752998815,148.97343245465066,152.9996684725423,144.39583961002336,153.54763889863713
4,1985-06-16 00:44:19+00:00,148.7006703492076,147.9845190911196,154.3325172913407,147.2967120753728,142.974576937821,153.4030054217585,156.6799889435216,153.73845622748505
5,1985-08-19 00:43:51+00:00,140.23042489958803,139.48887211255303,146.75975676704894,146.91217300833418,155.47560108078528,161.9239527331393,166.47747503851892,160.72250835395585
6,1985-09-27 00:49:33+00:00,138.7095561092791,139.47088800726223,,,,,,
7,1985-10-29 00:49:11+00:00,145.35654979684975,147.327194581907,155.37140251838912,160.55655457291536,162.97352102504706,161.25376231844243,165.44274932833505,158.47784647119022
8,1986-08-13 00:42:08+00:00,149.96632514434341,155.46944479832916,157.7270656323777,153.9932256141635,159.83199002967046,163.52094197240064,163.74029923455356,163.94635640322238
9,1986-11-17 00:38:47+00:00,,,,,,,,
10,1986-11-26 00:32:28+00:00,,153.10178063085218,,,,,,132.28735996996846
11,1987-01-20 00:40:15+00:00,,,,,,,,
12,1987-02-14 00:34:58+00:00,,,,,,,,
13,1987-05-21 00:38:12+00:00,151.5379525012758,154.69496207447932,158.9640956185688,152.38027399399493,153.17702242925495,164.31380668486705,172.6097164788402,
14,1987-06-22 00:38:56+00:00,148.80616876558932,149.4785135436444,152.80820464337282,,,,,
15,1988-01-16 00:43:18+00:00,,153.90863000233998,142.19778795085426,,,,,
16,1988-05-30 00:50:53+00:00,142.73105003524063,143.31656385283515,154.39537704224094,153.91384269858656,152.49353363858242,162.19370827668743,171.11691087278663,165.5104166005583
17,1988-08-02 00:51:09+00:00,152.8869457495756,155.86775235419773,163.1142161024199,160.21306887059902,160.57744981563013,165.16488240410249,179.18749071451353,173.3473679003161
18,1988-09-19 00:51:08+00:00,137.8546190536905,147.30235128965847,156.87120348755795,150.14049672748538,148.6089011330587,154.32189553104658,159.9302191327773,153.43388427929716
19,1988-10-05 00:51:03+00:00,149.95695377033798,154.55648666737864,163.26227114041927,161.1424249655586,156.1636700985633,155.01288137921438,163.6197639986172,159.39102625952557
20,1989-03-07 00:43:51+00:00,,,,,,,,
21,1989-03-23 00:43:10+00:00,144.5399269021449,146.66189665226312,153.02082537209563,150.27777305703532,153.84275244930078,158.07607838640953,159.29614403155097,155.92003417108074
22,1989-03-30 00:49:23+00:00,140.57362133725633,149.01403284151462,150.94771167575615,146.3799587542504,146.81702311656852,153.51842717302296,154.0450549128665,153.80149854147925
23,1989-05-10 00:42:53+00:00,129.81315321495418,133.2377280699207,136.36465505836577,142.31803181457744,143.259791823193,147.18004718309464,149.845206810856,144.60326188154977
24,1989-05-17 00:48:52+00:00,137.70436878909265,143.30305630985436,147.13387073461377,145.171159718264,148.971629690813,150.9482008146866,161.8462477188329,160.84556159071624
25,1989-07-29 00:41:20+00:00,144.7599701264234,147.45802843784304,157.52774372309534,148.55755254547864,146.43891034078655,159.38436547396884,163.9393509182672,166.3744694282326
26,1989-11-02 00:38:56+00:00,140.08855725362142,145.1131671757361,151.51942720403136,150.29382313586856,146.10772084166885,153.54555192131227,158.1773684676685,151.10954296517306
27,1989-12-04 00:38:01+00:00,126.62323728305539,119.8446586181996,,117.97098926688044,132.66772452852348,,,
28,1989-12-11 00:43:59+00:00,,,,,,,,
29,1990-02-13 00:41:59+00:00,,,,,,,,
30,1990-02-22 00:35:31+00:00,149.18746803899927,151.06670699511005,157.71479514549023,153.4614329034277,149.61413492998338,158.75595996819084,171.9249398238641,166.244748648314
31,1990-03-17 00:40:55+00:00,149.82627008397546,153.5396136655934,161.41354905098564,161.42037109809735,167.99012293096857,169.95455832282877,177.01729190723157,180.95285600210914
32,1990-04-02 00:40:27+00:00,139.11688915138853,148.20162713471817,149.05147344046748,144.41316028398947,135.1730857339142,164.1093188709018,181.37899573946203,186.6980919531154
33,1990-04-11 00:34:24+00:00,153.43017034812377,152.50598471640407,162.4961138437356,164.85101214195936,168.5916521995213,177.9748454643129,182.28569398205053,180.87606434893726
34,1990-04-27 00:34:24+00:00,137.5534834524794,144.9683693525415,157.95201140766468,152.61488057371506,150.44867894760716,163.4706677868029,170.1006550620144,169.5605457822223
35,1990-05-29 00:34:24+00:00,142.7380508349753,148.79046233734945,154.7536569692262,155.78871637798204,152.24977200442135,159.99151092359278,167.68271593680797,168.79458307903496
36,1990-06-05 00:40:35+00:00,130.5858535854461,139.16324771318952,145.86783475769505,146.38132392603399,150.45551878629712,156.89608784981834,163.9304363883787,166.29674839293497
37,1990-06-14 00:34:23+00:00,139.86357707993662,147.9267227690557,152.68322863642507,151.81074378423043,151.34190307621898,167.66685719983892,171.46401591267968,176.34447818470085
38,1990-06-30 00:34:23+00:00,150.74266396321323,153.4809044678761,160.2910409726677,155.14698248234964,156.48516385576903,170.32135851846462,177.54538474530332,174.2114846226839
39,1990-07-16 00:34:20+00:00,148.93975033908006,159.28051284805593,158.8464203712903,151.41892574627803,148.03477777316124,166.78574142776256,177.03185203302536,178.15007608038056
40,1990-07-23 00:40:28+00:00,141.93108344085962,140.95937336032367,149.3033224235721,151.24143183525666,150.61556347519615,157.77329117141872,162.75981081237967,158.39536888887918
41,1990-08-24 00:40:18+00:00,140.49841761324268,144.2211806153315,152.9568999403947,154.75395229127182,154.24384471356197,160.08347087771745,162.5995042469805,162.03224376575028
42,1990-10-20 00:33:46+00:00,142.98256191322835,134.7194074902919,145.83065324915745,156.0040443091041,152.88964863960442,145.4528623180238,160.7838424233796,159.13803700446383
43,1990-12-14 00:39:46+00:00,,,,,,138.35947156448222,145.0545665785175,134.88029732366905
44,1991-01-15 00:40:39+00:00,,,,,,162.588545733431,,
45,1991-01-24 00:34:43+00:00,,,,,,,,
46,1991-05-07 00:42:44+00:00,151.10289570692137,153.47183119449127,156.23057545113736,149.09295480610908,152.51563892472618,156.54594475004882,157.06262787913585,163.55778978998552
47,1991-06-01 00:36:56+00:00,,,,,,,,
48,1991-06-08 00:43:12+00:00,139.8117176068602,150.36963707786683,155.66007235182303,145.6665076813997,146.8365899760403,155.3248832440889,154.79559466762356,158.74372835216596
49,1991-07-03 00:37:24+00:00,147.3345532740924,150.72871118217392,158.3985149493183,151.05686575134115,149.13118327989898,160.6311382012167,162.76969250339744,158.64489583798152
50,1991-07-19 00:37:35+00:00,151.03102819686353,149.28630153968018,154.42959242741307,149.56425937256128,144.02211781879163,150.93291353724018,154.5565672083893,158.0998923770032
51,1991-11-15 00:44:36+00:00,,169.7859625564455,,,,,,181.71477311957776
52,1991-12-17 00:44:48+00:00,154.433362812055,154.07055009520417,160.78205049842836,155.56106149331004,138.73621843464372,132.9470562373284,121.66608346413793,
53,1992-01-02 00:44:41+00:00,123.08734566686454,117.58417512339712,121.56165071654286,126.34519123287724,,,,
54,1992-01-18 00:44:40+00:00,127.4203941326156,131.56899120249778,140.36552284864106,136.40246623409226,137.12930452692646,141.44099240532307,145.43279239861235,152.02531810407706
55,1992-02-12 00:38:21+00:00,,,,,,,,
56,1992-02-28 00:38:23+00:00,,,,,,,,
57,1992-04-23 00:44:17+00:00,126.51969982714236,125.86263762733523,135.833983565767,131.87246853902994,125.99892204213025,133.00374754778105,137.9150423157762,138.35186608872164
58,1992-05-09 00:44:09+00:00,126.00271659770326,123.99206036154138,133.8078444729415,127.48492167251167,123.89988603821976,135.8543281070442,142.76345019425648,143.6029885907354
59,1992-05-18 00:37:53+00:00,148.06187536593595,153.09669864518622,158.9600077002864,151.72745568688532,154.48710594350814,168.78106448176067,172.5660200988336,169.11901496467004
60,1992-05-25 00:44:00+00:00,,,,,,,,
61,1992-06-03 00:37:45+00:00,,,159.46672972024058,124.53089413933691,191.96050717442867,,,
62,1992-06-10 00:43:51+00:00,,180.20878066844637,163.33032851046738,132.4784205480349,127.10563410086199,144.31705394913138,140.88525509572924,139.99152026459765
63,1992-07-12 00:43:27+00:00,,,,,,,,
64,1992-07-28 00:43:15+00:00,138.37234001696893,137.38953558169987,154.23476025759888,153.06175140816998,151.71118679399194,161.93728689445481,160.9422636916337,159.24819495756245
65,1992-08-06 00:36:58+00:00,149.16138210430952,152.45469194304997,160.3052177071558,152.62620474425663,143.34294732795755,157.9438817073695,168.31703588782872,165.0220041654386
66,1992-08-29 00:42:46+00:00,,,,,170.3937501502151,,,
67,1992-09-30 00:42:11+00:00,,,,,,,,
68,1992-11-17 00:41:25+00:00,142.5422692877959,154.60395232412841,158.6686665150004,157.0987689682618,159.48607317859535,162.47521808463222,160.43795355204142,162.62347546962744
69,1993-01-13 00:35:50+00:00,,,,,,,,
70,1993-03-25 00:42:34+00:00,,,,,,,,
71,1993-04-19 00:36:36+00:00,,,,,,,,
72,1993-04-26 00:42:50+00:00,133.84437149884207,136.69243760222895,141.956099804151,136.80658600447816,133.80069092767238,145.1678697537149,144.66429300652692,146.5625920752176
73,1993-05-12 00:42:53+00:00,120.28417389305913,125.61185496069552,128.7580039153686,125.93143603426282,133.18666943672542,140.01478762881197,144.49539716359925,139.00928612351635
74,1993-05-21 00:36:43+00:00,154.60362219877186,157.910508212582,167.22922147110185,153.4552790603384,148.42403042300998,166.76351364377976,169.94086703004237,167.67926563534306
75,1993-05-28 00:42:56+00:00,133.3772150360571,132.82699678493898,140.05662479994746,131.60102503392054,133.24617856293696,143.49342362313396,149.0485973390398,149.12299627955423
76,1993-08-25 00:36:36+00:00,139.33550023946125,163.24775620502837,,,,,,
77,1993-11-04 00:42:28+00:00,140.7990398407727,140.56093541444218,145.11031137842215,137.66243691704133,135.11714275408312,134.69204744771696,117.64373266791998,
78,1993-11-29 00:36:08+00:00,,,,,,,,
79,1993-12-15 00:36:02+00:00,,,,,,,,
80,1994-01-07 00:41:55+00:00,,,,,,,,
81,1994-01-23 00:41:41+00:00,,,,,,,,
82,1994-02-08 00:41:32+00:00,,,,,,,,
83,1994-04-06 00:34:29+00:00,146.82378014455887,152.86859084209956,157.1665274142521,147.85169212961605,148.7084219820508,159.33781577864684,161.980202451747,171.8320326942066
84,1994-04-13 00:40:31+00:00,130.36043222142627,134.09654704826022,142.766024413535,139.2802768715511,131.22694505682188,146.17552781268358,145.2889908075584,154.70344804062142
85,1994-04-22 00:34:11+00:00,138.32604031316976,143.67585113763374,147.80943130781435,138.86147018465826,137.38114679721897,146.43837427461733,150.48473606285745,168.00110145195333
86,1994-05-24 00:33:35+00:00,152.3724098187083,153.8253988741846,162.61119297235453,151.3295298586666,155.16284941354877,164.4141648746379,164.53227490031315,168.64987810207688
87,1994-06-16 00:39:19+00:00,129.89081913287907,132.2244951634466,143.81246715811614,136.63469428982592,133.42521011310626,141.7045831012946,148.91543780585627,147.44378435748058
88,1994-07-27 00:32:03+00:00,136.01403770447112,139.50430016993965,148.23603205029278,152.469055275937,147.9176660343534,154.30420516218834,157.58361654760648,157.47657607042743
89,1994-11-07 00:35:17+00:00,140.1741942239802,140.29390665643078,144.9724998373968,142.8260603889373,143.33514739822982,141.995758477063,142.6818281004428,140.41619077391263
90,1994-11-23 00:34:43+00:00,144.83352622507508,147.5066269563639,154.23766232919226,145.18970670985365,140.1012449156755,144.52289258240336,147.98234793630846,143.8593469511992
91,1995-01-19 00:26:40+00:00,,,,,,,,
92,1995-01-26 00:32:34+00:00,143.99226853506153,131.79265093806464,132.29151863756982,165.35146566806722,153.7147291178269,113.03337222053335,113.58285113021059,127.76666115190022
93,1995-05-18 00:27:54+00:00,137.14411442610123,131.82647150180702,145.02431726315257,143.90082554466,138.39082100749485,145.9207446502341,147.61836405421118,140.39105281566034
94,1995-05-27 00:21:18+00:00,150.63058956629595,148.6385675154087,157.87828472746685,159.0423824784387,159.38672742803968,165.27571572547643,177.2266292858113,165.6788745068634
95,1995-06-12 00:20:34+00:00,156.8897116796933,157.12443142081662,170.21381663762202,165.9558636298133,163.5404622389918,168.5643053343335,172.80781008170268,171.23089735897344
96,1995-07-21 00:24:59+00:00,155.89538260076284,154.37564848986796,164.2204699230537,162.50879575539454,165.85878647216055,169.87455729628522,170.91263472304644,173.0351374972536
97,1995-08-06 00:24:15+00:00,,,,182.39558390176833,162.75935259969881,186.6914984373618,,192.70554812422327
98,1995-09-07 00:22:45+00:00,141.14776384393963,135.8808498742068,149.2044075135489,,,,,156.05080776099555
99,1995-09-23 00:21:58+00:00,140.76158201623375,141.23209088232792,154.75500538465846,155.5579802425554,154.27640580691383,157.30630083591095,163.59788868886574,157.9422617581113
100,1996-01-29 00:24:39+00:00,,184.79947150387784,,,,135.05858184443247,147.76581694356514,
101,1996-02-07 00:19:06+00:00,,,,,,,,
102,1996-05-04 00:30:50+00:00,141.69162977723207,151.13235197302274,153.64986594654297,146.2704352903974,149.68679945923148,161.39444850293836,167.90835300969724,165.2098629331969
103,1996-05-29 00:26:05+00:00,156.77857511098094,162.57042307884686,165.05225754954094,160.93231188019664,165.75929912690526,181.69679750874639,184.09153135744427,180.95724329447697
104,1996-08-24 00:36:54+00:00,137.77656373112325,142.86200148374056,151.72750409555218,152.8907464276305,153.05363867764856,158.36068265970292,162.0903473105453,160.41056002054256
105,1996-09-25 00:38:39+00:00,,,,,,,,
106,1996-12-30 00:43:20+00:00,,,,,,,,
107,1997-01-08 00:37:34+00:00,,,,,,,,
108,1997-03-20 00:46:46+00:00,,151.88068262151617,,153.7221146234431,151.31245831960484,157.36746880859377,162.57592305393908,169.25752059053298
109,1997-03-29 00:40:56+00:00,136.6565782384843,139.5514970214586,149.35285517429415,142.2497825022659,144.401732090289,153.70185974788657,159.96631271057237,163.42613699593844
110,1997-09-12 00:52:43+00:00,,,,,,,158.82303561705194,153.41583947022303
111,1997-10-14 00:53:37+00:00,,,,,,146.0464489958593,147.60063529472572,141.19806552176576
112,1997-12-10 00:48:52+00:00,,,,,,,171.71391235347104,177.5525809006686
113,1998-01-27 00:49:58+00:00,,,,155.98682853413976,148.02981783938844,,,
114,1998-04-01 00:51:01+00:00,140.9011220687489,147.4343847789472,152.5249927713859,148.8306716400527,148.3473627323011,159.44973779995053,166.38542582429818,166.0044107650737
115,1998-05-10 00:57:46+00:00,,,,,,,,
116,1998-09-15 00:59:10+00:00,147.23891463642198,149.30002888597136,162.6229621251977,165.26034643718918,168.07850798050174,169.6506408495961,172.2119888910583,162.3682440133874
117,1998-12-20 00:59:25+00:00,,159.9803731687815,,,,,,
118,1999-01-21 00:59:26+00:00,,,,,,,,
119,1999-02-06 00:59:34+00:00,,,,,,,,
120,1999-03-03 00:53:25+00:00,,,,,,,,
121,1999-03-10 00:59:30+00:00,,,,,,,,
122,1999-06-14 00:58:23+00:00,,,,,,,,
123,1999-08-10 00:51:53+00:00,,,,,,,160.8573299170924,157.34504936818536
124,1999-09-02 00:57:35+00:00,147.0564738088975,151.56443664282665,159.66086421893976,161.17055229516737,162.26053249801495,165.24833302167556,165.2019316510788,158.42414154149736
125,1999-10-21 01:07:05+00:00,146.95849634852067,149.62959024911993,153.8025811878549,150.20455652937085,148.754281667346,152.8442741958334,159.0286544917627,157.82842743749546
126,1999-11-22 01:07:02+00:00,,,154.90234247657438,152.2549162388926,151.38240899784097,155.15394379623604,163.05688999443296,164.1362061174826
127,1999-12-31 01:13:12+00:00,,,151.09283181474586,150.2709322242118,139.30981875220587,,,138.6001610902332
128,2000-01-16 01:13:13+00:00,,,,,,,,
129,2000-01-24 00:55:02+00:00,,,177.33693626472464,181.16963650247538,157.8712008006525,155.4013862365074,165.1864834478294,170.91458056520054
130,2000-02-26 01:06:52+00:00,115.55901216447178,,,,,,,
131,2000-04-30 01:06:32+00:00,151.93324304625068,157.00131886893888,166.5690071874967,151.65395214821774,152.5107375464379,158.82548946300062,163.6835159190008,165.5709557432105
132,2000-05-16 01:06:20+00:00,149.62641306560496,150.35351847069848,160.03453823436251,154.34650264314482,155.68822323561787,165.3963919377631,165.72300369104642,166.91197157975697
133,2000-06-16 00:56:46+00:00,157.01263107655416,158.68502420978302,166.41395318666915,164.88948841269388,168.6300453682108,175.1493359937287,175.88343790515233,175.68065254093477
134,2000-06-17 01:06:05+00:00,153.5074548748221,155.5519771051685,162.98815760865168,158.0324849433565,162.1658292529481,169.0918127133941,172.25222031665052,169.62398407674883
135,2000-07-10 01:11:56+00:00,140.21460341042857,145.49221581040658,153.22691611764878,145.66211220520893,147.02783572125668,155.63729243247383,159.7472479962642,165.98705624812044
136,2000-08-03 00:57:39+00:00,144.66402702127854,147.737755146818,157.9936272426785,155.2744757699585,158.20008626109342,167.1278041863906,173.3710791711104,164.33838296162347
137,2000-08-19 00:58:06+00:00,123.42495249925716,132.05653196209326,139.78642941349983,140.25757693850932,142.57008986901158,152.5267866418363,157.07105968046312,142.71148657059572
138,2000-08-20 01:05:16+00:00,145.85145570368152,155.3069036609074,159.0620167896396,155.2838480203166,150.72847519413702,158.13664404782944,152.90598414557377,144.13304658402282
139,2000-09-20 00:58:39+00:00,146.41821675243983,153.0398594973701,160.5153931765245,157.0051796231665,,,,
140,2000-10-06 00:58:52+00:00,,,,152.24982553179984,151.6703043850961,158.01485432684697,155.04205802498547,
141,2000-10-07 01:04:38+00:00,141.6303927450875,149.86648217145677,163.05842415454129,159.60513273882557,159.8720612142212,165.82199655562417,166.44974386021312,163.90133346700668
142,2000-10-14 01:10:34+00:00,142.76922013238556,152.68551939833753,158.6173759446826,157.64821523163687,162.06844526041093,165.08353212769546,165.48125001500378,161.06655251199766
143,2000-10-22 00:59:04+00:00,,140.99327442452028,,157.84216298407384,157.27174263846433,162.22767595809302,167.03477970376989,163.53798471343754
144,2000-10-23 01:04:28+00:00,148.7027452117817,154.03977113505118,156.98197145561272,157.31999297556487,159.6528985205668,165.48387070523887,167.10102011376824,169.8173963935435
145,2000-10-30 01:10:46+00:00,,,,,,,,167.4758904199005
146,2000-11-07 00:59:13+00:00,131.03672028677042,135.33474106491423,147.42299641994117,146.70292415809297,141.7192756192741,148.5725308262611,157.25237529057807,160.47675927855602
147,2000-11-08 01:04:31+00:00,139.4716313948224,140.77509355963244,158.1705349087915,157.99457181985633,158.822761142192,165.01426816554834,168.73436082056224,167.5728523916992
148,2000-12-17 01:10:49+00:00,140.5749534855698,134.77847109182457,141.73921526804705,143.24827957853105,143.7643444816412,161.08826598929784,159.773002199109,
149,2000-12-25 01:00:05+00:00,141.01596523491332,148.53366433024962,155.49149158737652,146.13989598303547,138.7242524091288,120.59180520212092,156.09090378634698,
150,2001-01-02 01:10:48+00:00,142.094495196643,152.49726221839154,158.06428192538795,147.9919436853825,141.5685568480267,153.5407995298739,160.83312832369515,
151,2001-02-20 00:54:17+00:00,,,,,,,,
152,2001-03-23 01:10:36+00:00,,155.75439763600747,,160.72200644473952,164.8109779384282,177.73430935757,182.8873141528996,176.56913985762608
153,2001-04-16 01:00:23+00:00,148.20234872892962,145.95503609768835,156.31838293016247,160.39601789033878,160.25680320082824,164.71792031714378,171.1297162987636,170.2739470819312
154,2001-04-17 01:04:21+00:00,145.8016087234145,148.3735219489614,162.213518220378,160.01278230998193,161.5559466668052,167.40247474781066,172.98275882326533,171.4758739824612
155,2001-04-24 01:10:29+00:00,131.70839466215708,139.4661470234522,152.05094274565272,159.04452891009558,155.34459786549417,164.3869394322459,168.80460043845918,166.17328380814493
156,2001-05-03 01:04:18+00:00,,,,,,,,174.6573124327682
157,2001-05-18 01:00:34+00:00,,,,,,,,
158,2001-06-03 01:00:45+00:00,129.80693631530062,126.30256399164607,149.92106534107248,155.87963076119905,152.1865852472403,159.0834644680346,162.11479958083206,165.73339915122907
159,2001-06-04 01:03:55+00:00,157.72895619892546,159.23745508201085,169.40517265577324,173.16816434531134,178.88605186270087,184.09911346712153,183.13672374003667,179.95160139016065
160,2001-07-22 01:03:31+00:00,150.4409068925378,150.89735139486152,163.91424249556428,169.06114057905174,170.28529801195336,174.50253435622986,176.78437742811698,172.23342914629245
161,2001-08-23 01:03:01+00:00,145.08465140817214,149.11662349450134,156.77551674203355,158.65830613485215,156.77140072132514,159.80142672497055,166.54997155210978,160.23033564620778
162,2001-09-23 01:00:28+00:00,,,,,,,,172.5765876182261
163,2001-09-24 01:02:41+00:00,150.58744784243208,159.94269206747106,167.71553187597053,166.47840274589225,170.90399565139072,168.9542808313411,171.29654306686928,169.6234247766552
164,2001-10-25 01:00:13+00:00,136.9164833045118,148.35693314816888,149.17260985736772,152.21320063266384,157.1923651642201,157.0381006178496,155.09162579234382,155.00470065613567
165,2001-10-26 01:02:32+00:00,,,,,,153.25175505046283,,153.18435647486726
166,2002-02-14 00:58:59+00:00,,,,,,,,
167,2002-03-18 00:58:30+00:00,140.63407246683195,146.21131455092691,152.23770248388584,146.55090417517675,150.31953077371406,157.4114448738402,164.08776997257044,164.19103174359506
168,2002-03-26 01:09:13+00:00,138.51908447799403,144.42133677175113,150.73886121069825,143.90228943767116,147.02643894724736,155.56134094726337,166.607292633239,169.85499586424686
169,2002-04-04 01:02:59+00:00,146.29169647804267,149.05275813851736,156.82910983970046,152.73110928059515,150.6200027234712,161.6776312272091,168.52038684468982,168.43618645276422
170,2002-04-11 01:09:14+00:00,139.1149435264263,146.10551282659753,156.30549869946583,153.35555695692833,150.61452690120134,160.9879118292584,167.75423505673342,166.57439352423793
171,2002-04-20 01:03:00+00:00,150.7878415237125,162.74646261539957,167.12915724718812,157.11990971573616,161.79409555843048,167.0283353965459,169.7775822303371,174.81922898379653
172,2002-04-27 01:09:13+00:00,141.50355177891709,154.11451345135654,158.8756332547752,153.52899655902402,159.12783691754507,168.24316510488973,174.1616279695192,172.30635869213694
173,2002-05-06 01:03:05+00:00,147.55406917427683,158.78576382618115,163.01726782037542,157.07248322350213,161.46617620564098,170.1163843196138,174.01535950108374,176.77103076087937
174,2002-05-22 01:02:55+00:00,152.32431631836576,158.52092105970866,164.659364882514,158.4605037697598,162.1338661329531,166.89642909078353,177.76064807658278,177.14317749599573
175,2002-05-29 01:09:01+00:00,146.62261229025805,150.89652289865742,157.42800605548453,157.7566670666278,162.54225754283416,175.62383856239046,177.16217783085472,172.081827977908
176,2002-06-06 00:56:55+00:00,139.8632805782116,142.90408665648005,150.1864581368239,155.5827199166897,151.87805371768073,,,
177,2002-06-07 01:02:49+00:00,148.96944151681052,151.90661840358524,162.63919272670657,158.48021111912564,163.05117037749864,166.5884296010446,176.1448878714662,176.00833099385758
178,2002-08-25 00:54:46+00:00,140.0332209865278,142.45774769222146,148.52585283210465,140.0837938628684,141.51016106235483,154.8025450950063,151.26861818842082,144.3810623915583
179,2002-08-26 01:02:15+00:00,146.30232117781097,152.53862031039796,156.75162927481406,157.19409833030244,157.19242578057842,163.17714900967775,167.4763717838395,159.7535450267911
180,2002-09-10 00:54:27+00:00,132.74109738645834,139.8657201978514,153.86398815505012,154.72617790417618,152.01026244804393,158.62546185416895,154.8491144027785,149.7812774695542
181,2002-09-26 00:54:00+00:00,,,130.82130799398814,126.77211650011311,142.21050949763773,,,
182,2002-10-13 01:01:52+00:00,,,156.12953865669073,142.18869838110524,180.27631186242573,,,
183,2002-11-05 01:08:17+00:00,143.790280696927,147.27555193353547,151.369515522146,146.2914191299648,146.89145139010841,152.27081082206774,150.83598236259206,161.49722088902416
184,2002-11-13 00:52:23+00:00,,,,,,,,
185,2002-11-29 00:52:01+00:00,,136.28561595713828,147.86831282261744,156.89052204989045,161.4648460306189,162.06697868826927,168.58334740480743,163.19137098603844
186,2003-01-16 00:52:48+00:00,,,,,,,,
187,2003-02-02 01:02:48+00:00,,,,,,,,
188,2003-02-17 00:53:29+00:00,,,,,,,,
189,2003-02-25 01:09:04+00:00,,,,,,,,185.81722691189668
190,2003-03-05 00:53:57+00:00,,,,,,,,
191,2003-03-06 01:02:58+00:00,,,,,,,,
192,2003-03-13 01:09:09+00:00,,160.84640627714123,,120.22936690254393,,,,
193,2003-03-22 01:02:54+00:00,,,,,,,,
194,2003-04-07 01:02:59+00:00,138.7620501069269,145.9004772168874,152.8817907095683,148.9292341372208,145.003727554209,156.33973480683963,163.85850691763434,161.46299210198222
195,2003-04-14 01:09:10+00:00,142.20455968334463,151.3602064323751,154.7747925240142,150.35428493242182,147.487426053015,155.48215146281453,158.74230486678906,160.77983505322248
196,2003-04-22 00:55:09+00:00,144.46547893689316,143.06346422249368,153.35792705872805,144.14378829895617,137.73685561686716,150.15064338802685,152.5443761406745,152.0035094906804
197,2003-05-25 01:02:55+00:00,146.83862571681337,154.56324228690988,159.0667814329558,149.70834818527993,154.70701293994344,160.96736062811672,168.24583376937585,168.7630778324371
198,2003-07-27 00:57:02+00:00,129.43526737564267,132.48635517471743,143.49429465956717,141.3793155692766,141.0575671459477,151.28506949361037,154.08039036140298,151.08680694036434
199,2003-08-04 01:08:49+00:00,151.22327133706534,158.3003106495824,142.2706795679188,142.57657726825911,141.6614534431041,143.251293943162,153.25266814810715,163.48416194485185
200,2003-11-01 01:02:39+00:00,146.48244277369702,155.57999094983103,159.4956731584733,156.01674668986857,154.66980102907925,161.6674039856929,168.53195407999976,165.5363462233236
201,2003-12-18 00:59:02+00:00,,,,164.31896160997175,,,,
202,2003-12-26 01:09:17+00:00,141.17597163676825,142.46168977921062,153.46700060465074,148.29329942346928,142.1998598035392,143.5334989555111,142.26157943916618,
203,2003-12-27 00:52:57+00:00,,,,,141.25350020678133,144.2642916063261,,
204,2004-01-12 00:53:00+00:00,131.33981442375,108.86443575202513,114.16754335801875,,,,,
205,2004-02-05 01:03:20+00:00,,169.6655394131542,167.42482867789374,155.07216296979252,155.80338267707396,160.31863596638485,163.39762962613082,
206,2004-02-12 01:09:31+00:00,,,,,,,,
207,2004-02-20 00:59:21+00:00,,,,,,,,
208,2004-03-08 01:03:26+00:00,,,,,,,,
209,2004-03-23 00:59:32+00:00,132.82888576828853,141.7371408100722,149.45312488791737,143.58776695317815,141.51208887223413,147.4352828555813,154.8081837648311,159.35358716119995
210,2004-03-24 01:03:31+00:00,153.11099930287753,158.7369467207696,161.40513182521798,152.7664692734505,152.37356218479346,161.05610448363961,170.1053945445805,171.08495752426188
211,2004-03-31 01:09:41+00:00,139.72737332616308,147.5874094209154,152.48574135340675,145.97803457006404,144.26314401050993,152.19906022174214,159.04716835714365,159.96542158887854
212,2004-04-01 00:53:27+00:00,142.1545655496914,145.94053004163717,153.86143986546847,148.45563288426078,143.50889300725206,148.18634501990033,152.04172022535735,151.60061812878462
213,2004-04-08 00:59:53+00:00,148.89163767153394,152.99435582009642,155.7367271278166,145.8253632783966,147.50885894423573,162.38626104232594,162.99198935361252,162.08744384374043
214,2004-04-09 01:03:27+00:00,152.02191507161797,,,,,,165.061872230527,168.77586554284017
215,2004-04-16 01:09:34+00:00,145.09808482804948,,,,,,,
216,2004-04-24 01:00:21+00:00,,,,128.27109621988376,127.90426858144764,147.42363659242224,149.78393421047053,138.237779086573
217,2004-05-18 01:09:36+00:00,136.06280600471752,,,,,,,
218,2004-05-19 00:54:53+00:00,149.54421942805132,159.592100430459,159.9281899604341,155.00806391829363,154.95716534405182,161.83128589491494,170.35100548990144,173.13138730043627
219,2004-05-26 01:01:15+00:00,139.79071180301912,151.24762787047405,158.6411978361253,152.18804106155784,150.08436430703946,157.384515849845,164.25353587525,168.28245446990297
220,2004-06-03 01:09:32+00:00,,,,,145.72627201620648,162.97844120835921,166.57255521018865,167.34365876126762
221,2004-06-04 00:55:20+00:00,154.9035066554863,159.65791148393188,170.19956766676884,154.80688009462818,150.62414408123206,165.72349672839653,166.91706346690643,168.5992560856237
222,2004-06-11 01:01:43+00:00,136.10704867519812,139.44500026420397,142.8435722720801,136.098431835393,137.57393333124605,149.16626226175322,159.20338872777225,163.47110531648207
223,2004-07-21 01:09:21+00:00,,,,,144.23170763794468,153.43139157665573,154.3272903714603,160.51925412896773
224,2004-07-22 00:56:42+00:00,149.80812119352834,150.1558925872886,154.7100718242196,148.83514142192703,148.82352398549446,154.50948343112208,158.26220553789182,162.52477430085744
225,2004-07-29 01:03:02+00:00,149.80854275411377,152.71588719796677,159.60459570765354,151.59306844749096,154.79723938096708,165.23040151026538,166.5873050582896,167.56945641246807
226,2004-08-07 00:57:01+00:00,158.75381888386494,151.49415635414664,158.86180234859177,153.33758290342428,158.36213382699736,161.63299710648965,169.62877310816106,171.1287132504511
227,2004-08-15 01:03:02+00:00,,,,,,160.55393621790006,169.32279628592678,166.3786748370738
228,2004-08-22 01:09:12+00:00,,,,,142.80803305889634,148.61117251699437,156.93052444716554,155.16598920163642
229,2004-09-15 01:04:14+00:00,136.76366746501893,144.61826924545488,149.92729987396356,145.70223080446007,142.5958959045823,151.83521433502796,154.49693682055943,155.91481040373318
230,2004-09-16 01:02:51+00:00,146.8720362010176,156.9906538004227,157.69265507258436,150.96161821446162,152.52965147778545,161.49131182535191,163.6365727910466,166.9431464126615
231,2004-09-23 01:09:01+00:00,,,,,146.5533638499231,155.67576086575338,156.674533149908,158.8496672516151
232,2004-10-17 01:04:56+00:00,147.44670162245922,155.0483225914961,157.4132768030643,155.42938210986006,159.37207630813108,163.93962722121037,160.8245453122065,158.52234916981658
233,2004-10-18 01:02:53+00:00,150.11879160167086,158.51334063440777,163.95874357153886,159.18012203036625,160.54903853848185,163.4984752786076,165.73977465534097,165.57005563315337
234,2004-10-25 01:09:11+00:00,,,,,,176.90612025103061,192.71878397887866,
235,2004-12-21 01:03:29+00:00,,,,,,,,
236,2005-01-05 01:06:24+00:00,,,,,,,,
237,2005-02-07 01:03:46+00:00,,,,,,,,
238,2005-02-15 01:00:47+00:00,,,,,,,,
239,2005-03-10 01:07:19+00:00,162.18881742309014,164.07824624294182,168.75094943865543,142.86296856997723,157.03751245677992,151.22035593952165,161.6559892905085,161.45978735123776
240,2005-04-04 01:01:19+00:00,,154.62356753679416,,155.55749598387771,144.73973729343203,147.71217895599847,152.03552254955426,162.7951687366414
241,2005-04-19 01:09:56+00:00,154.50481253658052,163.8243856716344,169.83411435528515,,,,,
242,2005-04-27 01:07:35+00:00,142.35565827705597,147.7143575939536,159.62799556155122,155.65413511011423,150.46297422854926,162.2027605548266,162.3552910963279,166.2394911572758
243,2005-05-05 01:10:01+00:00,139.52818195479904,148.69832282229473,151.33574617997033,138.48613398567196,139.5996098658709,,,
244,2005-05-06 01:01:28+00:00,128.31564890830245,133.96225933352875,138.89767446758555,135.6328835605588,130.49261792827681,140.69414777811207,141.96869267178872,144.5538456467493
245,2005-05-13 01:07:41+00:00,128.70250340869526,134.3467028940422,139.83545378713995,136.86227653893337,134.6794630544687,142.74648844992814,143.08291446184043,144.8276804632359
246,2005-05-14 01:03:51+00:00,148.32901653955992,155.22941139810263,159.61188196645355,,,,,
247,2005-05-21 01:10:01+00:00,,,,,,155.94941276276222,159.93600439693387,160.57501014275647
248,2005-06-07 01:01:42+00:00,142.58109253795635,149.36010647806668,153.66311880941004,151.15374596962442,148.93475050645836,160.1422629848424,159.90565411904603,161.7471255632654
249,2005-06-23 01:01:49+00:00,148.0694423072867,152.49687012170975,158.25236925771125,148.4855001376575,148.3189872364412,157.19162647268047,161.0265567602829,161.88048120347455
250,2005-07-16 01:08:11+00:00,156.8933171797676,163.737280430635,170.53281822138487,159.9678672067691,157.74728690039075,162.05525162882776,162.83907320635407,161.84544135330643
251,2005-07-24 01:09:50+00:00,,,,,139.02643760039442,155.02349889968767,150.84789145316194,152.8072348517186
252,2005-08-25 01:09:40+00:00,,,,,,162.88661028734404,160.1777115077476,155.4228730366711
253,2005-09-11 01:02:21+00:00,147.5947111764505,152.98229814219735,159.42548078369558,151.00311962457218,152.6975548841436,161.67055963340127,160.98595141146808,161.81907811096238
254,2005-09-27 01:02:19+00:00,137.19766935575697,143.7956548523398,153.17260988261455,147.58905141901573,146.77018103334623,150.74612150149625,158.06913816705287,152.21159779778043
255,2005-10-12 01:09:29+00:00,,,,,,159.60529484307324,163.32136193066745,159.79614955352062
256,2005-10-13 01:02:15+00:00,140.8099008040513,146.50091348483417,158.96525992838798,153.05792352034987,150.73223455189387,162.9785544381789,164.4510793184483,160.18450763474675
257,2005-11-05 01:08:33+00:00,130.68058214489406,140.39949760654503,145.8559932854878,143.5248808909198,140.9726695211525,142.64831009088965,143.58111102253238,136.74680129469735
258,2005-11-29 01:09:59+00:00,,136.43497337306457,139.7548223769006,139.82262120234617,145.6859224151951,,,
259,2005-12-15 01:10:02+00:00,,,,,,,,
260,2005-12-24 01:03:54+00:00,,,,,,,,
261,2006-01-09 01:04:03+00:00,,,,,,,,
262,2006-01-24 01:10:24+00:00,,,,,,,,
263,2006-02-18 01:04:49+00:00,,,,,,,,
264,2006-02-25 01:11:09+00:00,,,,,,,,
265,2006-04-06 01:10:28+00:00,,145.31706665832925,156.16958998596215,144.00741868095093,141.32345707970543,151.16092960176547,156.10659889297068,156.68003916995957
266,2006-04-14 01:12:05+00:00,139.1089995972012,144.58639401138672,155.46348573406567,143.92986987715483,142.64007866853368,154.88295392499774,163.97146148135784,154.29339030316132
267,2006-05-01 01:04:16+00:00,149.9678920556196,151.70856314045008,156.7769684630071,148.27374986176335,,,,
268,2006-05-09 01:06:15+00:00,136.94918324146784,145.1341128677725,148.2001146133316,135.7261832110318,137.23696552197822,149.8675783578164,156.793561069478,157.61757884929176
269,2006-05-16 01:12:31+00:00,140.7644540576483,148.99583329698663,156.130798893772,151.71084706926553,156.26634205220563,168.77827574673313,168.09726664315437,163.2495604363939
270,2006-05-24 01:10:28+00:00,132.21837759202495,137.87058940854385,142.72421652407726,140.677909965201,,,,
271,2006-05-25 01:06:27+00:00,151.31985916692182,156.70539270349062,159.2617403097232,148.32669220013844,152.4523909902449,168.87429734030255,167.99826083861774,169.00603509456266
272,2006-06-01 01:12:45+00:00,126.09758219139972,136.58080245776833,143.29488840003188,139.46681321196382,136.7927556571178,146.18917694488715,151.086924940512,153.83287755977622
273,2006-07-27 01:10:06+00:00,,,,,144.02490930423076,153.48899421100722,158.2173530332813,155.1820840665896
274,2006-08-05 01:03:55+00:00,,,161.1776182676642,159.65141800040476,,,,
275,2006-09-29 01:09:51+00:00,,,,145.63877440473487,146.3275004194795,148.69017187539404,158.01444616210185,150.922937175014
276,2006-10-31 01:10:08+00:00,146.52634404592413,154.39530781623017,158.30642671309158,152.10356430089803,148.13332650825922,150.3509898760954,,
277,2006-11-01 01:08:33+00:00,138.2645939573131,146.09671102759904,149.17603044543122,150.12460236964068,139.94667581871994,144.1690594747786,144.5177353661876,136.21996389014396
278,2006-11-08 01:14:48+00:00,135.97837283802457,143.8764444636499,143.669002449604,143.61018578130805,132.2085367941601,133.13539701150145,134.0504106551291,121.99288873263492
279,2006-11-16 01:10:21+00:00,151.73742986378187,142.3968723501627,147.6692419202102,147.55459462173224,140.451947749515,140.43212646784065,144.01564080207496,139.8314904636592
280,2006-12-03 01:08:49+00:00,,,,,,,,
281,2006-12-19 01:08:55+00:00,,,,,,,140.5140993015549,154.66644574864995
282,2007-01-03 01:10:37+00:00,,131.00464127629462,,,162.81052029303936,170.28166480843984,186.5501109350728,154.27820931937467
283,2007-01-19 01:10:38+00:00,,,,,,,,
284,2007-02-20 01:10:52+00:00,,,,,,,,
285,2007-03-01 01:04:43+00:00,143.3161053280399,147.5378793480521,157.27790952455956,152.25459697372676,143.25334566443115,,,
286,2007-04-18 01:04:44+00:00,147.42961577528214,151.70926019745477,157.9284632707863,149.13162426023936,145.00418501825635,155.95238019684675,157.58065878346443,153.5213618767303
287,2007-04-25 01:10:53+00:00,137.42765919755115,144.59237218628982,148.8799640382047,140.75547434950096,139.9203953934961,147.7547043992734,153.93008215972475,149.7244164107424
288,2007-04-26 01:08:56+00:00,141.4708109765465,146.5458604537702,151.90148466896454,146.91069152743214,145.59351580349468,154.96297825740027,156.88477078246106,161.83240473475956
289,2007-05-03 01:15:03+00:00,129.86061010357864,133.22145000033274,139.77118342409995,135.8894745462145,137.4878286828684,147.22568779660764,146.50487172338217,150.7492387657013
290,2007-05-04 01:04:40+00:00,145.95430055321978,149.24893121124748,155.01635445642964,150.778601733357,150.47030693796265,,,
291,2007-05-11 01:10:48+00:00,141.92198602189595,141.08708778802438,149.67039379963862,142.83705242999483,138.62112378066558,,,
292,2007-05-20 01:04:34+00:00,141.40268098610625,,,,,,167.46278240252587,158.44605971842861
293,2007-06-12 01:10:40+00:00,,,,,,,165.79147615413984,166.42944019434407
294,2007-06-28 01:10:39+00:00,,,,,,,,
295,2007-07-07 01:04:27+00:00,141.19471070346856,149.05016172095384,153.22742689168786,149.38419130312803,148.14332040347554,154.3002362519753,157.86549237489135,157.2943421496779
296,2007-07-23 01:04:24+00:00,138.4354333649353,140.73143811033617,153.05984011945202,149.18007969272364,143.76594535340874,146.65041887900344,151.57647808813596,151.20174079710915
297,2007-08-15 01:10:27+00:00,144.100754424121,151.26200249132836,155.07638445466063,154.33201290823595,149.09768713241212,157.98251332085735,152.07599317423265,151.29654779489783
298,2007-08-24 01:04:12+00:00,148.71729598184407,144.47427239255052,150.62732959007494,151.47751216603464,159.5187764594244,160.71103856098495,153.39587861868048,161.17433176369917
299,2007-09-01 01:07:24+00:00,142.29647865056654,146.23599894158158,153.94637919882172,149.71541003245417,147.66797450994474,152.5571921577814,159.28925025800058,156.97849945686818
300,2007-09-08 01:13:33+00:00,131.66454705549262,139.29637753099132,142.15435205551108,134.1501239060458,136.0027119072648,140.2244422045028,141.74865248933014,136.65652168802603
301,2007-09-09 01:04:04+00:00,147.1087120813023,146.95446603409545,151.6355348289744,148.05797802116126,145.04682999036925,,,
302,2007-09-24 01:13:26+00:00,127.72246580858122,135.60759654794245,144.37176572746463,138.99877262778887,137.03619679697806,137.85135482575473,139.3704628561442,140.97850145239832
303,2007-09-25 01:04:00+00:00,149.35498496445925,154.73344489833403,160.53345758737325,155.48833927563786,154.864213438936,,,
304,2007-10-02 01:10:09+00:00,144.99954014228794,150.48747785220104,155.5041015967415,153.29478506475633,153.7005933967848,159.5704716106126,156.74174477955884,
305,2007-11-19 01:10:34+00:00,,,,,,,,
306,2008-02-07 01:10:43+00:00,,,,,,,,
307,2008-02-16 01:04:30+00:00,,,,,,,,
308,2008-02-24 01:04:40+00:00,,,,,,,147.22593153756324,148.26932531782293
309,2008-04-04 01:04:22+00:00,153.31573166865223,155.59154691947748,162.44100766136222,,,,,
310,2008-04-20 01:04:20+00:00,150.56340306463335,150.77846619029037,161.91528647011924,,,,,
311,2008-05-06 01:04:16+00:00,155.76286979678176,154.55270594225215,159.59559518376494,155.00884585030718,155.975468177889,,,
312,2008-05-13 01:10:25+00:00,144.93685217589191,145.71147465975727,152.83962806734883,142.62954487874183,138.69580626620393,146.27320162073548,150.57142815605724,145.91330073385993
313,2008-05-22 01:04:10+00:00,150.6666287650944,151.40405682048052,,,,,,155.97419751256933
314,2008-06-14 01:10:10+00:00,162.6134833826281,160.85686115546966,165.71249924090847,156.3705525265388,153.9028613522738,162.06749761644147,166.41199607131202,165.71067238291872
315,2008-07-01 01:01:29+00:00,145.02502981934134,145.51497300008086,153.46212042748138,147.9393478255622,152.0479823535229,160.04740729127403,165.96205797365386,159.26965423818095
316,2008-08-09 01:06:30+00:00,137.85613664846693,142.81149538236193,149.0054411477253,145.69396669149432,145.09185537136082,155.09462525179728,150.8710063451317,156.795990164672
317,2008-08-10 01:03:25+00:00,160.90680026700878,162.68687312629902,164.88311730329355,159.26312675400345,164.45766084938847,172.18989969406107,173.77168179896918,
318,2008-09-10 01:05:38+00:00,142.69808377381796,147.68255556720433,154.57263133633757,154.4877278166124,158.24673311111104,166.5589316705775,159.11559926588268,160.19643838007744
319,2008-09-11 01:03:10+00:00,,,161.80996253691603,159.7319682112983,159.15404446735175,163.28716550812828,162.05547642791197,163.1388537075548
320,2008-09-18 01:09:17+00:00,138.35193131171386,143.82638062714682,150.11189454581935,151.20079108446237,145.4340481214724,152.43381825802217,151.02538347469962,148.47900171885138
321,2008-09-19 00:59:11+00:00,147.2407402591594,154.00594483265056,162.60282071277032,154.60859924188827,156.3625204055156,164.7815689700034,165.81906365222227,158.45486484917723
322,2008-10-04 01:09:07+00:00,148.6619877489103,152.4374010662545,159.9438023244273,155.74274487290555,154.1673132881061,158.65908142383253,159.48016413372022,154.4158876622159
323,2008-10-20 01:09:10+00:00,152.35077412618205,161.2114640029122,165.96302633943793,158.67289063084073,126.69721562830613,139.01728559305118,157.93381598070678,157.28599368146143
324,2008-10-21 00:58:08+00:00,,,,,,,,
325,2008-10-28 01:04:04+00:00,,,,,,,,
326,2008-10-29 01:03:08+00:00,155.4685252533761,159.25161489098318,164.3945977549038,158.89028470692293,158.97187838290463,167.17537354622078,,
327,2009-01-16 01:05:30+00:00,,,,,,,,
328,2009-01-17 01:03:56+00:00,,,,,,,,
329,2009-02-02 01:04:00+00:00,,,,,,,,
330,2009-02-09 01:10:15+00:00,,,,,,,,
331,2009-02-10 00:59:59+00:00,,,,,,,,
332,2009-02-17 01:06:20+00:00,149.36702927519485,154.28459658383215,160.6031267238758,147.10420212226438,142.76613042532352,150.3682410818492,151.81367221677172,148.46122922150894
333,2009-03-21 01:07:04+00:00,140.44748632431825,144.52765730932165,155.13868752656003,139.95227392623303,135.46161419309283,143.8399477343167,147.18095504159785,154.35523985505085
334,2009-03-29 01:10:40+00:00,,,,,148.6823855804241,141.92198812736794,123.95873170086472,
335,2009-04-07 01:04:32+00:00,147.58076171597742,151.3414743491471,157.48797739807407,151.5110629348378,148.1558572745794,160.43339670353518,161.65578205746536,163.62725626819952
336,2009-04-30 01:10:49+00:00,,,160.90892759266708,145.70849720431517,139.8688191560487,154.21970401862694,149.75214607607762,149.41403168018064
337,2009-05-09 01:04:39+00:00,150.86856899260562,154.35657065279725,,,,,,159.03489338706925
338,2009-05-25 01:04:40+00:00,145.61399119182389,151.9706472472367,155.0671962380409,149.39519483184407,145.52246214495344,158.62844554880104,158.50566667294694,161.12730585632343
339,2009-06-25 01:08:54+00:00,148.43366824812864,156.07448214871206,159.08205688220772,149.40578010239562,146.48075130185805,159.40629667924503,161.09942075022087,164.33891752799445
340,2009-06-26 01:04:38+00:00,139.9027935491926,150.12491290864867,157.15943329319003,150.73668468064986,144.28025003775375,157.9899944067938,157.90651277986896,160.46573355339856
341,2009-07-20 01:03:09+00:00,148.09613187839722,151.4170640692064,156.6626717996342,146.12412998060964,149.01298637071113,159.18808430981525,159.05983081437867,156.9641720469386
342,2009-08-29 01:04:24+00:00,137.1744568112871,143.76633354964244,149.57258250376074,145.40619531320618,144.51060112664592,149.2205845233146,161.21839810110626,160.68375015377654
343,2009-09-05 01:10:35+00:00,,,,,,,157.40818992544473,153.63601260495264
344,2009-09-14 01:04:23+00:00,,,,,,168.20597848085066,164.4813770462482,161.1898400897905
345,2009-09-29 01:10:20+00:00,148.93291691244576,140.97945372117383,150.66573196051465,142.81263385839438,141.68544756226547,151.2307949071062,158.32993113895557,152.4590564578915
346,2009-09-30 01:04:21+00:00,143.12666883830343,157.41109380397026,160.2240487551854,155.68443879029357,150.272560380226,162.77787136807027,168.39886824615093,168.00820004546338
347,2009-10-16 01:04:23+00:00,156.39969778650917,159.15855291033793,163.61057833566264,155.7673340806257,156.45201004778107,,,
348,2009-11-08 01:10:56+00:00,142.17831327203186,149.72761239749008,,,,,,
349,2009-12-10 01:11:18+00:00,145.58627745515903,151.4437162024911,199.18691613506923,190.1646870086561,141.80189334541396,147.44279456829148,147.31861900541023,
350,2009-12-19 01:05:17+00:00,105.07157928688198,104.05862383439471,115.09555012537605,155.91043142171583,93.82601361824467,,,
351,2010-01-04 01:05:34+00:00,,,,,,,,
352,2010-02-21 01:06:12+00:00,,,,,,,,
353,2010-04-25 01:11:15+00:00,135.44993639540414,142.970605820048,143.02546644228468,134.81576817096035,132.27618757331126,144.3664741002077,143.9677342781427,142.80735265257184
354,2010-04-26 01:06:26+00:00,160.03614138408233,164.42822875668426,167.68095753358776,156.15257650573812,,,,
355,2010-05-03 01:12:35+00:00,,,,150.40827579407744,144.05699321657406,155.23361097508032,154.51919459272756,158.05347403932484
356,2010-06-20 01:12:34+00:00,140.47286947051052,147.07031978558965,154.76147714034718,141.61634427061196,,,,
357,2010-08-08 01:04:35+00:00,140.46382207569775,145.21002644837228,147.32039825176636,145.54772005406204,150.92294356316216,160.29762215744418,162.20720610394758,162.2186548523983
358,2010-08-16 01:06:27+00:00,148.21258397912106,156.46743101322286,162.69004246019475,155.88547041744238,150.5047654785983,157.28369132048573,,
359,2010-09-01 01:06:30+00:00,138.2988229270909,144.21931174609452,157.32882051152708,158.1512528945759,153.17374763369045,160.8725693012407,164.67924903511567,162.9912791794152
360,2010-09-09 01:04:28+00:00,146.94228328898865,144.65628859756313,152.1944279673231,147.8823975008077,147.22932530538347,162.13726885815277,161.95053115862166,165.90955324401284
361,2010-09-24 01:12:41+00:00,,,156.92458619266995,154.32923793626762,153.89296031514579,159.47285024049842,161.57998970923455,157.5106361755345
362,2010-10-11 01:04:14+00:00,146.92250959841715,149.66457238404178,155.81245458904203,147.27521292509198,145.68423492030627,148.9524379192781,149.39775692099923,145.24021452952147
363,2010-10-19 01:06:39+00:00,151.78555211223656,157.04871656883566,162.41218994181108,160.72219720593415,,,,
364,2010-11-27 01:13:17+00:00,,,,,142.76840368751172,145.02096935360316,144.91755510788775,118.34600976172142
365,2010-12-21 01:10:17+00:00,130.19385899942966,,,129.5152385997079,,149.59940135603043,149.00239339957247,157.07447884152643
366,2011-02-15 01:13:51+00:00,,,,,,,,
367,2011-02-24 01:07:44+00:00,,,,,,,,
368,2011-03-12 01:07:47+00:00,,,,,,,,
369,2011-03-20 01:04:05+00:00,158.00635049077601,163.46309433399188,164.19192731342494,159.0360615021332,151.3307737420199,164.61742540879754,173.8485635875595,175.0350580258057
370,2011-03-27 01:10:14+00:00,,,,,,,,
371,2011-03-28 01:07:49+00:00,,,,,,,,
372,2011-04-04 01:14:02+00:00,153.3582987793894,156.5683549981999,161.0671119964105,152.83836920395638,147.5471185646805,163.35395797074742,161.88656531368787,160.98250320305186
373,2011-04-05 01:04:03+00:00,152.6329505632245,158.59762011501184,163.01948771967108,154.70295492801162,148.67605265265647,168.4915394946415,166.83462106830936,171.84221055688076
374,2011-04-12 01:10:11+00:00,136.79138613651418,144.8946015286006,144.1997893733092,148.89105950444957,143.7219769488862,151.54507548446952,154.63159937055983,158.27999650895993
375,2011-04-13 01:07:51+00:00,146.10758080047478,149.92560681180984,154.4396557808688,144.54765534345478,149.53749981953135,155.90683797561198,158.82579095589114,158.48322665236537
376,2011-05-15 01:07:48+00:00,149.51243880576752,147.45817203800706,,,,,,140.30282660208078
377,2011-06-07 01:14:01+00:00,,154.31211202025412,160.2373240250139,151.99123005884886,148.9226289858098,160.13261982407482,158.78030014652975,158.25574492467732
378,2011-08-11 01:03:07+00:00,140.9763416558275,147.40322514994847,152.8719962247785,146.40528917446915,148.5587466300774,159.9603731109488,157.5538063678331,157.87941220644657
379,2011-08-26 01:13:47+00:00,,,,,,160.21127620941033,158.74251321429364,157.60530824384927
380,2011-08-27 01:02:58+00:00,147.73991634092164,146.09939861042776,159.96126974633265,153.02039478782427,154.1046289205873,160.02943816475843,155.28075976894007,153.69431702878418
381,2011-09-27 01:13:39+00:00,,150.7750551882453,156.6890370263626,154.36722278083246,156.00737640674316,158.88626915171176,156.023238215902,145.791847563933
382,2011-09-28 01:02:30+00:00,149.6302060707066,149.41947421940804,157.55007440280562,149.72608633793638,156.89826444630523,160.61448478123793,162.38868876159668,156.1419716746969
383,2011-10-14 01:02:15+00:00,152.5933843728405,153.9070276866966,155.271455976703,154.15691595144966,153.91706612398275,164.54413851980195,166.62301075370593,169.33156966853528
384,2011-10-29 01:13:46+00:00,,155.7430166806801,153.5389477397081,151.49137102349815,147.99718539071324,153.40972087082125,154.26416497868038,151.72878871538026
385,2012-01-01 01:14:25+00:00,,,,,,,,115.92975420737358
386,2012-02-02 01:14:28+00:00,,,,,,,,
387,2012-03-21 01:14:32+00:00,,,,,,,,
388,2012-03-30 01:08:21+00:00,,,,,,,,
389,2012-04-15 01:08:17+00:00,145.43616648452883,152.57812683295887,155.0292659384269,150.84906515095773,142.4174727329616,148.99843603811865,,
390,2012-05-24 01:15:01+00:00,132.76001547258684,133.590207401183,144.84006466083858,133.21936150880518,133.82915879659853,,,
391,2012-08-21 01:09:25+00:00,153.94925433534058,156.7157346921773,158.56897116066133,154.91434700963606,155.2176340564751,159.32874745354127,164.4359769230909,166.3048841124475
392,2012-09-13 01:15:50+00:00,134.92687248673064,138.50355338826833,148.5969347962888,146.91378693042725,144.491580488354,,,
393,2012-10-08 01:09:52+00:00,,,158.42801559951772,149.9087442887211,148.60251950658497,152.24465775507352,154.70938761106177,145.9296237255642
394,2012-11-09 01:10:06+00:00,,,,,,,,
395,2013-01-28 01:10:26+00:00,,,,166.98947491467376,139.9984862411474,,,
396,2013-03-17 01:10:21+00:00,,,,,,,,
397,2013-04-10 01:20:20+00:00,147.51311878196975,150.89366402977618,158.27703423685062,151.7164923226055,152.23271230855173,163.9969795890689,174.18878393947983,178.3699638498494
398,2013-04-25 01:16:19+00:00,,,,,,155.80665572533687,163.69095440751087,161.7730092875948
399,2013-05-12 01:16:09+00:00,147.49198141735698,151.83841215724573,158.51257078084134,147.2096292714601,140.46822072995187,157.70483020111055,158.77016428353326,155.95429368152023
400,2013-05-27 01:16:13+00:00,,,,,,,174.30030726057964,168.61712560890172
401,2013-06-04 01:22:27+00:00,135.33330674379474,139.42986579327436,147.35431086858256,139.56237693340717,142.86976678182188,154.82245214210417,163.351896521754,160.23266386652026
402,2013-06-20 01:22:20+00:00,151.80951894237344,158.91909105204903,166.21834196370818,155.34529362981823,145.81829919797593,172.33099684724274,183.54833789828015,184.58350499846574
403,2013-08-15 01:15:41+00:00,152.8867720560764,157.79118136479897,163.4944041923321,164.35756633609287,162.9709485316411,165.97381784040175,171.2620701940895,166.00360438336295
404,2013-09-09 01:09:49+00:00,142.97906978220462,154.07824957548826,157.70398542007,151.4994402446365,130.54693200067936,,,145.59097372660398
405,2013-09-17 01:16:11+00:00,146.12193212662845,155.75682775354065,160.46668271492547,153.98998856695192,153.0678452221202,159.63544580403845,163.1882716060123,153.42296268272725
406,2013-10-10 01:22:18+00:00,142.58740027332013,149.8519661897557,157.8904859398292,154.24241930268636,156.47421355596725,167.1712839024342,194.18764855768188,
407,2013-10-18 01:16:26+00:00,147.01333335822662,143.8187099299913,147.56457347036647,144.53148285566607,148.24198589623984,152.69874516282167,,
408,2013-10-19 01:16:04+00:00,152.28920844899963,159.1380967170228,162.74163600166563,157.3541544225071,161.8375092600849,163.8832480661795,171.88766150809528,166.7820643034604
409,2013-11-03 01:16:30+00:00,,,,,178.74070566188377,162.423253284363,163.4366955689599,161.12633458798504
410,2013-11-04 01:15:58+00:00,145.43614316522653,153.08231036912136,158.54834208809606,156.08055771509237,158.7699337557099,161.8476330099203,161.29843212451547,156.9132804140689
411,2013-11-12 01:10:24+00:00,,,,97.77775911097172,,,,123.24466673460654
412,2013-12-30 01:10:39+00:00,,,,,,,,
413,2014-01-14 01:21:35+00:00,,,,136.45193452894247,141.38569868942253,150.16656422064847,149.89300191557382,
414,2014-02-07 01:17:18+00:00,,,,,,,,
415,2014-03-04 01:11:00+00:00,,,,,,,,
416,2014-03-11 01:17:13+00:00,,,,,,,,116.83412865533272
417,2014-03-12 01:14:46+00:00,,,122.56724682151871,106.98504367218543,113.10579127801849,130.69910123572407,122.81168533699781,123.22380730620053
418,2014-03-28 01:14:28+00:00,155.1052750302072,161.56212780181826,164.77937985188325,155.9408462082108,155.7284725024727,163.31541970178074,169.50637160695118,167.6450639801918
419,2014-04-12 01:17:26+00:00,139.58599690951326,147.79271149383754,154.36724592991982,,,,,
420,2014-04-13 01:14:15+00:00,156.96983003823496,160.6222113091854,165.18670976594078,155.01236280582796,148.35342682295038,159.78485091972271,164.3618919287788,168.14449265132262
421,2014-04-20 01:20:19+00:00,149.29609184483365,157.76013235972863,162.56326122084963,153.49216747401402,146.8356063729339,160.80794066262084,166.17251216544977,170.84194368628525
422,2014-04-28 01:17:37+00:00,,,,,141.77945388882011,151.6914015081222,158.26710542492353,165.8340963662988
423,2014-04-29 01:14:00+00:00,154.56499237922384,156.92779705068972,157.00392232496105,151.0175673092401,143.89498062339396,155.42844571129083,163.15854849485987,163.25550532351298
424,2014-05-06 01:20:02+00:00,142.16490259001478,158.5240811142835,154.20546781627704,140.97138813218442,141.9870764172007,146.92364113374697,152.68805695348524,152.53757312187275
425,2014-05-07 01:11:27+00:00,,,,,150.49439647137555,157.36998845329953,169.59495670726992,169.55113809567993
426,2014-05-30 01:17:47+00:00,142.5432471109591,149.9247676886792,154.65264820928047,148.24224511464809,142.09060210188983,154.62870765885384,155.96856094529505,160.31831134526874
427,2014-05-31 01:13:49+00:00,156.96795736703365,161.34138213121776,159.40991903692085,149.4980368718916,151.32373556622798,166.1356234930676,165.4492698124488,172.14580502000385
428,2014-07-02 01:14:00+00:00,150.18380728228675,158.16548760919324,162.019620032049,154.29862997250052,150.73837338339487,163.00821351726336,158.66958026311173,153.97515376460248
429,2014-07-25 01:20:17+00:00,142.75583238263366,147.0241506110137,156.2959533138486,149.68524124606284,148.26857969697107,159.05839432943952,159.77055249543614,154.6124859955091
430,2014-08-03 01:14:13+00:00,,,,135.75194037829812,147.9843549515363,162.6249111213402,165.81958761468485,164.9579092577368
431,2014-09-03 01:18:03+00:00,,,,,,,,
432,2014-09-11 01:20:33+00:00,142.84152981407036,143.13750378797133,155.8952414192299,143.5119519161543,143.99210590293808,152.58875157876142,146.88334403346008,145.69345543587133
433,2014-09-19 01:18:07+00:00,121.91873656468329,139.87134727794503,152.20385954765283,136.10625050858096,134.10282580503267,153.5390732473532,153.30583503619187,157.28952162201628
434,2014-10-05 01:18:19+00:00,154.2140465173301,161.6496860749317,164.87035794743798,158.2249637914799,161.44938120297354,162.760778246333,157.1774995948579,158.24748758225098
435,2014-10-30 01:12:22+00:00,137.2084302459542,154.34154759151926,159.97946025956472,154.65592288303282,154.782367725215,162.99528522959312,163.5172818605838,160.54394643838182
436,2014-11-07 01:14:27+00:00,,,,,,,,159.32618703917362
437,2014-11-14 01:20:38+00:00,141.09939838419848,141.49483176803605,145.4707049856229,146.89145462843138,,161.4800509496559,,
438,2015-01-02 01:12:45+00:00,,,,,,,,
439,2015-01-09 01:18:59+00:00,,,,,,,,
440,2015-01-17 01:20:25+00:00,,,,,,,,
441,2015-01-18 01:12:47+00:00,,,,,,,,
442,2015-01-26 01:14:11+00:00,,,,,,,,
443,2015-02-26 01:19:15+00:00,,,,,,179.93914562876057,176.23815698510379,167.94100588903237
444,2015-02-27 01:14:01+00:00,152.81528419621748,159.3974449815025,166.38859900817891,159.32723751395693,154.99796003845105,159.89036182374218,164.52319889529312,157.27154433703564
445,2015-03-22 01:19:58+00:00,144.52110493735947,149.70782798070547,157.43626635438605,152.77962225006772,152.12577901749805,160.12506435319295,166.46987983511193,160.81340419732595
446,2015-04-23 01:19:45+00:00,153.36345577765613,156.14145081752858,163.02187342557485,160.40845585002754,161.98518877338878,171.2598735350245,177.04120763885723,173.10035742849405
447,2015-04-24 01:13:29+00:00,150.57066020661478,153.84463106999704,163.0470577095974,156.2632343286415,156.70898959583198,163.8708821541201,,
448,2015-05-02 01:13:27+00:00,151.12657392179233,155.9990530615678,161.2504194461735,157.15142796472483,159.42508605638565,160.8341491239793,171.2360994894944,172.77851697253038
449,2015-05-10 01:13:37+00:00,158.36637316778658,160.46915413429775,163.52090730481245,160.9247093377176,162.38428904756924,168.46964076655797,,
450,2015-05-17 01:19:52+00:00,,,,,155.73148215362832,157.93648638855734,167.34650709984695,166.06348360542438
451,2015-05-18 01:13:15+00:00,158.2516795396748,159.89511297699391,166.01872694349066,161.68294941063206,162.5246396626152,173.51575183814373,179.6281647598218,176.06211313386717
452,2015-06-10 01:19:39+00:00,136.21447461380532,137.95079213161853,148.72694903482162,142.45613758851118,144.3926990383432,156.28487472226365,164.61457744862267,160.42751714960846
453,2015-06-11 01:13:50+00:00,162.0948659639747,163.91854671263397,162.53268080603075,159.9650414971444,157.91024531125885,,,
454,2015-07-05 01:13:40+00:00,,172.29609528647345,168.49154024180555,160.35874591522156,162.52982782042136,165.74832047822588,171.71118665320702,169.79560654229633
455,2015-08-05 01:20:13+00:00,,,,,,,167.81078195936237,167.84912154146335
456,2015-08-06 01:13:51+00:00,146.66590237761216,155.76109718608996,162.4193878660139,159.35812392781597,167.3408408658296,172.9939077790576,178.33426728745488,173.5895617335501
457,2015-08-13 01:20:06+00:00,132.712550986147,138.72469349505633,153.91629480088972,149.64278669108006,154.71168847813138,168.108661342394,178.91297850091777,163.13463032679036
458,2015-09-15 01:14:09+00:00,,,,,,,,
459,2015-09-22 01:20:22+00:00,141.96112209653276,145.09550835172595,156.22820519012717,148.46932738725732,,,,
460,2015-09-23 01:14:13+00:00,143.48648275943205,150.95142475323541,162.80705357138146,150.4683448410151,148.1014057464398,156.26465468639125,158.09251555104004,149.26324114161034
461,2015-09-30 01:20:25+00:00,146.7452555021208,150.1232551786836,159.03915855270057,151.6223402365432,148.94976263424294,157.24509464260998,152.5023919319004,147.77089477310247
462,2015-10-16 01:20:25+00:00,,162.51351912628962,,,,,,
463,2015-10-17 01:14:28+00:00,158.93516067069632,161.8725178965924,164.12128761820549,157.90986887546927,157.73071255992286,163.51721903832586,,
464,2015-11-01 01:20:31+00:00,148.36001587396015,158.0897628461994,160.8611586883894,146.67604646036153,144.92250528267743,160.04999205085986,161.43520506173428,159.77277229784045
465,2016-01-12 01:22:00+00:00,,,,,,,,
466,2016-01-29 01:14:18+00:00,111.94732527087497,,,,,128.640978042751,,117.62574322250437
467,2016-02-21 01:20:18+00:00,,,,,,,,
468,2016-03-01 01:14:07+00:00,125.675638843007,,,,,,,129.93212762059744
469,2016-03-17 01:14:03+00:00,154.1269133778851,163.76975445660463,164.0202269958851,159.4808875798539,153.1074307146711,158.2217573430685,160.62383675790252,162.5088432757896
470,2016-03-24 01:20:09+00:00,149.85051938983722,156.65009945741588,161.10432144422938,152.982142347072,146.7969418410039,157.5238102597618,159.87500550287055,156.61934857917336
471,2016-03-25 01:16:22+00:00,152.86833074148055,155.52741695928546,158.98490468007418,150.87148421136519,146.80751794605612,157.34420221107956,,
472,2016-04-10 01:16:27+00:00,,,,,140.01286646055965,151.09247900567692,150.17887102022206,149.80764958228912
473,2016-04-25 01:19:55+00:00,152.17121927341466,157.04457562376706,160.64381661745605,151.13180195247256,151.6562052980497,160.75732210340038,161.42560546826536,164.12832943671128
474,2016-05-03 01:22:47+00:00,139.33052993187837,146.22634934639606,151.84913361058426,,,,,
475,2016-05-19 01:22:49+00:00,,,,,,,165.63333088661773,153.69492306238666
476,2016-05-20 01:13:49+00:00,151.3955061069084,155.87732390310163,161.56674173329185,151.90887061333288,150.94051555099674,161.0768520448202,162.40720983914866,160.00909723908842
477,2016-05-28 01:16:42+00:00,,,,,,162.98759738552982,164.26575645968526,161.59090608097668
478,2016-06-05 01:13:54+00:00,153.53888239719893,158.05215749406452,157.33652534713744,149.77353647080417,151.67838382325223,159.24569232604577,159.88066279872353,161.19695318759508
479,2016-07-22 01:23:00+00:00,,141.80950223874973,150.6479789242466,138.49003858017792,136.3650437991527,146.10593650377947,146.05200665655406,144.08489666746758
480,2016-08-07 01:23:02+00:00,148.7228125396981,156.85824415393455,149.1191708943726,143.42025030082718,145.81816701665616,155.80797980963325,152.24067296447728,
481,2016-08-08 01:14:15+00:00,144.15345580869337,151.02017788810025,156.79257985885314,150.19726811312023,147.11345352319591,156.03032855659075,159.40943323744494,154.79885142396205
482,2016-08-15 01:20:28+00:00,137.7018004878414,143.82736213668434,152.54870485237683,143.58752865573666,139.36158715571463,153.53779236129697,154.06588518733807,152.50633929094522
483,2016-08-24 01:14:22+00:00,146.93603614698193,156.3027036252099,158.93502303283958,150.18543453977108,152.49317969536702,164.42280071225522,163.84313145795244,159.84252101386932
484,2016-08-31 01:20:35+00:00,127.51960240817017,130.7825974184867,139.80511367360538,134.32256972469276,135.5138536449393,144.08486899170455,145.5969913569364,137.13435731862927
485,2016-10-18 01:20:45+00:00,140.79619099859536,151.02537423115828,155.57258062500554,122.6081579714177,,,,
486,2016-10-19 01:16:58+00:00,142.49379405804785,149.22530233417436,152.24431039490315,146.40833864272113,146.68103430130697,157.3608902515703,159.74874473277174,158.25841958547977
487,2016-11-04 01:16:52+00:00,150.04726899446192,155.23079155178374,159.00899425807486,151.71390938287502,148.6327959292427,157.96601380302863,155.83907808578155,152.31851425528902
488,2016-11-12 01:14:33+00:00,140.08198316822728,140.8572927576802,147.4577149283805,,,,,
489,2017-01-06 01:20:36+00:00,,,,,,,,
490,2017-02-15 01:22:22+00:00,,151.1381528258956,,,107.44139403642671,,,
491,2017-03-03 01:22:30+00:00,,,,,,,,
492,2017-03-19 01:22:36+00:00,153.29928283036156,153.67302527776545,163.69655797031788,155.95055292737075,,,,
493,2017-03-20 01:13:54+00:00,152.71133723001287,161.7171581098552,166.94293418690128,156.05443311142506,151.601499822385,164.1736351230449,161.8958673377052,163.91135984478862
494,2017-03-28 01:16:28+00:00,144.30124780009456,150.19460843752213,155.76639851658356,150.18287302284816,148.03550029386932,161.5084867573202,162.04700833606765,159.1998020028427
495,2017-04-04 01:22:40+00:00,,,,,,,,184.0303144510818
496,2017-04-05 01:13:47+00:00,149.6794130640648,158.12460970998012,162.12025417218737,153.99813596967587,147.9528637187846,156.24040723109383,157.8786681793287,158.58663854369243
497,2017-04-12 01:19:54+00:00,139.57543001584415,141.48087607741272,148.05122304563534,146.78191627800703,140.83961773455582,152.39885111050955,147.26517454456865,146.17920482241092
498,2017-04-20 01:22:47+00:00,135.60757870127688,140.12609971058342,144.2004165383058,138.73968702354085,133.9903569378385,142.71359667874913,145.82957881538442,144.746911361926
499,2017-04-21 01:13:37+00:00,136.05698321410014,142.58436654348588,146.5235510995261,147.69876493344688,138.5597046446894,153.27152931443257,156.60691486659493,153.71994067083153
500,2017-05-07 01:13:33+00:00,149.457970823797,159.8053321976137,165.2961984063452,151.17157410247708,153.10071339134046,164.1186498036654,165.1634204618777,168.15420678574392
501,2017-07-09 01:23:04+00:00,142.05275420712678,151.7700276328851,156.13742987204427,150.9476637026538,148.54253029051546,160.6053065697438,156.9199331244744,157.78082920573456
502,2017-07-10 01:14:02+00:00,148.29841475119488,154.24432134031238,157.08839193020893,149.55476281272146,155.19975618151685,163.50840380130686,160.0173772991936,163.36846275039747
503,2017-07-26 01:14:09+00:00,144.5535672685541,149.2365407406916,157.8364707280105,150.37919529803852,144.16758806211413,156.926260684614,160.69404664256737,157.43231585055275
504,2017-08-26 01:23:01+00:00,,,,,,,,
505,2017-08-27 01:14:19+00:00,,,,,,,,131.6704803126259
506,2017-09-04 01:16:50+00:00,142.8858068182916,151.89652980407195,155.62080698885774,149.42498510757162,150.85917920612178,160.1491776720764,159.47940923965567,162.78392623338056
507,2017-09-19 01:20:33+00:00,141.23479920386353,148.06780853324057,153.56021454044625,150.43970043901544,147.2733164381589,151.85408896277897,152.9634733165257,148.8852851516584
508,2017-09-27 01:23:00+00:00,145.39206034782163,153.575949645122,157.8881456512178,148.01078631555058,144.82174071002882,154.1951174547181,156.41601584276918,147.3117132076092
509,2017-10-05 01:20:40+00:00,148.4262858275062,155.1539946020018,160.20844959380844,155.0013715801959,,,,
510,2017-10-30 01:14:32+00:00,,,,,,,155.24399997585095,145.52227337087172
511,2017-11-14 01:23:00+00:00,143.51879811643852,144.65243870327205,145.2880282721996,142.20967086271907,141.06850504177962,,,
512,2017-11-22 01:20:37+00:00,148.05888963814286,150.15378754902952,153.4013950475726,151.71901659340838,135.98065973127657,150.82040077699213,157.8266102020376,160.35738510936662
513,2017-11-30 01:22:55+00:00,,136.4879498149812,140.6891632409263,128.58718557182448,121.64914541096196,126.26555327917006,127.67290561622461,129.60663362647898
514,2017-12-08 01:20:33+00:00,,,,,,,,
515,2018-01-01 01:22:35+00:00,,,,,,,,
516,2018-01-25 01:20:22+00:00,,,,,,,,
517,2018-02-27 01:15:37+00:00,,,,,,,,
518,2018-03-06 01:21:44+00:00,,,,,,,,
519,2018-03-14 01:19:59+00:00,,139.3795111694744,,100.43525456006306,94.66976452630378,148.0094012188009,,
520,2018-03-15 01:15:26+00:00,160.04945522511878,164.26037287702414,164.66197754051518,154.22479311286548,145.03360439042268,,,
521,2018-03-30 01:19:52+00:00,152.85145489952015,157.76618753905993,160.72307893722927,154.902193918511,148.15972100905415,162.3942362001091,164.83325312213054,167.439056257093
522,2018-04-16 01:14:58+00:00,145.134939735987,145.60006339883276,155.43358147075725,149.96021522385197,146.0423718896967,156.4618993885754,156.59534211336714,160.03590557489196
523,2018-05-01 01:19:35+00:00,146.4387212259012,153.89971356588563,158.75875079616767,148.93499367709313,151.4902971782904,163.79469479750574,162.83344550606392,166.9950032385066
524,2018-05-26 01:13:06+00:00,149.73136434314847,155.70949225432952,159.87396416138168,148.25419381306423,147.53358923817953,160.3984371915637,169.39563565843346,174.51180956317617
525,2018-06-02 01:19:12+00:00,,,,,,,,
526,2018-06-03 01:14:09+00:00,151.5180476978337,157.55271380468025,161.1036571271705,149.83314226155196,151.98739950829452,164.12044419203326,166.98704083063606,171.54169250382353
527,2018-08-13 01:19:01+00:00,140.45823161018444,149.72947133000088,154.12144375348453,145.69173721170137,139.49778386300227,150.0580701795815,152.90673473013564,150.2363953389211
528,2018-10-09 01:11:35+00:00,149.45128120879266,,,,,150.12847403940322,145.2677830631965,135.3824993682265
529,2018-10-17 01:14:05+00:00,146.75476580960859,158.76621909534896,166.80485223173,158.54344132718686,155.04803598767433,162.70270513445433,,
530,2018-10-24 01:20:18+00:00,137.90733442586844,143.77052580648095,151.48216518909152,145.89781234279815,144.0616047971611,151.81069340455556,145.7478691350249,142.60767327524167
531,2018-10-25 01:11:13+00:00,148.02344686963679,151.37993770538577,157.46003613453587,,,,,
532,2018-11-01 01:17:15+00:00,143.5244775483649,,,,,,,143.84148446653347
533,2018-11-25 01:20:20+00:00,141.63774704767076,148.32208999299831,155.25070179468958,156.89303385209683,156.54848871303795,158.69228485391025,151.5603068759531,143.24589138361708
534,2018-11-26 01:10:28+00:00,143.37392041187826,144.5288529054793,159.44503007237103,158.9214367167436,151.45458740981076,151.28395170015324,148.1383332284913,
535,2018-12-19 01:16:01+00:00,,,,,,,,
536,2018-12-20 01:14:06+00:00,,,,,,,,
537,2018-12-27 01:20:17+00:00,,,,,,,,
538,2019-02-05 01:14:32+00:00,,,,,,,,
539,2019-02-13 01:20:09+00:00,,,,,,,,
540,2019-03-02 01:07:36+00:00,,,,,,,,
541,2019-03-09 01:13:34+00:00,,,,154.22207486081962,155.59622403674035,164.80970764623328,174.38700168489817,
542,2019-03-10 01:13:51+00:00,148.85112109382663,147.01469876033423,151.7203673867083,148.84263605992592,146.28238553736503,155.10769398999614,166.75196683288573,160.69467590929492
543,2019-03-17 01:20:00+00:00,142.59091953083404,152.99786128892814,157.80731332388933,150.07886692491263,151.7790240128867,158.13512225783842,170.64832927889202,169.5233119129937
544,2019-03-26 01:13:48+00:00,,,,,,,,
545,2019-04-11 01:13:43+00:00,146.38365225054386,156.64495390907072,163.48544263793005,152.85828312840843,150.64110763160897,161.38037621286537,169.9932137302296,172.449329398399
546,2019-04-18 01:19:51+00:00,146.19002166913083,158.22851169124726,162.61877331075087,156.05229798231895,154.0157815759363,163.72687580442366,169.93011020981652,175.0611618445641
547,2019-05-04 01:19:51+00:00,144.352876751625,150.31226259471825,159.8734310982779,148.63947130781193,155.03169363666862,160.94040660436937,167.8935619694424,165.584921387718
548,2019-05-05 01:05:22+00:00,159.5079666149324,160.02435129903162,168.82364626436004,162.00295899993756,,,,
549,2019-05-12 01:11:16+00:00,154.76501471635436,146.70223305203749,152.65360281882022,143.1260647189441,152.1237112973667,165.65486920671984,,
550,2019-05-13 01:13:47+00:00,154.16376259896495,164.08763260384237,167.28727152759362,158.5723914983318,166.48755962006206,181.18824395234392,189.06585382740926,187.7339120810487
551,2019-05-20 01:20:02+00:00,130.72757225536083,136.32091266773162,145.1362181936406,138.3096165654109,145.29074302237683,157.3227602520627,167.54229161100466,164.65664879010995
552,2019-06-05 01:20:10+00:00,175.72317364903847,,,,,,,
553,2019-06-14 01:14:03+00:00,146.17777215242373,153.49799620297276,161.58967956260383,155.6074890674933,153.80236799374316,164.84426685634008,175.80779466024254,168.48394746774733
554,2019-08-17 01:14:22+00:00,142.41131770070731,149.55520288447423,152.46149663525347,148.37541372191635,147.43955586243342,156.05088136729566,160.2158591169749,150.55917997302026
555,2019-09-01 01:06:54+00:00,,,,,,163.72217116614846,167.2690984611664,157.99906266526963
556,2019-09-09 01:20:39+00:00,137.43428408788895,143.38829246376898,150.50253500084574,153.03900961586837,155.47222042299538,165.1994234350773,169.8725694632451,183.4115225510581
557,2019-09-10 01:00:20+00:00,,,,156.38285125889527,159.28769653070432,169.27271001932576,169.06545341153463,163.7992528077479
558,2019-09-17 01:06:12+00:00,136.70832239124516,140.5684472090331,149.2853946493474,147.45376622226144,148.54364406991849,155.92764095316272,,
559,2019-09-25 01:20:44+00:00,,,,,,,,
560,2019-09-26 00:59:37+00:00,,,,,174.4594942178894,172.98937242086964,172.11804881368715,172.8078929337572
561,2019-10-20 01:14:37+00:00,145.10398996296308,148.24075716720006,152.16990023724344,150.98787329059934,147.37078036075408,157.2679627092456,159.18689294196386,149.19911814169905
562,2019-10-28 00:58:17+00:00,138.94102377595064,148.66741693167558,,,,,160.52457314676758,121.85720920850716
563,2019-11-04 01:04:09+00:00,,,,,141.21377577759404,137.31630214748932,128.22428270453656,
564,2019-11-05 01:14:37+00:00,148.7374822925601,158.4654909642025,164.65556297427665,155.7073883032207,161.8861611012765,163.28418463521987,166.2009688624217,159.70419793303338
565,2019-11-12 01:20:46+00:00,,139.7025487428043,150.29315347618942,147.23943921340108,147.39516250129142,155.7655649871609,154.38680697889887,146.67292373906344
566,2019-11-13 00:57:34+00:00,148.67281543637975,,,,,,166.32587103097347,159.2061694634811
567,2019-12-07 01:14:33+00:00,128.42177183381258,142.81665676097742,151.54741688732184,,,,,
568,2019-12-15 00:56:00+00:00,149.02982040138414,,,,,,,
569,2019-12-22 01:01:50+00:00,,,,,146.19192962855823,168.24240750539167,192.64584962448163,
570,2020-01-07 01:00:59+00:00,,,,,159.1732845274316,166.49051166579707,183.46934733631267,
571,2020-01-23 01:00:12+00:00,,162.80076851820542,,,157.64046671807213,171.1575935090399,185.362385666412,154.34619345248177
572,2020-02-24 00:58:34+00:00,,,,159.33896815080175,153.31613095410185,167.41084130770565,166.17449668582339,159.52382212715872
573,2020-03-12 01:14:07+00:00,151.01839467577983,155.40152620533522,161.7054882889549,150.66104066804277,152.19313672775533,162.56053622260237,159.46068323947878,154.99724751804504
574,2020-03-19 01:20:14+00:00,143.2331568023617,148.6154339765239,156.5812138248293,144.19145913181953,150.43029338602963,156.68411894642026,166.52567362156884,157.27260309602258
575,2020-03-20 00:51:02+00:00,,,,154.04352370072561,147.44309047198067,156.04461785373408,161.3975343227171,156.96820986207086
576,2020-03-27 00:56:49+00:00,,,,,,156.56872756275615,158.61203366360508,160.31119882894407
577,2020-03-28 01:13:58+00:00,147.0692714964385,150.0089409168162,159.54875367495663,148.25838164070535,141.02400638776345,155.3255867107557,157.25499193061725,158.8418886988786
578,2020-04-04 01:20:05+00:00,144.78721707584708,153.18319493147004,158.59670020394623,145.9999199369254,143.7887966962113,157.71520261804852,160.3273503237222,159.68466150282188
579,2020-05-07 00:48:14+00:00,158.549220846222,160.73489262538686,167.03692584659532,,,,,
580,2020-05-14 00:53:59+00:00,,,,,,,154.13606904503658,163.3437881997737
581,2020-05-15 01:13:39+00:00,150.10607792412418,160.49932568110913,166.9506930082623,155.9408969106589,153.53658483757633,164.2767424722704,168.6338576047075,172.59828426567753
582,2020-05-30 00:53:01+00:00,134.22434007390908,140.54962936316247,,,,,,
583,2020-05-31 01:13:43+00:00,155.54618864651349,165.200803465172,165.5747678275381,156.62973627798823,164.41853167410923,175.8649092923166,174.44807937828304,178.58995077897345
584,2020-06-15 00:52:05+00:00,,,,,153.35004750159902,161.82570698570592,163.1225958485607,165.9585425191762
585,2020-06-24 00:45:23+00:00,,,,147.65462661307603,146.00236874577382,154.90792981157986,157.91648823067194,156.03056391006126
586,2020-07-10 00:44:25+00:00,147.83619404814772,156.51885657379498,159.37216416999462,153.1406094228058,156.4877001224502,166.92068286952977,165.70981210080274,166.81647977284754
587,2020-08-03 01:14:11+00:00,144.88464454980385,150.65749031754217,156.9218896893654,153.07376894910368,153.14735002740025,160.95139415214524,161.92183306819612,160.94065633523826
588,2020-08-19 01:14:16+00:00,151.5870353219743,151.57400140317975,158.02454088462466,154.816177833702,155.8251056001593,164.55419748267994,168.37730450788203,163.66168582183332
589,2020-08-27 00:41:24+00:00,149.853069452963,157.15130573006752,166.22689639887537,164.51201090100474,161.5901505942798,168.79138053468893,172.16976042347733,
590,2020-09-19 00:46:04+00:00,,,,,,,,
591,2020-09-28 00:39:18+00:00,133.03248969611448,138.97185162916836,148.45561025820618,138.33834281377193,137.26932415045664,151.23993042995124,154.11720220827468,146.41847267461986
592,2020-10-05 00:45:02+00:00,134.16452665096787,136.75266068022972,141.50254798728082,,,,,
593,2020-10-13 01:20:45+00:00,138.06281859076995,145.58175747537237,151.81638556793604,147.50214104557355,146.37937855751701,152.30040358010808,149.54916878800432,140.40940582918884
594,2020-10-21 00:44:00+00:00,148.72682783580916,148.29025939980568,149.9106122084472,151.00038138182154,154.44345521379228,,,
595,2020-10-29 01:20:44+00:00,147.79777380551408,155.32974255540734,156.71481017783597,147.342634515541,153.99937578784693,151.1968975803299,143.8117015550844,122.17413187598315
596,2020-11-07 01:14:32+00:00,146.2909182722434,150.84818134075613,156.85014120913866,152.47104821205988,148.92504111160127,151.8320713003038,151.87574185826642,140.9928639806974
597,2020-12-16 01:20:45+00:00,,,,,,,,
598,2021-01-25 00:37:12+00:00,,,,,,,,
599,2021-02-02 01:20:32+00:00,,,,,,,,
600,2021-02-19 00:29:10+00:00,158.03439369846689,141.30799163016226,128.85012301568293,165.13433591653234,,,,
601,2021-03-15 01:14:05+00:00,153.04579842900495,154.97331604140263,162.90551149200087,154.88889023064303,146.05900770376593,158.71241242846997,161.16956063668982,158.9326660495936
602,2021-03-31 01:14:01+00:00,145.55015955559716,147.53669195193757,156.8110155365408,150.0335272240589,142.96434514058058,155.93286640733592,157.0656739703338,154.6246303337566
603,2021-04-08 00:25:20+00:00,145.6541243486168,147.43631592895989,161.15911785302424,153.5338451966589,149.20613869666633,156.43140399887776,158.90458359719358,159.80594927685306
604,2021-04-15 00:30:56+00:00,,,,,,142.23427721234629,134.9803393575646,155.01936755152923
605,2021-04-16 01:13:55+00:00,148.58661514127058,154.62745797591649,158.8732554486671,151.4605472913318,151.91595807963768,163.2240575287369,163.43372256917797,164.6595209543027
606,2021-04-23 01:20:02+00:00,153.358402716243,163.2199022140193,163.63425768037968,149.06775977778378,155.68088856006054,164.324279015941,170.1541965650106,166.49825868237835
607,2021-05-01 00:29:35+00:00,143.18569721830417,143.0383936355921,153.25424201555936,148.45185686816765,146.60963571575942,158.6085322349803,166.04408308102813,162.0484016876435
608,2021-05-18 01:13:51+00:00,148.43242164525208,155.85119601347031,161.42921102859958,154.9439944570844,154.4683637920015,163.88930840688494,168.53740890677312,162.96507002085522
609,2021-05-25 01:20:06+00:00,132.53770263201005,136.73065315897608,143.26013089938027,147.08180753732756,147.35636323157058,158.87571679048682,159.10926873181467,155.0543481300998
610,2021-05-26 00:21:18+00:00,145.87679943431917,154.51426937906834,154.86864287610072,151.35023028243802,156.8778846708588,167.46636508680743,168.432389043994,166.88931744165868
611,2021-06-10 01:20:13+00:00,146.2852745433135,152.57133974086742,160.76771974889118,156.89043390949598,156.1592117287593,168.5785171849838,168.9999981187487,167.4388587159666
612,2021-06-11 00:19:58+00:00,,,,,156.20945179141538,,,
613,2021-06-27 00:18:39+00:00,148.91243275902372,147.69670180919195,154.5887726489986,146.7464524064907,152.05833120844255,158.3720371581971,166.09331326378876,164.98208834229703
614,2021-07-20 00:22:53+00:00,152.16556305259095,,,,,,,
615,2021-07-29 00:15:55+00:00,148.31872337647889,149.77793177282138,154.6003540397308,148.97972870049261,151.15526350595778,,,
616,2021-08-05 00:21:28+00:00,153.89216009263313,155.30670644928614,157.71652610557928,151.84195755720788,156.23358050822011,165.92799050282235,168.12558195675572,163.02704020721558
617,2021-08-06 01:14:19+00:00,154.00400859159424,155.13764495301328,159.98367370391333,157.13199125852208,162.99641024879332,168.68724307783543,174.73394729641308,171.87561288323275
618,2021-08-29 01:20:37+00:00,154.54446757764455,164.72833679593265,164.62449586185787,156.7601364933359,159.37533486625512,163.21744966058336,167.90860688597127,168.61200025624527
619,2021-09-07 01:14:29+00:00,161.96379639266937,164.73429522045416,164.49016667011998,154.71349121752135,,,,
620,2021-10-09 01:14:38+00:00,151.34956426424506,163.53003988189116,162.34841637560191,158.5719574125539,164.56728000788198,164.2781110361132,168.27876590198042,169.33406957319656
621,2021-10-25 01:14:40+00:00,,,,,,,,
622,2021-11-10 01:14:37+00:00,145.3034757648335,149.35156669196337,157.72936892425525,149.4185196752634,148.05085890097848,150.28421105178984,153.2198545532913,136.42113076980968
623,2021-11-17 01:13:35+00:00,,,,,135.4336848302902,,,
624,2021-12-04 00:04:20+00:00,,,,,,,,
625,2021-12-11 00:09:51+00:00,,,,161.57592888104043,145.78905180623073,160.06624796563403,152.12567387931685,118.23997880714748
626,2021-12-20 01:14:31+00:00,,,,,,,,
627,2021-12-27 00:08:17+00:00,,,,,,,,
628,2021-12-28 01:14:30+00:00,,,,,,,,
629,2022-01-21 01:14:29+00:00,109.27199009872187,,,,,,,111.17302597680126
630,2022-02-05 01:20:32+00:00,,,,,,,,
631,2022-02-06 01:14:29+00:00,,,,,,,,
632,2022-02-21 01:20:26+00:00,,,,,,,,
633,2022-02-22 01:14:21+00:00,,,,,,,,
634,2022-03-10 01:14:16+00:00,,,,,,,,
635,2022-03-25 01:20:13+00:00,148.11561805364417,156.5315954181576,,159.61271930762442,155.0470600769894,165.11899552267755,168.50178944578585,166.33005999911248
636,2022-04-03 01:13:58+00:00,160.81088660798204,162.57061030514754,172.73993256611192,157.01192124910756,163.18300444761007,175.81052553391035,174.46425831159075,173.3013442672982
637,2022-04-19 01:14:03+00:00,155.6309561952026,156.92939692547677,171.60349014993213,156.68870575669516,163.9373430963481,170.45907918401377,174.5911545838194,171.93198527295195
638,2022-04-27 01:13:59+00:00,149.75846146302135,151.32565576006485,163.278584795326,157.87477921753398,152.84964044078137,162.8135249753104,168.264126254981,166.430690739691
639,2022-05-04 01:20:08+00:00,139.48978316002515,144.79254477796766,158.04996798929272,145.24717677156582,146.50794857902514,157.4666472732316,162.49886994293382,161.8783154450825
640,2022-05-21 01:14:10+00:00,155.19008382535628,160.81871193559132,160.2338437422406,154.64236597123013,158.27987100196341,170.29457971898813,178.0506992951689,176.94200755367592
641,2022-05-29 01:13:45+00:00,152.60704706468186,159.01419075136832,158.8191835544089,151.77478937290843,154.432634978917,166.37141986977406,170.61700531837474,169.2926250012482
642,2022-06-21 01:20:10+00:00,162.9429878388321,167.91096521135418,165.7854924949691,156.75593878608353,158.18814894179687,162.85161740275117,168.73906670581664,167.35434067362596
643,2022-06-22 01:14:27+00:00,150.19751598509617,161.41346730084535,168.34313656174012,158.6653506314903,155.84534307121226,163.10851163435288,171.2887977086639,166.47779758949397
644,2022-08-17 01:14:26+00:00,151.60721650779595,157.3622772485323,163.02066087040976,156.01884007424692,158.76480961762212,164.2668287000017,164.94076341088598,161.76427125690532
645,2022-08-25 01:14:46+00:00,142.4836989710792,159.9405283295534,163.17919428906683,161.09048648782894,158.10624015443173,,,
646,2022-09-09 01:20:38+00:00,152.48907011708926,157.6138851641405,163.77880423698397,160.46784759794912,162.95984208520315,166.6067743347058,170.7257273710525,164.35576651764234
647,2022-09-10 01:14:50+00:00,151.52027420923483,157.03959550355776,163.3260590063263,163.7564993207114,163.60237110523556,167.55918511207963,170.36938185392322,162.94667580054826
648,2022-09-25 01:20:46+00:00,148.94568748301003,154.90184719389916,160.2258111641081,158.62855425985776,156.4306774090121,163.0973070848753,164.45880623197812,160.84707629971024
649,2022-10-19 01:20:58+00:00,,,,,,,,
650,2022-10-20 01:14:41+00:00,155.66853954964674,161.76348351335304,168.7479195703485,161.0086885426297,162.09261500286874,166.66819735963256,,
651,2022-10-28 01:14:52+00:00,151.45367001935097,161.80357719660077,167.30090714975464,158.54387279474446,159.55475241760638,166.5982433888263,169.63606189690276,166.37051483730986
652,2022-11-12 01:20:53+00:00,157.0668114260539,156.86340923481447,166.87778237794726,160.6693075232834,162.34183722360007,169.6333999839069,169.62715724464232,172.0546195873618
653,2022-11-20 01:20:56+00:00,138.52405758248383,138.60843449611988,146.38583319125507,149.08085164726995,151.67408090034684,162.761021570794,167.68891284443546,163.35587604580147
654,2022-12-30 01:20:51+00:00,,,,,,,,
655,2022-12-31 01:14:39+00:00,,,,,191.1038165504036,,,
656,2023-01-23 01:20:45+00:00,,,,140.16290346774872,,,,
657,2023-03-05 01:14:16+00:00,,,,,,,,
658,2023-03-20 01:20:32+00:00,160.20717260098326,163.66421779638907,165.04286101159576,159.9881666035725,164.24893134059363,168.8336352733749,180.48035894877214,181.24675470022996
659,2023-03-21 01:14:07+00:00,157.27659830843754,158.3342067615429,163.77113196403934,157.90676243494892,160.83393504253425,170.01665715874995,183.48292703805163,180.91849804096927
660,2023-03-28 01:20:14+00:00,159.6865445157234,,,161.95975457674894,166.60771920405134,170.2834844378099,179.37411177883257,178.5726824365416
661,2023-04-13 01:19:58+00:00,152.49375511428582,151.2397048668349,161.9899924575151,152.80245880645137,156.67461219991452,165.26417410993196,174.63459977169725,177.07603724447125
662,2023-04-21 01:20:16+00:00,,,,,,,,
663,2023-05-24 01:13:32+00:00,147.92225765118118,154.66885259438502,165.53493239840552,162.497213478127,165.42961832407065,171.56031436266952,179.35671048895543,179.60580521419917
664,2023-05-31 01:19:43+00:00,143.01890378753944,145.82480783220075,157.92521001938286,160.79918005776142,162.18031655763272,163.65071699304372,170.70750823740727,174.69456211705875
665,2023-06-17 01:13:33+00:00,145.2947183960689,,,,,,,
666,2023-07-26 01:20:00+00:00,,,,167.93737614543812,173.99652230946057,177.8580564138797,175.32569203183417,178.1770648310262
667,2023-07-27 01:14:01+00:00,165.74661645883864,167.42377627749352,173.18942446735227,175.69736642530373,183.48253463016485,190.9614061030826,189.37259839428276,192.16101185462446
668,2023-08-04 01:13:58+00:00,157.6983603616143,160.0275237146379,163.71586784562382,171.2485967717196,178.27955378876868,185.4220805551893,186.78661193307593,184.19130138504937
669,2023-08-11 01:20:11+00:00,134.0393738407117,140.79181642841735,148.36979603927628,153.71714653192697,157.47189284210793,162.51963261926136,166.97369647726458,166.6163334951423
670,2023-08-20 01:14:02+00:00,148.18562562530317,158.3106512590276,161.94277978583975,154.56041437186073,158.5627664506609,164.76286901995263,166.63414508875667,162.1935815723257
671,2023-08-27 01:20:19+00:00,148.86531401653923,157.89769522731157,166.44319775766147,163.08600489222465,166.09970646987037,170.64440170237233,173.53933440928057,169.14565006765847
672,2023-09-20 01:20:29+00:00,143.2739174095309,150.29665840165086,161.05536557162182,157.93612531455247,161.49119168785472,168.02501614797154,168.04011984593507,160.91079100736684
673,2023-09-29 01:14:21+00:00,146.5498559763128,149.0381822489484,159.71144962142358,154.35213073149194,154.70271723187497,160.4662304663606,163.47296987058093,157.00728807935081
674,2023-10-06 01:20:31+00:00,,,,,,,,
675,2023-10-07 01:14:21+00:00,144.16268888051835,150.76059060239035,159.43504413730207,151.76102627442273,157.29060901737247,160.75627891725452,160.24350050660638,158.1125647425313
676,2023-10-15 01:14:24+00:00,140.8003186614609,157.0725930054124,164.64868819172642,163.38160333229405,164.26987560198512,171.6429437929433,179.01885776508317,170.1455665508039
677,2023-10-31 01:14:27+00:00,124.26723413021422,154.8786184006776,164.52491851590068,157.20539065579464,158.91591159853857,158.2034730108992,214.06361750182506,211.77606216352842
678,2023-11-08 01:14:24+00:00,151.28412516328245,157.1219870122577,164.544884886092,161.13392304846317,162.00581008830736,168.62444863538414,,
679,2023-11-16 01:14:26+00:00,154.69547606691407,161.3265282758689,166.70389915902064,160.68133622150157,170.40026046542235,173.49557899570138,175.9491308748817,174.04129923218366
680,2023-12-09 01:20:31+00:00,,,,,,,,
681,2023-12-25 01:20:37+00:00,,,,,,,,
682,2024-01-18 01:20:41+00:00,117.75073517923757,,,,,,,
683,2024-01-27 01:14:29+00:00,108.85363787762854,,,,,161.8732903397274,198.67687388955602,205.88676069304054
684,2024-02-19 01:20:35+00:00,149.74817007690336,153.49515799130882,161.74416578666748,150.5293850464564,153.34928749416153,163.49863626585065,167.9488489916913,165.45748121975902
685,2024-04-07 01:20:24+00:00,151.2450644038176,160.59639330576957,165.2642493211959,156.02606548792122,151.4899526939018,161.52538158770707,168.8696402178642,171.11149774596322
686,2024-04-15 01:19:57+00:00,148.99969566718195,160.0463636094008,165.93588208065594,150.93066062104182,152.2649008658384,162.2084206404432,168.11332601731937,167.67080154717902
687,2024-05-01 01:19:45+00:00,139.89392517090897,149.97217687156268,157.42864056730417,142.3189528975722,143.13619169891416,153.7530383501631,157.68509285656071,156.03916246090887
688,2024-05-02 01:13:50+00:00,157.4654289874592,167.20520758316715,167.39806431481537,156.4019563020824,157.12547314037548,165.54069023816004,172.4428174264349,176.76701853911274
689,2024-05-10 01:13:30+00:00,156.75015959939984,160.15530489057926,169.13888190999154,152.16732702831155,157.84627685815997,165.93983726058306,169.86773535945335,170.44241681630172
690,2024-05-18 01:13:42+00:00,151.95311461415548,166.14691812549881,164.56226192152576,154.28783849221927,150.76138091038746,164.19458611192113,171.43722892029157,178.00430456948794
691,2024-05-25 01:19:50+00:00,138.32246354746178,140.40061020276002,151.39068991298674,138.95231025800797,141.63835384123232,153.8730729290671,156.566254192668,158.54314765113102
692,2024-06-19 01:13:22+00:00,157.60489693532142,160.36193268424236,163.77983039466528,153.5072695798321,156.7829725830886,165.51584039212915,170.37994243434483,175.94866817053756
693,2024-06-27 01:13:31+00:00,161.4291260870869,160.78932596598784,162.79894876392217,154.83245534515993,154.91243890137508,168.93690033830634,174.76332332534673,175.43806619146469
694,2024-07-12 01:19:49+00:00,140.28204774720584,145.86339023872677,150.90421636517948,140.49630108228178,140.94081641519608,158.06253968965757,162.4730544222421,166.25904818488817
695,2024-07-21 01:13:41+00:00,150.87585823878192,154.14197344253455,156.12882363581613,152.1198826413786,155.66301134938533,167.34012561575386,173.0333875939026,168.9571477330362
696,2024-08-30 01:14:00+00:00,148.7231671278577,158.29524144897243,164.0397772713469,155.30647518689128,154.9331268814749,165.7008364338889,169.31097326892322,172.55324802682813
697,2024-09-06 01:20:18+00:00,149.03042841010245,156.26947920750274,161.06801874542057,156.26460734544477,160.875088406955,166.4478420816694,169.29791231322235,166.4560434282756
698,2024-09-07 01:13:56+00:00,149.29108024174073,157.81417541875507,164.24840975251024,156.3655685299454,160.92666202557575,169.57036687072232,170.72031094555686,166.5392260731986
699,2024-09-14 01:20:15+00:00,147.25599438141714,156.85107382542975,162.2568618754951,156.30588951260634,163.68289566177108,165.26517109243815,170.03125771236444,169.2741956434387
700,2024-10-17 01:14:18+00:00,147.9226213805316,156.23393394931603,162.2853296594822,158.02097824984338,158.7788796026617,162.87673739403533,163.3849924398421,133.92830503679116
701,2024-10-25 01:14:24+00:00,152.1690822220843,164.16454390324526,168.46659505226089,153.61172928404943,155.20887692911546,160.69861744662794,158.3159694318748,154.70262567790746
702,2024-11-09 01:20:26+00:00,150.05481959691963,157.46020223984453,166.58584562311168,158.80015269398493,158.90746352436778,165.75034609662364,163.65903522378642,152.31515366482753
703,2024-11-25 01:20:35+00:00,140.0469435655957,150.34680160317097,152.70775821206823,147.5009032827643,145.02958329065092,143.83797676803525,130.7768749024587,
704,2024-11-26 01:14:30+00:00,148.2165375353221,159.1082817419729,165.56137007327644,155.13262473517796,152.89563031017494,158.94604381241814,168.65696408309293,161.60923766489785
705,2024-12-19 01:20:34+00:00,,,,,,,,
706,2024-12-27 01:20:27+00:00,,,,190.71869984505253,,,,
707,2024-12-28 01:14:24+00:00,,,,,,,,
708,2025-01-05 01:14:17+00:00,,,,,,,,
709,2025-01-13 01:14:24+00:00,,,,,,,,
710,2025-02-06 01:14:18+00:00,,,,,,,,
711,2025-02-14 01:14:25+00:00,,,,,,,,
712,2025-02-21 01:20:34+00:00,,,,,,,,
713,2025-02-22 01:14:09+00:00,,175.41739343245823,,,,,,131.1640725613847
714,2025-03-01 01:20:15+00:00,,,,,,,,
715,2025-03-09 01:20:29+00:00,,,,,,,,
716,2025-03-10 01:14:05+00:00,,,,,,,,
717,2025-03-26 01:13:54+00:00,148.67832618892007,160.55003307430854,156.9387759295992,148.29382533956115,149.040805804154,154.8239981144856,161.21118474946388,157.94864865163677
718,2025-04-11 01:13:49+00:00,145.93416760178252,160.96438859195584,165.06828640559297,155.89936615578156,156.253272971878,162.09897968461212,165.0865012000241,164.8003157949142
719,2025-04-27 01:13:38+00:00,153.77064635591657,162.62884459242292,158.17953805923037,153.40041220831,159.08137308361609,164.43077307994372,164.8987160080719,164.97243864749032
720,2025-05-13 01:13:38+00:00,153.7307449465207,161.37816030176768,160.60991706803793,154.1826799495076,161.91857177545631,170.4862806309426,170.6620903295339,169.50963341478223
