dates,sar0781-0000,sar0781-0001,sar0781-0002,sar0781-0003,sar0781-0004,sar0781-0005,sar0781-0006,sar0781-0007,satname
1984-06-07 09:34:42+00:00,175.0,,,,,,,,L5
1984-09-11 09:36:38+00:00,170.60500000000002,139.42,,196.0,169.14,177.2,196.38,201.44,L5
1984-09-27 09:36:39+00:00,174.72333333333336,153.62,,208.625,175.20499999999998,193.485,201.87,211.405,L5
1984-10-29 09:36:32+00:00,172.865,150.97,,211.53333333333333,175.20499999999998,193.485,201.87,211.405,L5
1985-06-26 09:36:35+00:00,182.49,169.58,172.35,203.83,170.38,203.79,201.63,206.89,L5
1985-07-12 09:36:29+00:00,179.81,171.23000000000002,180.965,204.78,170.805,205.42000000000002,200.26,205.46499999999997,L5
1985-07-28 09:36:22+00:00,182.34,175.85666666666668,182.09666666666666,210.04,176.45333333333335,206.61666666666667,202.26666666666665,206.17,L5
1985-08-13 09:36:12+00:00,183.25,174.8975,179.0825,212.03,177.1325,205.8025,202.0125,206.565,L5
1985-08-29 09:36:02+00:00,183.668,175.364,177.502,213.18200000000002,178.85,206.93400000000003,202.85399999999998,207.0,L5
1985-12-03 09:34:43+00:00,182.265,169.03666666666666,177.502,215.10833333333335,178.85,206.93400000000003,205.3033333333333,208.88333333333333,L5
1986-01-04 09:34:08+00:00,177.22833333333332,160.085,178.79,215.17833333333337,180.9675,204.204,205.8016666666667,208.17999999999998,L5
1986-04-10 09:32:04+00:00,164.47333333333333,132.62333333333333,156.85,210.64666666666668,162.95,196.055,206.83666666666667,207.84333333333333,L5
1986-05-12 09:31:17+00:00,171.1675,146.4675,156.85,211.57,179.83499999999998,201.08666666666667,208.15,212.17000000000002,L5
1986-05-28 09:30:50+00:00,172.748,150.942,167.17000000000002,210.23200000000003,176.74333333333334,201.92,206.038,208.958,L5
1986-06-29 09:29:50+00:00,174.99,160.38600000000002,176.01666666666665,208.77399999999997,179.37,202.80599999999998,202.79000000000002,208.456,L5
1986-07-15 09:29:17+00:00,179.888,170.126,179.375,209.90499999999997,179.37,205.9725,201.38799999999998,208.35399999999998,L5
1986-09-17 09:27:01+00:00,181.63,171.795,187.336,212.464,179.61399999999998,206.746,201.95833333333334,207.76666666666665,L5
1986-11-04 09:25:25+00:00,174.54166666666666,177.23399999999998,194.9575,214.84249999999997,183.77999999999997,207.94,196.02166666666668,208.808,L5
1987-01-07 09:26:01+00:00,162.335,172.35499999999996,204.31500000000003,211.245,175.22,195.82,191.16500000000002,202.36666666666667,L5
1987-01-23 09:26:28+00:00,157.52666666666667,180.14,219.18,214.62333333333333,170.5,195.82,193.46,203.42999999999998,L5
1987-04-29 09:29:54+00:00,154.66666666666666,169.01,192.71,210.45333333333335,170.17999999999998,194.395,192.66,203.11333333333332,L5
1987-06-16 09:31:07+00:00,170.50666666666666,159.14999999999998,192.71,203.9,170.1675,191.70666666666668,200.20000000000002,201.495,L5
1987-07-02 09:31:27+00:00,172.61499999999998,164.14666666666665,177.03500000000003,204.6,170.14600000000002,194.31,199.8,201.742,L5
1987-07-18 09:31:44+00:00,178.58249999999998,168.95,177.03500000000003,208.808,172.77400000000003,200.7375,200.4,203.2,L5
1987-08-03 09:32:13+00:00,177.8,168.882,175.17,205.288,175.692,202.20200000000003,199.87,203.298,L5
1987-08-19 09:32:41+00:00,177.21833333333333,167.59,179.57,205.25833333333335,175.62166666666667,202.25,200.22833333333332,203.56500000000003,L5
1987-09-04 09:33:07+00:00,178.02714285714288,167.66,182.402,206.11714285714288,176.95428571428573,203.00142857142856,199.90857142857143,203.17142857142858,L5
1987-09-20 09:33:30+00:00,178.62875,166.935,188.51833333333335,208.61625,178.07,204.05875,201.22,203.99625,L5
1987-11-07 09:34:26+00:00,177.69,162.67375,192.92666666666665,209.90625,177.84714285714284,204.27375,201.215,204.26749999999998,L5
1987-12-09 09:34:58+00:00,175.83333333333334,157.44555555555556,192.92666666666665,208.8022222222222,175.14874999999998,203.64444444444447,202.82888888888888,207.70222222222222,L5
1987-12-25 09:35:13+00:00,176.6688888888889,153.85444444444445,198.7942857142857,213.66,175.8657142857143,205.80875,204.7888888888889,210.73333333333335,L5
1988-01-10 09:35:29+00:00,176.72333333333333,148.58444444444444,209.20857142857145,215.14111111111112,176.83333333333334,206.33571428571432,206.74555555555557,213.56333333333336,L5
1988-02-11 09:36:05+00:00,175.68375,141.07750000000001,215.50333333333333,216.30125,175.154,205.75600000000003,207.89000000000001,213.75125,L5
1988-04-15 09:36:38+00:00,175.41166666666666,136.56833333333336,222.8,219.01833333333335,174.82000000000002,208.55333333333337,210.54166666666666,218.17999999999998,L5
1988-05-17 09:36:55+00:00,179.73833333333334,146.45333333333335,226.66,219.635,181.17249999999999,210.73666666666668,212.39833333333334,218.72333333333336,L5
1988-07-04 09:37:12+00:00,183.314,163.858,224.21333333333334,219.92,186.2875,211.16,210.01399999999998,209.97199999999998,L5
1988-07-20 09:37:15+00:00,183.66400000000002,172.05,219.19,216.61999999999998,183.572,208.5325,206.16400000000004,203.576,L5
1988-08-05 09:37:16+00:00,180.625,168.71833333333333,219.19,211.07666666666668,180.48666666666668,206.086,204.74,202.0583333333333,L5
1988-08-21 09:37:17+00:00,183.47833333333335,175.74166666666667,219.12,211.93999999999997,183.85500000000002,206.36833333333334,204.82500000000002,203.71166666666667,L5
1988-09-22 09:37:13+00:00,183.04857142857145,174.41428571428574,203.46,212.54571428571427,182.8557142857143,206.74,203.94571428571427,203.93571428571428,L5
1988-10-08 09:37:09+00:00,182.32625000000002,171.695,193.834,211.42624999999998,182.13750000000002,206.62125,203.27,204.19,L5
1988-12-11 09:36:57+00:00,177.95857142857145,161.47571428571428,162.57500000000002,208.37428571428572,177.40285714285716,204.50142857142856,201.61714285714285,202.12285714285716,L5
1988-12-27 09:36:51+00:00,178.19750000000002,158.7825,154.69,209.69125000000003,178.80375,204.50142857142856,202.97125,204.0225,L5
1989-01-12 09:36:44+00:00,179.51125000000002,154.07625,152.52333333333334,211.75875000000002,180.7425,205.27166666666665,205.57125,205.58374999999998,L5
1989-01-28 09:36:31+00:00,179.49125,148.86375,152.52333333333334,214.91250000000002,181.89000000000001,206.196,207.39,208.5,L5
1989-03-17 09:35:40+00:00,180.53714285714287,143.79,142.98333333333335,217.65857142857143,182.28666666666666,207.30499999999998,207.98714285714283,209.66857142857143,L5
1989-04-02 09:35:35+00:00,180.24571428571429,143.0557142857143,149.11666666666667,216.73000000000002,183.6966666666667,208.26,209.68571428571428,210.48857142857145,L5
1989-05-20 09:34:56+00:00,181.99571428571429,147.9857142857143,159.69833333333335,219.27142857142854,186.165,209.2725,210.28571428571428,210.24857142857144,L5
1989-06-21 09:34:19+00:00,182.51142857142855,154.27428571428572,167.736,219.1,185.53833333333333,207.65750000000003,209.5614285714286,210.18142857142857,L5
1989-07-23 09:33:45+00:00,182.93999999999997,164.14000000000001,191.27999999999997,216.16833333333332,182.714,205.708,206.375,208.0916666666667,L5
1989-08-24 09:33:03+00:00,184.155,172.61666666666667,194.3875,215.45000000000002,182.54833333333332,206.20000000000002,205.84666666666666,207.79,L5
1989-09-25 09:32:16+00:00,183.14,174.385,208.64249999999998,214.3166666666667,181.53,206.87333333333336,205.3216666666667,209.66666666666666,L5
1989-10-11 09:31:53+00:00,182.54999999999998,172.9283333333333,213.76333333333332,215.48666666666665,179.98166666666665,204.9083333333333,204.35,206.89999999999998,L5
1989-10-27 09:31:15+00:00,182.11999999999998,167.96428571428572,213.76333333333332,214.62285714285713,179.98166666666665,205.3557142857143,205.33571428571426,208.46571428571428,L5
1989-11-12 09:30:54+00:00,183.82375,163.92374999999998,213.76333333333332,217.4725,179.98166666666665,207.38375,207.18375,210.48,L5
1990-01-15 09:28:57+00:00,182.66428571428574,154.67142857142858,211.235,216.30142857142854,179.972,207.25833333333333,209.3942857142857,211.8442857142857,L5
1990-03-04 09:27:26+00:00,180.29666666666665,145.36166666666665,218.76,217.21666666666667,178.98666666666668,210.652,211.35166666666666,212.1933333333333,L5
1990-04-21 09:26:46+00:00,180.988,147.98600000000002,184.15,219.894,182.01999999999998,213.7025,213.81400000000002,212.382,L5
1990-05-23 09:26:44+00:00,177.2525,159.09,170.95499999999998,214.23250000000002,178.9333333333333,210.49333333333334,209.1825,206.215,L5
1990-06-08 09:26:43+00:00,178.95999999999998,162.334,170.97333333333333,214.798,178.575,209.0775,209.05599999999998,208.26399999999998,L5
1990-06-24 09:26:42+00:00,179.86833333333334,165.62333333333333,174.215,216.01999999999998,180.91,209.02200000000002,209.42166666666665,207.82000000000002,L5
1990-07-10 09:26:40+00:00,181.78857142857143,167.56857142857143,174.34,216.21142857142857,181.33333333333334,209.0533333333333,208.98000000000002,209.45285714285714,L5
1990-07-26 09:26:36+00:00,182.6157142857143,173.00571428571428,172.68499999999997,215.1685714285714,179.33,208.41857142857143,206.53428571428572,208.67142857142855,L5
1990-08-27 09:26:25+00:00,181.44125,170.14125,170.44285714285712,213.69125,178.53285714285715,207.85125,205.93875,208.20374999999999,L5
1990-09-28 09:26:14+00:00,180.33124999999998,170.50125,167.84375,210.965,176.94625,204.91375,204.38714285714286,207.70428571428573,L5
1990-10-14 09:26:08+00:00,179.74555555555557,168.04,167.05888888888887,211.64,176.94625,204.46222222222224,204.10875,207.1925,L5
1990-10-30 09:25:59+00:00,179.5611111111111,164.21333333333334,161.05888888888887,209.07555555555555,176.53375,201.63111111111112,202.4475,206.575,L5
1991-01-18 09:26:53+00:00,172.63333333333333,154.20999999999998,146.05999999999997,207.23,172.07750000000001,197.11,198.60499999999996,205.03400000000002,L5
1991-03-23 09:28:07+00:00,170.315,149.17999999999998,138.73999999999998,204.68800000000002,167.12333333333333,194.5375,195.4433333333333,201.2475,L5
1991-05-26 09:29:10+00:00,175.995,186.53,114.38,210.86666666666667,177.04500000000002,206.46,201.835,206.28333333333333,L5
1991-06-27 09:29:37+00:00,179.98666666666668,185.515,114.38,212.465,181.1966666666667,205.8166666666667,200.57000000000002,207.60750000000002,L5
1991-07-13 09:29:45+00:00,180.2575,178.12666666666667,125.88499999999999,213.388,180.63,206.095,201.23250000000002,206.95999999999998,L5
1991-07-29 09:30:00+00:00,187.39499999999998,180.805,137.39,212.83,181.33800000000002,206.564,202.892,204.978,L5
1991-08-14 09:30:03+00:00,188.408,182.052,137.39,212.025,183.19500000000002,206.564,202.892,204.978,L5
1991-08-30 09:30:13+00:00,187.4333333333333,180.13,144.55,212.76,181.99285714285716,206.42166666666665,201.67,205.26333333333335,L5
1991-09-15 09:30:26+00:00,186.76142857142855,178.3685714285714,154.05666666666664,213.9425,182.71,207.05857142857144,202.91428571428574,205.26000000000002,L5
1991-10-01 09:30:30+00:00,185.38875,175.18,153.7175,216.0975,184.71249999999998,207.61428571428573,204.46571428571428,207.45714285714286,L5
1991-10-17 09:30:42+00:00,185.12666666666667,171.86222222222221,155.32,216.63222222222223,185.23555555555555,207.57500000000002,204.825,207.45499999999998,L5
1991-11-02 09:30:40+00:00,184.36700000000002,168.125,155.47833333333332,215.69400000000002,185.23555555555555,207.2788888888889,204.5822222222222,207.29888888888888,L5
1992-02-22 09:30:41+00:00,179.70333333333335,152.915,156.74,213.49666666666664,181.868,206.75600000000003,203.40333333333334,205.51833333333332,L5
1992-03-09 09:30:43+00:00,176.83333333333334,147.40166666666667,151.585,210.83333333333334,179.02599999999998,205.73000000000002,203.225,203.38166666666666,L5
1992-05-12 09:30:15+00:00,174.3066666666667,152.70333333333335,153.45333333333335,204.90666666666667,171.62,202.51,199.5966666666667,201.35666666666668,L5
1992-05-28 09:30:06+00:00,177.32500000000002,160.8775,159.8575,205.8075,173.4725,203.95666666666668,199.47500000000002,202.85750000000002,L5
1992-06-13 09:29:55+00:00,180.442,165.488,166.01999999999998,207.18,178.892,208.8825,204.21200000000002,205.39000000000001,L5
1992-06-29 09:29:44+00:00,182.65166666666667,169.24,172.29999999999998,210.115,181.43166666666664,210.4,205.285,206.89833333333334,L5
1992-07-31 09:29:20+00:00,183.16000000000003,170.33142857142857,175.31285714285715,209.49714285714285,180.23142857142855,209.01,204.5557142857143,206.86142857142858,L5
1992-09-01 09:28:50+00:00,182.1657142857143,171.24142857142857,174.48857142857142,208.33999999999997,177.91142857142856,204.78428571428572,203.80285714285716,206.75857142857143,L5
1992-09-17 09:28:36+00:00,183.92285714285714,173.45857142857145,180.0,210.72285714285712,180.44428571428574,205.39285714285714,204.9,209.3014285714286,L5
1992-11-04 09:27:46+00:00,181.28125,165.9025,175.23499999999999,211.52499999999998,180.44428571428574,204.87875000000003,204.2075,208.49125,L5
1992-12-06 09:27:46+00:00,177.19714285714286,152.47,163.82857142857142,209.05571428571426,181.704,199.81714285714287,202.4,206.74142857142857,L5
1993-03-12 09:28:42+00:00,169.8125,129.59,135.065,209.31750000000002,178.3,194.655,196.645,203.17000000000002,L5
1993-03-28 09:28:44+00:00,164.3625,124.20750000000001,127.22,200.8725,144.7,186.7,190.76250000000002,196.73999999999998,L5
1993-05-31 09:29:04+00:00,168.17000000000002,134.325,130.4875,197.3775,158.37,185.3425,188.16000000000003,196.9275,L5
1993-06-16 09:29:02+00:00,172.1,150.6575,143.825,201.85,162.62,193.065,191.7725,200.36,L5
1993-07-18 09:28:56+00:00,175.1,156.928,151.834,206.084,170.3275,196.368,194.82999999999998,202.004,L5
1993-08-03 09:28:56+00:00,176.87833333333333,160.38,155.28,206.38833333333332,173.358,198.335,196.545,203.02166666666668,L5
1993-08-19 09:28:55+00:00,178.0957142857143,162.08142857142857,160.74857142857144,207.8385714285714,174.32833333333335,199.45142857142858,197.56857142857143,203.29999999999998,L5
1993-09-20 09:28:50+00:00,177.55833333333337,163.63666666666666,167.47166666666666,206.3133333333333,174.32833333333335,199.57,197.42285714285714,202.7757142857143,L5
1993-10-06 09:28:47+00:00,180.65666666666667,167.20333333333332,177.54999999999998,212.12833333333333,179.54,203.37000000000003,200.77714285714288,205.42428571428573,L5
1993-11-23 09:28:27+00:00,180.54142857142855,163.62285714285713,174.2342857142857,213.32142857142858,180.9185714285714,203.09875,200.955,204.85,L5
1994-02-27 09:27:23+00:00,178.89,149.13666666666666,164.59333333333333,222.40666666666664,183.64666666666668,201.05666666666664,204.775,207.21,L5
1994-03-31 09:26:54+00:00,181.7775,155.7375,171.8775,221.80749999999998,185.60750000000002,205.42666666666665,207.45000000000002,211.4025,L5
1994-08-22 09:23:41+00:00,188.61666666666667,171.07666666666668,172.01,224.13666666666666,186.86666666666667,212.135,213.33666666666667,218.59666666666666,L5
1994-09-07 09:23:17+00:00,188.9466666666667,176.25,186.03333333333333,222.4466666666667,187.12,211.00666666666666,212.13333333333333,214.56666666666663,L5
1994-12-12 09:20:16+00:00,182.46666666666667,176.605,182.185,222.28,184.935,208.77999999999997,212.82666666666668,214.48333333333335,L5
1995-01-13 09:19:10+00:00,182.46666666666667,176.605,182.185,218.265,184.935,194.34,212.82666666666668,212.0125,L5
1995-03-18 09:16:38+00:00,172.51999999999998,,,212.86499999999995,167.65,178.495,212.97,197.79999999999998,L5
1995-04-19 09:15:18+00:00,179.08333333333334,180.01,203.3,216.84333333333333,176.64499999999998,190.6966666666667,212.055,201.225,L5
1995-05-05 09:14:35+00:00,181.1175,178.96499999999997,186.48000000000002,213.875,180.80999999999997,195.1375,210.67999999999998,206.02399999999997,L5
1995-06-06 09:13:07+00:00,180.664,174.26333333333332,176.11333333333334,212.13600000000002,176.95499999999998,195.022,207.83249999999998,205.715,L5
1995-06-22 09:12:25+00:00,182.78199999999998,174.37,180.1825,210.262,177.66199999999998,196.63333333333333,204.79999999999998,203.87333333333333,L5
1995-07-08 09:11:41+00:00,184.00666666666666,176.738,183.054,211.67499999999998,179.75333333333333,198.34857142857143,204.272,203.92142857142855,L5
1995-07-24 09:10:56+00:00,182.51857142857145,174.28333333333333,183.60999999999999,211.39166666666665,177.93571428571428,203.97285714285712,203.76,203.58285714285714,L5
1995-09-10 09:08:43+00:00,183.21875,173.53857142857143,179.38714285714286,212.54571428571427,177.585,205.4475,204.8642857142857,204.48250000000002,L5
1996-02-17 09:12:07+00:00,180.62,154.76999999999998,147.8,212.33499999999998,175.13,199.05,203.14,206.225,L5
1996-03-04 09:13:10+00:00,176.26333333333332,149.47666666666666,138.68,209.85999999999999,168.3,199.52,204.95000000000002,205.08333333333334,L5
1996-05-07 09:17:10+00:00,179.07000000000002,155.42999999999998,148.44000000000003,207.13,175.16500000000002,199.38333333333335,205.26333333333332,207.09666666666666,L5
1996-05-23 09:18:04+00:00,178.6825,158.45749999999998,149.60750000000002,206.245,176.19333333333336,199.435,203.7625,205.9725,L5
1996-06-24 09:19:50+00:00,178.6825,158.45749999999998,149.60750000000002,206.245,176.19333333333336,199.435,202.04000000000002,201.448,L5
1996-07-10 09:20:39+00:00,177.24200000000002,157.226,150.65800000000002,205.628,173.3175,199.13400000000001,201.93666666666664,200.15666666666667,L5
1996-07-26 09:21:31+00:00,177.59833333333333,159.27333333333334,155.55166666666668,207.65666666666667,174.20999999999998,199.295,201.2757142857143,200.94,L5
1996-08-11 09:22:21+00:00,179.56571428571428,162.54571428571427,164.6214285714286,210.38857142857142,177.34333333333333,200.56285714285715,202.3475,202.46375,L5
1996-08-27 09:23:11+00:00,180.39428571428576,165.23714285714283,168.4666666666667,210.33571428571426,177.39000000000001,203.02,202.05875,203.08999999999997,L5
1996-11-15 09:27:20+00:00,178.60833333333332,159.93,176.75750000000002,209.96333333333337,179.09833333333333,201.23833333333334,199.39857142857142,201.29714285714286,L5
1996-12-17 09:28:51+00:00,178.82599999999996,147.89833333333334,197.115,213.27666666666664,179.26799999999997,201.56800000000004,200.65142857142857,201.46142857142854,L5
1997-02-19 09:31:45+00:00,174.89666666666665,131.05,197.605,208.45999999999998,178.10999999999999,201.78666666666666,202.8675,204.03249999999997,L5
1997-03-23 09:33:01+00:00,176.6833333333333,133.42000000000002,192.09,213.4225,181.6966666666667,205.21000000000004,207.67499999999998,204.8175,L5
1997-04-08 09:33:36+00:00,178.01749999999998,139.16,185.14749999999998,213.07,180.79000000000002,204.735,206.07199999999997,203.274,L5
1997-05-10 09:34:43+00:00,178.726,144.19333333333336,184.71599999999998,212.55499999999998,180.926,204.18200000000002,206.68666666666664,202.505,L5
1997-07-13 09:36:56+00:00,182.31,165.64000000000001,174.53400000000002,212.902,182.878,205.91400000000004,208.512,205.544,L5
1997-07-29 09:37:29+00:00,183.15166666666667,167.92666666666665,176.10333333333332,214.22,184.06666666666663,206.73666666666668,207.59166666666667,205.86333333333332,L5
1997-08-14 09:37:59+00:00,183.15166666666667,167.92666666666665,176.10333333333332,214.22,184.06666666666663,206.73666666666668,206.56571428571428,206.25285714285715,L5
1997-08-30 09:38:29+00:00,183.85666666666668,171.77666666666667,178.91,214.53166666666664,182.85999999999999,207.1783333333333,205.0885714285714,206.46571428571428,L5
1997-10-01 09:39:24+00:00,183.49833333333333,170.59166666666667,178.54166666666666,209.6916666666667,182.85833333333332,207.25666666666666,204.1142857142857,206.3657142857143,L5
1997-11-18 09:40:37+00:00,185.93,166.414,180.985,213.42999999999998,185.276,210.75,205.98666666666668,212.035,L5
1998-03-10 09:43:03+00:00,179.50333333333333,148.37333333333333,168.165,206.50333333333333,181.38666666666666,204.98666666666668,205.29333333333332,204.50666666666666,L5
1998-03-26 09:43:17+00:00,179.2025,149.615,164.57333333333332,205.89999999999998,178.7425,205.6175,204.37,204.75,L5
1998-05-13 09:43:56+00:00,179.645,154.38750000000002,161.37,208.08249999999998,178.32,205.1275,204.535,204.2,L5
1998-06-14 09:44:24+00:00,175.065,159.69,163.0625,201.08749999999998,174.6725,200.7,199.9425,196.8775,L5
1998-06-30 09:44:36+00:00,177.332,162.248,166.66199999999998,201.91199999999998,176.834,201.724,200.648,197.29000000000002,L5
1998-07-16 09:44:47+00:00,176.70833333333334,161.77666666666667,164.39000000000001,201.6966666666667,176.27833333333334,201.58,200.13666666666666,198.16666666666666,L5
1998-08-01 09:44:52+00:00,177.67428571428573,163.38857142857142,164.77857142857144,202.22,176.60999999999999,202.3742857142857,200.48142857142858,198.57857142857142,L5
1998-08-17 09:45:00+00:00,178.665,164.53,169.64375,204.605,177.4975,203.415,200.84,198.695,L5
1998-09-02 09:45:12+00:00,178.72,163.8111111111111,167.25222222222223,204.37555555555556,176.46666666666667,203.10555555555555,200.60444444444445,199.17777777777778,L5
1998-09-18 09:45:20+00:00,179.85333333333335,163.96555555555557,170.2811111111111,207.05333333333334,177.1877777777778,204.46888888888887,202.25777777777776,201.8422222222222,L5
1998-10-20 09:45:22+00:00,179.44222222222223,162.3177777777778,173.7311111111111,206.92222222222225,177.3188888888889,203.18777777777777,202.77666666666667,201.49222222222224,L5
1998-11-21 09:45:34+00:00,179.14333333333332,158.05555555555554,180.97111111111113,208.80666666666667,176.1425,203.45222222222222,203.24555555555557,201.4633333333333,L5
1998-12-23 09:45:35+00:00,179.11333333333334,152.84111111111113,190.11111111111111,212.17000000000002,176.42285714285714,205.11333333333334,204.2566666666667,204.76555555555558,L5
1999-01-24 09:45:35+00:00,178.97625,145.765,201.40875000000003,216.37375,175.10500000000002,207.68875,205.92375,207.55,L5
1999-02-25 09:45:46+00:00,176.15000000000003,135.15428571428572,206.74333333333334,222.71142857142857,175.54000000000002,211.02142857142857,209.4,212.4457142857143,L5
1999-03-13 09:45:34+00:00,175.8457142857143,132.32999999999998,218.46800000000002,222.78142857142862,176.344,211.79999999999998,209.79142857142855,212.5885714285714,L5
1999-04-14 09:45:15+00:00,175.27428571428572,133.15571428571428,217.254,220.34,174.774,209.75428571428574,207.75,211.7514285714286,L5
1999-04-30 09:45:13+00:00,175.6442857142857,139.57571428571427,216.842,223.39857142857144,177.808,211.46142857142857,208.0071428571429,211.82857142857142,L5
1999-07-03 09:44:19+00:00,174.93,144.068,195.6775,219.76166666666666,179.17,210.58833333333334,206.98999999999998,210.77166666666665,L5
1999-07-19 09:44:16+00:00,175.79,149.35333333333332,189.166,217.63285714285712,178.6042857142857,209.53142857142856,205.55714285714285,210.05571428571426,L5
1999-08-04 09:44:14+00:00,176.22833333333335,157.855,172.98000000000002,214.37285714285713,178.45571428571427,206.57857142857142,203.48428571428573,207.72857142857143,L5
1999-08-12 09:59:25+00:00,176.5,158.66571428571427,175.13333333333333,214.14625,177.515,206.02499999999998,202.77625,206.26999999999998,L7
1999-08-28 09:59:28+00:00,178.3,164.91428571428574,174.92428571428573,208.44500000000002,175.97750000000002,202.19,199.63125000000002,204.07,L7
1999-09-05 09:43:34+00:00,179.05125,166.485,175.63625000000002,210.02555555555557,177.04666666666668,202.87,200.08444444444447,204.58777777777777,L5
1999-09-13 09:59:23+00:00,180.19875,171.56625,179.61888888888888,211.40999999999997,178.68111111111114,203.7511111111111,200.5811111111111,204.8477777777778,L7
1999-10-15 09:59:30+00:00,182.0225,174.0,180.36666666666667,212.95444444444445,181.1633333333333,206.3066666666667,201.74222222222224,205.54777777777775,L7
1999-10-31 09:59:25+00:00,179.94875,168.10625000000002,177.92333333333332,211.54222222222222,180.64,206.61777777777777,201.89888888888888,206.38,L7
1999-11-08 09:42:30+00:00,177.88555555555556,163.3977777777778,174.828,210.45999999999998,180.64,204.879,201.002,205.39600000000002,L5
1999-11-16 09:59:25+00:00,178.452,161.03900000000002,173.88272727272727,210.8081818181818,181.29000000000002,205.9272727272727,201.5209090909091,206.81454545454545,L7
1999-12-18 09:59:28+00:00,178.72727272727272,158.39818181818183,173.64333333333335,212.11166666666668,181.29000000000002,206.5175,202.11749999999998,207.505,L7
2000-01-03 09:59:21+00:00,179.18499999999997,156.04,172.76545454545456,213.70333333333335,180.7688888888889,206.49909090909088,203.06583333333333,208.58,L7
2000-01-11 09:41:31+00:00,178.80692307692306,153.5969230769231,168.41333333333333,214.28076923076924,180.7688888888889,206.49909090909088,203.56923076923078,209.15692307692308,L5
2000-01-19 09:59:18+00:00,177.76153846153844,147.94230769230768,166.465,214.6676923076923,181.46375,205.4936363636364,203.7492307692308,209.31076923076924,L7
2000-02-04 09:59:18+00:00,177.6153846153846,145.76076923076923,166.69916666666666,215.23923076923077,182.38875000000002,206.3909090909091,205.05153846153846,210.1876923076923,L7
2000-02-20 09:59:11+00:00,176.72846153846152,144.46846153846155,164.94083333333333,214.25923076923075,182.3675,204.4509090909091,204.7846153846154,209.10923076923078,L7
2000-03-07 09:59:06+00:00,176.64333333333335,141.7225,164.5509090909091,214.02166666666668,184.88571428571427,205.887,205.8925,209.88333333333333,L7
2000-05-18 09:42:19+00:00,179.33249999999998,141.81375,160.16857142857143,216.46875,184.3825,204.70000000000002,206.94625,212.365,L5
2000-06-11 09:58:23+00:00,178.68444444444444,143.61222222222221,159.43875,213.66444444444446,183.47,204.70000000000002,206.94625,212.365,L7
2000-06-19 09:42:59+00:00,179.53333333333333,148.55,160.46125,211.59444444444443,184.46,203.76333333333332,206.0075,211.47375,L5
2000-06-27 09:58:13+00:00,179.776,150.348,160.09444444444446,210.86100000000002,183.54142857142855,203.19857142857146,205.60555555555553,211.1677777777778,L7
2000-07-13 09:58:00+00:00,179.90875,156.1375,165.03875000000002,205.76333333333335,181.59375,200.44875,202.41375,204.85375,L7
2000-07-29 09:57:43+00:00,181.40125,163.30499999999998,167.13500000000002,204.41222222222223,180.36444444444444,201.03750000000002,202.5775,202.62375,L7
2000-08-14 09:57:37+00:00,181.28875,165.3825,167.20000000000002,204.4011111111111,180.11333333333334,200.55625,202.03375,200.25375,L7
2000-08-22 09:44:16+00:00,183.0275,168.35875,166.275,205.46666666666664,180.59,204.04875,202.645,202.95,L5
2000-08-30 09:57:26+00:00,183.29000000000002,168.11333333333334,165.6977777777778,206.23600000000002,180.841,204.3388888888889,203.0811111111111,202.89222222222222,L7
2000-09-15 09:57:07+00:00,182.71444444444444,168.53555555555556,165.76999999999998,205.31599999999997,180.019,203.48222222222225,202.36222222222221,202.59000000000003,L7
2000-12-20 09:56:57+00:00,182.18285714285713,161.10714285714286,162.43666666666664,207.72,177.5914285714286,203.82500000000002,203.15125,202.57375000000002,L7
2000-12-28 09:46:14+00:00,180.54571428571427,156.42857142857142,163.492,208.21428571428572,177.51833333333335,204.39857142857142,203.26000000000002,201.6957142857143,L5
2001-01-05 09:56:57+00:00,179.315,150.815,160.38500000000002,208.64000000000001,176.52,202.54749999999999,201.7725,200.775,L7
2001-01-21 09:57:03+00:00,176.54333333333332,148.61777777777777,160.13714285714286,211.25,177.9466666666667,203.78875000000002,203.92000000000002,204.51375,L7
2001-02-14 09:46:32+00:00,175.27875,143.91750000000002,158.53833333333333,214.30142857142854,180.002,204.32500000000002,204.1757142857143,207.76857142857145,L5
2001-04-11 09:56:38+00:00,169.3733333333333,131.42,151.345,210.60399999999998,173.60000000000002,193.9475,200.69400000000002,204.82599999999996,L7
2001-05-05 09:46:44+00:00,169.67285714285714,134.36999999999998,156.472,207.92166666666665,171.19,196.11399999999998,200.69400000000002,204.82599999999996,L5
2001-05-13 09:56:27+00:00,171.2875,139.22875,159.105,208.72571428571428,173.728,198.43166666666664,201.75166666666667,204.855,L7
2001-05-29 09:56:18+00:00,173.1811111111111,144.58888888888887,161.42142857142858,209.5425,177.17666666666665,200.90571428571428,202.63285714285715,204.6242857142857,L7
2001-06-06 09:46:54+00:00,174.671,148.434,164.43125,210.97,180.19285714285712,202.14124999999999,203.59,205.06,L5
2001-06-14 09:56:07+00:00,175.45818181818183,149.97272727272727,164.03,210.753,179.81125,202.31,203.27666666666667,204.00777777777776,L7
2001-06-30 09:55:52+00:00,176.152,156.426,165.231,209.46599999999998,181.30888888888887,201.87888888888887,203.00888888888892,202.3722222222222,L7
2001-08-01 09:55:40+00:00,180.86666666666667,167.86444444444444,170.4711111111111,209.2588888888889,184.25777777777776,206.77875,204.08499999999998,204.14875,L7
2001-08-09 09:46:50+00:00,181.241,168.31,170.576,209.12999999999997,183.77,206.83222222222219,203.56777777777776,204.2566666666667,L5
2001-08-17 09:55:21+00:00,182.429,171.44400000000002,173.303,208.554,183.862,206.83399999999997,203.30444444444444,203.98222222222222,L7
2001-08-25 09:46:46+00:00,182.48636363636362,172.9009090909091,174.27727272727273,209.9690909090909,184.27818181818182,207.24636363636364,204.125,204.426,L5
2001-09-18 09:54:59+00:00,181.27666666666667,170.9675,172.7775,209.82000000000002,182.96416666666664,205.41666666666666,203.62181818181818,203.5909090909091,L7
2001-10-04 09:54:47+00:00,181.61076923076922,170.27384615384614,173.34846153846155,210.05692307692308,182.92461538461538,206.32153846153844,203.8225,204.69500000000002,L7
2001-11-05 09:54:55+00:00,184.29833333333332,171.95333333333335,173.6025,212.8516666666667,186.20333333333335,210.0475,206.09416666666664,205.8525,L7
2001-12-07 09:55:05+00:00,182.699,165.294,173.074,211.70699999999997,182.50199999999998,207.493,205.484,206.35099999999997,L7
2002-01-08 09:55:16+00:00,182.6177777777778,159.95333333333335,174.235,213.5611111111111,181.82375,208.35000000000002,207.11111111111111,209.19555555555556,L7
2002-02-17 09:44:59+00:00,180.12000000000003,148.50857142857143,167.985,215.85571428571433,180.57333333333335,207.6042857142857,208.02,209.58142857142857,L5
2002-03-13 09:55:25+00:00,180.24571428571429,143.87571428571428,164.855,214.3757142857143,178.965,207.47428571428574,205.10714285714286,208.52428571428572,L7
2002-03-21 09:44:35+00:00,182.29166666666666,142.905,166.57,215.40833333333333,181.05599999999998,211.1716666666667,206.1933333333333,209.43714285714285,L5
2002-04-14 09:55:20+00:00,179.41166666666666,139.74833333333333,163.39000000000001,213.145,178.154,208.00166666666667,204.68999999999997,206.14142857142858,L7
2002-04-30 09:55:22+00:00,179.60285714285715,142.78142857142856,163.72166666666666,212.5614285714286,178.32500000000002,207.81,204.86714285714285,206.30625,L7
2002-05-16 09:55:15+00:00,178.485,141.75166666666667,163.462,212.28,178.06500000000003,207.25571428571428,204.26142857142855,206.755,L7
2002-05-24 09:43:15+00:00,176.24285714285716,142.69,161.24333333333334,209.0725,176.44714285714286,203.56625,201.09875,204.67444444444448,L5
2002-06-01 09:55:09+00:00,177.77375,147.8025,163.87857142857143,208.8322222222222,178.11,205.0388888888889,201.67,204.833,L7
2002-06-17 09:55:02+00:00,178.88,152.97125,163.06428571428572,208.4611111111111,179.86124999999998,206.84333333333333,201.29666666666668,204.563,L7
2002-06-25 09:42:31+00:00,178.67999999999998,153.79,162.91250000000002,207.959,178.32888888888888,206.448,201.281,204.38636363636363,L5
2002-07-03 09:54:58+00:00,178.269,154.317,161.84555555555556,208.02636363636364,177.53799999999998,205.52181818181816,200.38909090909092,203.875,L7
2002-08-04 09:54:43+00:00,177.10899999999998,157.233,161.205,206.49818181818182,177.06181818181815,203.8472727272727,197.9,201.97416666666666,L7
2002-08-20 09:54:40+00:00,178.425,163.154,165.835,205.0518181818182,177.71363636363637,204.9527272727273,198.31636363636363,202.31833333333336,L7
2002-09-05 09:54:31+00:00,177.39272727272726,161.64999999999998,163.58,203.97583333333333,177.08666666666667,204.06083333333333,198.27416666666667,201.61769230769232,L7
2002-10-07 09:54:14+00:00,176.1727272727273,160.06,164.12454545454545,203.67916666666665,176.32500000000002,202.28083333333333,199.20583333333335,201.18499999999997,L7
2002-11-24 09:54:42+00:00,177.47555555555556,161.53333333333333,163.80888888888887,206.05888888888887,176.89333333333332,201.97777777777776,199.82666666666668,201.29999999999998,L7
2003-01-27 09:55:01+00:00,174.07500000000002,151.07666666666668,159.98999999999998,206.32000000000002,176.11666666666667,198.934,199.61666666666667,201.14499999999998,L7
2003-02-12 09:55:12+00:00,175.115,146.34666666666666,160.9,206.405,176.88,203.618,202.59333333333333,203.86833333333334,L7
2003-03-16 09:55:15+00:00,175.814,141.26799999999997,163.39249999999998,212.448,178.81500000000003,205.59249999999997,203.592,204.578,L7
2003-05-03 09:55:18+00:00,178.142,147.586,162.3525,212.05,181.7,210.64000000000001,203.996,206.202,L7
2003-05-19 09:55:12+00:00,180.365,154.505,167.31599999999997,214.57833333333335,185.244,212.72200000000004,204.40666666666667,207.475,L7
2003-06-28 09:42:38+00:00,181.33166666666668,156.82833333333332,169.17,215.08666666666667,185.32,214.586,204.69833333333335,207.69833333333335,L5
2003-07-14 09:42:55+00:00,182.03285714285715,160.60857142857142,169.52166666666665,215.39285714285714,184.15333333333334,212.81833333333336,203.90285714285713,207.1442857142857,L5
2003-07-30 09:43:13+00:00,182.73142857142858,164.2,168.74333333333334,213.66,183.785,209.98714285714286,203.10857142857145,205.73000000000002,L5
2003-08-31 09:43:47+00:00,182.95857142857145,169.71571428571428,168.1342857142857,214.31428571428572,183.66285714285715,208.4114285714286,202.48571428571427,203.04142857142855,L5
2003-10-10 09:54:34+00:00,181.05285714285716,168.3485714285714,166.20999999999998,210.51857142857145,180.84857142857143,204.42,201.8542857142857,202.02,L7
2003-12-13 09:55:18+00:00,178.74600000000004,164.04,167.41833333333332,210.83166666666668,178.26999999999998,202.63833333333332,202.365,202.07666666666668,L7
2004-01-22 09:45:21+00:00,173.39249999999998,153.89,163.392,208.8,175.946,198.824,202.38,202.56,L5
2004-01-30 09:55:36+00:00,171.61999999999998,147.58249999999998,164.92800000000003,211.06599999999997,175.844,200.28,205.06,204.38600000000002,L7
2004-06-06 09:55:37+00:00,170.77333333333334,148.72,165.14666666666668,213.56999999999996,173.31333333333336,198.82999999999998,206.43,209.815,L7
2004-06-14 09:47:56+00:00,171.3125,153.4075,160.08,210.55666666666664,171.85333333333332,194.69,206.365,206.13500000000002,L5
2004-06-22 09:55:33+00:00,173.142,154.9,157.5025,210.1125,171.6175,195.4,204.56199999999998,203.652,L7
2004-06-30 09:48:25+00:00,173.83833333333334,156.04999999999998,158.4,208.772,171.65,196.445,204.295,203.57833333333335,L5
2004-07-16 09:48:52+00:00,176.39857142857142,160.2057142857143,163.10500000000002,211.23166666666665,175.6966666666667,199.71800000000002,205.03714285714287,204.8842857142857,L5
2004-08-01 09:49:13+00:00,181.84,171.41833333333332,170.156,212.87400000000002,179.61200000000002,203.454,204.98666666666668,205.91,L5
2004-08-17 09:49:36+00:00,182.82142857142858,171.82999999999998,173.79166666666666,213.785,179.58666666666667,204.04333333333332,204.5442857142857,205.92857142857142,L5
2004-09-02 09:50:02+00:00,183.135,171.42,173.0614285714286,214.21857142857144,179.48285714285717,204.52857142857144,203.9275,206.05249999999998,L5
2004-10-20 09:51:08+00:00,182.04555555555555,166.96777777777777,170.89124999999999,212.885,179.48285714285717,203.41125,203.39555555555555,206.05555555555554,L5
2004-12-23 09:52:22+00:00,181.39714285714285,162.1757142857143,172.88,213.64857142857142,180.92666666666665,204.67000000000002,203.04714285714286,206.95857142857145,L5
2005-01-08 09:52:33+00:00,182.2657142857143,156.89285714285714,166.21333333333334,216.59714285714287,182.756,207.33571428571426,205.1057142857143,209.96,L5
2005-01-16 09:55:56+00:00,180.68333333333337,153.70857142857145,162.13000000000002,215.4416666666667,179.46249999999998,207.73,206.01714285714283,211.93428571428572,L7
2005-02-09 09:52:58+00:00,176.545,146.79,158.182,213.08166666666668,178.72,207.5257142857143,205.83285714285716,210.8385714285714,L5
2005-03-21 09:56:13+00:00,176.254,144.43166666666664,164.275,212.71200000000005,178.28,207.65,208.40166666666664,213.80166666666665,L7
2005-04-06 09:56:09+00:00,179.46833333333333,149.97571428571428,169.75,213.155,185.35666666666665,206.70666666666668,208.40166666666664,213.80166666666665,L7
2005-04-22 09:56:04+00:00,180.69599999999997,153.08,174.22199999999998,214.95833333333337,184.8675,209.44333333333336,209.58666666666667,214.92666666666665,L7
2005-07-19 09:54:20+00:00,182.67000000000002,161.69,181.804,209.474,181.3475,204.1275,203.69,210.0475,L5
2005-09-05 09:54:39+00:00,190.7225,174.6725,190.252,212.87399999999997,184.74999999999997,206.59500000000003,206.33500000000004,211.46,L5
2005-10-31 09:55:52+00:00,185.655,166.77000000000004,173.09666666666666,209.42,178.5333333333333,207.84,204.6766666666667,208.49,L7
2006-01-19 09:56:27+00:00,195.14,178.77,170.89333333333335,212.78,184.83999999999997,204.60333333333332,206.82333333333335,205.03333333333333,L7
2006-01-27 09:56:37+00:00,191.97,158.62,170.89333333333335,215.3225,184.83999999999997,207.7575,207.9025,208.85750000000002,L5
2006-02-20 09:56:36+00:00,184.20000000000002,155.63,167.235,210.88400000000001,179.94666666666663,203.05,204.148,206.73600000000002,L7
2006-04-09 09:56:34+00:00,181.13666666666666,152.91333333333333,163.7275,211.038,180.37333333333333,202.552,203.408,205.618,L7
2006-05-11 09:56:36+00:00,182.7175,158.8925,163.44333333333333,210.3325,184.51,202.79,203.678,207.35,L7
2006-06-12 09:56:32+00:00,185.13,165.82800000000003,163.44333333333333,213.914,188.7075,206.0,205.08833333333334,209.07833333333335,L7
2006-07-14 09:56:20+00:00,184.81500000000003,166.59833333333333,168.8725,213.75166666666667,186.91199999999998,206.39285714285714,205.29,208.51142857142855,L7
2006-08-23 10:00:03+00:00,187.324,176.8,181.98000000000002,218.4625,190.42799999999997,213.17400000000004,208.81599999999997,212.4,L5
2006-10-10 10:00:37+00:00,187.66750000000002,178.142,199.91666666666666,220.4125,188.648,214.70250000000004,206.942,209.834,L5
2006-10-26 10:00:48+00:00,187.608,173.87333333333333,200.8675,220.246,188.97166666666666,214.898,207.45166666666668,209.99,L5
2006-11-03 09:56:19+00:00,187.608,173.87333333333333,206.038,217.59333333333333,189.19714285714286,214.97000000000003,207.60999999999999,209.41285714285712,L7
2006-11-19 09:56:30+00:00,186.59,168.97166666666666,206.038,217.59333333333333,188.18,214.07333333333335,207.6957142857143,208.31714285714287,L7
2006-11-27 10:01:04+00:00,186.59,168.97166666666666,206.038,212.8042857142857,187.6525,213.66428571428568,207.65125,209.44625,L5
2006-12-05 09:56:39+00:00,186.59,162.09142857142857,206.038,212.9075,186.26666666666668,213.07,207.88777777777779,209.93111111111114,L7
2006-12-13 10:01:11+00:00,178.142,147.72857142857146,206.038,207.15625,184.38750000000002,211.46625,206.40444444444444,208.9575,L5
2006-12-29 10:01:17+00:00,178.67499999999998,143.11125,213.875,210.15444444444444,185.90111111111113,212.52333333333334,207.68099999999998,211.16555555555556,L5
2007-03-27 09:57:04+00:00,178.76399999999998,139.81714285714287,229.5225,208.61285714285714,186.8125,213.565,207.13111111111112,211.12,L7
2007-04-20 10:01:17+00:00,181.005,140.48285714285714,227.83333333333334,208.6042857142857,188.10375,213.70999999999998,208.18444444444444,213.1675,L5
2007-06-23 10:00:26+00:00,184.4975,156.66750000000002,253.06,218.83,185.935,215.2925,207.73,211.5375,L5
2007-07-01 09:56:46+00:00,185.54999999999998,171.96,212.35,209.41666666666666,185.07,213.82500000000002,204.13,206.73,L7
2007-07-09 10:00:15+00:00,186.33499999999998,172.515,191.425,208.5475,184.618,210.78000000000003,203.748,205.31,L5
2007-07-17 09:56:43+00:00,185.786,173.18,182.15666666666667,209.04000000000002,183.26833333333335,209.14833333333334,202.50833333333333,204.41,L7
2007-07-25 10:00:07+00:00,184.03333333333333,170.43833333333333,178.72,207.93499999999997,181.53285714285715,207.86714285714288,201.96571428571428,204.1457142857143,L5
2007-08-02 09:56:39+00:00,184.84,172.24,178.526,208.3385714285714,181.42375,207.34375,201.695,204.7225,L7
2007-08-26 09:59:46+00:00,185.08375,171.99375,177.86666666666667,207.96625,181.6588888888889,207.0588888888889,201.48444444444445,204.93444444444444,L5
2008-01-25 09:56:52+00:00,187.06000000000003,168.03333333333333,176.16000000000003,208.06,185.3166666666667,207.78666666666666,202.48000000000002,209.99,L7
2008-02-10 09:56:50+00:00,185.88666666666666,155.4,174.57,205.36,187.645,211.69333333333336,205.63333333333333,214.03666666666666,L7
2008-02-26 09:56:45+00:00,185.20333333333335,149.54,157.11,215.82,191.75,215.15000000000003,208.2733333333333,217.96333333333334,L7
2008-03-13 09:56:40+00:00,185.20333333333335,149.54,155.39,215.82,191.75,215.15000000000003,203.78,211.9025,L7
2008-04-06 09:56:03+00:00,184.3775,154.035,162.65666666666667,217.45999999999998,184.39499999999998,213.36333333333334,204.602,210.89600000000002,L5
2008-06-09 09:54:23+00:00,183.202,154.666,158.885,211.60999999999999,178.66,209.4225,202.525,209.81166666666664,L5
2008-07-19 09:55:52+00:00,182.44333333333336,155.72833333333332,164.18599999999998,211.325,176.425,207.138,201.04999999999998,208.64142857142858,L7
2008-08-04 09:55:45+00:00,182.01833333333335,157.64833333333334,165.53,211.112,172.2875,204.82199999999997,199.01142857142855,207.0557142857143,L7
2008-08-12 09:52:31+00:00,182.34666666666666,163.58,167.54285714285714,212.54166666666666,174.19,204.43,197.94285714285715,204.81714285714287,L5
2008-09-29 09:51:10+00:00,182.78166666666667,165.87166666666667,174.8516666666667,213.03,175.80999999999997,205.25666666666666,198.16,206.2733333333333,L5
2009-02-28 09:56:34+00:00,184.76999999999998,163.86,176.24,216.14,183.91,211.27499999999998,204.22,216.96,L7
2009-03-08 09:52:55+00:00,178.34333333333333,158.82666666666668,165.57,209.13666666666666,175.86,202.1933333333333,196.64,208.15,L5
2009-04-01 09:56:48+00:00,173.16333333333333,154.65333333333334,156.06,205.86333333333334,171.37,199.6833333333333,199.87,204.20000000000002,L7
2009-05-03 09:56:56+00:00,173.16333333333333,158.0925,159.035,208.42000000000002,174.97,202.09,200.6225,205.52666666666667,L7
2009-05-11 09:54:13+00:00,176.4675,159.744,160.91400000000002,206.108,176.9425,203.03,200.262,205.7825,L5
2009-05-19 09:56:58+00:00,176.4675,163.13166666666666,166.65,207.56000000000003,180.52,204.92999999999998,200.62833333333333,206.882,L7
2009-05-27 09:54:31+00:00,175.226,161.52571428571426,166.65,204.10142857142858,176.8166666666667,200.77714285714288,198.04285714285714,203.4333333333333,L5
2009-06-04 09:56:58+00:00,178.955,165.74124999999998,175.19857142857146,204.375,179.5614285714286,203.00875,199.65625,205.05285714285716,L7
2009-06-12 09:54:48+00:00,179.09285714285713,165.26777777777775,173.8475,204.3322222222222,178.63125,202.58333333333334,199.10666666666668,204.6175,L5
2009-06-28 09:55:05+00:00,178.49124999999998,164.222,171.60333333333335,203.964,177.9588888888889,202.52,198.862,204.31555555555556,L5
2009-07-30 09:55:36+00:00,178.38888888888889,164.18818181818182,170.64100000000002,204.0772727272727,177.83200000000002,202.27636363636364,198.70909090909092,204.215,L5
2009-08-15 09:55:51+00:00,179.19,164.72666666666666,171.0472727272727,205.1833333333333,178.38090909090909,202.80083333333334,198.66416666666666,204.43636363636367,L5
2009-09-16 09:56:19+00:00,180.21666666666664,165.12545454545455,175.144,206.35454545454547,178.98000000000002,204.03272727272727,199.61545454545455,204.55,L5
2009-10-02 09:56:30+00:00,181.26749999999998,166.24599999999998,174.891,205.85545454545453,178.3481818181818,204.66000000000003,199.30090909090907,204.55,L5
2009-10-26 09:56:51+00:00,181.66666666666666,165.68545454545455,174.50363636363636,206.475,179.18916666666667,205.715,199.80083333333334,204.79545454545453,L7
2010-03-11 09:57:29+00:00,176.04,153.16333333333333,165.6725,208.1975,173.81,206.3275,202.6225,202.70666666666668,L5
2010-04-20 09:58:44+00:00,178.52666666666667,158.78666666666666,166.29666666666665,206.26999999999998,176.43,208.6833333333333,203.60000000000002,203.28666666666666,L7
2010-05-22 09:58:38+00:00,177.86,159.96,164.54333333333332,202.75999999999996,176.14,206.62333333333333,203.75666666666666,205.85333333333332,L7
2010-07-17 09:57:02+00:00,180.9875,163.215,174.175,205.09,181.84,206.5125,203.2575,206.29250000000002,L5
2010-09-03 09:56:48+00:00,183.10399999999998,165.072,175.368,208.39249999999998,183.4875,206.43200000000002,203.688,206.352,L5
2010-09-19 09:56:42+00:00,185.272,166.07599999999996,178.72,209.3825,185.19250000000002,206.75,205.314,207.894,L5
2010-10-21 09:56:25+00:00,181.89600000000002,158.994,179.56,208.615,182.89000000000001,201.82999999999998,204.06799999999998,207.19,L5
2010-11-06 09:56:20+00:00,183.82000000000002,157.95666666666668,188.64333333333335,211.67200000000003,184.86166666666668,204.725,205.53333333333333,210.085,L5
2010-11-14 09:59:15+00:00,184.48857142857145,154.6242857142857,194.08285714285714,213.92333333333332,184.86166666666668,204.725,206.24714285714285,212.35857142857142,L7
2011-02-10 09:56:30+00:00,184.52666666666664,147.96333333333334,206.12833333333333,215.5716666666667,184.776,205.382,208.46333333333334,213.82333333333335,L5
2011-02-26 09:56:29+00:00,184.52666666666664,145.28714285714287,206.12833333333333,215.78428571428572,182.27833333333334,207.5,210.41857142857143,212.9257142857143,L5
2011-03-14 09:56:26+00:00,182.03333333333333,142.90285714285713,207.49333333333334,216.18,182.22833333333332,208.88333333333333,210.27285714285713,212.52571428571426,L5
2011-03-22 10:00:05+00:00,184.69500000000002,145.7757142857143,216.3216666666667,217.45857142857145,185.95333333333335,212.084,211.09,213.5742857142857,L7
2011-04-07 10:00:09+00:00,185.37428571428572,149.82625,211.08,216.9325,187.4557142857143,212.084,210.99142857142857,214.62374999999997,L7
2011-05-01 09:56:10+00:00,186.32,151.07250000000002,206.51857142857145,215.14499999999998,186.12285714285713,212.84,210.3057142857143,212.57625,L5
2011-05-17 09:56:06+00:00,183.49666666666667,154.81857142857143,192.47166666666666,212.72285714285712,184.7842857142857,209.98399999999998,208.165,207.64714285714285,L5
2011-08-05 09:55:28+00:00,182.75714285714284,154.78375,186.39000000000001,211.59,183.29625,208.37833333333333,207.18142857142857,206.7475,L5
2011-08-13 09:59:56+00:00,182.44,158.28,176.04142857142855,210.80374999999998,181.93875,207.215,205.0514285714286,205.89374999999998,L7
2011-09-06 09:55:09+00:00,181.79500000000002,161.015,177.54875,209.3375,182.27375,204.75333333333333,201.90571428571428,205.39375,L5
2011-09-14 09:59:48+00:00,183.10999999999999,163.4075,176.04625,208.52,182.755,203.83333333333334,201.49166666666667,205.62285714285716,L7
2011-09-22 09:54:55+00:00,182.2275,162.85250000000002,173.24499999999998,209.66625,182.27249999999998,204.53857142857143,202.7971428571429,205.33142857142857,L5
2011-09-30 09:59:47+00:00,182.10888888888888,162.54666666666668,173.24499999999998,210.3422222222222,181.67222222222222,205.32500000000002,202.41,206.66875,L7
2011-12-03 10:00:16+00:00,182.58571428571426,163.51,183.96666666666667,214.48857142857145,182.26000000000002,209.00285714285715,203.97,210.08166666666668,L7
2012-02-21 10:00:40+00:00,181.62166666666667,164.14,189.268,218.3316666666667,183.55166666666665,209.24333333333334,206.06199999999998,211.46999999999997,L7
2012-03-24 10:00:39+00:00,181.6375,163.08499999999998,178.22666666666666,219.73250000000002,182.725,211.49333333333334,206.51666666666665,212.9275,L7
2012-04-25 10:00:50+00:00,179.64249999999998,164.175,173.27249999999998,217.7975,182.325,208.68333333333337,208.74,209.2125,L7
2012-05-11 10:01:12+00:00,183.27799999999996,172.17666666666665,173.27249999999998,220.006,186.554,211.79500000000002,208.3175,210.47600000000003,L7
2012-05-27 10:01:04+00:00,183.94999999999996,171.1925,172.212,218.62333333333333,186.39166666666665,209.36399999999998,208.3175,210.47600000000003,L7
2012-08-15 10:01:40+00:00,184.71666666666667,172.068,172.31799999999998,216.57833333333335,187.29,208.20999999999998,208.9975,208.2125,L7
2012-09-16 10:01:58+00:00,185.85833333333332,170.68666666666664,178.03199999999998,214.79999999999998,187.56000000000003,211.214,209.94,210.495,L7
2012-10-02 10:02:09+00:00,184.76999999999998,169.71333333333334,178.738,215.265,187.465,210.705,209.94,211.76666666666665,L7
2013-01-22 10:02:43+00:00,179.81,166.52666666666667,189.10333333333335,214.34333333333333,186.82333333333335,213.6866666666667,213.17000000000002,206.39999999999998,L7
2013-04-12 10:02:33+00:00,179.54000000000002,173.58,184.99,228.01,194.21,219.68,206.03,207.51,L7
2013-04-28 10:02:26+00:00,179.54000000000002,173.58,171.85000000000002,219.68,183.97500000000002,213.32999999999998,202.465,202.34,L7
2013-05-30 10:02:18+00:00,179.54000000000002,162.52,164.23333333333335,210.75666666666666,178.13,206.68666666666664,201.94333333333336,200.175,L7
2013-06-07 10:08:34+00:00,180.59666666666666,160.99333333333334,162.315,211.2325,178.76,206.825,199.6575,200.722,L8
2013-06-15 10:02:11+00:00,185.275,168.735,162.315,211.618,182.966,206.825,199.6575,200.722,L7
2013-06-23 10:08:27+00:00,184.864,166.844,162.392,211.60833333333335,182.49666666666667,206.392,199.19400000000002,201.19833333333335,L8
2013-07-09 10:08:31+00:00,185.61166666666668,169.245,164.67666666666665,212.10142857142858,183.8957142857143,207.4766666666667,200.66666666666666,201.65142857142857,L8
2013-07-25 10:08:30+00:00,188.81666666666663,170.47571428571428,165.58142857142857,212.32625,184.47125,208.1442857142857,201.4414285714286,204.56,L8
2013-08-02 10:01:47+00:00,187.96714285714285,169.59875,165.58142857142857,212.32625,184.74777777777777,208.07875,201.33,205.71625,L7
2013-08-18 10:01:51+00:00,187.94,170.1677777777778,167.20375,211.6688888888889,185.48,208.23666666666668,201.33,205.71625,L7
2013-09-03 10:02:02+00:00,187.89333333333332,171.13600000000002,172.28333333333333,212.26,185.6936363636364,208.728,202.24666666666667,206.12,L7
2013-09-11 10:08:32+00:00,187.78199999999998,170.34181818181818,172.073,212.51454545454544,186.01083333333335,209.59454545454545,202.791,207.317,L8
2013-09-27 10:08:24+00:00,188.0681818181818,169.59083333333334,172.69818181818184,212.61749999999998,186.91307692307691,210.6025,203.39,207.47545454545454,L8
2013-10-29 10:08:15+00:00,187.97181818181818,168.64833333333334,173.53699999999998,212.50272727272724,187.90333333333334,211.1118181818182,204.058,207.988,L8
2013-11-06 10:02:40+00:00,186.22083333333333,166.37846153846155,170.8990909090909,210.76666666666665,187.90333333333334,211.1118181818182,202.88090909090909,206.6472727272727,L7
2013-11-14 10:08:14+00:00,186.01153846153846,164.8757142857143,171.6825,211.04692307692306,188.12000000000003,211.75333333333333,203.49333333333334,207.845,L8
2013-12-16 10:08:03+00:00,185.19416666666666,161.6675,175.46300000000002,213.8063636363636,190.45000000000002,214.73545454545453,205.1518181818182,211.23454545454544,L8
2013-12-24 10:02:55+00:00,184.99250000000004,158.27833333333334,176.88111111111112,213.08090909090907,191.17363636363635,215.743,205.63090909090909,212.46272727272728,L7
2014-01-09 10:02:58+00:00,184.59636363636366,154.02583333333334,176.97875000000002,214.28454545454545,191.79363636363635,216.74,206.61727272727273,214.3618181818182,L7
2014-03-22 10:06:55+00:00,183.46571428571428,144.12125,171.692,213.8875,193.73857142857145,220.60333333333335,207.215,215.25875000000002,L8
2014-04-07 10:06:40+00:00,182.6942857142857,144.35875000000001,169.87750000000003,215.29999999999998,192.28,220.4416666666667,206.70125000000002,216.04749999999999,L8
2014-05-01 10:03:45+00:00,181.77,144.13375000000002,165.2375,212.16000000000003,189.27428571428572,216.64333333333332,205.01125000000002,214.29125,L7
2014-05-09 10:06:08+00:00,185.5142857142857,150.33625,182.47000000000003,214.54625000000001,190.66875000000002,217.33571428571426,207.04625,217.07375,L8
2014-05-17 10:03:52+00:00,185.6,153.7075,182.4025,214.40125,190.6614285714286,217.09,206.98,215.24124999999998,L7
2014-06-10 10:06:13+00:00,185.58875,154.6677777777778,178.362,214.22333333333333,189.53500000000003,215.93285714285713,205.35888888888886,214.41555555555556,L8
2014-06-18 10:03:56+00:00,185.10625,157.8222222222222,174.83166666666668,212.22444444444443,186.88750000000002,212.08142857142857,204.9725,212.96375,L7
2014-06-26 10:06:14+00:00,184.63125,162.1288888888889,171.75714285714284,211.23333333333335,185.92875,210.5975,203.23624999999998,211.44125,L8
2014-07-28 10:06:27+00:00,184.48,165.49555555555557,170.335,209.6277777777778,183.34375,208.85250000000002,200.47125,209.44,L8
2014-08-13 10:06:35+00:00,185.029,166.551,170.335,210.247,184.4611111111111,210.1888888888889,201.27333333333334,210.73555555555558,L8
2014-08-21 10:04:10+00:00,185.029,167.19818181818184,169.2,210.46636363636364,184.217,209.657,201.07999999999998,210.97000000000003,L7
2014-08-29 10:06:36+00:00,185.57636363636365,168.4125,169.2,210.66750000000002,185.23818181818183,210.77,201.44636363636363,210.79363636363635,L8
2014-09-14 10:06:40+00:00,185.57000000000002,167.8630769230769,169.68,210.91769230769233,185.40333333333334,211.26,201.77583333333334,211.17083333333335,L8
2014-09-30 10:06:41+00:00,185.37833333333333,167.45,169.205,211.4046153846154,184.9525,210.98666666666668,201.69916666666666,210.2541666666667,L8
2014-10-08 10:04:28+00:00,185.50833333333333,167.27307692307693,171.6409090909091,210.2675,184.71818181818182,210.78583333333336,202.00166666666667,209.585,L7
2014-10-24 10:04:37+00:00,184.6976923076923,165.95714285714286,172.3741666666667,209.48923076923074,184.71818181818182,210.78583333333336,202.04923076923075,209.61384615384617,L7
2014-11-01 10:06:43+00:00,185.34153846153848,165.945,173.42363636363638,210.48538461538462,187.17363636363635,212.71333333333334,202.74076923076925,211.81846153846152,L8
2014-12-19 10:06:39+00:00,184.638,160.79545454545453,167.26625,210.57399999999998,187.6822222222222,214.121,203.42727272727276,213.1772727272727,L8
2015-01-12 10:05:06+00:00,183.435,161.13799999999998,169.26000000000002,212.22899999999998,186.54222222222222,213.279,204.61272727272726,212.24545454545458,L7
2015-01-28 10:05:10+00:00,182.358,158.127,170.1942857142857,211.94899999999998,187.55625,212.365,205.398,212.54500000000002,L7
2015-02-13 10:05:11+00:00,182.287,155.81,170.1942857142857,212.365,186.29874999999998,211.4188888888889,205.911,212.048,L7
2015-04-18 10:05:45+00:00,180.20142857142855,148.49666666666667,162.965,211.82285714285715,184.96,207.38000000000002,206.50166666666667,213.2783333333333,L7
2015-05-04 10:05:51+00:00,179.89,150.734,157.14000000000001,213.745,182.258,204.81199999999998,208.27799999999996,211.01399999999998,L7
2015-05-12 10:05:34+00:00,181.96142857142857,156.21333333333334,157.14000000000001,213.99714285714285,185.44833333333335,207.60666666666668,208.8983333333333,212.515,L8
2015-05-28 10:05:36+00:00,182.14875,155.9557142857143,158.4975,213.5875,185.07571428571433,206.98000000000002,207.71857142857144,211.30714285714285,L8
2015-06-05 10:06:05+00:00,183.86555555555555,160.4775,158.4975,213.62333333333333,187.20250000000001,208.10875,207.75375,213.51125,L7
2015-06-29 10:05:54+00:00,184.42111111111112,166.54125,166.3575,213.59,188.1625,208.83374999999998,207.3,211.88875,L8
2015-07-07 10:06:14+00:00,184.89100000000002,168.03222222222223,168.378,213.539,188.3422222222222,209.2733333333333,207.17999999999998,212.35888888888888,L7
2015-07-15 10:06:05+00:00,187.107,169.36399999999998,170.17333333333332,214.112,190.8411111111111,212.18999999999997,207.9688888888889,213.9611111111111,L8
2015-07-31 10:06:09+00:00,187.66,172.18200000000002,169.07833333333335,213.80299999999997,189.831,211.51666666666665,206.523,213.471,L8
2015-08-08 10:06:21+00:00,187.71,172.37272727272727,172.70142857142858,213.80299999999997,190.46545454545455,212.525,206.85545454545453,213.2718181818182,L7
2015-09-01 10:06:20+00:00,187.1772727272727,172.4390909090909,170.98875,212.859,189.95909090909092,212.01999999999998,205.55999999999997,211.3509090909091,L8
2015-09-17 10:06:29+00:00,186.4025,170.30833333333334,169.60111111111112,211.5581818181818,189.19833333333335,210.28333333333333,205.255,210.83666666666667,L8
2015-09-25 10:06:30+00:00,186.4025,169.4092307692308,170.409,211.82833333333335,188.7246153846154,210.19384615384615,205.9061538461538,210.97153846153847,L7
2015-10-03 10:06:33+00:00,186.6153846153846,168.72285714285712,171.01909090909092,211.45153846153846,188.7057142857143,211.01714285714283,206.16,210.9664285714286,L8
2015-10-11 10:06:39+00:00,186.60142857142858,169.54933333333335,171.0375,211.38214285714284,188.064,210.28133333333332,205.09666666666666,210.29,L7
2015-10-19 10:06:34+00:00,186.725,169.32333333333335,173.9433333333333,211.7085714285714,188.252,211.08599999999998,205.24533333333335,210.148,L8
2015-11-04 10:06:39+00:00,186.94307692307692,167.94733333333335,176.8553846153846,211.82357142857146,188.786,211.22357142857143,204.99928571428572,210.12714285714284,L8
2015-12-14 10:07:42+00:00,185.481,163.04384615384618,182.96538461538464,212.8125,187.12166666666667,211.52,205.03833333333333,208.76916666666668,L7
2015-12-22 10:06:40+00:00,185.7009090909091,160.75142857142856,186.09214285714287,213.9023076923077,187.12166666666667,212.35307692307694,206.02538461538464,209.1376923076923,L8
2016-02-24 10:06:25+00:00,184.62714285714287,152.547,188.919,214.158,184.18125,209.49777777777777,206.09888888888887,208.93666666666667,L8
2016-04-20 10:08:50+00:00,186.10999999999999,146.934,205.256,218.05599999999998,189.29666666666665,211.97249999999997,209.7875,212.96,L7
2016-04-28 10:06:06+00:00,186.025,150.95666666666668,200.2266666666667,217.17999999999998,189.29999999999998,211.92999999999998,209.154,211.026,L8
2016-05-22 10:08:58+00:00,185.414,152.69166666666666,193.31333333333336,216.35833333333335,187.615,211.31666666666663,208.08833333333334,211.37333333333333,L7
2016-06-07 10:09:03+00:00,186.48166666666665,156.75428571428571,191.89714285714285,214.9842857142857,187.615,211.31666666666663,208.1257142857143,212.01428571428573,L7
2016-06-15 10:06:13+00:00,186.69,163.63714285714286,182.3014285714286,213.00428571428574,188.832,209.98666666666668,207.60142857142856,210.8842857142857,L8
2016-06-23 10:09:06+00:00,187.07999999999998,169.43,177.82714285714286,210.99285714285716,188.70333333333335,207.89333333333332,205.38857142857142,209.69857142857146,L7
2016-07-01 10:06:23+00:00,187.07999999999998,169.43,177.82714285714286,210.99285714285716,187.32857142857142,207.42000000000002,204.525,209.20375,L8
2016-07-17 10:06:30+00:00,187.85999999999999,171.8725,182.9425,211.44375000000002,189.125,209.255,205.0711111111111,210.25,L8
2016-07-25 10:09:08+00:00,186.45888888888888,170.15444444444447,180.12222222222223,210.03444444444443,187.36,209.255,205.0711111111111,209.65500000000003,L7
2016-08-02 10:06:33+00:00,185.94599999999997,169.03199999999998,178.17000000000002,209.82600000000002,186.699,208.55666666666667,204.382,208.48454545454544,L8
2016-08-10 10:09:09+00:00,184.73272727272726,168.11727272727273,178.17000000000002,209.82600000000002,185.6390909090909,207.642,204.41363636363639,207.78833333333333,L7
2016-08-18 10:06:37+00:00,184.73916666666665,167.48,177.46727272727273,210.12727272727273,185.23916666666665,207.6709090909091,204.30499999999998,207.6469230769231,L8
2016-08-26 10:09:12+00:00,185.92416666666665,170.0275,178.30700000000002,209.57181818181817,185.43636363636364,209.369,204.985,207.94,L7
2016-09-03 10:06:44+00:00,185.71,169.27076923076922,177.3318181818182,209.73000000000002,185.04166666666666,209.45636363636365,204.94846153846154,208.29714285714286,L8
2016-09-11 10:09:14+00:00,185.35357142857143,168.3842857142857,176.29916666666668,209.98692307692306,185.04166666666666,209.45636363636365,205.0885714285714,207.94733333333335,L7
2016-09-27 10:09:17+00:00,185.53666666666666,167.92733333333337,176.16846153846154,210.61142857142858,185.29,210.48166666666665,205.30133333333333,207.52625,L7
2016-10-05 10:06:48+00:00,185.79,168.425625,176.1507142857143,210.74733333333333,185.98357142857142,211.3576923076923,205.51,207.69058823529411,L8
2016-10-21 10:06:52+00:00,185.275,167.554375,176.37857142857143,211.19933333333336,185.72428571428574,211.83692307692309,205.695,208.44470588235296,L8
2016-10-29 10:09:12+00:00,185.79500000000002,167.451875,177.79785714285714,212.054,185.72714285714284,212.58153846153846,206.07874999999999,208.70529411764707,L7
2016-11-30 10:09:02+00:00,185.98333333333332,167.84133333333332,178.37307692307692,212.21142857142857,185.65615384615387,213.34230769230768,206.29999999999998,208.43,L7
2016-12-08 10:06:50+00:00,185.558,164.54866666666666,181.9276923076923,213.56142857142854,186.20428571428573,213.96785714285713,206.55666666666667,208.0775,L8
2016-12-16 10:08:58+00:00,185.69333333333333,162.30133333333333,183.56846153846152,214.30642857142857,185.95,214.18428571428572,206.71266666666665,208.04533333333333,L7
2017-01-01 10:08:49+00:00,185.1953333333333,161.6442857142857,182.58083333333332,215.57071428571427,186.34666666666666,215.35083333333333,207.67923076923077,208.43692307692305,L7
2017-01-09 10:06:43+00:00,184.79749999999999,159.55999999999997,179.62538461538458,215.486,186.34666666666666,213.74692307692308,207.62000000000003,208.73785714285714,L8
2017-02-10 10:06:29+00:00,185.62307692307692,155.69333333333336,178.56181818181818,217.15153846153845,188.17874999999998,214.92636363636365,208.31999999999996,211.0472727272727,L8
2017-02-18 10:08:31+00:00,185.8023076923077,155.6825,180.8409090909091,217.46153846153845,189.17125000000001,215.01454545454544,208.63583333333335,210.96363636363637,L7
2017-02-26 10:06:24+00:00,184.86384615384617,154.12416666666667,178.77666666666664,217.90153846153848,188.57666666666668,214.58249999999998,208.2558333333333,210.26636363636362,L8
2017-03-14 10:06:16+00:00,185.46083333333334,154.6472727272727,181.0563636363636,219.4366666666667,189.63,215.505,208.83363636363637,210.462,L8
2017-03-30 10:06:07+00:00,185.21666666666667,154.61818181818182,181.3090909090909,219.05833333333337,189.2288888888889,215.10583333333332,208.90454545454543,211.123,L8
2017-04-15 10:05:59+00:00,184.68416666666667,152.33818181818182,180.09454545454545,218.97666666666666,187.79222222222222,213.88749999999996,207.95,210.55,L8
2017-04-23 10:08:56+00:00,185.49416666666664,154.38090909090909,180.118,219.98583333333332,188.61666666666667,214.0858333333333,208.62181818181818,209.609,L7
2017-05-09 10:09:00+00:00,183.67999999999998,152.7972727272727,176.417,217.40333333333334,186.6522222222222,213.4172727272727,208.20800000000003,209.73499999999999,L7
2017-05-17 10:05:59+00:00,184.02615384615385,155.05416666666667,176.44,216.4323076923077,187.015,213.68083333333334,208.16545454545457,209.7381818181818,L8
2017-06-02 10:06:09+00:00,184.33142857142857,156.88384615384615,176.41416666666666,216.19071428571428,187.49272727272728,213.3025,208.11333333333334,210.3758333333333,L8
2017-06-18 10:06:15+00:00,183.64923076923077,160.22083333333333,168.03,214.44846153846154,185.519,211.16636363636363,206.62818181818184,209.9,L8
2017-06-26 10:09:10+00:00,183.585,160.26615384615386,166.83416666666668,213.25071428571428,184.07999999999998,210.11666666666665,205.4625,208.23615384615385,L7
2017-07-04 10:06:19+00:00,183.75928571428568,161.27285714285716,167.43923076923076,211.9807142857143,184.86666666666667,210.36461538461538,205.7015384615385,208.12928571428574,L8
2017-07-12 10:09:11+00:00,183.85071428571428,163.29214285714286,168.17384615384614,211.54857142857145,184.1846153846154,210.8853846153846,204.58230769230767,207.42071428571427,L7
2017-07-20 10:06:24+00:00,183.91,163.00799999999998,167.82142857142858,211.674,184.13642857142855,210.66357142857143,204.34785714285712,207.292,L8
2017-07-28 10:09:10+00:00,183.915,163.07625,167.95666666666665,211.76125000000002,183.838,210.05466666666663,203.86933333333334,206.283125,L7
2017-08-05 10:06:31+00:00,183.8958823529412,162.90235294117647,167.79749999999999,211.86352941176472,183.636875,209.8775,203.78187499999999,206.29294117647058,L8
2017-08-13 10:09:08+00:00,184.1876470588235,164.17176470588237,168.201875,211.65764705882353,183.05941176470586,209.55124999999998,203.4475,205.72470588235296,L7
2017-08-21 10:06:36+00:00,183.82117647058823,163.9123529411765,166.63250000000002,211.40470588235294,182.68470588235297,208.908125,203.16875,205.94941176470587,L8
2017-09-06 10:06:38+00:00,184.04294117647058,163.98000000000002,167.621875,211.37117647058824,182.8670588235294,208.93375,203.09625,205.7058823529412,L8
2017-09-14 10:09:07+00:00,184.19176470588238,164.3429411764706,167.484375,210.515625,183.2923529411765,208.774375,203.220625,205.74941176470588,L7
2017-09-22 10:06:42+00:00,184.40833333333333,164.175,168.07588235294116,210.77823529411765,183.51333333333335,209.2429411764706,203.58235294117648,205.92888888888888,L8
2017-09-30 10:09:07+00:00,184.96777777777777,164.67666666666665,167.90588235294118,210.30352941176469,184.1761111111111,208.76000000000002,203.24,206.57500000000002,L7
2017-10-08 10:06:48+00:00,184.9584210526316,164.9442105263158,167.90588235294118,211.09888888888887,184.67263157894735,209.4564705882353,203.41823529411766,206.6405263157895,L8
2017-10-16 10:09:10+00:00,185.4768421052632,165.35631578947368,168.69823529411767,211.82666666666668,185.49263157894737,209.594375,203.74812500000002,207.29473684210527,L7
2017-10-24 10:06:50+00:00,184.77684210526314,164.28105263157894,169.33444444444447,210.92055555555555,184.89315789473685,208.34,203.179375,207.48157894736843,L8
2018-01-20 10:08:25+00:00,185.12083333333337,160.80833333333334,170.89363636363635,213.89181818181817,186.4716666666667,208.198,205.106,209.35666666666665,L7
2018-01-28 10:06:27+00:00,185.1525,158.40916666666666,170.998,215.14545454545453,187.4525,209.619,206.67800000000003,210.24833333333333,L8
2018-02-05 10:08:09+00:00,185.29454545454544,156.38916666666668,171.326,216.21545454545455,188.45749999999998,209.88555555555556,207.12600000000003,210.36833333333334,L7
2018-04-02 10:05:58+00:00,183.62333333333333,150.2057142857143,169.46599999999998,219.72571428571428,188.53714285714287,211.152,208.13166666666666,211.21571428571428,L8
2018-05-12 10:06:47+00:00,182.80499999999998,140.25,163.71666666666667,219.43,188.23000000000002,213.495,208.43400000000003,210.02799999999996,L7
2018-05-20 10:05:29+00:00,183.29199999999997,144.636,167.0275,218.94000000000003,188.16333333333333,212.43200000000002,208.0533333333333,208.70666666666668,L8
2018-06-21 10:05:29+00:00,184.86666666666667,150.87666666666667,167.0275,220.30857142857144,190.14142857142858,214.00833333333333,208.28,210.25,L8
2018-06-29 10:05:58+00:00,184.92428571428573,153.15,165.666,219.8625,188.42000000000002,212.6342857142857,208.28,210.25,L7
2018-07-07 10:05:38+00:00,184.425,153.64875,164.805,218.89222222222224,187.22666666666666,211.185,207.0575,209.35375,L8
2018-07-15 10:05:39+00:00,183.29333333333332,153.64875,164.805,218.39100000000002,186.027,210.46666666666667,206.34666666666666,208.35777777777778,L7
2018-07-31 10:05:22+00:00,184.46625,160.53142857142856,167.11833333333334,217.5511111111111,185.0,209.4325,203.77999999999997,208.48000000000002,L7
2018-08-16 10:05:04+00:00,184.46625,164.64000000000001,166.804,216.58625,184.04,209.37,203.70000000000002,208.3085714285714,L7
2018-09-09 10:06:08+00:00,184.6222222222222,163.97857142857143,168.03333333333333,217.54666666666668,183.96555555555557,210.15500000000003,203.95333333333335,208.62875,L8
2018-10-11 10:06:21+00:00,184.36888888888888,163.07714285714286,168.58666666666667,217.78111111111113,184.67333333333332,210.596,204.92,210.47,L8
2018-10-19 10:03:38+00:00,184.476,162.01375,176.84,217.37000000000003,185.273,211.26727272727274,205.02200000000002,210.47,L7
2018-10-27 10:06:26+00:00,184.60545454545456,161.80666666666667,183.08125,217.02454545454546,186.07090909090908,212.05916666666667,204.91545454545457,210.62666666666667,L8
2018-12-30 10:06:24+00:00,183.05124999999998,153.59857142857143,193.45428571428573,217.03375,183.44142857142856,212.39222222222222,204.7444444444444,212.72571428571428,L8
2019-01-07 10:01:34+00:00,180.435,147.57571428571427,198.9466666666667,217.18249999999998,184.40166666666667,213.81125,206.6311111111111,214.82142857142858,L7
2019-01-15 10:06:22+00:00,181.11499999999998,145.65,198.9466666666667,216.6475,185.60833333333335,212.05374999999998,206.05777777777777,216.62142857142857,L8
2019-01-23 10:01:03+00:00,179.72333333333333,145.65,198.9466666666667,217.72777777777776,183.98142857142858,212.05374999999998,206.368,213.265,L7
2019-02-08 10:00:34+00:00,179.01875,143.36285714285714,204.2966666666667,217.66333333333333,185.3942857142857,213.93249999999998,206.094,212.75777777777776,L7
2019-02-16 10:06:16+00:00,180.00666666666666,142.93374999999997,204.2966666666667,218.796,186.90375,215.6025,206.196,214.95666666666668,L8
2019-02-24 10:00:05+00:00,180.422,143.1977777777778,202.92428571428576,219.5218181818182,186.57666666666668,215.6025,206.196,214.315,L7
2019-03-04 10:06:12+00:00,180.88454545454545,145.189,205.92000000000002,220.0975,186.647,216.27222222222224,206.4109090909091,213.8118181818182,L8
2019-03-12 09:59:34+00:00,179.43,143.54222222222222,210.45428571428573,218.92416666666668,185.345,213.51333333333332,206.07545454545453,212.3118181818182,L7
2019-03-28 09:59:02+00:00,180.00333333333333,146.289,207.6725,219.73846153846154,185.68545454545455,214.137,206.49249999999998,211.98583333333337,L7
2019-04-05 10:06:03+00:00,180.28538461538463,147.57272727272726,206.39222222222222,220.1342857142857,185.72583333333333,214.8272727272727,206.60923076923078,211.48076923076923,L8
2019-05-07 10:06:01+00:00,179.01636363636362,145.29777777777778,199.16142857142856,220.87,183.73399999999998,211.10555555555553,205.6472727272727,209.10833333333335,L8
2019-05-23 10:06:11+00:00,179.51083333333335,146.715,194.21,220.40846153846152,183.49818181818182,210.958,205.1158333333333,209.0,L8
2019-05-31 09:56:40+00:00,180.51230769230767,150.63636363636363,194.21,219.8542857142857,183.82833333333335,211.13454545454545,205.39692307692306,209.39785714285716,L7
2019-06-08 10:06:19+00:00,181.04571428571427,150.97583333333333,190.66666666666666,219.28933333333333,183.35692307692307,210.42416666666665,204.62285714285713,208.99533333333335,L8
2019-06-16 09:56:06+00:00,181.08666666666664,151.8653846153846,187.53,218.636875,182.60642857142855,209.64769230769232,204.03733333333332,208.99533333333335,L7
2019-07-02 09:55:30+00:00,181.58066666666667,155.38153846153847,182.18,218.02249999999998,182.748,208.6541666666667,203.45142857142858,207.862,L7
2019-07-18 09:54:53+00:00,183.10642857142855,161.16333333333333,182.18,219.03142857142856,182.38333333333333,210.02499999999998,202.93,206.2978571428571,L7
2019-07-26 10:06:32+00:00,184.53285714285715,161.9976923076923,181.48272727272726,218.3192857142857,182.96266666666668,210.10846153846154,202.6746153846154,207.91428571428568,L8
2019-08-03 09:54:14+00:00,184.412,161.79999999999998,179.89333333333332,218.00133333333332,182.621875,210.06642857142856,202.93000000000004,208.10933333333332,L7
2019-08-11 10:06:39+00:00,184.521875,161.83399999999997,178.5858333333333,218.06066666666666,182.681875,209.94,203.87714285714284,208.51133333333334,L8
2019-08-19 09:53:34+00:00,184.623125,164.23466666666667,178.3946153846154,217.288,182.069375,208.9735714285714,203.61153846153846,207.22785714285715,L7
2019-09-04 09:52:53+00:00,184.08866666666668,165.77692307692308,172.50454545454548,213.75142857142856,181.88466666666665,208.4521428571429,203.35846153846154,207.52615384615382,L7
2019-09-12 10:06:47+00:00,185.02066666666667,164.67214285714286,172.49249999999998,214.02142857142854,182.91733333333332,209.89142857142858,203.8553846153846,208.9176923076923,L8
2019-09-20 09:52:10+00:00,184.87625,163.96733333333336,174.30923076923077,213.86599999999999,182.833125,209.70933333333332,203.66071428571428,208.9176923076923,L7
2019-09-28 10:06:52+00:00,185.014375,163.22066666666666,174.91615384615386,212.78866666666667,182.62499999999997,209.82066666666665,203.54214285714286,209.00153846153847,L8
2019-10-14 10:06:55+00:00,185.21875,163.678,177.28153846153847,211.93933333333334,183.06062500000002,209.66533333333334,203.58999999999997,209.30076923076925,L8
2019-10-30 10:06:55+00:00,185.45647058823528,163.558125,177.28153846153847,212.840625,183.44176470588238,210.4075,204.016,209.36571428571432,L8
2019-12-25 09:47:46+00:00,185.48833333333334,157.86166666666668,183.66555555555558,213.31833333333336,184.74583333333337,213.3708333333333,206.7,210.95454545454547,L7
2020-01-02 10:06:44+00:00,185.1191666666667,154.08333333333334,191.30555555555554,214.3125,184.74727272727273,214.08692307692306,207.70583333333332,212.54818181818183,L8
2020-01-10 09:46:57+00:00,184.5976923076923,150.02846153846153,196.387,215.7346153846154,184.34333333333333,214.08692307692306,207.70583333333332,212.51833333333335,L7
2020-01-18 10:06:41+00:00,184.57923076923078,147.89923076923077,196.387,215.415,185.01090909090908,212.8830769230769,207.89,213.48833333333334,L8
2020-01-26 09:46:09+00:00,184.16538461538462,144.7653846153846,201.699,216.0292857142857,185.221,212.5969230769231,207.92166666666665,212.6025,L7
2020-03-30 09:42:45+00:00,182.56142857142854,134.21125,234.655,220.90375,187.52666666666667,211.57857142857142,207.50714285714284,210.77125,L7
2020-04-07 10:06:11+00:00,183.51,138.4077777777778,232.97400000000002,220.1822222222222,188.25,212.85875,207.64749999999998,211.07111111111112,L8
2020-04-15 09:41:50+00:00,183.02,139.5311111111111,223.10399999999998,220.77666666666667,188.19,213.0675,207.82250000000002,212.04999999999998,L7
2020-05-17 09:39:54+00:00,180.98428571428573,137.9588888888889,211.37666666666667,219.0588888888889,183.01250000000002,210.68375,207.51428571428573,212.27999999999997,L7
2020-05-25 10:05:59+00:00,181.20875,139.292,204.17857142857142,218.387,183.12800000000001,210.10777777777778,206.81,211.41555555555553,L8
2020-06-02 09:38:56+00:00,181.91333333333333,139.292,204.17857142857142,219.45363636363638,185.29666666666665,211.16199999999998,207.1688888888889,211.773,L7
2020-06-10 10:06:08+00:00,181.28900000000002,140.72545454545454,198.4975,217.7725,184.94428571428574,210.19727272727275,207.161,211.39272727272726,L8
2020-06-18 09:38:01+00:00,181.28900000000002,143.50416666666666,195.86777777777777,217.66923076923078,185.23625,210.84,207.3790909090909,211.88,L7
2020-06-26 10:06:16+00:00,181.63181818181818,149.0325,193.173,217.4507692307692,184.98111111111112,210.14333333333335,206.28727272727275,211.03,L8
2020-07-12 10:06:23+00:00,181.485,155.94909090909093,178.51333333333335,214.85416666666666,185.08666666666667,208.49749999999997,204.18727272727273,208.94454545454545,L8
2020-07-20 09:36:05+00:00,182.124,160.00636363636363,178.51333333333335,215.18090909090913,186.342,211.015,204.9609090909091,208.51454545454547,L7
2020-07-28 10:06:28+00:00,182.924,164.41363636363636,173.89444444444445,213.65454545454548,186.8381818181818,212.00333333333333,205.22,209.32181818181817,L8
2020-08-05 09:35:05+00:00,181.36818181818182,162.9475,170.953,212.0666666666667,184.97833333333332,212.00333333333333,205.22,209.32181818181817,L7
2020-08-21 09:34:04+00:00,181.36818181818182,162.9475,170.5218181818182,212.03846153846155,183.83076923076925,211.2669230769231,204.66666666666666,207.83,L7
2020-08-29 10:06:40+00:00,181.81333333333336,162.8323076923077,170.745,212.31357142857146,184.03285714285715,211.19357142857143,204.93384615384613,208.1376923076923,L8
2020-09-06 09:33:01+00:00,181.97615384615386,163.03714285714287,170.26000000000002,212.31357142857146,184.03285714285715,211.19357142857143,205.19285714285712,208.24214285714288,L7
2020-09-14 10:06:46+00:00,182.2864285714286,162.81199999999998,170.2692857142857,212.61733333333333,184.04466666666667,211.54866666666666,205.152,208.72733333333335,L8
2020-09-30 10:06:50+00:00,183.09428571428572,163.69,171.9393333333333,212.13333333333333,184.200625,212.70466666666667,206.37333333333336,209.76866666666666,L8
2020-10-08 09:30:56+00:00,182.55153846153846,163.09785714285712,167.64733333333334,211.978,182.885,211.268,206.0786666666667,208.844,L7
2020-10-16 10:06:52+00:00,182.36785714285716,162.1235714285714,168.832,211.4226666666667,182.279375,209.07000000000002,205.80133333333333,208.4006666666667,L8
2020-11-01 10:06:51+00:00,182.77266666666668,161.99666666666664,172.42625,212.391875,183.0911764705882,209.894375,206.006875,208.71,L8
2020-11-09 09:28:49+00:00,182.77266666666668,160.00125,172.42625,212.52588235294118,183.0911764705882,209.1894117647059,206.05705882352942,208.67882352941177,L7
2020-11-17 10:06:50+00:00,183.2346666666667,159.83625,173.73866666666666,212.7370588235294,183.90823529411765,208.93,205.9638888888889,208.99333333333334,L8
2021-01-20 10:06:40+00:00,183.548,155.39636363636365,184.12363636363636,213.42999999999998,182.73454545454544,208.90090909090907,206.69083333333333,210.28499999999997,L8
2021-02-21 10:06:34+00:00,184.68222222222224,152.08300000000003,187.65555555555554,217.291,185.61111111111111,208.98499999999999,207.37636363636364,212.39818181818183,L8
2021-03-01 09:20:40+00:00,183.46222222222224,148.95499999999998,189.4625,217.44666666666666,185.48,209.459,207.30363636363637,212.4790909090909,L7
2021-03-25 10:06:20+00:00,183.66750000000002,147.29000000000002,194.2742857142857,218.64777777777778,186.64624999999998,210.01100000000002,207.72200000000004,212.31900000000002,L8
2021-04-02 09:18:06+00:00,182.70624999999998,145.35333333333335,184.71714285714285,219.36333333333334,186.66142857142856,208.84444444444446,206.97400000000002,212.596,L7
2021-04-10 10:06:15+00:00,182.5711111111111,145.98,184.05,219.57444444444445,190.35714285714286,211.88444444444445,208.108,214.04000000000002,L8
2021-04-26 10:06:07+00:00,182.79666666666665,144.23899999999998,178.84999999999997,219.88444444444445,190.09857142857143,213.7433333333333,207.385,212.6688888888889,L8
2021-05-12 10:06:05+00:00,181.49555555555557,144.6588888888889,172.3442857142857,216.21374999999998,187.9314285714286,210.63875000000002,203.97666666666666,211.85,L8
2021-05-28 10:06:15+00:00,181.79444444444445,146.4188888888889,172.12875,216.03875,188.0171428571429,211.77125,203.76000000000002,210.75625,L8
2021-06-05 09:12:43+00:00,181.79444444444445,149.446,172.0111111111111,215.8711111111111,187.59125,210.7566666666667,203.10399999999998,210.4177777777778,L7
2021-06-13 10:06:21+00:00,182.15,150.50727272727272,171.277,215.47199999999998,186.89333333333335,210.80700000000002,202.79545454545453,209.007,L8
2021-06-21 09:11:25+00:00,179.98090909090908,149.09083333333334,166.51909090909092,215.47199999999998,183.57,210.80700000000002,202.79545454545453,205.87818181818182,L7
2021-06-29 10:06:25+00:00,180.04583333333335,149.7676923076923,165.86416666666665,215.11454545454544,182.86454545454546,209.92909090909095,202.12583333333336,205.2825,L8
2021-07-07 09:10:05+00:00,179.93615384615384,150.5614285714286,165.86416666666665,215.11454545454544,182.03750000000002,209.29999999999998,201.80153846153846,205.05461538461537,L7
2021-07-15 10:06:26+00:00,179.79142857142855,151.04066666666668,165.58461538461538,214.59833333333333,181.7723076923077,208.60076923076923,201.5442857142857,205.04357142857143,L8
2021-07-23 09:08:42+00:00,179.63714285714283,153.47666666666666,161.2253846153846,213.16666666666666,180.5669230769231,207.45416666666665,200.89923076923074,203.4769230769231,L7
2021-07-31 10:06:35+00:00,179.85199999999998,153.8375,161.36785714285716,213.19846153846154,180.69785714285717,207.32538461538462,200.6992857142857,202.97857142857146,L8
2021-08-08 09:07:18+00:00,179.85199999999998,153.8375,160.83866666666665,213.68642857142854,180.08600000000004,207.58714285714285,201.30999999999997,203.03133333333335,L7
2021-08-16 10:06:41+00:00,180.08124999999998,154.23705882352942,161.388125,213.65066666666664,180.25750000000002,207.5366666666667,201.39374999999998,203.438125,L8
2021-09-01 10:06:45+00:00,180.518,157.175625,162.1975,212.94,179.889375,207.11142857142858,200.93066666666667,202.2106666666667,L8
2021-09-09 09:04:30+00:00,180.518,157.175625,161.87117647058824,212.951875,179.889375,207.35333333333335,201.105625,202.19250000000002,L7
2021-10-03 10:06:54+00:00,180.77857142857144,158.76466666666667,163.661875,212.02466666666666,180.13875000000002,207.33933333333334,200.50199999999998,201.23466666666667,L8
2021-10-11 09:01:40+00:00,181.13285714285712,160.64,164.170625,211.83466666666666,179.132,205.89000000000001,199.28266666666667,201.23466666666667,L7
2021-10-19 10:06:58+00:00,181.71599999999998,160.97062499999998,166.00823529411764,212.7575,180.110625,206.94933333333336,199.920625,201.734375,L8
2021-10-27 09:00:13+00:00,181.52599999999998,160.41312499999998,166.79235294117646,212.7775,180.02466666666666,207.30866666666668,199.95625,200.775625,L7
2021-11-12 08:58:42+00:00,181.8685714285714,161.11866666666666,165.916875,211.948125,179.96142857142857,209.1457142857143,201.42733333333334,200.67333333333332,L7
2021-11-13 10:05:11+00:00,181.88,159.76,166.74588235294118,211.96529411764706,180.26466666666664,209.916,201.926875,201.74375,L9
2021-11-18 10:07:39+00:00,181.831875,158.89176470588234,167.49055555555555,212.05611111111114,180.53625,209.1475,202.10764705882352,201.69764705882355,L9
2021-11-20 10:06:52+00:00,182.27529411764704,157.68666666666667,167.49055555555555,212.91263157894738,181.42058823529413,209.93882352941176,202.49944444444444,202.52277777777778,L8
2021-12-14 08:55:39+00:00,181.91333333333333,155.9826666666667,167.2313333333333,214.69,181.06500000000003,210.56714285714287,203.04333333333335,203.010625,L7
2021-12-14 10:06:50+00:00,182.174375,154.37,167.2313333333333,215.51555555555558,181.06500000000003,211.36266666666668,203.91,204.36176470588236,L9
2021-12-30 10:06:49+00:00,183.65133333333333,153.92666666666668,170.13642857142855,215.56722222222223,183.72923076923078,210.77733333333333,204.49875,207.30687500000002,L9
2022-01-07 10:06:46+00:00,183.52266666666668,151.88133333333332,170.83133333333336,215.41631578947369,184.62833333333333,210.042,205.116875,207.899375,L8
2022-01-15 08:52:31+00:00,183.92357142857145,151.46214285714285,171.4457142857143,213.64315789473685,185.17727272727274,210.74428571428572,205.578,208.0993333333333,L7
2022-01-15 10:06:46+00:00,184.2326666666667,150.06066666666666,171.4457142857143,214.3795,185.17727272727274,211.51000000000002,206.28,209.253125,L9
2022-01-23 10:06:42+00:00,184.276,147.67733333333334,170.39846153846156,215.12849999999997,185.77100000000002,212.19500000000002,206.55764705882353,210.19823529411764,L8
2022-01-31 10:06:48+00:00,183.85,146.73466666666667,169.30769230769232,215.1455,185.406,211.423125,206.51588235294116,210.37529411764706,L9
2022-02-08 10:06:39+00:00,183.88125,146.246875,170.40076923076924,214.81900000000002,186.967,210.6475,206.28529411764706,211.20823529411766,L8
2022-02-25 08:42:17+00:00,183.90533333333332,145.28799999999998,170.465,214.6225,187.42666666666665,210.902,206.5125,211.14352941176472,L7
2022-03-04 08:47:47+00:00,183.76642857142858,143.23133333333334,170.21272727272728,214.57105263157894,188.24125,210.60142857142858,205.885625,210.4764705882353,L7
2022-03-28 10:06:17+00:00,183.71,144.293125,169.93545454545455,214.63631578947368,187.67666666666668,210.59714285714287,205.609375,211.02117647058822,L8
2022-04-05 10:06:28+00:00,183.194,142.518125,168.65545454545455,214.57526315789474,185.91999999999996,209.8542857142857,205.761875,211.03176470588235,L9
2022-05-08 08:35:29+00:00,182.70166666666668,138.24615384615385,162.79666666666668,214.0970588235294,182.68555555555554,208.83,206.7242857142857,212.360625,L7
2022-05-13 08:41:08+00:00,183.10416666666666,140.96076923076924,160.645,217.24562500000002,182.45749999999998,207.75090909090912,206.51692307692306,212.204375,L7
2022-05-15 10:06:28+00:00,183.8407692307692,144.17142857142858,160.645,217.8694117647059,184.60333333333332,208.95166666666668,206.75785714285712,212.61176470588236,L8
2022-05-23 10:06:02+00:00,183.67499999999998,145.95384615384617,159.65375,217.0925,183.48375000000001,209.1090909090909,206.45923076923074,213.08375,L9
2022-05-30 08:40:23+00:00,183.9030769230769,147.80428571428573,159.26444444444442,216.99764705882353,181.90222222222224,208.56499999999997,206.45923076923074,213.08375,L7
2022-05-31 10:06:31+00:00,183.50214285714284,147.91666666666666,161.408,216.59777777777776,181.824,207.38384615384615,205.1885714285714,212.33235294117648,L8
2022-06-08 10:06:04+00:00,183.49066666666667,148.594375,161.14,216.32999999999998,181.5309090909091,207.39000000000001,204.666,212.05555555555554,L9
2022-06-11 08:33:56+00:00,183.393125,149.4894117647059,160.25916666666666,216.32999999999998,181.5309090909091,207.39000000000001,204.27625,211.91684210526316,L7
2022-06-16 08:39:27+00:00,183.2133333333333,150.69625000000002,159.81153846153845,214.35888888888888,180.59333333333333,206.36785714285716,203.68875,210.83166666666665,L7
2022-06-16 10:06:43+00:00,183.40374999999997,152.1329411764706,161.52357142857142,214.38,181.1853846153846,206.88,203.76529411764707,210.67,L8
2022-07-02 10:06:46+00:00,183.61,153.8364705882353,162.275,214.16736842105263,180.71461538461537,207.52466666666666,203.45,210.07631578947368,L8
2022-07-10 10:06:21+00:00,184.7625,157.46058823529413,160.86846153846153,215.01842105263157,182.24428571428572,209.57133333333334,203.52294117647057,210.34315789473683,L9
2022-07-15 08:31:42+00:00,184.27375,159.55529411764707,160.86846153846153,216.64166666666665,182.24428571428572,208.66714285714286,202.84,209.33157894736843,L7
2022-07-18 10:06:47+00:00,184.36588235294118,160.115,161.7792857142857,216.44842105263155,182.54933333333335,208.75733333333335,202.96555555555557,209.49349999999998,L8
2022-07-20 08:37:07+00:00,184.36588235294118,160.115,160.88933333333335,216.09699999999998,182.54933333333335,208.75733333333335,202.96555555555557,209.6657142857143,L7
2022-07-26 10:06:31+00:00,184.39529411764707,161.62444444444444,160.644375,215.4145,182.284375,207.68333333333334,201.99833333333333,208.83285714285714,L9
2022-08-01 08:30:20+00:00,184.95294117647057,163.4016666666667,159.2075,216.157,182.52,208.70142857142858,202.67555555555555,209.38238095238097,L7
2022-08-03 10:06:58+00:00,185.1972222222222,164.27842105263161,159.2075,215.7238095238095,183.158125,209.45,202.87473684210525,209.34272727272727,L8
2022-08-06 08:35:44+00:00,185.1972222222222,164.27842105263161,159.2075,215.7238095238095,183.158125,209.45,202.87473684210525,209.34695652173914,L7
2022-08-11 10:06:42+00:00,185.52388888888888,166.49894736842106,158.64533333333335,215.4633333333333,183.608125,210.67533333333333,203.04000000000002,208.96782608695653,L9
2022-08-23 08:34:13+00:00,185.52388888888888,166.49894736842106,155.77187500000002,216.00818181818184,182.8305882352941,210.67533333333333,203.04000000000002,208.96782608695653,L7
2022-08-27 10:06:46+00:00,185.3978947368421,166.245,155.77187500000002,216.2931818181818,182.81722222222223,210.84750000000003,203.3615,208.88826086956524,L9
2022-09-04 08:27:17+00:00,184.34199999999998,167.01500000000001,154.09294117647062,215.22869565217388,182.81722222222223,208.8064705882353,203.6715789473684,208.92217391304348,L7
2022-09-04 10:07:04+00:00,183.92333333333332,166.43952380952382,154.2566666666667,214.4395833333333,182.58631578947367,207.37833333333336,202.898,208.785,L8
2022-09-12 10:06:47+00:00,184.20818181818183,166.9418181818182,157.26894736842107,214.39399999999998,183.2905,208.1226315789474,202.99523809523808,208.7548,L9
2022-09-20 10:07:11+00:00,184.16826086956522,166.5086956521739,158.09250000000003,214.34730769230768,183.46761904761905,208.3395,203.22227272727275,208.6473076923077,L8
2022-09-21 08:25:32+00:00,183.95291666666665,165.31166666666667,158.09250000000003,214.34730769230768,183.46761904761905,208.3395,203.22227272727275,208.90370370370368,L7
2022-09-28 10:06:53+00:00,183.75166666666667,164.78291666666667,158.378,214.14615384615385,183.46952380952382,207.31,203.44863636363635,208.98037037037034,L9
2022-10-06 10:07:07+00:00,184.00541666666666,165.53416666666666,158.419,213.88923076923078,183.7485714285714,207.712,203.50454545454542,209.32000000000002,L8
2022-10-22 10:07:07+00:00,184.06239999999997,165.0156,159.4504761904762,213.9114814814815,183.95,208.05523809523808,203.4991304347826,209.52857142857144,L8
2022-10-30 08:26:38+00:00,182.85423076923078,165.0156,159.4504761904762,213.9114814814815,183.95,208.05523809523808,203.4991304347826,209.6696551724138,L7
2022-10-30 10:06:58+00:00,182.99592592592592,164.82999999999998,161.0818181818182,213.6357142857143,184.1565217391304,208.63636363636363,203.8058333333333,209.63766666666666,L9
2022-11-07 10:07:09+00:00,183.1342857142857,164.18814814814814,164.30272727272728,214.12821428571428,185.45304347826087,209.20478260869567,203.81791666666663,209.83466666666666,L8
2022-11-11 08:19:10+00:00,182.99592592592595,160.8725925925926,164.30272727272728,213.62925925925924,185.45304347826087,209.20478260869567,203.81791666666663,209.833,L7
2022-12-25 10:06:55+00:00,182.4757142857143,156.92809523809524,168.78875,213.4542857142857,186.843125,210.1994117647059,205.3972222222222,210.68375,L8
2023-01-02 10:06:59+00:00,182.69571428571427,155.54285714285712,172.8425,214.39666666666668,187.50466666666668,211.39176470588237,206.1916666666667,210.96666666666667,L9
2023-01-10 10:06:54+00:00,181.78571428571428,152.61095238095237,172.8425,212.7390476190476,186.05,209.50176470588235,205.0522222222222,210.39125,L8
2023-02-03 10:07:01+00:00,180.80764705882353,146.36235294117645,183.59153846153848,212.74125,186.07416666666666,208.65533333333332,205.78714285714287,210.81444444444443,L9
2023-02-11 10:06:51+00:00,180.63882352941178,143.81941176470588,187.7642857142857,213.94875,186.12416666666664,209.00133333333332,205.74285714285716,211.6833333333333,L8
2023-02-19 10:06:54+00:00,181.16444444444446,144.71833333333333,196.9935714285714,213.976875,187.55454545454543,209.84,206.60399999999998,212.59894736842102,L9
2023-03-07 10:06:43+00:00,182.438125,144.105625,206.13666666666666,216.79928571428573,188.387,214.26999999999998,207.74499999999998,214.59588235294117,L9
2023-03-23 10:06:37+00:00,182.35857142857142,143.19714285714286,208.84099999999998,218.01230769230767,187.41444444444446,214.3023076923077,207.9592307692308,215.04266666666666,L9
2023-03-25 08:09:38+00:00,182.35857142857142,143.19714285714286,208.84099999999998,218.01230769230767,187.41444444444446,214.3023076923077,207.9592307692308,213.78125,L7
2023-04-08 10:06:27+00:00,182.68769230769232,142.56076923076924,220.2411111111111,219.14750000000004,188.82375000000002,216.505,208.42583333333334,213.4586666666667,L9
2023-04-11 08:04:13+00:00,182.0807142857143,142.74928571428572,220.2411111111111,218.29846153846154,188.82375000000002,216.505,208.42583333333334,212.764375,L7
2023-04-16 08:08:20+00:00,182.0807142857143,140.95066666666665,220.2411111111111,215.40357142857144,188.82375000000002,216.505,208.42583333333334,211.48176470588237,L7
2023-04-16 10:06:04+00:00,182.0807142857143,140.95066666666665,217.75500000000002,215.40357142857144,188.82375000000002,213.94692307692307,206.1838461538462,210.78611111111113,L8
2023-04-24 10:06:21+00:00,182.0092857142857,141.40666666666667,216.61399999999998,215.46142857142857,188.06125,213.71615384615387,206.37307692307692,210.4788888888889,L9
2023-05-03 08:02:18+00:00,183.34153846153848,140.41400000000002,218.97777777777776,216.17461538461538,187.97,213.12250000000003,205.99916666666664,209.27882352941177,L7
2023-05-25 07:59:44+00:00,183.0475,142.3392857142857,219.6225,215.28,186.715,212.3418181818182,205.79454545454544,208.88866666666667,L7
2023-06-21 08:00:19+00:00,181.89153846153846,142.95266666666666,211.85777777777778,212.44384615384615,186.715,212.3418181818182,205.79454545454544,208.88866666666667,L7
2023-06-27 10:05:54+00:00,181.6976923076923,145.58066666666667,201.85999999999999,211.0076923076923,184.88571428571427,211.0272727272727,204.1490909090909,207.33666666666667,L9
2023-07-21 10:06:14+00:00,181.92083333333335,148.97714285714284,195.8788888888889,211.11166666666665,185.31857142857143,211.88899999999998,205.137,207.45285714285714,L8
2023-07-29 10:06:11+00:00,182.53615384615384,150.746,195.8788888888889,210.8230769230769,185.9425,212.39090909090908,205.4690909090909,207.97533333333334,L9
2023-07-30 07:48:46+00:00,182.53615384615384,150.746,195.8788888888889,209.56785714285712,185.9425,212.39090909090908,205.4690909090909,206.838125,L7
2023-08-06 10:06:23+00:00,182.0661538461538,151.88133333333332,188.13111111111112,207.27642857142857,185.38888888888889,211.00363636363636,203.68545454545455,206.56875,L8
2023-08-09 07:55:39+00:00,181.9842857142857,152.873125,182.507,207.614,185.38888888888889,211.00363636363636,203.68545454545455,206.56875,L7
2023-08-14 10:06:18+00:00,182.30428571428573,155.824375,175.89555555555557,206.96733333333336,185.82444444444442,210.96272727272728,203.69272727272727,205.89125,L9
2023-08-22 10:06:31+00:00,182.30214285714283,157.056875,167.6475,206.00133333333332,186.539,210.7927272727273,202.83272727272725,204.70250000000001,L8
2023-08-26 07:47:21+00:00,180.27733333333333,157.056875,167.6475,206.00133333333332,186.539,210.7927272727273,202.83272727272725,204.70250000000001,L7
2023-09-07 10:06:30+00:00,180.9,157.9425,167.6475,205.94799999999998,187.68099999999998,211.3709090909091,203.1590909090909,204.335625,L8
2023-09-22 07:45:07+00:00,180.50071428571428,157.05066666666664,167.6475,204.555,187.80777777777777,210.49499999999998,202.678,204.16466666666665,L7
2023-09-27 07:48:15+00:00,180.50071428571428,157.05066666666664,167.6475,204.555,187.80777777777777,210.49499999999998,202.678,203.34625,L7
2023-10-01 10:06:35+00:00,181.02733333333333,157.175625,167.6475,205.08466666666666,187.93800000000002,211.29636363636362,203.37272727272727,203.77235294117648,L9
2023-10-09 10:06:41+00:00,181.67357142857142,158.99333333333334,161.0171428571429,205.08928571428572,188.132,211.29272727272726,203.5272727272727,203.609375,L8
2023-12-20 10:06:52+00:00,183.1025,164.13363636363636,158.686,209.56916666666666,188.523,214.33888888888887,205.96444444444444,205.5625,L9
2024-01-13 10:06:39+00:00,183.06166666666664,161.81181818181818,160.244,210.98666666666668,190.14666666666668,215.14333333333332,207.32,207.10916666666665,L8
2024-01-21 10:06:46+00:00,182.90083333333334,158.8909090909091,164.892,212.11083333333337,190.9975,215.7611111111111,207.75222222222223,206.5783333333333,L9
2024-01-29 10:06:34+00:00,182.51999999999998,155.2527272727273,170.03833333333333,215.63545454545456,189.54250000000002,215.57777777777775,208.05666666666667,207.47,L8
2024-02-14 10:06:36+00:00,182.023,149.8488888888889,178.498,217.84333333333333,189.4216666666667,218.45,210.51,205.98199999999997,L8
2024-03-17 10:06:20+00:00,184.53625,145.60875000000001,176.9,219.9075,187.406,218.1933333333333,210.76999999999998,205.60777777777778,L8
2024-04-18 10:06:00+00:00,182.03142857142856,140.88000000000002,174.24142857142857,218.65142857142857,182.70499999999998,210.61999999999998,209.41833333333332,208.89333333333335,L8
2024-04-26 10:06:09+00:00,182.82125,145.3075,174.26375000000002,219.47,184.344,212.455,208.7642857142857,208.99857142857147,L9
2024-05-04 10:05:51+00:00,182.83666666666667,147.02,173.91666666666666,218.77333333333334,184.66666666666666,212.28285714285715,208.62375,208.69375000000002,L8
2024-05-12 10:06:06+00:00,183.706,151.47700000000003,173.91666666666666,218.26799999999997,186.70714285714286,213.44375,208.3211111111111,209.08555555555557,L9
2024-05-28 10:05:53+00:00,183.7509090909091,151.7709090909091,172.48499999999999,217.6490909090909,186.15375,212.4622222222222,207.442,208.679,L9
2024-06-05 10:05:37+00:00,183.6725,152.24083333333334,171.06545454545454,217.16833333333332,185.54333333333332,212.4622222222222,206.17818181818183,208.1727272727273,L8
2024-06-13 10:05:48+00:00,183.2907692307692,152.57153846153847,171.85916666666665,216.4830769230769,184.84300000000002,210.987,205.49666666666667,207.82333333333335,L9
2024-07-15 10:05:58+00:00,184.3975,160.525,172.212,215.88249999999996,186.249,211.667,205.16916666666665,207.39416666666668,L9
2024-07-23 10:06:08+00:00,184.07583333333332,162.7675,168.477,213.28666666666666,185.54181818181817,208.33499999999998,203.73416666666665,207.87833333333333,L8
2024-07-31 10:06:01+00:00,184.20833333333334,165.83916666666667,166.51,211.52083333333334,186.50363636363636,208.045,203.36666666666665,208.51333333333332,L9
2024-08-08 10:06:04+00:00,184.60846153846154,166.59923076923076,166.51,211.21615384615384,187.1975,208.8790909090909,203.75307692307692,208.71923076923076,L8
2024-08-24 10:06:17+00:00,185.48000000000002,169.08923076923077,167.15555555555554,211.27153846153848,187.91307692307691,209.89833333333334,203.38230769230768,209.19384615384615,L8
2024-09-01 10:06:17+00:00,185.73428571428573,169.6185714285714,168.46599999999998,212.22285714285712,187.79500000000002,210.63923076923078,203.51714285714283,209.09642857142856,L9
2024-09-09 10:06:25+00:00,185.388,168.45933333333332,167.67090909090908,211.97666666666666,187.33733333333333,210.24571428571429,203.70866666666663,209.182,L8
2024-09-17 10:06:21+00:00,184.94666666666666,167.53,167.89545454545453,211.114,187.38066666666666,209.695,203.46933333333334,209.614,L9
2024-09-25 10:06:24+00:00,184.85312499999998,167.03,170.24749999999997,211.55812500000002,187.31875,210.39399999999998,203.604375,209.6325,L8
2024-10-11 10:06:31+00:00,184.59411764705882,166.90470588235294,172.22307692307692,211.52176470588236,187.14882352941177,209.8375,203.47823529411767,209.8535294117647,L8
2024-10-19 10:06:39+00:00,185.106875,167.425,173.3841666666667,212.380625,187.628125,211.5,203.80529411764707,210.03764705882352,L9
2024-11-04 10:06:37+00:00,185.20333333333335,166.026,175.50454545454545,212.40666666666667,187.90466666666666,211.52214285714288,203.78375000000003,210.41,L9
2024-11-28 10:06:44+00:00,184.79384615384618,164.93,177.095,212.37846153846155,187.48769230769233,211.26083333333335,203.52066666666667,211.25400000000002,L8
2024-12-30 10:06:34+00:00,185.5,163.33583333333334,179.18625,214.07250000000002,189.36249999999998,213.28916666666666,205.055,212.82357142857146,L8
2025-01-23 10:06:43+00:00,185.0790909090909,158.8972727272727,180.0,215.73909090909092,188.50454545454548,215.2981818181818,205.87846153846155,212.73384615384614,L9
2025-02-16 10:06:31+00:00,184.374,154.50799999999998,180.55714285714288,218.584,187.85999999999999,215.956,205.38749999999996,212.39999999999998,L8
2025-02-24 10:06:39+00:00,183.683,151.675,180.55714285714288,219.88600000000002,187.077,215.95100000000002,205.8175,212.60083333333333,L9
2025-03-04 10:06:23+00:00,183.291,150.038,180.60666666666665,219.06300000000002,187.199,215.814,206.11916666666664,213.03454545454545,L8
2025-03-20 10:06:12+00:00,183.44666666666666,149.92777777777778,181.82999999999998,220.01444444444442,187.40666666666667,216.41555555555556,206.09909090909093,212.81666666666666,L8
2025-05-07 10:05:55+00:00,182.16714285714286,147.74285714285716,160.8,220.76,185.8642857142857,213.7657142857143,204.65375,213.596,L8
2025-05-31 10:05:58+00:00,183.66125,152.70125,160.8,220.22571428571428,187.85125,214.83625,206.34125,213.334,L9
2025-06-08 10:06:03+00:00,183.54444444444445,153.17555555555555,161.15333333333334,220.22571428571428,187.15666666666667,213.91333333333333,205.86777777777777,213.334,L8
2025-06-24 10:06:15+00:00,183.509,153.464,160.9925,219.2,185.91400000000002,213.07,204.868,213.334,L8
2025-07-02 10:06:15+00:00,183.34099999999998,156.466,160.48600000000002,217.30375,184.06900000000002,211.14500000000004,204.033,212.21500000000003,L9
2025-07-18 10:06:21+00:00,183.3281818181818,156.80454545454546,160.68,216.9766666666667,183.92545454545456,210.65636363636366,203.47545454545454,212.21500000000003,L9
