,dates,mex0583-0000,mex0583-0001,mex0583-0002,mex0583-0003
0,1984-06-16 17:45:05+00:00,254.7945633877584,195.5230469182464,193.9122885896131,208.82805229978788
1,1984-09-20 17:46:52+00:00,228.6017527051655,187.2416775634159,177.66421249402595,183.7959239236143
2,1984-10-22 17:46:48+00:00,232.44816193101434,182.5534308229033,176.96160399180468,183.09424071658356
3,1984-11-23 17:46:39+00:00,211.91772939235756,159.05791590244166,153.7350194860539,175.35448519400893
4,1984-12-09 17:46:47+00:00,219.58741628098466,158.20733973982016,164.63254172897734,173.86318106908482
5,1985-01-26 17:47:09+00:00,214.20657788213572,160.7260310076974,162.95045165693787,172.40163204259036
6,1985-03-31 17:47:08+00:00,236.0110142613941,183.5554707489412,182.65333495886313,187.73972968162587
7,1985-04-16 17:47:03+00:00,252.54298867907517,183.1974067042858,189.18521894686802,191.70461745171198
8,1985-08-22 17:46:20+00:00,250.18295984226944,197.75139264962428,190.72869208271993,188.9475213960394
9,1985-10-09 17:45:47+00:00,207.38324334783258,187.1481997373471,175.35966125648955,178.80449797255835
10,1986-03-18 17:42:46+00:00,231.56840560553383,176.25611832330998,163.81762137378132,179.6006167013754
11,1986-04-03 17:42:27+00:00,235.09265639246973,182.86724008319277,180.05887331356348,188.56641624810956
12,1986-04-19 17:42:05+00:00,239.67872542464045,183.84569357001197,186.82920202740115,199.43977860666422
13,1986-05-05 17:41:41+00:00,239.99251177582778,178.16813827337427,176.06629089065606,187.3240947218699
14,1986-05-21 17:41:15+00:00,235.14096186017235,178.28935316795483,172.11676397682243,183.913258748213
15,1986-06-06 17:40:47+00:00,252.61670847841333,192.27292440728854,187.02123389293763,196.4819967282882
16,1986-07-24 17:39:11+00:00,,158.11654851632804,158.52889279700187,170.8199199790016
17,1986-08-25 17:38:01+00:00,231.04870662016737,189.2600010711422,178.065894694114,183.78003774981883
18,1986-09-10 17:37:27+00:00,230.8551729477824,189.49658276294716,181.92388798458393,186.0025294836296
19,1986-09-26 17:36:57+00:00,236.17521096485086,189.0071998920955,186.79435136708045,188.55811343284455
20,1986-10-12 17:36:26+00:00,217.727310574835,188.4832773940768,185.3171778572867,188.01317649260807
21,1986-11-13 17:35:17+00:00,235.38645059033666,190.4068502588081,185.29538444348316,190.35094532127917
22,1987-02-01 17:37:01+00:00,210.17845104696846,161.28735800474482,153.63703226414418,174.31166139541244
23,1987-02-17 17:37:39+00:00,216.09766194516544,160.01915823136875,158.28385890269004,177.09661050782998
24,1987-04-22 17:39:56+00:00,236.47925961149647,188.77735049320748,192.1411640301522,197.54078568759894
25,1987-07-11 17:41:52+00:00,234.75636699577387,192.4115170965535,184.69190164624018,188.64498898684397
26,1987-08-12 17:42:44+00:00,236.78192356243835,194.00316264062457,185.23088080142065,185.27889249112462
27,1987-08-28 17:43:11+00:00,235.58451370195417,199.19519436266785,188.03239966543663,186.19336631295974
28,1987-09-13 17:43:34+00:00,252.4142289713939,198.30134635815202,189.78457475311745,187.93487444748442
29,1988-03-23 17:46:46+00:00,233.4619296202859,180.94229031897413,182.1910240802214,193.59352214758403
30,1988-04-24 17:46:56+00:00,250.02799213996224,186.8055155700002,186.06688566820128,193.65903957670656
31,1988-05-10 17:47:06+00:00,250.06325010653458,190.33439976362413,191.3275887714885,199.597329221846
32,1988-06-11 17:47:18+00:00,251.2518257702007,192.1923311352085,189.09063795206538,188.2228130376903
33,1988-06-27 17:47:24+00:00,233.6408936334448,190.90404341684695,191.97734534097847,186.91150674291865
34,1988-07-13 17:47:28+00:00,236.5971657946365,195.80548513380788,190.8957793279244,189.599124183411
35,1988-08-14 17:47:29+00:00,235.43050701515648,185.81632562872954,177.75952796431721,180.76246403853654
36,1988-09-15 17:47:29+00:00,236.04683877099177,197.09843989685592,186.56881744855244,191.53031030420547
37,1989-04-27 17:45:33+00:00,253.49470584142009,202.36680054943096,195.3833054773164,196.98247521252836
38,1989-05-29 17:45:05+00:00,237.37407788669748,199.11147888017646,190.56559137955045,196.4263757617254
39,1989-06-30 17:44:27+00:00,251.32758603765427,197.2883808672209,188.5954774855752,190.46731047926056
40,1989-07-16 17:44:06+00:00,214.36077478063157,178.24790744976406,172.0614728881817,174.95747164070534
41,1989-08-01 17:43:47+00:00,236.16377593203782,184.19693747369695,177.04337095655814,182.12963831671442
42,1989-08-17 17:43:22+00:00,236.65952953838473,187.3897619578527,181.2641729084755,185.93452310750413
43,1989-09-02 17:43:05+00:00,232.48924653528928,192.9136514743921,173.4566104579145,181.3518461153708
44,1989-09-18 17:42:32+00:00,235.30751926438683,196.3741348495186,179.26458673203624,187.90700143539834
45,1990-04-14 17:36:59+00:00,230.90546962890505,188.41499220035695,184.1272580913863,188.77847331980095
46,1990-06-01 17:36:56+00:00,233.71885177068316,191.08936406371006,185.5459345586657,193.0004361603934
47,1990-07-03 17:36:54+00:00,240.33328984858787,193.12712011350135,186.13801208873667,192.1108015775103
48,1990-08-20 17:36:42+00:00,236.37895055703518,190.62197648804957,184.5425485484095,187.59676751132736
49,1990-09-21 17:36:32+00:00,237.60866692316043,187.49849185734297,178.67309182969979,189.6372856841283
50,1990-10-07 17:36:21+00:00,230.5653076612644,181.7575976393346,171.50725137586144,181.00852862451868
51,1990-10-23 17:36:18+00:00,234.99103223517457,183.79872969254745,172.4376931061724,187.16634333341355
52,1991-03-16 17:38:09+00:00,213.5425759808983,160.71162301742493,157.9143407963125,170.55482275845253
53,1991-05-03 17:39:01+00:00,238.36823234408592,173.54330530715032,165.35643909083734,183.8858188713873
54,1991-05-19 17:39:16+00:00,250.41159142835886,196.98005023427913,188.34534317198876,201.13683713285468
55,1991-08-07 17:40:17+00:00,250.84073934649473,219.86662993862365,208.695380121405,202.29321453660742
56,1991-09-08 17:40:36+00:00,232.28715320941214,206.90437184183338,199.35873597443347,189.02037520749826
57,1991-10-10 17:40:49+00:00,234.7287919048201,192.24026387901918,187.2799052801495,183.68941165856495
58,1991-10-26 17:40:54+00:00,230.88906435761345,184.56992580952667,173.09346839657135,176.84940480343178
59,1991-12-13 17:41:13+00:00,216.15241531115282,165.45173316483712,167.9783406925798,181.2714014594044
60,1991-12-29 17:41:05+00:00,214.79572280108292,175.3396072062726,163.35689162818335,177.93125341232087
61,1992-01-14 17:41:01+00:00,229.27203525606288,174.6559280325083,167.86683682725993,181.20196980934796
62,1992-01-30 17:41:06+00:00,211.78926064591664,166.3371356928606,158.8469699858274,178.8244687519018
63,1992-03-18 17:40:57+00:00,213.71869167035925,171.07998177690638,166.39136249072072,171.30815102672977
64,1992-04-03 17:40:49+00:00,211.43278166553122,181.37350784064768,190.9785125119288,179.5707057343949
65,1992-04-19 17:40:42+00:00,199.26215685525978,185.7820377285552,187.97510138593236,183.36689551571394
66,1992-05-21 17:40:22+00:00,208.780101267694,212.36488693871425,215.31482838390838,205.09591558220944
67,1992-07-08 17:39:50+00:00,233.2334952506343,208.92588302139566,206.11614996264717,208.10817822455016
68,1992-08-25 17:39:10+00:00,208.29282668885133,224.8364419994294,223.35207829074415,213.30113235035245
69,1992-09-26 17:38:37+00:00,231.0904608911533,188.0692916257637,189.3483094870641,183.49279712770203
70,1992-10-28 17:38:07+00:00,232.37798413461414,176.3229785085001,180.89831705683812,189.55020353296726
71,1992-11-13 17:37:48+00:00,235.62991344347256,177.0720807317803,175.77235941796658,185.02534828562486
72,1992-12-15 17:38:04+00:00,230.50029511388772,177.76120758798578,173.08342078307976,181.58842496084077
73,1992-12-31 17:38:13+00:00,235.69778357879488,181.63871110276915,178.76086462848207,182.2647939463367
74,1993-02-17 17:38:43+00:00,228.72548831418007,178.33263615771003,172.41265724098932,171.05221874249207
75,1993-03-05 17:38:52+00:00,216.08239465828163,182.09589023747094,169.4340636981145,184.98780615955823
76,1993-07-11 17:39:10+00:00,233.9476938639192,213.3887205671732,213.59341729946425,210.37148010163443
77,1993-08-12 17:39:10+00:00,232.35880780189774,217.8179421861073,222.77967707475014,219.4852743322219
78,1993-09-29 17:39:02+00:00,235.99817098368868,219.12655329004846,211.82748569799585,211.03848806262198
79,1993-10-15 17:38:57+00:00,228.4147653305942,193.88189618477537,191.91475671648737,188.05863080669133
80,1993-11-16 17:38:41+00:00,233.38753863949063,196.02532437354796,187.10540873920786,185.85637980379875
81,1993-12-02 17:38:39+00:00,228.36479400171174,186.87180924374053,176.4145269744235,182.1092216031197
82,1993-12-18 17:38:32+00:00,228.23611715740333,185.17509917580676,180.69285356643832,190.9581237398957
83,1994-01-03 17:38:20+00:00,233.98614062956182,185.56595793103654,180.85922977179467,186.44205889766897
84,1994-01-19 17:38:03+00:00,232.90866233453215,191.49850720104445,192.87905258750922,198.01378508125484
85,1994-02-20 17:37:43+00:00,213.98762334381615,187.78927164645032,188.58258548321726,189.45585691062766
86,1994-03-24 17:37:14+00:00,214.03905368889127,184.2293870338313,190.92506222144408,190.43876823280056
87,1994-04-09 17:36:56+00:00,178.7459868437764,166.9161555661474,163.29306058621046,168.94653525894665
88,1994-04-25 17:36:39+00:00,233.17802354343115,191.6644804648814,195.07022016864846,198.94424684613665
89,1994-09-16 17:33:16+00:00,230.60128957264072,212.0110249539428,208.5250919268468,206.19354820258405
90,1994-10-02 17:32:49+00:00,238.2174320132458,214.97860773847484,213.16978443737827,208.34513623059985
91,1994-10-18 17:32:19+00:00,250.21481447336154,193.01247702408972,188.57154360327786,189.92614794789665
92,1994-11-03 17:31:44+00:00,185.51768226199988,160.71441947688373,165.99332182253687,181.33750043937448
93,1994-11-19 17:31:12+00:00,214.72002488793194,167.42702992047515,163.52609849390865,175.5718804285532
94,1995-01-06 17:29:39+00:00,211.09018339988756,161.4736393110391,151.86022806231813,170.23220615233103
95,1995-02-23 17:27:47+00:00,230.57043324648836,190.92357253634577,195.52472155678115,203.76933369693583
96,1995-03-27 17:26:29+00:00,211.42920860309374,210.88428230083443,205.4677790843458,196.00995647143714
97,1995-04-12 17:25:49+00:00,225.80499851717582,219.31308938105684,204.12697496792393,201.7654194292165
98,1995-05-14 17:24:24+00:00,210.9572786015941,214.83354096439473,209.0346978029486,199.06815787227754
99,1995-07-01 17:22:13+00:00,210.08505967881422,226.8282492231948,224.76145122437066,227.79475953122486
100,1995-10-05 17:17:40+00:00,231.8285956674827,199.4117816203397,201.398182461025,201.3314098131161
101,1995-10-21 17:16:47+00:00,229.57181684628762,206.2120493347925,208.86206624495378,211.68879945252263
102,1995-11-06 17:16:16+00:00,235.94618681642635,208.54252180407,205.78769755652036,203.9991023276178
103,1995-11-22 17:16:27+00:00,230.72773249741715,179.4968548543988,184.94424452772483,186.66875689632826
104,1995-12-08 17:17:20+00:00,229.60743570230937,175.10669104249095,174.46455054088779,180.60836831673475
105,1996-01-09 17:19:39+00:00,229.78405312039894,171.56393806277265,173.14532634855118,182.11218684690445
106,1996-02-26 17:22:58+00:00,214.89918928189388,188.08156141510784,192.20656058450015,184.1036608836635
107,1996-03-29 17:25:03+00:00,233.17136502738146,198.243481811067,201.22730796000855,204.33463877033552
108,1996-05-16 17:27:56+00:00,229.37210209941236,188.32868135673698,190.07374198152883,188.39961480564565
109,1996-08-04 17:32:14+00:00,237.57232014290005,215.12953519565696,210.66567987528975,205.52432770016176
110,1996-10-23 17:36:29+00:00,252.80860064757942,210.3291421836654,203.1858349189977,206.19785915102005
111,1996-11-08 17:37:15+00:00,237.4949133199099,203.6066035002606,195.64447856188934,201.81002105601533
112,1996-12-10 17:38:46+00:00,,156.13955692239267,161.89935001098303,171.70527945435813
113,1997-01-11 17:40:17+00:00,232.09547550654617,162.94221457198472,164.11613603596066,184.21398717452192
114,1997-01-27 17:41:00+00:00,208.70975302860967,165.9248743327512,159.38666205161238,180.65420297325585
115,1997-02-12 17:41:43+00:00,231.9539376243253,180.13671769405553,174.14700036710508,185.85414381978057
116,1997-02-28 17:42:22+00:00,214.89365898195726,185.05729966884167,183.73415153194287,182.02306305374816
117,1997-04-01 17:43:36+00:00,237.55390210133243,201.2685140096189,197.59592297952426,202.9924220629104
118,1997-06-04 17:45:51+00:00,228.81059237971385,194.4878338113409,196.74539466355898,198.1264032950511
119,1997-07-06 17:46:57+00:00,235.76124594578673,189.95945651737168,187.35557741898072,192.92376395359264
120,1997-07-22 17:47:29+00:00,252.5496248402414,202.7356356343177,198.4537173480378,193.57214976233354
121,1997-09-08 17:48:59+00:00,236.48286739269628,207.09645327738951,202.68752511319468,204.10648282890793
122,1997-10-10 17:49:53+00:00,235.42337196656882,206.72310431752342,194.3525491059657,197.0290905358888
123,1997-10-26 17:50:20+00:00,236.75902911085592,210.10374682473793,201.1996806185448,204.47415842703293
124,1997-11-27 17:51:05+00:00,,170.69471839567018,174.57577927919715,186.07490023392597
125,1997-12-13 17:51:29+00:00,234.10754592275492,171.37659833752411,164.30715846123786,183.27096968381156
126,1998-01-14 17:52:14+00:00,188.6541897511244,157.44406222475777,152.44342141033212,173.63925919073617
127,1998-01-30 17:52:35+00:00,208.0619166436035,160.81186265509666,142.84952436336457,163.84919387220103
128,1998-03-03 17:53:10+00:00,210.74081781639882,163.1373678927893,173.27511372805478,182.11867082149928
129,1998-03-19 17:53:25+00:00,229.73155207476464,173.4517465285175,182.19277839234346,189.78335402827685
130,1998-04-04 17:53:37+00:00,228.7129700759923,198.28332555726297,196.22101924062585,193.5004694299687
131,1998-05-22 17:54:19+00:00,243.674601357954,245.25733219169817,225.16974626615396,221.0310353017003
132,1998-06-07 17:54:34+00:00,227.253667708171,241.26865065130437,226.6512684968914,220.24045446103383
133,1998-06-23 17:54:43+00:00,252.3005557968496,235.8271129064345,228.4114872272982,215.07572554297886
134,1998-07-09 17:54:57+00:00,250.92358312100367,228.04795876032978,219.48937768214682,214.10492450270917
135,1998-07-25 17:55:05+00:00,250.26273569879453,231.62366619616733,220.73476523100635,217.70882416677816
136,1998-09-11 17:55:29+00:00,210.25712535131692,229.84682377867486,225.4308144820523,222.97614298073154
137,1998-09-27 17:55:35+00:00,212.70201900555378,235.01102860050162,230.79161232163517,228.33987113896166
138,1998-11-14 17:55:47+00:00,232.79765605791874,212.66007644667832,217.1245531253357,220.45940047906493
139,1998-11-30 17:55:45+00:00,228.94126039023666,197.83187082226522,203.66365641551488,206.71888821617637
140,1998-12-16 17:55:43+00:00,233.15026471485973,179.92443985763816,180.08331790281105,187.34334615725382
141,1999-01-01 17:55:51+00:00,229.142959779629,173.78769795269193,179.7351636508779,183.4895863600114
142,1999-01-17 17:55:45+00:00,210.3041863430924,172.8737538120959,173.4824826179151,185.42846914267523
143,1999-02-02 17:55:52+00:00,229.32910071205038,180.71632738595497,170.1219925790645,176.74546987578972
144,1999-03-22 17:55:39+00:00,229.78901051418552,196.99774018113874,187.7743670619974,199.93273776934282
145,1999-04-07 17:55:26+00:00,212.3009545340072,166.35681531521917,151.5949600511459,172.4099782853049
146,1999-06-10 17:54:44+00:00,234.73824249664284,210.08358933879612,205.0227333214982,203.84877699463777
147,1999-07-04 18:09:30+00:00,235.18731876125554,218.74865536410806,218.75485063007932,215.03264761482365
148,1999-07-20 18:09:33+00:00,250.54343882298446,231.00215721202522,225.36990660525993,226.29103702737012
149,1999-09-14 17:53:31+00:00,229.75880377818055,212.24218548445123,209.77479225913055,211.98050845203062
150,1999-09-30 17:53:18+00:00,252.57682890508778,221.29662928861822,220.4935967612629,220.3150275883678
151,1999-10-08 18:09:48+00:00,232.0919754290905,214.03725590539793,215.66779919040755,214.61392685647854
152,1999-10-16 17:53:22+00:00,233.33851031811054,223.71197099014555,218.05369720996876,214.9920340937399
153,1999-10-24 18:09:37+00:00,235.3374689294582,222.21469962848477,213.451432442827,221.1317475152362
154,1999-11-01 17:52:57+00:00,251.86336282341477,231.4248521911722,231.71528051306507,227.9106657220624
155,1999-11-09 18:09:41+00:00,229.27993267340128,207.73083541813438,208.1970140494464,210.34172658146343
156,1999-11-17 17:52:22+00:00,212.20597311373348,230.10661176924484,227.83679860125034,226.577203417859
157,1999-11-25 18:09:32+00:00,233.30746584675825,192.9594587244154,194.67197964162415,197.59338995792012
158,1999-12-03 17:51:54+00:00,230.99650159256035,206.88671844309582,200.57949464813254,206.1830199109021
159,1999-12-11 18:09:42+00:00,217.21406477853822,188.3916503546314,183.0033639415691,188.27409588210122
160,1999-12-19 17:51:52+00:00,231.47657398394318,201.40544156996845,197.97295871126676,193.21770603329486
161,1999-12-27 18:09:33+00:00,229.83166117105446,186.03963045235776,191.29032747069033,196.24570916944378
162,2000-01-04 17:51:50+00:00,232.69166246035377,192.8693226632631,195.98060868893316,202.0347726217965
163,2000-01-12 18:09:36+00:00,233.24151491579738,188.6096839694514,192.23577096985093,195.95598475047976
164,2000-01-20 17:51:30+00:00,232.44053221003946,180.25627696373778,187.5071380959492,191.42843393138293
165,2000-01-28 18:09:34+00:00,237.8553330824652,208.03332147458988,211.8345186070568,216.4250173449524
166,2000-02-13 18:09:29+00:00,233.95193621611165,187.42616995254085,189.41242827338147,197.05483721025766
167,2000-02-29 18:09:24+00:00,232.37454387383548,197.60284896248422,194.0860286276256,207.08676180175476
168,2000-03-08 17:50:11+00:00,229.24130892616273,179.39326876889538,171.49434033396244,183.90279784637406
169,2000-04-17 18:09:02+00:00,233.09294698361697,191.46739051778974,194.09738103164648,199.21073518798556
170,2000-05-11 17:52:29+00:00,252.29167200160836,204.39990070577227,211.63855851135244,210.48073248016624
171,2000-06-20 18:08:34+00:00,251.78912916546835,218.67440762997046,219.424481859394,218.32609166038742
172,2000-07-06 18:08:21+00:00,254.51616910324776,231.5691635854646,235.4292786608019,227.29333058893414
173,2000-08-23 18:07:45+00:00,215.5634375809093,233.2282297569045,226.480648508352,221.85005099362832
174,2000-08-31 17:54:45+00:00,233.66551032464136,212.14041788583054,215.05347790613848,209.07143818248375
175,2000-09-08 18:07:29+00:00,214.8355116786076,232.2622683187925,228.9750191870429,227.09780170846452
176,2000-09-16 17:54:59+00:00,213.91235054331366,197.62266741404187,196.7850502530834,187.8670822227889
177,2000-09-24 18:07:13+00:00,237.12569048125596,230.9917240026703,230.89521378313074,229.34366416455865
178,2000-10-10 18:07:06+00:00,219.89109635889994,233.50221885138652,231.66036069731632,231.8479334062107
179,2000-10-18 17:55:21+00:00,239.90102767918972,212.95994758358893,217.08786434505322,213.97576553164004
180,2000-10-26 18:07:04+00:00,235.21845564722656,210.62910873065476,209.1645198062417,210.6031736809303
181,2000-11-03 17:55:33+00:00,231.40078368199988,198.3185658403732,196.3356777655827,200.97755647988004
182,2000-11-11 18:07:06+00:00,213.77380281698146,186.14991272066973,185.52642932291562,189.68896613314007
183,2000-11-19 17:55:50+00:00,200.9759901710358,206.3458449908747,207.82094500403198,215.44587478652855
184,2000-11-27 18:07:08+00:00,218.79875827468635,181.36767866146965,178.54012848711585,191.48935532379446
185,2000-12-05 17:56:00+00:00,231.64791356477446,200.9811193314477,196.18082236270857,204.51302010816562
186,2000-12-13 18:07:09+00:00,234.8602537544985,178.45338950193428,178.29976949459675,184.6327839579842
187,2000-12-21 17:56:23+00:00,232.85043897779866,204.34748436892983,201.6240600704176,206.65282881929585
188,2000-12-29 18:07:12+00:00,237.32608296683702,179.1645608114822,173.020649380148,188.1315720853927
189,2001-01-06 17:56:29+00:00,229.98779521547428,190.22400580915894,191.4315412805252,199.23906049141027
190,2001-01-14 18:07:14+00:00,229.00118318386416,173.69537240496322,164.57737603910425,182.27477929729525
191,2001-01-22 17:56:39+00:00,229.69580304539235,175.47441568894607,168.06905811595405,185.0237419364172
192,2001-01-30 18:07:15+00:00,235.75032736370895,197.3860045400217,195.25599472567856,201.8674101383751
193,2001-02-15 18:07:11+00:00,235.71888224732288,196.31119939216887,209.3351342345352,215.53673173849273
194,2001-02-23 17:56:51+00:00,210.4163905880265,163.48796319382382,,
195,2001-03-19 18:06:58+00:00,250.95349212954972,200.4505572230857,199.35302889213244,216.1497655353994
196,2001-04-20 18:06:52+00:00,211.28974162537662,210.7776041417742,212.0290055285505,211.3724907776665
197,2001-07-09 18:06:08+00:00,217.76846921071757,229.8752879894036,229.67248795070086,221.85278423507089
198,2001-07-17 17:57:08+00:00,225.4546624882107,237.93677687871423,234.56241775421864,228.15439421854467
199,2001-08-02 17:57:05+00:00,224.943708094349,228.6740399963092,226.72607427058398,225.53056273068069
200,2001-08-10 18:05:42+00:00,211.91276096085593,231.79527988829796,233.01299604742042,244.00567463892236
201,2001-09-11 18:05:20+00:00,250.4554210458941,231.57130606603207,228.46536459881435,222.40686930637963
202,2001-10-29 18:05:03+00:00,223.74557762539433,229.96264961298502,231.4688458707413,231.5202426952757
203,2001-11-14 18:05:15+00:00,214.24332104150727,197.80774221353693,200.55866062944878,206.28210415478182
204,2001-12-08 17:56:14+00:00,251.4000278361695,205.26886813957847,202.80114636627832,214.19829084056488
205,2001-12-16 18:05:25+00:00,230.53614793184724,174.43591528542916,168.7682509459882,185.71866035810916
206,2001-12-24 17:56:07+00:00,237.00626363822414,187.93823784843386,184.7474328509386,192.86406119605024
207,2002-01-17 18:05:34+00:00,,154.82255917949044,150.1815156927284,166.3277958813533
208,2002-01-25 17:55:42+00:00,240.3486248203704,188.23927086019916,195.38739905839165,202.03115029735676
209,2002-02-10 17:55:24+00:00,233.05237109442362,181.47852154994894,185.19960431506036,192.0182361825563
210,2002-02-18 18:05:36+00:00,217.29544061515588,183.8387624477451,185.4617595647362,201.13222977217916
211,2002-03-30 17:54:41+00:00,214.53490488882582,179.4244930503491,180.24849935848107,187.05264369024175
212,2002-04-07 18:05:34+00:00,233.4763044193163,203.91249044434807,208.57400958727675,204.71238723734248
213,2002-04-23 18:05:31+00:00,249.9901016067118,216.76335105826757,215.6403324000192,218.47278032542155
214,2002-05-09 18:05:34+00:00,209.94678377898788,231.9241947431201,238.36659741135017,236.95316514050555
215,2002-06-10 18:05:18+00:00,233.73054317270243,202.08568529448993,203.29179866123454,198.12796436075143
216,2002-07-28 18:05:00+00:00,235.12501535219081,221.75471606543127,219.29331961204738,216.9999528861773
217,2002-08-21 17:51:14+00:00,236.33318756196326,215.77935582125565,218.39763719107845,215.13168468256765
218,2002-08-29 18:04:45+00:00,233.66483205370778,221.57741096701108,219.66305511102587,216.78106272030738
219,2002-09-22 17:50:26+00:00,236.42108043041836,213.6363014425325,207.95890636899168,205.78513662936848
220,2002-10-24 17:49:27+00:00,231.4792449450727,206.9644035128876,203.3401702505451,195.45983235006653
221,2002-11-01 18:04:35+00:00,235.0530101488692,218.279865918125,217.81187362682886,215.12710073026585
222,2002-12-03 18:05:01+00:00,238.14470626904046,180.03369042142793,182.21483770715088,187.62098414650407
223,2002-12-19 18:05:03+00:00,214.91052674549707,172.12767545848908,166.5796627163974,187.22542618341743
224,2002-12-27 17:48:44+00:00,229.77635334070277,186.39171396575784,191.228982386119,200.2872090962586
225,2003-01-04 18:05:05+00:00,,177.61841994065253,170.92254980561853,196.0139441720913
226,2003-01-12 17:49:04+00:00,214.9811436838288,173.93189246501345,171.8808823282213,179.93778554985803
227,2003-01-20 18:05:14+00:00,207.07896480080376,159.45199524859368,161.35044493822053,175.32490762234738
228,2003-01-28 17:49:25+00:00,228.38917158964114,183.20714301616272,182.83733826878853,198.37092073109892
229,2003-02-05 18:05:23+00:00,235.91030646337904,191.4831111764995,199.80802529419182,210.00892016693405
230,2003-02-21 18:05:26+00:00,229.9186833728014,195.01981702533635,195.4052891940523,208.84502086472392
231,2003-03-01 17:50:12+00:00,230.58902091987773,180.67778386439704,180.40425660808248,188.58750316975107
232,2003-03-09 18:05:30+00:00,233.44142981563152,208.1486882635572,209.89955389798587,220.47028703562887
233,2003-03-25 18:05:23+00:00,252.2592928351565,199.55738802280365,213.536614877133,215.48420308237831
234,2003-04-18 17:51:26+00:00,214.8435367076089,188.9840732449216,192.05321374159206,196.75276905398422
235,2003-04-26 18:05:31+00:00,252.8073582868098,212.3147459127839,217.66289947086625,228.1082631454966
236,2003-05-04 17:51:47+00:00,234.79142610055854,199.93423276926308,202.35848857929113,213.65789426644577
237,2003-07-31 18:05:12+00:00,212.21846559233268,,,219.11505364053224
238,2003-10-27 17:54:48+00:00,213.65805024144686,181.70064093301224,177.13655668353454,186.42334491283378
239,2003-11-04 18:05:09+00:00,229.67849161768862,212.86508402820908,,215.05470881621272
240,2003-11-20 18:05:25+00:00,232.33231382432922,217.78442108501187,,219.05753370295167
241,2003-11-28 17:55:15+00:00,,180.35477230512782,177.88343154609885,181.99438708236107
242,2003-12-06 18:05:28+00:00,232.86301740781306,204.54699427455006,206.69277731519543,210.7813655473125
243,2003-12-14 17:55:20+00:00,230.17629709569223,188.60520206408785,188.59404164445533,196.4330413978321
244,2003-12-22 18:05:37+00:00,,176.69703364773937,180.6590200951632,189.8258481279578
245,2004-01-23 18:05:48+00:00,228.77892517420747,171.9854569028629,164.8296216409044,182.39060311185165
246,2004-02-08 18:05:52+00:00,230.35558324609315,151.48070495757662,146.46630322170228,158.92133620063956
247,2004-02-16 17:55:41+00:00,228.45948194238292,187.7673205081701,188.98966582352867,196.65807559272827
248,2004-02-24 18:05:51+00:00,190.8383631979614,196.33482017465403,195.62273160860775,215.59872220485806
249,2004-03-27 18:06:03+00:00,250.49753764701177,209.48444520816184,209.2265367757125,224.73380784928796
250,2004-04-12 18:05:57+00:00,235.42176679700805,191.34604664638772,194.6820240926172,198.76708977194156
251,2004-04-20 17:56:37+00:00,231.67929416366027,193.47045509108307,201.36390944086736,198.91323467777835
252,2004-05-06 17:57:04+00:00,229.34844288222246,197.74410536013144,197.7386652053997,209.6446208510719
253,2004-05-14 18:05:57+00:00,234.9547247350236,216.99763017722105,214.49736892659695,
254,2004-05-22 17:57:31+00:00,234.8421407378421,208.16338766142206,208.86472532117426,214.9638775960984
255,2004-05-30 18:05:54+00:00,213.12619737372074,228.52931533952804,233.01031872299382,235.16142212153926
256,2004-06-23 17:58:27+00:00,236.3581402328296,226.13817121132132,224.638599797494,217.9080712661555
257,2004-07-01 18:05:47+00:00,216.9473798891541,235.56329747865158,233.70224168947652,232.1392419752978
258,2004-07-09 17:58:55+00:00,211.0154791264572,229.44455974262002,229.20200130169027,228.46988722978637
259,2004-07-17 18:05:43+00:00,,227.31295618117352,222.3057002955884,219.40975342529484
260,2004-07-25 17:59:19+00:00,240.04548325835282,231.6630948461298,229.45636788696945,229.41174148831408
261,2004-08-26 18:00:05+00:00,210.021146284747,232.40106038612024,230.55208723868807,223.8161583348213
262,2004-09-03 18:05:29+00:00,237.74480906299712,217.90047500911385,219.91718491528786,216.64328389562465
263,2004-09-19 18:05:23+00:00,198.775786720718,213.27908132267453,211.37776247441315,212.47308822946087
264,2004-10-13 18:01:13+00:00,235.138802912123,213.987770057707,209.72868960933238,212.13130152895064
265,2004-10-29 18:01:33+00:00,230.00556821505302,208.39813212539846,211.48898286618237,207.32379740437784
266,2004-11-06 18:05:40+00:00,218.2575849092233,223.58483429193723,223.29706267012938,226.95786022059048
267,2004-11-14 18:01:48+00:00,232.7485139977292,194.52373603975462,198.2587569064185,200.94452111107157
268,2004-11-30 18:02:10+00:00,234.98089010018262,206.5499801404858,209.092368942366,207.2720943351734
269,2004-12-08 18:05:56+00:00,,215.01185402426904,214.91737840935053,218.28245478285803
270,2004-12-16 18:02:29+00:00,216.49638914360236,189.58442552563207,186.61633358058793,198.20653863022204
271,2004-12-24 18:06:03+00:00,216.3203956865555,189.63621483395664,195.69624524151226,201.80186984705296
272,2005-01-01 18:02:43+00:00,208.7347256281726,188.25102362838692,188.40370284741095,191.56162099357906
273,2005-01-17 18:02:54+00:00,193.55959197524822,218.78798888609595,219.6980044381358,222.11648868195977
274,2005-01-25 18:06:09+00:00,207.1724496590807,186.44601373825972,179.53970138541825,
275,2005-02-02 18:03:06+00:00,233.71074022451648,213.11648951592764,205.41606404062884,216.10340649836854
276,2005-03-06 18:03:37+00:00,174.5496791853453,194.64052748071,196.10208692193106,209.29303586021697
277,2005-03-14 18:06:28+00:00,185.12317568732163,189.76447609325422,193.9066428342888,199.33885273631535
278,2005-03-22 18:03:47+00:00,214.10429823089052,190.61431957868032,182.20311522505474,188.35170798673818
279,2005-03-30 18:06:26+00:00,234.88948732877336,202.0757758759559,207.26650418967276,
280,2005-05-01 18:06:21+00:00,236.97144114922335,200.70020338637428,202.24334340176688,
281,2005-05-09 18:04:01+00:00,233.83272410507675,212.27150929200175,212.37424554765104,221.98878142129746
282,2005-06-18 18:06:12+00:00,235.48991611661222,227.79226847831254,229.0177188206503,230.09172851859088
283,2005-06-26 18:04:22+00:00,233.8946477141709,211.82256412559843,219.35003744915306,219.81243180713048
284,2005-09-14 18:04:53+00:00,220.32101789016622,230.17257196294213,230.56865359121574,227.01373629258933
285,2005-11-01 18:04:50+00:00,233.64901199670862,203.1963506373853,200.9592244108216,205.863173113598
286,2005-11-17 18:05:14+00:00,250.1616143505389,197.9274026630975,196.04578048646465,200.33115090967908
287,2005-11-25 18:06:19+00:00,231.73982341499612,209.07375337448417,213.05976065754254,214.76525770756797
288,2005-12-27 18:06:28+00:00,231.25151627820404,199.4341126197912,196.39903078457397,204.89891713213706
289,2006-01-12 18:06:37+00:00,231.88341237680842,175.4208561316379,178.58530061918947,189.25917282786548
290,2006-01-20 18:06:41+00:00,217.74135375136825,183.36533278067338,176.36386786430225,190.40230319893237
291,2006-03-01 18:06:51+00:00,229.2583892180072,184.25721955469726,186.44118241310133,195.37864596572416
292,2006-03-17 18:06:52+00:00,233.23608788042242,199.39217447431844,199.90793029573513,210.87697897067557
293,2006-04-02 18:06:50+00:00,229.30206664437532,198.80261779656973,199.72202349875323,200.76838313790023
294,2006-04-10 18:08:23+00:00,236.67655417664486,207.1552817462354,207.13276475903484,203.91530960919138
295,2006-04-18 18:06:45+00:00,210.0072438565141,225.65233328897315,226.73237839528014,224.2854583193975
296,2006-04-26 18:08:37+00:00,232.3043093974187,210.3081003465995,213.87124611535137,215.63671618622533
297,2006-05-28 18:09:03+00:00,230.52627564415124,202.67366115004432,204.6924974389321,210.2125502117811
298,2006-06-05 18:06:48+00:00,252.39590668386307,217.0004154894729,213.72543283319163,215.17118666965195
299,2006-06-13 18:09:19+00:00,235.4288182306665,217.02777361744563,221.9253970008419,214.92491613914538
300,2006-07-15 18:09:49+00:00,230.05525625004177,213.28585677052894,213.46456585883928,214.06479460450186
301,2006-08-08 18:06:27+00:00,230.99372729346555,221.97882407399288,223.8569708861153,219.6628230368862
302,2006-08-16 18:10:12+00:00,256.87213412159906,230.22092374227003,231.51650652750564,227.52448454504332
303,2006-09-09 18:06:20+00:00,201.85593916463864,213.75176302521123,,213.3159562027009
304,2006-09-25 18:06:13+00:00,237.37335202690014,201.49321439949796,201.3171332790933,194.5885385801942
305,2006-10-03 18:10:46+00:00,219.82953079182957,228.87586160160544,229.99685408514767,228.45271342425897
306,2006-10-11 18:06:11+00:00,236.144818343998,228.19420892244455,226.3344685017556,
307,2006-10-19 18:10:57+00:00,209.4715558526483,224.72070148357474,227.37375420829503,228.60160856498516
308,2006-10-27 18:06:27+00:00,216.16050171314856,207.35867704868645,203.63896966299654,209.53565398683466
309,2006-11-04 18:11:07+00:00,231.80316774779192,211.86499638173953,210.00210395281698,212.29090026510522
310,2006-11-20 18:11:15+00:00,235.8609676757909,210.46054134682072,216.0464099531,215.17785508459673
311,2006-12-06 18:11:22+00:00,232.84887053640733,197.86653232707823,198.17154574427522,195.15096953358102
312,2006-12-14 18:06:56+00:00,233.2688647627142,215.15696502616294,206.0631352556776,212.71555821833047
313,2006-12-30 18:06:58+00:00,238.41806786816477,195.90638591961894,195.60089399796314,210.7913150047866
314,2007-01-07 18:11:35+00:00,215.01284715057352,169.93630569076726,169.93598951278028,185.41514227465245
315,2007-01-15 18:06:58+00:00,233.3353953894604,189.9679652008814,195.77024864781518,209.76331165711525
316,2007-01-23 18:11:41+00:00,234.79067986363265,186.55476151286186,192.2525899432502,198.05083045422967
317,2007-02-08 18:11:44+00:00,230.1739234161287,196.22893986259686,194.2338644917549,203.43156090128315
318,2007-02-16 18:07:12+00:00,234.13631556001494,190.42573752651884,190.06359957095702,192.54733795297733
319,2007-02-24 18:11:45+00:00,232.4561305876722,202.5340287877687,207.77474137564246,212.8858052161135
320,2007-03-20 18:07:18+00:00,,,191.90320319913621,193.17232789967886
321,2007-03-28 18:11:39+00:00,237.01269500295797,202.9684121719098,199.95810614618102,214.14227638472948
322,2007-04-13 18:11:33+00:00,240.4873316428534,204.9378074763792,196.00050018312652,204.24018260832142
323,2007-04-21 18:07:15+00:00,233.46000191420785,204.6350748088753,193.32537043140056,204.69556868792077
324,2007-05-07 18:07:11+00:00,253.73653757224542,202.21538407845802,207.12918139430647,216.8636803744409
325,2007-05-31 18:11:03+00:00,197.26758471061794,202.0925467394668,200.2239496603364,205.56500753541212
326,2007-07-26 18:06:55+00:00,207.36463053093775,230.7104137872108,227.98349958007506,229.5925115281979
327,2007-08-03 18:10:14+00:00,229.0450662434535,206.55063963672538,203.19170322294292,206.6232491523774
328,2007-08-11 18:06:49+00:00,216.93479579441345,236.07075770530162,237.37039704110225,239.04056701243937
329,2007-08-27 18:06:43+00:00,234.15132775595217,216.13714069754735,209.07795010206237,209.3824008597581
330,2007-09-04 18:09:55+00:00,235.5962744331767,214.52228167984828,212.8873810545187,213.00132366280508
331,2007-09-12 18:06:35+00:00,269.5606113588327,201.36056186924455,190.00232342271713,190.28232420151303
332,2007-10-14 18:06:32+00:00,229.0754393629403,197.30681136004227,198.2310494300174,195.9820355674772
333,2007-10-30 18:06:44+00:00,235.17242486010508,191.55340112758824,192.42920625732063,188.33766007402716
334,2007-11-15 18:06:53+00:00,202.4384504112743,206.64023838272695,190.4328794508843,199.4357728647007
335,2007-12-17 18:07:05+00:00,232.56989895648235,199.15630320814523,200.02499030263715,206.52335462715237
336,2008-01-18 18:07:07+00:00,235.94691015751994,201.15995907650017,204.01334229293747,210.75770532291315
337,2008-03-06 18:06:56+00:00,228.25573643096888,206.33279345158746,200.60801922939322,201.3877543877362
338,2008-03-22 18:06:54+00:00,230.94102496263469,200.65154550363746,203.12834354799992,204.17761995429237
339,2008-04-07 18:06:54+00:00,236.93393217581297,204.7400258241443,203.57583311735348,204.5980435517697
340,2008-04-15 18:06:03+00:00,228.79743715593304,205.8377897984688,211.81081598875485,213.8906243693454
341,2008-04-23 18:06:52+00:00,232.1827206921117,205.93494876747448,205.0200169490215,207.8771061920106
342,2008-05-01 18:05:38+00:00,239.52717390950903,201.47963780494158,198.23483129614016,205.71693584466664
343,2008-05-25 18:06:41+00:00,236.28706028478553,216.37549991712592,196.33815936079637,203.79586743257732
344,2008-06-02 18:04:47+00:00,235.34756145835235,197.90913989623274,199.66221462471668,200.09202011024558
345,2008-06-26 18:06:23+00:00,251.64799499626125,215.25417122658024,215.90795823832786,205.09531019610392
346,2008-07-12 18:06:11+00:00,252.41286055646313,220.74162241960914,218.0260122968732,216.26010871166562
347,2008-07-20 18:03:26+00:00,228.79284168290087,191.85059018504913,194.92166112483525,197.6812549859497
348,2008-07-28 18:06:02+00:00,,,210.59429286455037,213.6061525705041
349,2008-08-05 18:02:58+00:00,218.0565546684829,218.48771095408642,208.30051425608823,205.65591298152555
350,2008-08-13 18:05:56+00:00,238.21871327908295,215.90330657341298,217.31702779327844,213.17046406106607
351,2008-08-21 18:02:31+00:00,236.97409763594072,201.43017664015406,203.60092831470666,200.4590002793641
352,2008-09-06 18:02:04+00:00,231.48145156983435,204.09793381287977,201.092243270084,200.2352587306987
353,2008-09-14 18:05:40+00:00,237.10604595741475,223.5172381515165,220.32907448125022,217.08911250908332
354,2008-09-22 18:01:36+00:00,232.36148050733763,213.577996064474,210.48243722491839,212.51236521407708
355,2008-09-30 18:05:31+00:00,232.89093648777924,203.8007279757477,205.99218167424786,212.0083712572002
356,2008-10-08 18:01:05+00:00,224.99345438083384,227.90668831077193,224.41534968159246,224.67566228586782
357,2008-10-16 18:05:28+00:00,230.7850686497756,205.27242690097682,206.00936213640057,210.785376257884
358,2008-10-24 18:00:32+00:00,228.50470353528715,217.48261311914877,219.11502933052356,218.13753228891335
359,2008-11-01 18:05:43+00:00,232.5979245760679,209.5428163237808,208.15898332838125,211.39765412059376
360,2008-11-09 17:59:53+00:00,231.25068214164548,207.48966361732195,203.0705963120319,210.75474800279721
361,2008-11-17 18:05:57+00:00,238.63962339211787,190.67372953714008,194.13223462964007,195.1932160211958
362,2008-12-19 18:06:18+00:00,214.8656799100398,192.38750232850208,195.24873673584364,
363,2009-01-12 18:01:45+00:00,218.65624173128631,176.89189035382498,174.54824511391698,180.9457944626412
364,2009-02-05 18:06:34+00:00,230.77454706288842,199.6238593308901,203.09809442700572,211.6336844620664
365,2009-02-13 18:02:36+00:00,228.63101131639053,183.43105593404607,189.63197438625033,196.53007207549152
366,2009-02-21 18:06:44+00:00,,,182.4179109730249,190.75826736304575
367,2009-03-01 18:02:59+00:00,235.22386791165607,202.36840149781008,206.00306052349833,214.22557211614676
368,2009-03-17 18:03:21+00:00,234.98007536314228,211.92440941910095,211.3295459563638,221.4250996593608
369,2009-03-25 18:07:00+00:00,231.57983420814557,187.65386953302095,189.67609674577199,197.18098672050118
370,2009-04-18 18:04:01+00:00,250.98033070215826,218.47123848642778,212.9973031251095,216.68498783851146
371,2009-04-26 18:07:09+00:00,233.40411587326173,196.61650951752372,194.0785014452873,193.26810643282772
372,2009-06-13 18:07:11+00:00,223.7796988780356,218.59935262178604,215.24598519616205,213.41542492436875
373,2009-06-21 18:05:12+00:00,232.13425159352983,206.08018415048215,208.64813900824916,206.13428943406316
374,2009-07-07 18:05:29+00:00,230.04158819058154,203.95149053989672,203.92331682795702,201.71382615911403
375,2009-07-23 18:05:44+00:00,229.61891143560723,195.21098064095887,194.3884803368702,193.3708190603079
376,2009-07-31 18:07:00+00:00,219.6973028427173,230.70651240073926,222.2368374497491,217.33165021216757
377,2009-08-08 18:05:58+00:00,230.9131788149379,206.35028626857167,200.27046928614732,200.17632508352415
378,2009-08-16 18:06:56+00:00,235.8044528562408,213.0629888579222,210.95705244433043,208.22015181539578
379,2009-08-24 18:06:13+00:00,229.79255847045766,209.9237102330576,200.53498588076607,190.2139759407067
380,2009-09-09 18:06:27+00:00,233.61645881471932,207.66901816785966,206.18094911004601,204.44364310670798
381,2009-10-03 18:06:52+00:00,215.13876507999908,188.85990372577504,191.97152822467402,191.9114700953525
382,2009-10-27 18:06:59+00:00,219.40356248157994,189.2068072051296,187.29526418754776,198.16806810170317
383,2009-11-04 18:07:14+00:00,233.21049183729843,176.712581194527,178.47955303311406,183.27606198215307
384,2009-11-20 18:07:27+00:00,214.44883984763726,169.17007084522854,168.0560918860063,180.90020292003078
385,2009-12-06 18:07:37+00:00,,,,175.61899012423885
386,2009-12-14 18:07:22+00:00,229.3715678007066,170.48653096957955,169.83306714164692,182.1127551973768
387,2010-01-07 18:08:10+00:00,237.09718350574383,197.82979327743732,208.569441634244,207.5165555543003
388,2010-01-23 18:08:24+00:00,,172.73859367736,158.2677890729381,176.9201212588898
389,2010-01-31 18:07:38+00:00,,154.57632021701735,154.4649268877671,168.53788032388744
390,2010-02-08 18:08:36+00:00,230.24805763235764,186.63887822859698,185.51624731480007,197.6402241224098
391,2010-03-04 18:07:42+00:00,229.06638980502566,190.52491120581888,184.26948225562742,189.9305829960196
392,2010-03-12 18:08:53+00:00,235.13207768914407,215.54459651523388,211.86036609474377,215.14329523046723
393,2010-03-28 18:08:57+00:00,229.8220456140811,195.93328218167719,202.32528531135722,207.50100888535638
394,2010-04-05 18:07:41+00:00,234.4561948816531,192.19256617458205,194.23316529752063,204.70219659952375
395,2010-04-13 18:08:59+00:00,196.27461367255572,189.17555097650978,189.9135477110899,191.5096137156496
396,2010-04-21 18:07:37+00:00,233.25136245534108,211.98284466100057,214.26916426617296,213.17746590585614
397,2010-05-23 18:07:31+00:00,234.72383704532473,211.52178797768096,203.1517780937731,211.82253091856265
398,2010-08-11 18:07:06+00:00,208.3066138008164,219.0320991038992,210.80794450624302,205.52656223686725
399,2010-08-19 18:09:00+00:00,,,223.11578146542655,224.4673607876503
400,2010-09-20 18:09:03+00:00,212.00532795940282,238.66942096745652,240.66119873991903,251.00303809393574
401,2010-10-30 18:06:35+00:00,208.54467574696022,225.53852358699118,223.95719420470226,220.1169679779124
402,2010-11-07 18:09:23+00:00,229.59271826331883,193.5918890100525,197.72781587811193,198.4374092803431
403,2010-11-15 18:06:33+00:00,234.35036794136823,217.57402873678382,220.04290273484838,219.65831319831221
404,2010-11-23 18:09:36+00:00,232.29975575428162,213.6906805257246,212.59251961388748,211.3974768239037
405,2010-12-01 18:06:34+00:00,249.85326006144476,216.39725414619636,219.76648880214466,219.32079721485766
406,2010-12-09 18:09:45+00:00,210.49408577132164,183.46795356806126,183.856939719198,
407,2010-12-17 18:06:37+00:00,232.16055092263673,209.7454525967354,216.0774437145779,212.98177658703682
408,2011-01-02 18:06:41+00:00,234.8019451478026,208.06890449094604,206.22968138590147,206.03988230372175
409,2011-01-10 18:10:01+00:00,236.1388784199739,201.70513187305016,206.72708197383446,205.10219086524745
410,2011-01-18 18:06:42+00:00,229.591439783502,189.47607323157365,184.2921859035225,185.70251312075428
411,2011-01-26 18:10:08+00:00,,,199.98885784462283,211.26784104381338
412,2011-02-03 18:06:43+00:00,233.50997631015838,199.08025208569825,193.54869038357413,201.55139837561063
413,2011-02-11 18:10:11+00:00,232.92831631657754,207.32531816682624,,220.64216172076135
414,2011-02-27 18:10:17+00:00,198.77446963708957,212.5230129333669,219.4152307502443,220.53661776475386
415,2011-03-07 18:06:42+00:00,228.59079620674984,191.34789900992206,190.07258638406722,195.37444826670577
416,2011-03-23 18:06:35+00:00,232.7582956382147,192.42634717539397,191.9822975182829,198.79112221054694
417,2011-04-16 18:10:22+00:00,236.77171470884002,210.11033900371513,204.27671835079042,211.64885085800458
418,2011-05-02 18:10:23+00:00,235.49452735405504,202.28662070540082,198.3638887562695,203.74256666260752
419,2011-05-10 18:06:21+00:00,232.67831058625188,212.20777187935266,215.1017103589653,212.62638186316366
420,2011-05-26 18:06:16+00:00,235.79574490103414,211.9761805302242,209.06984565053997,212.5528894821358
421,2011-06-03 18:10:22+00:00,214.56170594237528,192.8820622499263,197.48516307127176,197.0772949285397
422,2011-06-19 18:10:20+00:00,240.72893778963828,210.91352952582787,203.29332318826653,200.75329579347272
423,2011-06-27 18:06:01+00:00,197.20417564636318,204.1110027528511,200.62179858389777,201.83038791798225
424,2011-07-13 18:05:55+00:00,230.2971916519558,202.67110796061993,203.19355989568498,202.4328192880849
425,2011-08-06 18:10:11+00:00,240.66320900604887,225.78732332227077,224.1424805309262,224.03547453967388
426,2011-08-22 18:10:09+00:00,221.40361644781746,230.1756687887794,225.51400195195484,219.8052275466614
427,2011-09-07 18:10:05+00:00,218.66261781987515,241.1614655677019,242.57751964620127,233.49364071857622
428,2011-10-01 18:04:57+00:00,232.2862875192588,206.52630731990064,202.3588146403494,207.987259018118
429,2011-10-09 18:09:59+00:00,252.36910513297522,227.6577305735842,224.67452036208402,229.69562390569547
430,2011-10-25 18:10:07+00:00,232.9676187385458,220.19923425656714,,224.39837447296654
431,2011-11-02 18:04:33+00:00,208.3610622241801,219.35494650686155,218.92032113468076,219.99030776347175
432,2011-11-26 18:10:27+00:00,219.79272704287973,187.59746746929227,192.6757418650805,194.32005984582747
433,2011-12-28 18:10:44+00:00,215.61806421822996,191.11064094814017,194.1996729813408,195.9973820186995
434,2012-01-13 18:10:47+00:00,229.0639404205522,206.90358465847848,199.8761034909951,209.946090094181
435,2012-01-29 18:10:48+00:00,236.46062696693593,208.28064160488407,205.42856898348273,215.6553524965767
436,2012-02-14 18:10:54+00:00,230.8669426902659,194.4494023097816,,198.95096452035483
437,2012-04-02 18:10:52+00:00,250.9483244043136,209.6397196054839,198.38005874643397,
438,2012-05-04 18:11:18+00:00,237.76311618821518,209.45950872636834,201.82878118730792,204.51359255605433
439,2012-06-05 18:11:04+00:00,230.0944231073019,185.20440109065402,185.52203550918176,183.95224429773336
440,2012-06-21 18:11:14+00:00,236.0656894157391,195.01085105077993,193.3965392165054,198.1195202882165
441,2012-07-07 18:11:26+00:00,250.90194957844233,204.19337074603595,197.98870686548497,198.09437885222832
442,2012-09-25 18:12:19+00:00,,229.26756271879205,223.71914941263327,221.1510697706371
443,2012-10-11 18:12:26+00:00,220.04066187330946,226.62332293974146,226.56506800114352,222.50021133457568
444,2012-10-27 18:12:36+00:00,249.8778304477973,208.68567315413804,211.92466177803516,
445,2012-12-14 18:12:51+00:00,,,,183.5645015565649
446,2012-12-30 18:12:56+00:00,,,165.66487501450544,180.7262148497321
447,2013-01-15 18:12:54+00:00,236.83979561792123,190.7422821921442,,
448,2013-01-31 18:12:58+00:00,,,184.8167614770702,186.42665985804382
449,2013-02-16 18:12:57+00:00,239.0967915907965,200.38345335302813,204.7954514299351,212.43672961847938
450,2013-03-04 18:12:54+00:00,232.20726842328708,188.30962635761412,188.46502623960845,196.4399500891396
451,2013-03-20 18:12:51+00:00,234.3912828771974,192.1190999587149,195.9204804246145,201.98071155285012
452,2013-04-05 18:12:48+00:00,,205.73690751703754,205.9545980215003,213.22295825691305
453,2013-05-15 18:18:44+00:00,233.6446153553071,203.02517857505597,200.64881758797662,205.99073297800095
454,2013-05-23 18:12:36+00:00,211.1574111341782,227.60625263881496,223.05323986423963,229.07281480677574
455,2013-06-16 18:18:43+00:00,209.57635776389242,219.76526623763326,210.93647972192224,204.13241028324398
456,2013-06-24 18:12:22+00:00,232.13477811690444,192.66604284659053,194.21535035065656,193.24929096373018
457,2013-07-18 18:19:08+00:00,233.7046169900538,218.3310910257186,212.2599971924449,212.77491324470273
458,2013-08-19 18:18:47+00:00,235.2607760167777,214.2204640343191,211.41087293858698,206.51679136448615
459,2013-09-04 18:19:12+00:00,232.90716957468888,213.3676260766481,211.36358428252737,211.29777829272805
460,2013-09-12 18:12:23+00:00,236.04646306080681,211.10672154917134,210.33022303449698,208.49350490317863
461,2013-09-28 18:12:32+00:00,236.94632397008485,203.58814809275492,201.26480542642943,
462,2013-10-06 18:18:39+00:00,234.73068143269117,194.2132963284393,197.63119382185192,193.4166386473789
463,2013-10-14 18:12:46+00:00,216.90263250106182,230.30834481263065,229.55604091193135,230.01505134145646
464,2013-10-30 18:12:50+00:00,,,,214.75172037849336
465,2013-11-07 18:18:31+00:00,235.3319803719886,190.3959992219239,194.02440919060936,188.4831537135089
466,2013-12-09 18:18:46+00:00,233.87957223091757,192.60399897656566,193.55739887325527,195.8054858015802
467,2013-12-17 18:13:04+00:00,230.57662054093532,174.70492701609422,173.0944152203568,184.88522554296583
468,2013-12-25 18:18:12+00:00,250.064250005918,197.35139671805337,199.62827648154803,204.26326988642984
469,2014-01-02 18:13:12+00:00,236.33480341643377,180.16170350856885,175.77534725274413,184.69935375231512
470,2014-01-10 18:18:25+00:00,233.63981322488564,193.16183971491603,199.57664737025027,206.03454979897043
471,2014-01-18 18:13:25+00:00,238.23589302162372,189.54166572074033,184.63009079224224,192.57652136997729
472,2014-01-26 18:18:16+00:00,234.10332974859125,188.6691797789488,185.96238472836444,199.44788393623617
473,2014-02-03 18:13:40+00:00,229.7954706253965,181.2900068800447,187.07781440654173,
474,2014-03-15 18:17:40+00:00,231.6814734243232,193.26383916464067,197.2572261673891,200.04414812952513
475,2014-03-31 18:17:23+00:00,229.63064264204678,175.42001029504627,179.80479729972808,187.3729291299394
476,2014-04-08 18:13:44+00:00,238.43927263721406,207.14818976125107,212.707401885933,221.05314160395858
477,2014-04-24 18:13:57+00:00,238.23038956619592,194.01596180162312,193.57470964192424,202.42016233230368
478,2014-05-02 18:16:28+00:00,232.84375010038917,197.885400106806,194.5140802730958,198.47207823028856
479,2014-06-03 18:16:24+00:00,232.39886932840193,191.689791422042,196.1942508164772,199.8302848877408
480,2014-06-11 18:14:10+00:00,,,207.9766745351496,204.4381282536266
481,2014-06-19 18:16:29+00:00,237.57313228950466,208.7000083499438,208.26194796747518,206.8481434195763
482,2014-07-21 18:16:38+00:00,235.70581076544818,218.72075419249992,216.12376679131904,216.03218402970919
483,2014-07-29 18:14:23+00:00,254.00724825668885,211.48457721964968,213.83740650799734,214.99573735424957
484,2014-08-06 18:16:47+00:00,235.34362918016973,208.03918153018898,210.17951037775902,212.02715846365305
485,2014-08-14 18:14:25+00:00,237.26156070811317,208.17068855127184,203.92691194864244,200.21321126008186
486,2014-08-22 18:17:14+00:00,236.49997144737057,220.23627529242668,208.40851390920125,209.01064755298188
487,2014-09-15 18:14:26+00:00,252.6061454611177,209.09072888274196,206.81245369540528,202.35728369734147
488,2014-10-01 18:14:38+00:00,237.1971612527258,198.56661589964816,198.9498154763018,
489,2014-10-09 18:16:58+00:00,235.11715575918367,209.71070137432724,195.9389580286836,189.26870085415254
490,2014-10-17 18:14:47+00:00,231.2753247896195,207.4934847827615,207.37423643709963,208.587200052908
491,2014-11-02 18:14:57+00:00,,,212.30819771402778,213.54878994273892
492,2014-11-10 18:17:24+00:00,237.12595929822598,191.79381622607733,194.61243220337778,192.5532821930408
493,2014-11-26 18:16:57+00:00,234.88484357375864,184.4567484536288,189.57480367542917,187.02454118121884
494,2014-12-28 18:16:49+00:00,235.2255127837577,193.26023327888205,194.36744822956803,206.5270878985609
495,2015-01-05 18:15:19+00:00,232.12669185337091,180.28915870023707,180.12876487155745,192.65875710374007
496,2015-01-13 18:16:48+00:00,235.73056345503153,191.89311410110494,193.16442885284047,196.25001003270074
497,2015-01-21 18:15:19+00:00,,164.43239835501583,168.6682084397119,181.3348474468803
498,2015-02-06 18:15:27+00:00,236.97293173077796,192.04575708302292,192.27052734094605,194.82434731303763
499,2015-03-10 18:15:39+00:00,,,203.30489212126534,204.80992750437565
500,2015-03-18 18:16:21+00:00,211.4635597463879,188.41737876560705,188.7549907075361,185.75323435455704
501,2015-04-03 18:16:08+00:00,213.6855501381341,183.10075548470093,183.28149158470103,184.99087295093946
502,2015-04-27 18:16:03+00:00,239.30369557542986,192.77528776001373,188.41898396156077,
503,2015-05-05 18:15:54+00:00,209.12448848315898,182.49278938233888,181.21333474397582,187.16084112861643
504,2015-05-21 18:15:49+00:00,232.74123420304528,200.6432817114341,197.8232683265769,201.50137814163554
505,2015-06-06 18:15:58+00:00,196.23784600868,200.80955550186223,200.64753069106504,199.4193811353278
506,2015-07-08 18:16:15+00:00,229.96157048608416,212.18645909818588,209.37823171576886,212.58407656443524
507,2015-07-16 18:16:30+00:00,232.22752528623383,204.0060260179854,200.0152726541438,195.27484361860553
508,2015-07-24 18:16:22+00:00,212.27312503146908,228.85268236145697,218.37978611975478,211.54796864479806
509,2015-08-09 18:16:25+00:00,236.90841592776837,223.97452740392808,222.8332691577472,219.3831215664608
510,2015-09-18 18:16:43+00:00,215.63468719097284,242.1373165630033,241.93694109199203,
511,2015-10-12 18:16:46+00:00,211.91474311310793,193.34861420966809,193.59392013881728,193.46630739979526
512,2015-11-05 18:17:17+00:00,233.18459708704557,206.83609240973226,203.9374371908995,208.87208637053874
513,2015-11-13 18:16:52+00:00,228.58579889970235,190.03184188820242,191.68855018631072,195.0903412656261
514,2015-11-21 18:17:34+00:00,,212.1178247975618,210.3122234117669,216.44225597302804
515,2015-11-29 18:16:55+00:00,232.48410962282702,189.54413842572268,189.03540460094837,189.64322262970023
516,2015-12-07 18:17:48+00:00,215.31595394004853,176.16981280639453,175.13839031989184,
517,2015-12-15 18:17:18+00:00,211.24954762536876,158.8246573598802,153.054049864968,173.295929959684
518,2015-12-31 18:16:52+00:00,232.34383443270724,178.00587847164567,186.46794237763348,195.62560350822775
519,2016-01-24 18:18:30+00:00,210.52325856026675,163.5454443613537,158.24531503451635,178.88201306907217
520,2016-02-09 18:18:37+00:00,238.81532477124617,172.79507364066635,178.4395458884158,
521,2016-02-17 18:16:40+00:00,232.7320733451515,189.2304238939743,195.72368849462828,201.11643125346225
522,2016-02-25 18:18:39+00:00,215.68305031776515,162.20864642949454,154.6959187496749,
523,2016-03-04 18:17:03+00:00,213.9150633688121,180.62052388993834,178.42277300973933,187.68238096126382
524,2016-03-12 18:18:50+00:00,,181.69009593012623,169.45975516898804,188.44801155558602
525,2016-03-20 18:16:56+00:00,214.90895733801955,177.994991676763,171.54647775659848,185.54646416030474
526,2016-04-13 18:19:01+00:00,239.5351861535982,213.76927338178956,,
527,2016-04-21 18:16:42+00:00,215.2503287490052,191.4302297969445,190.6248303967061,198.53203826963593
528,2016-04-29 18:19:08+00:00,233.70300667084337,198.13469712231776,199.19351835846268,197.58694492737425
529,2016-05-23 18:16:47+00:00,230.8333388768695,206.07272041018106,201.3824786571775,205.79260752352408
530,2016-06-16 18:19:19+00:00,212.28389393622166,229.8459503247122,229.628779887108,228.60915661677745
531,2016-06-24 18:16:33+00:00,192.70717590708932,209.72037678604468,210.39512622196133,208.9471803890964
532,2016-07-02 18:19:19+00:00,212.08573551515948,235.23983278094346,231.69347649976717,230.75285317053283
533,2016-07-18 18:19:20+00:00,232.64448601395378,226.17680526126452,,
534,2016-07-26 18:16:46+00:00,232.34822728048306,227.85999231769821,223.9339971718186,225.9956021678508
535,2016-08-11 18:17:11+00:00,209.61776512589705,230.11059140846913,229.53181019190757,227.34249332068063
536,2016-08-27 18:16:55+00:00,250.47892451643648,232.55886533452866,234.35172150733266,234.57267192315754
537,2016-09-04 18:19:28+00:00,251.70282819968878,222.83781490702108,223.81505128408747,217.82487816130893
538,2016-09-12 18:16:59+00:00,239.96921987700935,233.9792196732787,231.3568150856065,225.71866912972376
539,2016-09-28 18:16:59+00:00,224.75979896499777,238.32321477120757,235.87020746061768,229.9991903320446
540,2016-10-14 18:17:29+00:00,209.21780625664195,229.1906380254091,227.49881899352522,227.4427121344903
541,2016-10-22 18:19:29+00:00,238.96280805918298,220.97805543389308,217.93321600348958,222.7681924222502
542,2016-10-30 18:17:31+00:00,233.00496853228748,207.23847557838695,208.48831701436194,212.2880949599407
543,2016-11-15 18:17:30+00:00,232.34928085162574,189.60858792163089,191.81104101894368,192.81434300709347
544,2016-11-23 18:19:17+00:00,238.0636095780261,206.43864802436002,,
545,2016-12-01 18:17:29+00:00,230.14167245900774,192.4399155718736,191.93336603163416,190.65892563549588
546,2016-12-17 18:17:25+00:00,214.62182726151244,183.65383054243222,183.40955663562,187.50521936188565
547,2016-12-25 18:19:08+00:00,,185.2411186420677,185.34400463721704,196.07302823959307
548,2017-01-18 18:16:54+00:00,233.54204144099933,193.20373284195097,193.1075383786334,199.35846905477587
549,2017-01-26 18:18:47+00:00,228.3652552330624,,,201.93433683236543
550,2017-02-03 18:16:47+00:00,215.2814197143132,187.72405037809312,181.160429942873,192.84017316328908
551,2017-02-19 18:16:41+00:00,209.36549680635818,187.75237095039094,185.88817102055054,188.9346642555883
552,2017-03-07 18:16:58+00:00,,208.48385662719645,212.0666132106689,216.54123167722014
553,2017-03-15 18:18:56+00:00,202.9386831275317,,,194.54721479708343
554,2017-03-23 18:16:23+00:00,233.00741216303481,202.5483092113165,205.74119946778427,211.8102190312387
555,2017-03-31 18:19:00+00:00,214.87385932575228,186.0782605721684,181.1140790633683,188.58769554911015
556,2017-04-08 18:16:17+00:00,233.03346686254375,188.9134903639511,190.49405291676422,197.31322283201067
557,2017-05-18 18:19:16+00:00,232.80266477045805,211.3024222214567,213.78012209838727,216.57034243343293
558,2017-05-26 18:16:19+00:00,229.37938186184084,190.57064485677034,194.8645882380702,197.58550502011298
559,2017-07-21 18:19:25+00:00,216.7328676967902,230.6941982650611,225.7520969119763,218.41371956711325
560,2017-08-06 18:19:23+00:00,252.03706880780598,229.30146085748567,226.17713419324684,220.83674428051577
561,2017-08-22 18:19:22+00:00,252.65394054204498,228.18559248754212,225.15961668794023,213.84318292168646
562,2017-09-07 18:19:22+00:00,239.7125043989276,194.99881494122053,189.3085815295621,184.73649878012796
563,2017-09-15 18:16:53+00:00,250.49701545247262,233.0697263120722,228.81054384668363,225.4945515236144
564,2017-09-23 18:19:21+00:00,249.95942166481402,216.10781580556124,220.30482752838674,216.84966956231895
565,2017-10-01 18:17:00+00:00,215.83586969015124,225.12921057710096,222.37378789473104,216.77550967163546
566,2017-10-09 18:19:23+00:00,232.90525196252415,201.49970517697744,204.17409047072928,196.18093219397628
567,2017-10-25 18:19:24+00:00,200.9141386528239,201.5752416417053,207.88265542215746,203.40563961241207
568,2017-11-02 18:17:03+00:00,235.95880654212215,215.0378284152614,215.73874823146488,214.31774676313808
569,2017-11-10 18:19:22+00:00,231.30504928027787,216.57393557715938,216.88596362893173,216.30693208982825
570,2017-11-18 18:17:23+00:00,234.70372508067587,211.65640824181926,211.52535324997146,205.73352262665122
571,2017-11-26 18:19:17+00:00,236.8310915492694,218.9364803542092,219.07382461743907,217.13401557250654
572,2017-12-12 18:19:09+00:00,231.45894402512405,215.1746070594329,220.2199437612441,219.4620157641729
573,2017-12-20 18:17:22+00:00,235.90658114572784,198.30958735860605,192.95195074802945,191.5361418705898
574,2017-12-28 18:18:58+00:00,238.71244301099676,209.178771429426,203.35901254998421,212.602156102065
575,2018-01-05 18:16:53+00:00,231.11433143500815,180.36244709817456,190.86955371335574,188.66990650405745
576,2018-01-13 18:18:45+00:00,179.31107006756474,195.67256225690446,197.97528183436324,204.01281305039544
577,2018-01-21 18:16:45+00:00,210.9060411697577,171.08267753636096,164.8411962504537,181.77719930163096
578,2018-01-29 18:18:30+00:00,236.15074071519015,191.64618505085366,195.26021069112133,198.40431648933404
579,2018-02-06 18:16:37+00:00,229.89645984829951,191.46517758118858,191.78740399470826,198.98166969899287
580,2018-02-22 18:16:55+00:00,237.40798289408315,202.85558623955325,206.6924436191111,209.51025625897438
581,2018-03-02 18:18:07+00:00,235.9057973433156,187.4848049173666,188.81448365943265,
582,2018-03-26 18:16:39+00:00,234.71406147979852,195.57089844103808,197.63682865488965,199.3839041250322
583,2018-04-03 18:17:41+00:00,238.88698715673843,193.76165598136964,200.61253746863218,198.19731907377837
584,2018-04-11 18:16:07+00:00,230.7690628238251,189.00508810426788,191.9596858581902,198.02318512213776
585,2018-04-19 18:17:26+00:00,237.74516762739646,187.5669294820554,192.22466743709612,188.67213762501285
586,2018-04-27 18:15:58+00:00,231.44543340589868,190.6169237461339,190.49472674617755,190.70154369920218
587,2018-05-13 18:15:48+00:00,230.2439203927987,182.368540793627,184.65989124167754,188.43981765932082
588,2018-05-21 18:16:53+00:00,251.80128733868975,206.4572143839703,,
589,2018-06-30 18:15:49+00:00,236.46222575605384,206.6491760895198,204.97565703076765,209.1353422135974
590,2018-08-17 18:16:37+00:00,228.5660567515954,211.42034018993917,211.43121149966194,209.80757724723784
591,2018-09-02 18:16:20+00:00,239.70364825929232,213.12064909598791,210.01782336290745,213.60414157968097
592,2018-09-18 18:16:24+00:00,231.24767124667437,217.9376986162913,215.12176220882026,212.12728178644159
593,2018-09-26 18:14:25+00:00,231.67268740424615,209.49234398425668,202.54218129475132,203.50927425975843
594,2018-10-04 18:16:32+00:00,233.78552315135937,227.58253812496324,229.98634801385595,218.48860683920594
595,2018-10-12 18:14:01+00:00,236.40366191496332,206.98784369974254,200.02191925146334,195.9409377791024
596,2018-10-20 18:16:38+00:00,234.48539166218734,229.73460090194354,229.05399081855404,220.22072393589684
597,2018-12-07 18:17:03+00:00,207.062685173384,181.93968546891443,187.2780660171901,186.17990510933996
598,2018-12-15 18:12:28+00:00,228.7254396119334,198.05515430107812,205.47575637094093,209.94024314140455
599,2018-12-23 18:17:02+00:00,230.4910250914394,176.8348842750512,171.5225609239689,180.28489327773678
600,2019-01-08 18:16:37+00:00,207.50218076822443,171.6300675333108,170.5465373046446,176.89452547392497
601,2019-01-16 18:11:30+00:00,230.65801581216152,187.14733229325785,181.8681575210571,194.76455646004308
602,2019-01-24 18:16:33+00:00,216.83417020728143,172.2126233490248,172.5452846538164,184.22246804665002
603,2019-02-17 18:10:31+00:00,215.05549143261186,174.7813562785499,174.61777769533145,173.982026910022
604,2019-03-05 18:10:01+00:00,229.32779832525006,192.99804428827483,197.81243830505758,201.31452946211817
605,2019-03-13 18:16:22+00:00,,172.58397499802862,165.3046519219263,
606,2019-03-29 18:16:19+00:00,213.77467016180333,184.9736619634262,190.53107850712485,196.7512812347375
607,2019-04-06 18:08:57+00:00,233.23172613410895,181.4184836549301,186.08264222761582,181.05104920037897
608,2019-04-14 18:16:14+00:00,233.03048057108305,188.79213900565608,190.32662212879188,193.18861698993655
609,2019-04-22 18:08:22+00:00,250.24563050149456,190.24376283265582,193.1186277813632,199.82487831445155
610,2019-04-30 18:16:11+00:00,232.49272219500122,208.9754655532285,210.6199858162085,210.079800652441
611,2019-05-08 18:07:45+00:00,251.47783200335456,215.89329265400323,221.28293667227177,214.58373221374808
612,2019-05-24 18:07:08+00:00,257.9408598960014,208.5369772174938,204.66332563958056,205.17579902360166
613,2019-07-03 18:16:41+00:00,229.28695586533246,197.4547627922045,195.11493744244916,198.67427183799046
614,2019-08-28 18:03:24+00:00,252.14058742486543,222.77958722659662,222.38257226686824,218.47578148761556
615,2019-09-21 18:17:04+00:00,234.9245489559695,214.30154698021335,215.4136993162388,218.031526627053
616,2019-09-29 18:02:00+00:00,229.93291035368168,209.27942246014658,202.08356166794158,196.0153543140677
617,2019-10-07 18:17:08+00:00,230.43056334417523,218.50592337225766,215.91817275603245,213.6276795909194
618,2019-10-15 18:01:21+00:00,235.64001878156355,208.63116342911468,203.162744458073,201.77148391861212
619,2019-10-23 18:17:10+00:00,233.60057072489968,217.75251959998656,220.02384248382475,220.77978916361275
620,2019-10-31 18:00:39+00:00,237.08135781253813,199.8992715538281,206.70508930534334,208.57483046946115
621,2019-11-08 18:17:32+00:00,236.96066799655102,216.65574994944066,217.41893870481624,219.73760055435235
622,2019-11-24 18:17:05+00:00,233.3460525437422,200.90008676153718,202.15964904180026,202.97029008959524
623,2019-12-10 18:17:28+00:00,231.69264675461216,198.17356975074037,204.2085419342883,205.3457095754381
624,2019-12-18 17:58:21+00:00,233.00119533083074,197.10312961019497,197.80564373728723,205.16262322341794
625,2020-01-03 17:57:31+00:00,214.85218457917108,185.30486787280384,175.5015215518617,184.0578546911988
626,2020-01-11 18:17:21+00:00,230.78548992130771,180.39403355025314,183.477921467737,182.7666128444052
627,2020-01-19 17:56:43+00:00,237.5014309865865,204.5974327058279,206.88653477894908,211.01006655888088
628,2020-01-27 18:16:53+00:00,,168.25789179335163,169.13443228955512,180.9243631017205
629,2020-02-04 17:55:55+00:00,231.75341434621566,178.48690697215565,177.31511549925335,188.2858218097861
630,2020-02-12 18:17:12+00:00,233.04210285854208,183.17792156052158,190.14127923754847,185.77484065938648
631,2020-03-15 18:16:37+00:00,235.99172548398258,211.54571453158928,211.78336380940516,212.61784285390098
632,2020-03-23 17:53:21+00:00,218.7516203768114,192.9841661303968,195.58225014921064,188.7185057703853
633,2020-04-08 17:52:27+00:00,214.1800192449358,192.06042689291172,195.88752557111758,196.00056009423534
634,2020-05-02 18:16:37+00:00,236.15637364050443,210.56719984959074,212.82541530361308,210.99458067273628
635,2020-05-18 18:16:12+00:00,232.7022255819124,205.10658269399875,202.4524342312904,211.584043117978
636,2020-06-19 18:16:27+00:00,231.26377675661735,195.12487975739788,198.3422866175735,198.9316086238473
637,2020-08-06 18:16:44+00:00,232.48845419182106,198.80893557211016,198.07146592596985,199.21691862487464
638,2020-08-22 18:16:50+00:00,238.11439588143304,203.73270178979197,196.12477319701475,198.83863151759388
639,2020-08-30 17:43:41+00:00,251.17967273172962,214.27482629934644,207.75515009025588,209.00123532482928
640,2020-09-07 18:16:58+00:00,234.7745459771407,205.2078508052975,200.99909636761873,201.09244754815046
641,2020-09-23 18:17:03+00:00,196.2272110733629,199.50786726810213,197.4613057119272,193.2785650874267
642,2020-10-01 17:41:36+00:00,235.9656566027003,201.9547772642132,200.42328857409893,195.7633802382661
643,2020-10-09 18:17:29+00:00,235.279164499069,206.67902326972475,201.9090510095395,204.8939429827116
644,2020-11-10 18:17:26+00:00,233.479063784374,207.19383356871273,207.22706395365927,208.10448502166784
645,2020-11-18 17:38:24+00:00,251.2535969554209,199.41549192215584,200.1562071044695,198.7365412387823
646,2020-11-26 18:17:06+00:00,235.2675419464769,203.78467087534744,202.1911809914022,204.7494439291276
647,2020-12-04 17:37:15+00:00,230.51363105635357,178.95198081693235,178.88599317324562,184.13406309542822
648,2020-12-12 18:17:07+00:00,232.9158843918252,186.38109032834421,189.01703495455715,196.8307863371939
649,2020-12-20 17:36:02+00:00,230.83123460580128,188.2146832953069,186.7719274289774,190.80660449718334
650,2020-12-28 18:17:28+00:00,210.65444954285965,168.999740192076,168.7100323123858,182.20271492433602
651,2021-01-05 17:34:55+00:00,233.26406010494486,188.22616964216311,177.31205908939415,188.9399886586232
652,2021-01-13 18:16:57+00:00,215.83233370338095,164.68825134201745,167.34930280163718,183.71603444910764
653,2021-01-21 17:33:47+00:00,236.07286647839703,184.04964648196207,187.19200112186343,
654,2021-01-29 18:17:18+00:00,198.80392909502484,156.4719249179477,158.90041126240686,175.55087559701286
655,2021-02-22 17:31:25+00:00,253.11473191486252,196.05154474011923,196.23529149823258,204.5044707973546
656,2021-03-02 18:17:08+00:00,249.86928169452952,186.5578715016003,195.40225570355827,199.92842837872783
657,2021-03-18 18:16:35+00:00,237.60386565593984,198.9958899751308,200.17525640250068,197.8192510522699
658,2021-04-03 18:16:31+00:00,236.31934323742993,199.6646912839525,196.80301552300133,199.4673904445761
659,2021-04-11 17:27:34+00:00,209.93572204939917,172.14149960215985,178.07603434895407,180.69986201521772
660,2021-04-19 18:16:25+00:00,252.03351864600705,207.94858399404367,208.49990924547018,207.1241172947957
661,2021-05-13 17:24:53+00:00,236.25021013723244,190.69790859870722,185.84662591709036,183.65816483401875
662,2021-05-21 18:16:25+00:00,236.93936463118888,205.91581862204512,197.34264655406844,194.5826520176882
663,2021-08-25 18:16:57+00:00,240.31181639933976,208.12816416757477,205.22987670871385,199.19117559434835
664,2021-09-18 17:13:54+00:00,254.60421126881897,217.19990941108063,213.40137743361032,203.30036040681696
665,2021-10-04 17:12:29+00:00,234.75491981882948,212.84605946901684,212.19383333317194,211.18454605803151
666,2021-10-12 18:17:35+00:00,215.29830972123776,198.0207681799518,194.2254158948204,192.40509242820895
667,2021-10-20 17:11:04+00:00,250.79835553422924,205.19171432020062,200.55970540180166,199.50662090311369
668,2021-10-28 18:17:12+00:00,,210.57797634714984,206.860312829377,204.87491046720447
669,2021-10-28 18:17:36+00:00,,210.86609564511946,206.73066902597918,205.03904073004446
670,2021-11-13 18:17:07+00:00,233.18565330455573,208.56401411237567,207.3996709011008,212.2202934855172
671,2021-11-13 18:17:31+00:00,203.02918197680464,217.3143126982792,215.59817445528847,228.22937207759014
672,2021-12-15 18:17:06+00:00,217.2375731524652,187.53111427189657,195.3027578934209,202.15630048265368
673,2021-12-15 18:17:30+00:00,177.55639418462306,186.88066929425517,194.93777349241503,202.31366444470422
674,2021-12-23 17:04:58+00:00,,191.03795816425338,186.05775309217773,198.05499669707658
675,2021-12-23 18:17:27+00:00,167.7649238310949,186.92050369099934,188.84475551863807,199.4852447240192
676,2022-02-09 18:17:24+00:00,198.52031363141944,210.01898145423235,216.49120863187534,220.36164858234557
677,2022-02-17 18:17:13+00:00,209.11323602456545,185.6911884406221,191.2986399265893,199.26331998732456
678,2022-02-25 18:17:14+00:00,228.5888577997663,215.43297954833238,217.45475659192516,226.6743770020514
679,2022-03-13 18:17:11+00:00,197.40284661520278,213.39442957912888,215.04775748535798,227.79074425608934
680,2022-03-21 18:17:01+00:00,183.50153798509373,186.37184392265192,187.733045688692,203.65685282445196
681,2022-03-29 18:17:06+00:00,181.89220569508967,186.53412158611627,192.57401314783587,200.94167350387045
682,2022-04-14 18:16:37+00:00,215.51184304578769,200.95323209411703,206.24301468902974,208.40124096355316
683,2022-04-22 18:16:34+00:00,231.45441438696633,212.40112341924905,214.71569114576334,216.41563547976244
684,2022-04-30 18:16:30+00:00,183.89837956174796,196.37076557437769,197.80938594086155,202.35136688943788
685,2022-06-17 18:16:49+00:00,,,,
686,2022-07-03 18:16:38+00:00,195.6408156561331,208.02547579612707,206.8482588064773,203.6681377568096
687,2022-07-27 18:17:32+00:00,228.49063184533088,209.08544566125596,208.71111501909877,212.07767031449453
688,2022-09-21 18:17:30+00:00,203.33093210053755,228.46442468311454,230.12921781841422,221.87540141946982
689,2022-10-07 18:17:31+00:00,204.8943484884192,223.59306922518277,229.5399742265642,228.97312345896577
690,2022-10-23 18:17:37+00:00,202.51215733924556,219.28047972427328,220.10203658395955,219.3504761684417
691,2022-10-31 18:17:48+00:00,196.13467144712212,210.5865654340646,213.3824633811938,211.91708636420952
692,2022-11-08 18:17:37+00:00,190.11904335901198,210.09705605131137,211.07641249016285,209.4481840292098
693,2022-11-16 18:17:41+00:00,228.59778210828887,217.67395921249312,228.2761749926434,229.86835897334706
694,2022-11-24 18:17:37+00:00,180.80563187565383,198.72389655125323,201.01522462157664,202.82790592236404
695,2022-12-10 18:17:37+00:00,192.3337175952944,207.62108706208147,201.85614928156866,203.4619651543366
696,2022-12-18 18:17:36+00:00,199.61305368471352,225.49340442666315,224.40397467135185,229.85993158975623
697,2022-12-26 18:17:35+00:00,169.30460232890164,184.56724141124005,186.32191706373527,200.0666436464241
698,2023-01-19 18:17:28+00:00,176.02793582365786,195.25223579200068,203.38291244926285,198.88889134795807
699,2023-01-27 18:17:34+00:00,215.59337982410523,193.80035381805482,201.7551823347049,215.15530778799751
700,2023-02-04 18:17:32+00:00,190.12470264806598,204.31632547954646,200.04074927336768,205.13300600922122
701,2023-02-28 18:17:25+00:00,194.90494304279747,210.5049348642993,215.55162326887984,226.8462593935175
702,2023-03-08 18:17:08+00:00,206.6935072965249,175.95243560300054,187.25985375956668,200.20864634061704
703,2023-03-24 18:17:00+00:00,172.144296204282,177.60510789228363,185.18229862188957,198.9490308737615
704,2023-04-01 18:17:07+00:00,197.2687885921792,211.31600733022128,207.8729426810306,215.15394149126706
705,2023-05-03 18:16:49+00:00,187.1397360247266,200.32573380785792,203.20308095160792,201.976135380443
706,2023-05-11 18:16:28+00:00,198.09709044392645,207.04668566967155,205.65566774698397,207.11792199675048
707,2023-05-27 18:16:28+00:00,204.72047887585626,222.93391404567353,215.9242213949924,222.046245653712
708,2023-06-12 18:16:36+00:00,238.10964806063015,242.99783894415117,235.62204245033143,
709,2023-09-08 18:17:12+00:00,213.9803543824926,229.14165650741776,229.47494113788943,221.54285360294688
710,2023-09-24 18:16:48+00:00,,,,
711,2023-10-02 18:17:17+00:00,219.60239417950987,202.55485066585914,201.90086858300873,198.93009974215676
712,2023-10-26 18:17:23+00:00,,208.02552875788817,208.0913607362071,210.02541066026436
713,2023-11-03 18:17:22+00:00,199.20612877147113,216.94632936225742,211.2702364360323,213.41202737540775
714,2023-11-11 18:17:20+00:00,193.76964928773282,203.45262490982128,204.02320862219244,204.75860077245062
715,2023-11-19 18:17:24+00:00,179.28957963899168,200.30671254998268,198.49944408975074,200.71227168729408
716,2023-12-05 18:17:16+00:00,218.02016596728572,208.82774104107256,209.1749618103432,206.048642854961
717,2023-12-13 18:17:27+00:00,207.3465193547356,191.49543939933258,191.526265285025,198.70381501824272
718,2023-12-21 18:17:23+00:00,219.76941955421967,204.68297670880253,201.82518131539217,203.53595161315224
719,2023-12-29 18:17:28+00:00,158.5132490531838,172.57442736754152,174.43816725960494,196.75521166862032
720,2024-01-06 18:17:15+00:00,182.22599309306804,189.6626277562198,191.234806780302,198.1412178361211
721,2024-01-14 18:17:27+00:00,163.4910110790243,174.42698484339343,184.2755892432553,195.53496990816575
722,2024-01-30 18:17:27+00:00,179.33524287197022,185.67806530527122,189.69265111005677,199.03200977735227
723,2024-02-15 18:17:24+00:00,200.6270567026251,209.09075447137155,213.88606856433756,220.14515737653326
724,2024-03-02 18:17:20+00:00,215.32076711843825,204.89478895790785,209.2899844126066,225.3233284479599
725,2024-03-10 18:17:01+00:00,206.95078500330726,188.08813858006914,196.55167164457166,198.08047677748874
726,2024-03-18 18:17:19+00:00,228.39971033359518,207.94814692313975,212.01250255202302,227.05850087314118
727,2024-03-26 18:16:46+00:00,,185.62017686033533,186.583270191932,203.67963369033117
728,2024-04-03 18:17:10+00:00,229.7537654142302,210.72357998169386,215.02443082484865,224.17132154891254
729,2024-04-27 18:16:34+00:00,186.17508675035475,197.15483062635857,202.90833218623794,206.33462646750627
730,2024-05-21 18:16:13+00:00,195.9606918984308,203.7617117282861,203.7968777882069,202.03172078649246
731,2024-06-14 18:16:16+00:00,,,220.7797563852149,224.308510601784
732,2024-08-01 18:16:22+00:00,206.33965702417368,224.89507622196277,227.27668080125096,226.94425271578953
733,2024-08-01 18:16:46+00:00,206.0541708419958,224.50092867931556,226.2669175433288,227.91356079393472
734,2024-08-09 18:16:18+00:00,206.10815414211092,214.60359916942687,212.41400929920763,213.52285291559969
735,2024-08-09 18:16:42+00:00,205.89117078625836,215.74178695559465,212.79113309944591,214.49242759714122
736,2024-08-17 18:16:29+00:00,209.5080546944509,226.89431198832403,223.22002769810356,227.66349856686105
737,2024-08-25 18:16:32+00:00,201.95328490356388,215.2483717018506,213.28663739040508,222.27378491530337
738,2024-08-25 18:16:56+00:00,201.3610773019792,215.25226555659614,213.2460664918283,222.2221799025458
739,2024-09-10 18:16:34+00:00,197.51856833575297,210.11854071236843,212.99007813499585,218.21556139381846
740,2024-09-10 18:16:58+00:00,196.4347502152422,209.6201542754862,212.85141424078495,219.1442460033573
741,2024-09-18 18:17:05+00:00,230.50491580744676,210.9158060812951,208.79097246083336,211.7917465174952
742,2024-10-20 18:17:14+00:00,218.82106878265571,186.71022575390845,191.6188639364206,198.63710391975565
743,2024-10-28 18:16:55+00:00,196.84852493423008,208.0464301309022,208.3322920642239,212.6148587465183
744,2024-11-05 18:17:10+00:00,173.27802952406591,185.71161688205456,188.40820001427832,200.0820986221874
745,2024-11-13 18:17:11+00:00,186.23674135062114,189.84896405886585,196.47466149699983,201.30227866828022
746,2024-11-21 18:16:54+00:00,209.06385802104276,184.12768994984953,185.94104275530452,199.80205963493364
747,2024-11-21 18:17:18+00:00,167.4634602776108,183.55801339338777,185.54572149338009,199.46877017826802
748,2024-12-07 18:16:50+00:00,182.7468659065757,195.64688224934054,198.0215459669489,199.42718101886226
749,2024-12-07 18:17:14+00:00,178.9172256472494,194.85600024814326,196.92806861769506,198.69315607823103
750,2024-12-31 18:16:53+00:00,185.79948924276596,176.48695133736322,176.89674711800302,190.59505608550347
751,2024-12-31 18:17:17+00:00,156.8573423640778,175.02517246808804,174.45833614602765,190.4325784454195
752,2025-01-08 18:17:15+00:00,216.21188320915076,193.00301864715345,196.851259358491,204.7833032532485
753,2025-01-24 18:17:09+00:00,218.13286340455733,204.22736621258764,206.59003618556636,219.64408250510863
754,2025-02-01 18:17:16+00:00,218.7168538859608,200.20959093014125,200.62726675921078,200.96301801708637
755,2025-02-17 18:17:21+00:00,182.8514715873269,185.1217378387178,186.1005018449176,197.0276739180432
756,2025-04-06 18:16:37+00:00,236.8374730956292,213.6463962914744,224.49183617694396,229.42241348677035
757,2025-05-08 18:16:25+00:00,202.213996298718,212.64561661272484,207.46788803946967,211.91998300321316
