,dates,mex0012-0000,mex0012-0001,mex0012-0002,mex0012-0003,mex0012-0004,mex0012-0005,mex0012-0006
0,1985-09-30 16:17:33+00:00,,180.5900324954254,180.8356250730165,183.86682618542287,182.92965562301114,177.33593066760213,171.0143297889702
1,1986-01-20 16:15:42+00:00,,188.5152839964826,202.43070654274084,215.9674543420561,217.27880245415187,201.14875088790876,214.58300845928298
2,1986-03-25 16:14:19+00:00,,194.9924000057393,202.36436513601777,218.97831074825703,211.25867213056935,200.17274563138156,201.65214040487805
3,1986-04-10 16:13:58+00:00,200.71547413335023,193.89855685755512,197.9647295330773,200.98621868139404,203.7375456348015,190.59000538526243,192.47797954880846
4,1986-04-26 16:13:36+00:00,203.33359231541425,194.33025975029977,195.55541452638252,191.70920734511617,195.12264615466148,185.5778744746639,190.7831895707884
5,1987-07-18 16:13:40+00:00,180.0905829696377,171.96270820466404,168.25990314254972,182.69895131711016,179.8059656550524,176.3469749384431,170.5940044861573
6,1987-08-03 16:14:08+00:00,,162.80709661477945,160.6939000576513,179.51383304012498,165.42739394266508,166.36846801639533,161.34842375107533
7,1987-08-19 16:14:36+00:00,,167.44710492771705,172.00860343788386,180.2031888045659,172.5339665136939,170.27483962740084,163.41374694358376
8,1987-09-20 16:15:25+00:00,,178.7157239804482,189.47452988654527,200.73035832168108,189.1695018263832,180.99382436615198,186.96836536038577
9,1990-04-21 16:08:41+00:00,,184.67478744629315,185.42726393263413,192.72055640484078,191.24831514553992,181.77565387536217,179.6230699725391
10,1992-09-01 16:10:44+00:00,,163.28178282453047,167.65132067780837,181.09770445371862,167.34756018486635,168.01702138202023,164.77269790141162
11,1993-01-07 16:09:59+00:00,,187.49394705040564,198.2050850115586,205.6517816815816,204.723017459121,189.11360010587993,191.55513734773902
12,1993-01-23 16:10:10+00:00,193.46138310215542,176.1660464846951,190.39863567815289,208.70662589703073,201.27238960489436,185.14056937111187,194.3588685765634
13,1993-02-08 16:10:21+00:00,196.03346721423208,179.3485439342953,181.12734074073816,200.56898058020838,200.67519709548,189.40491525065556,197.32723063118155
14,1993-02-24 16:10:24+00:00,,185.38459017138908,191.5694345238881,199.12521741682409,204.76598572320646,190.7721997738736,192.32863641172509
15,1993-03-12 16:10:37+00:00,191.63732720197075,178.23071643410614,183.98605003443618,191.95981593070658,191.54097337587544,182.41814574449262,182.02202765246872
16,1993-03-28 16:10:38+00:00,,179.2156374921499,173.4651829503362,187.5600988678335,176.41103731978006,168.33982614830785,184.89454072536853
17,1993-04-13 16:10:46+00:00,188.9001262887272,173.5313510745215,172.00442623220022,182.96429548408952,174.3297783877617,166.90748715652933,162.22025024721162
18,1993-04-29 16:10:52+00:00,,178.32702894844059,188.70845370153043,189.1789070569919,185.77808216357963,176.85605304058268,177.04898358606502
19,1993-05-15 16:10:55+00:00,179.46378019259237,174.21696458455932,178.8479920223389,187.58662897987003,176.61740157407465,171.30816180927891,166.5692835410524
20,1993-05-31 16:10:59+00:00,,174.02458588982202,172.8883758042634,184.7572602044965,172.99210206798068,168.8998228816514,172.68650204477308
21,1993-07-18 16:10:51+00:00,176.05291083492,172.9307344474798,161.8044129752468,175.63777005370542,158.5931609045786,162.140508042418,159.38660397407153
22,1993-08-03 16:10:50+00:00,184.09987309493118,173.13428890358978,166.38922909035966,163.56648014591931,156.8088259865403,169.75934626125996,158.30725578686847
23,1993-09-04 16:10:48+00:00,,175.0982844485275,173.8421740035789,172.87739971134587,170.441257236993,171.06568747330573,152.6661699004528
24,1993-10-06 16:10:41+00:00,,180.77183737230112,183.71111600401628,184.3514259019422,170.42756238978242,173.6660109210057,177.28688093511104
25,1993-11-07 16:10:28+00:00,,192.64162947503036,195.48345050976195,199.9549996910593,199.31066924998925,188.3279444230743,193.51757712584904
26,1993-11-23 16:10:21+00:00,196.4748686786669,186.2743964199366,184.18129472416487,195.30869280025047,192.95598350620895,188.47260713374672,185.68891855444073
27,1993-12-09 16:10:17+00:00,211.9500137570463,190.54852205789365,201.62469063127148,216.08381182864045,206.53569735776367,193.60542280619683,194.25729864491618
28,1993-12-25 16:10:08+00:00,,195.85684069908487,197.36632620416233,206.32085782956372,208.09706403661752,199.14998915736396,188.3106576831937
29,1994-01-10 16:09:54+00:00,,195.87561213152574,196.75854353965718,208.94295709435963,210.14229205744704,199.9221427957123,200.71370433295212
30,1994-02-11 16:09:32+00:00,208.1780387428995,188.92424828730537,195.6958998376246,209.2378118870201,203.87565709337738,203.2747797418341,198.321643807602
31,1994-02-27 16:09:17+00:00,206.53699066016517,206.03772871024654,198.95454711273837,215.05921162641175,207.1053598992065,202.99193191755202,198.2025510822724
32,1994-03-15 16:09:03+00:00,198.8105044727494,188.41257360084666,189.46421716845174,195.3115547587334,189.26955872978064,193.7161358848694,206.98927144701716
33,1994-03-31 16:08:47+00:00,200.4887803308714,199.79870628703807,194.59157687317895,199.77364531298926,195.52041388591607,185.580670168475,178.5982128167335
34,1994-04-16 16:08:29+00:00,200.53859620913948,191.89695069288894,191.02214248139757,194.03218918396584,200.41379449383672,189.44072897545226,189.90635337708648
35,1994-05-02 16:08:11+00:00,196.9573389412743,185.2074992375667,191.09414039994513,191.14769505382145,195.87570556987322,189.40812879007467,179.7691648328317
36,1994-05-18 16:07:54+00:00,,186.14635598046183,190.4838513697474,188.8372564692557,190.01283656768354,187.8793334228074,174.3010836264196
37,1994-06-03 16:07:36+00:00,,183.1049422650453,184.13441352251277,190.79280984758762,188.59498195900505,182.9234545540122,174.4050003783853
38,1994-06-19 16:07:16+00:00,,175.3078523436944,159.96274706327964,183.4574545443049,171.66996342350754,171.1087513175079,164.01204351280862
39,1994-07-21 16:06:25+00:00,,179.2320177910889,171.97302048839748,182.7225304944327,179.07739807829768,173.58478969885638,172.79834501907084
40,1994-09-23 16:04:45+00:00,196.79827369272144,183.18535660925707,186.20025746241527,204.32862663968635,192.14876251109808,180.99612111819607,184.38272162313257
41,1994-10-25 16:03:45+00:00,,179.19128964949968,190.02258460666965,194.70376648843117,198.51332399858995,186.61654841373874,182.0174368770129
42,1994-11-26 16:02:39+00:00,204.35955922386358,182.46367899763388,185.3010243745972,200.58015042449995,197.66736363926833,183.94494948652766,186.8004138035727
43,1994-12-12 16:02:10+00:00,206.51115348724997,188.22124892617705,188.41684462698473,196.99866490521197,198.29729542404144,194.09840364677905,189.26574878554044
44,1995-01-29 16:00:28+00:00,,,,,,,
45,1995-02-14 15:59:49+00:00,199.6380667030901,196.82421230735008,198.98988694310566,199.3136175080983,204.50348578535565,187.28089970684368,193.25226263410786
46,1995-03-18 15:58:31+00:00,197.3779315391698,195.04676954085738,186.60926192887467,196.93678268576045,185.5198082689673,179.8137838358028,189.1813532352252
47,1995-04-03 15:57:52+00:00,197.1379437652586,190.78206544621113,190.5111868915359,189.0123131324517,185.1893645185706,182.17680817237016,191.75544449423802
48,1995-04-19 15:57:11+00:00,,,,158.22538515200569,,,
49,1995-05-05 15:56:29+00:00,,193.43439892568307,204.9876919065554,200.1096389115557,191.31913650566696,188.54390857224462,179.40418911187203
50,1995-06-06 15:55:00+00:00,,178.47210175918786,173.9163047049932,177.80930726361981,175.28225811461022,161.36024486237977,158.77476724593578
51,1995-07-08 15:53:34+00:00,,173.87542015088297,172.1398651282342,183.4429819292642,185.36719324112772,178.18884864501283,173.5938311232055
52,1995-07-24 15:52:51+00:00,,174.877854793357,189.12567622852603,198.72767518822113,188.0871738324795,181.77328331699934,181.85165898191948
53,1995-08-25 15:51:23+00:00,159.69152646796493,159.09840692190474,174.44436916904215,180.15342834341027,174.69209347189647,157.1706993837365,143.14269678872236
54,1996-01-16 15:51:49+00:00,204.89763766945302,200.62174125562802,203.73898515767385,209.05142909823965,213.56013012345628,198.2362292114028,205.73811979954536
55,1996-02-17 15:54:02+00:00,205.1790850402117,205.44346370339738,199.40109623672484,214.94254882885332,204.67112207983956,190.40847164658697,194.3943540222494
56,1996-03-04 15:55:06+00:00,201.56457983091929,206.84831166231692,210.99838214933686,217.39121396880822,205.88786211444574,194.4228187914568,194.6771718039794
57,1996-03-20 15:56:09+00:00,198.88518001919564,205.1979200722104,203.35624600111692,203.40714706450646,198.12002964597923,187.00983536591772,180.26008681366528
58,1996-04-05 15:57:09+00:00,198.70095620998242,208.47840269744205,196.86734979481201,208.67553179105352,200.1547381878492,191.06683490214917,186.98356776118248
59,1996-04-21 15:58:08+00:00,197.29829126219812,187.02670518989123,190.74061427572394,192.3335821498618,182.37986545526542,177.78757242613767,172.6229803987183
60,1996-05-07 15:59:05+00:00,203.02844914402215,202.40132572411264,191.81173942272716,191.11825355360352,185.92803667816705,185.1704863832854,174.97617125498974
61,1996-05-23 16:00:00+00:00,,178.50397136636764,170.78645020709064,174.83775052070195,162.76627042118756,159.25483275188913,157.01216160995858
62,1996-07-10 16:02:35+00:00,,173.08651019882632,177.3481136586564,187.59841509679947,168.56591784399487,166.37340144603118,153.50297781290246
63,1996-09-12 16:06:01+00:00,,182.3197893903799,185.64966796842927,197.32693266349975,191.26408924779824,177.4323617664816,178.39153685925646
64,1996-10-14 16:07:43+00:00,196.5477674860759,188.7256433187283,190.83855426829453,180.21036703580972,189.25288342577073,181.1817416732766,178.44902640879852
65,1996-10-30 16:08:30+00:00,214.0799266501183,194.30176354835547,187.40139098866211,200.83075983609962,203.44368992536363,194.62216948643083,194.67421147848472
66,1996-12-01 16:10:01+00:00,200.02237211005374,191.71367924968882,190.1909576406542,210.37307711747562,206.3575754212868,195.09916995442626,196.15687066388884
67,1996-12-17 16:10:46+00:00,205.33418304566237,197.85404361646033,190.15110386545578,202.21731552335996,197.7945919511316,190.10985592165042,192.06406138947258
68,1997-01-02 16:11:32+00:00,,197.7104058896098,200.37317276644728,213.14318217466803,209.4703309248693,192.69646150614352,198.2096251423343
69,1997-01-18 16:12:17+00:00,,190.6684407057873,200.83596533619038,205.60984476168846,198.28423147348508,183.47877306508948,182.59439199891335
70,1997-02-03 16:13:00+00:00,208.9283547173136,198.17363351998128,194.07458987216313,205.26022053965397,211.22270962272236,200.48783263099835,194.37927707383864
71,1997-02-19 16:13:41+00:00,221.98756344235477,208.879711381823,201.58579345474226,216.05941685949273,216.34200896677507,204.052136147112,210.33158029325793
72,1997-03-07 16:14:19+00:00,204.8953087760958,184.6275886492358,193.73912460760886,201.98168139131636,191.7621258998592,188.5410112815218,184.7263719332518
73,1997-03-23 16:14:56+00:00,,193.8557818653745,190.28862807761737,198.6376139503299,192.82818279933775,188.0276261280433,183.19259765244655
74,1997-04-24 16:16:05+00:00,198.35867868498195,192.08514850054246,192.47654222764268,193.95956389148577,182.13321644411553,178.36120623535209,178.1598949643148
75,1997-05-26 16:17:12+00:00,195.9743956390229,184.08744138630178,186.1695823634582,188.28068345111808,189.332125708834,180.5114220012421,178.9366855994042
76,1997-06-11 16:17:45+00:00,,179.72734333326983,180.71289682188316,182.2586424533844,178.6746822583381,162.04602061015507,169.07451535137002
77,1997-07-13 16:18:52+00:00,177.60787096236305,169.49197725493082,176.99892863753547,178.65832954021673,170.2998766386798,168.70340218701782,165.46972805990893
78,1997-08-14 16:19:55+00:00,,167.4763203583681,167.2328066004391,180.6475931119835,175.38157526068676,167.00633526865403,162.17791255120642
79,1997-08-30 16:20:24+00:00,,173.25874624370832,163.34506573617864,173.96391366313404,175.27069814738618,172.3883642805441,173.7089299506078
80,1997-09-15 16:20:51+00:00,191.74197090449675,173.98413610871006,172.361828908257,183.3490192421739,178.32055720850877,173.4038275047177,173.21249621503526
81,1997-11-02 16:22:11+00:00,,174.4671553451924,171.5275195667169,185.26954317052284,176.94918362958916,167.96507505116867,164.80171308033425
82,1997-11-18 16:22:32+00:00,193.7783266829141,178.66180809730696,179.48282556368363,188.1438198495541,183.96434637269095,177.17669592503424,178.59033515337967
83,1997-12-04 16:22:57+00:00,195.48473457111314,178.58278760973545,178.39090573334377,190.60917754360432,182.70148643410147,180.33410637503096,175.70034779396966
84,1997-12-20 16:23:19+00:00,,180.17905432788933,182.8551868978078,196.87228910983507,191.1459998659832,184.88760336034937,181.24607711153354
85,1998-01-05 16:23:43+00:00,,182.73740274904418,193.63792519026592,216.10790008211205,206.89498032068747,196.49486163433141,203.5646948541552
86,1998-01-21 16:24:03+00:00,197.819451027397,183.0479021032783,189.4532366473163,201.6483800871191,204.4968973976457,190.8640901628736,189.75629304471764
87,1998-02-06 16:24:24+00:00,209.25523930598618,202.17464344821462,203.8981846992227,221.29208521788442,210.71372324766406,195.77513431771334,195.82137428473288
88,1998-02-22 16:24:42+00:00,205.7470454613029,189.3962699273535,187.1474781171499,194.81460096738184,188.25497812042664,185.1633940673646,183.56023799632547
89,1998-03-10 16:24:58+00:00,207.7665895105323,200.07607552634232,197.13804946599336,192.7173424339542,193.394236884246,190.80502138625306,180.44192059304282
90,1998-03-26 16:25:11+00:00,208.33683669232985,196.11354697959266,188.96739376703826,190.0388817329759,184.91579474493935,177.14252562071084,185.07301826588497
91,1998-04-27 16:25:35+00:00,,175.6494397111843,178.87577783257717,187.86466881131633,181.87092901994976,178.3463836104217,173.35190232560112
92,1998-05-13 16:25:51+00:00,197.18333391462676,185.54156401060925,180.10283530110195,184.40427647512848,169.4905989174355,174.19499676228767,166.80363470608256
93,1998-08-01 16:26:47+00:00,,169.81417893383565,166.07102369301762,180.36105488082794,173.76263237973183,166.66928399184383,156.51048136907147
94,1998-08-17 16:26:55+00:00,186.5070868634569,167.67296384018385,165.91788651079867,178.82744832378913,168.3200822574772,169.675273239942,159.65222106485172
95,1998-10-04 16:27:17+00:00,192.04557450035156,181.9787758167047,173.1928704211491,186.8300418293548,179.94970358471642,177.26881379031943,170.75773126616832
96,1998-11-21 16:27:28+00:00,206.64734763288254,200.8594979661449,191.73130001774803,193.92412328827933,195.5652718278406,184.6267162787472,190.0959119601533
97,1998-12-07 16:27:24+00:00,203.65870730218586,191.90209960511368,190.0100219090968,204.43565474480388,191.25472620647787,186.8930043191816,189.59208054176946
98,1998-12-23 16:27:30+00:00,198.50888590474432,197.05674782006102,189.4340317951895,206.99219902144193,196.9790394662474,189.26407173237737,193.95780983871683
99,1999-01-08 16:27:29+00:00,207.19383668153534,199.6281823817935,196.3890075154952,214.86871487155668,206.89107854008788,202.02308127891146,198.1668802807287
100,1999-01-24 16:27:29+00:00,204.0549597294893,197.24481374359138,187.31641715286392,198.44458964461333,202.3942643317398,205.09893045910627,196.07528797643766
101,1999-02-25 16:27:40+00:00,,199.29408786508753,197.40941607662756,209.96486611313003,196.60968798897588,191.06418855869168,193.80703926886375
102,1999-03-13 16:27:28+00:00,208.51119045942713,188.54740581741638,194.7788434956398,198.7043291883674,193.496799856263,187.95390722673804,188.78151872353175
103,1999-03-29 16:27:10+00:00,209.14728367259036,192.48036037164056,191.22822274168948,202.51977242985257,193.6993012702237,185.6047836324794,189.59857709204204
104,1999-04-14 16:27:10+00:00,204.1584311349477,199.16859754689162,191.8973707427182,193.4191944351417,191.88459118627847,190.0699391567107,189.68090805666068
105,1999-04-30 16:27:08+00:00,208.42451012703137,191.47198709469387,193.3452720075364,197.2074457005413,187.27286194812254,187.97376593278668,188.3214249409988
106,1999-05-16 16:26:54+00:00,196.31703773078038,189.33841650370948,186.12428287593545,187.76760290748288,181.6338170656873,182.8006575276363,177.10067810601834
107,1999-06-01 16:26:32+00:00,,177.97574833273143,183.1857664629675,185.361294754684,173.4736997765353,175.61996254244056,172.48442811687252
108,1999-07-03 16:26:14+00:00,168.07517628174358,175.23899215095273,176.16857151837823,175.5052999536876,162.12731376991692,160.2528321559348,159.63975840016226
109,1999-07-19 16:26:10+00:00,186.04589801862159,172.07775162454897,173.0007248706124,174.03242787041657,168.4478103795071,165.07966264411465,155.11216330529055
110,1999-08-04 16:26:08+00:00,,165.65796179331224,166.72833824237512,174.07530684713882,163.96201341197371,157.46646767928092,155.53379656538294
111,1999-08-28 16:41:23+00:00,190.47571470970016,176.7526293496755,178.40174518838768,186.47728516292335,186.13325107526077,176.10605951610756,173.19492961007595
112,1999-10-31 16:41:19+00:00,213.24007876368404,198.97386695340393,196.28590636246005,194.75850693097345,197.9032357423078,195.4695447886788,189.22582701367043
113,2000-01-11 16:23:25+00:00,212.70149921531464,204.04626720151347,208.0797302758531,216.55059876397252,203.3788517475794,198.9961733395679,197.46242121058663
114,2000-01-27 16:22:54+00:00,203.46452941762098,205.41030318518173,208.9039752366926,217.9482216873382,209.75041015791103,200.65604728089394,208.65343733472574
115,2000-02-20 16:41:05+00:00,207.6731020800756,203.34144339224522,196.9960174933203,208.07048353494395,206.33946727998818,197.0405644694091,195.2943826709841
116,2000-02-28 16:21:50+00:00,219.39593853490203,210.78243272729782,200.65822462131922,208.7610472497518,210.10068993179937,196.47462450174658,196.5715292091187
117,2000-04-08 16:40:50+00:00,209.2812659642148,200.98429706984024,192.63203207949803,193.07883822117907,194.5119848503982,186.49117344889436,183.29941768062437
118,2000-05-10 16:40:33+00:00,194.94863771302226,185.59770668719506,177.83022270809033,184.80600343828823,172.74512713280708,173.2706168249967,167.65145944543633
119,2000-07-13 16:39:55+00:00,193.06999281905144,186.05433116063938,188.6888912670903,182.41947524919289,180.76978494656012,174.81272869263393,178.32772810535084
120,2000-07-21 16:25:32+00:00,166.7301579142312,174.54633919989055,171.23189185756064,170.4867774047421,176.18734402447,165.0027128413291,164.78377139956908
121,2000-08-22 16:26:10+00:00,188.2754785197922,172.01562836450347,170.8629698160454,167.3666765278503,166.82078526939188,173.0800594878534,161.71054712172054
122,2000-09-23 16:26:45+00:00,,179.83280408110687,172.82575002603878,178.8246101664842,192.5716955248337,182.1890154842485,162.17973105688077
123,2000-10-09 16:26:56+00:00,,186.59706531678086,186.44770231611452,191.50158353223944,195.78927180375013,184.05184369002717,184.7786523086893
124,2000-11-02 16:38:48+00:00,204.1813702392149,191.83942423668807,194.1667144977428,205.3373419782363,195.99341301615232,189.2180355644565,188.66072024608778
125,2000-11-26 16:27:39+00:00,213.1117879309501,194.96694177205745,192.5423938528958,199.6477768227978,207.64014341150505,188.42084589097013,199.76543504204477
126,2000-12-28 16:28:08+00:00,213.54070069266828,204.40320848685892,203.7235102510733,216.72354299250944,208.46526853000415,201.09528830888522,196.79483135158122
127,2001-01-05 16:38:51+00:00,221.67794941824346,208.44940374786057,215.1694314136482,227.20492773427304,218.85597253189712,200.99545191407054,215.69452659018384
128,2001-01-29 16:28:23+00:00,214.98068271499852,201.67596944469935,218.34856343524208,234.96640982247553,222.53305363265105,206.57597423359476,210.01625362854995
129,2001-02-14 16:28:26+00:00,204.90891980144434,198.59285609939408,208.29744604496312,212.76911962665955,208.20739842018904,206.91156772907775,199.6362086827348
130,2001-03-18 16:28:35+00:00,205.57080724729798,203.53293897135242,200.85782200310243,209.30693534562613,199.6150674415017,191.82150570947147,195.92241190164413
131,2001-04-03 16:28:26+00:00,191.82246493572154,187.24961276221077,178.81297474782505,188.8458085200107,178.02865224793342,178.58109118555004,179.74919403306998
132,2001-06-06 16:28:48+00:00,184.25900498972973,172.5402876951702,174.68289566842077,174.64827802116528,164.12244350093687,163.38624830643198,149.40644581820357
133,2001-06-14 16:38:01+00:00,181.97042071209285,169.77753958662774,172.70904993938385,177.24134565672406,176.8922687922671,167.0359475672874,157.45817187098822
134,2001-06-22 16:28:47+00:00,181.0514815418123,166.38507921746682,172.13741537025697,172.45060179420517,169.73888823120365,165.09160557655053,150.47485659360177
135,2001-08-01 16:37:34+00:00,,176.68187852455407,173.45982393547646,180.75841404728254,184.8765973337275,172.3615804252148,173.98189505526642
136,2001-09-02 16:37:05+00:00,,176.3205175759546,187.9381417768404,195.26356472908193,184.8850769450692,181.3523905661558,179.2523239549623
137,2001-10-20 16:36:45+00:00,196.04377314031,185.79817623367066,179.56305897405454,175.48946139480367,177.49938063636387,176.1807302559489,179.69006311684635
138,2002-01-24 16:37:18+00:00,,195.98881061511486,194.9114626365614,206.71821082248783,195.45021101771536,192.18527050172642,196.7044976542028
139,2002-03-13 16:37:20+00:00,212.7817752734222,196.1370805088859,206.70649614411445,214.28375946177866,209.97954423592213,198.38903224615058,205.53976435971384
140,2002-06-17 16:36:57+00:00,187.7635879585312,175.57651980654921,168.37968967083427,184.56935514247587,175.81782382596668,162.033916219133,162.26182042971692
141,2002-08-04 16:36:37+00:00,,181.93397320499176,173.58852948298173,183.96040833979202,170.7178873419242,166.16570036907794,160.65821992211943
142,2002-09-05 16:36:25+00:00,,174.0146926189684,174.70179968463887,185.35009423698096,185.43748070633362,178.56002202579262,166.8165941445737
143,2002-11-08 16:36:19+00:00,220.89198265983435,198.04103240458608,197.49663495589473,208.2268618453011,200.17298051735278,195.7994391410164,196.66761056218212
144,2002-12-26 16:36:47+00:00,,190.21882926755512,189.59549057120466,201.51114068929795,203.8244328892686,202.00130011634405,194.15870718927385
145,2003-02-12 16:37:07+00:00,208.761463408773,195.70415516065393,207.58308356642857,219.4771249230673,212.77209625497454,202.19880390614253,204.36881364879588
146,2003-03-16 16:37:09+00:00,208.79566169224736,200.83583406155233,199.5074270673852,206.6169520185547,202.99950157559763,198.19213670737733,195.65238136536104
147,2003-04-17 16:37:11+00:00,201.91064665416016,199.30769087147553,193.5934975106842,204.96577757320614,196.66885968205952,197.31158867204059,189.5619564967277
148,2003-07-22 16:36:58+00:00,184.45469665409493,182.71370359235692,183.565765825317,177.35016322515833,176.49887076498638,163.74541149726153,159.81880005293246
149,2003-08-23 16:36:50+00:00,185.09341461724853,172.47039273299805,173.54952293041387,176.9929517919203,174.33907648122872,172.00011006052648,161.76918592877573
150,2003-09-24 16:36:38+00:00,207.9271314018652,183.57550278181444,187.70629475493197,186.395113402382,185.69650268280648,179.46541550334854,180.96024775573687
151,2003-11-27 16:37:07+00:00,,195.2424920757907,195.6557928738759,208.87106756272624,198.96869215731192,197.09483934700552,192.24779307606457
152,2003-12-13 16:37:12+00:00,203.19955987667518,196.3253301232391,194.08050039262488,210.76012829947265,208.62697181419185,200.04249099297425,197.61383914121765
153,2004-01-30 16:37:31+00:00,208.94353518416628,198.47749853875948,200.1845893886125,215.76288120244368,213.63024073689328,202.71469842633672,205.5433289547025
154,2004-03-18 16:37:42+00:00,221.5337438098699,204.11197614882371,199.73587433435756,209.34472010950662,208.63755039843133,198.1192171462356,202.56580544452925
155,2004-04-19 16:37:33+00:00,,,,,,,
156,2004-09-10 16:37:06+00:00,186.99183132296193,173.3604648334075,178.6125144688362,193.36147563315993,192.01728139673054,178.7223909779757,185.89792970796304
157,2004-11-13 16:37:23+00:00,216.19606910926922,197.63930548281277,196.980036700869,200.56416920247415,206.39290686291884,195.85623536611632,195.8715092370322
158,2004-12-31 16:37:47+00:00,,,,,224.29760106377185,212.1522620160999,220.2296456551176
159,2005-02-01 16:37:55+00:00,201.69153156860253,185.40727527796878,182.31101052012465,,,,
160,2005-02-17 16:38:04+00:00,208.91156774574216,,,,,,
161,2005-03-05 16:38:08+00:00,206.89977381558742,196.97226374227168,197.06112363037047,205.55759366459776,209.22902877861313,196.5990736628958,195.43928984132046
162,2005-03-21 16:38:08+00:00,,198.48001893051995,199.45977507789468,201.6481182672857,197.40374850546374,190.68902742179236,185.49872592012554
163,2005-04-06 16:38:04+00:00,,,,,,,
164,2005-04-22 16:37:59+00:00,191.5965748519581,178.2976589808187,,,,,
165,2005-09-13 16:37:30+00:00,197.29215277449117,175.5296390293663,175.3056544144573,179.48187057338896,184.16863622274607,171.34168292200505,167.519820876744
166,2005-10-15 16:37:34+00:00,,187.44761375524985,187.74613650763797,189.87460197997962,188.23577036319517,184.27211233372986,183.79331389320885
167,2005-10-31 16:37:47+00:00,,194.22464942839187,189.76570955353966,195.4207287264047,195.03773758232543,189.126247246475,185.47892761701664
168,2005-12-18 16:38:04+00:00,203.04252595771828,188.41954855285684,188.74704699413616,200.2711686289149,199.30302986782058,188.93274096901087,191.6446530536971
169,2006-01-19 16:38:21+00:00,,,,,,,
170,2006-02-20 16:38:31+00:00,,,,,,,
171,2006-03-08 16:38:32+00:00,208.7863857836858,198.82019816080054,195.46242043176335,207.2768031445599,213.35478514621371,196.0201940809945,198.66766987986242
172,2006-04-09 16:38:29+00:00,,191.74388371569012,194.3718431660038,196.16458225341717,199.21699877386513,184.26040837815486,186.39095774183247
173,2006-04-25 16:38:28+00:00,,193.93704220623013,207.21738088930107,209.2678995504469,213.21845074533314,194.1148670507318,194.70855207968833
174,2006-05-11 16:38:30+00:00,205.5451114335302,187.38265088998543,189.9359967629681,193.35484150091926,189.09882703965465,184.59481204078367,177.42667735312065
175,2006-08-15 16:38:06+00:00,,168.17695196155944,158.9367218922944,178.03527172621642,170.0761462518023,,
176,2006-08-31 16:38:03+00:00,174.34598129710156,169.41335982650054,172.77848835742316,172.96573902152792,187.33275054791372,172.78019968085664,179.1585292710885
177,2006-09-16 16:37:58+00:00,179.11212172125323,173.91453044667352,174.63515527565187,174.74579752586672,173.8850986192422,165.97411468391485,174.7156467758278
178,2006-10-02 16:37:51+00:00,,184.90197534797997,183.97060575452602,177.5807626631078,177.76456423394646,182.84138055305772,181.52623321771333
179,2006-10-18 16:37:58+00:00,188.1787824259053,177.61217001360984,171.06558820648826,182.20577656851376,179.37313057962524,178.8752023570803,173.19610470262586
180,2007-01-06 16:38:39+00:00,,,,,213.99297692454405,202.0309737168671,207.9704424491669
181,2007-01-22 16:38:42+00:00,,195.35175658733377,202.40268286952036,217.06420363799594,212.7061606926364,202.74474035270586,202.36597295773043
182,2007-02-07 16:38:49+00:00,216.45528000060258,207.40568252741306,213.33995772366245,227.01671201990584,218.85758107423416,203.41528423736278,212.3067338829216
183,2007-02-23 16:38:54+00:00,216.44076030450128,204.95652598163826,212.66513797364382,226.0936302306318,217.61621671507254,207.2712219189193,210.4634261126876
184,2007-04-28 16:38:54+00:00,189.76268753149384,190.46746067179015,190.15764876502823,191.91047624038356,192.19907356584068,187.4566434213436,183.62056947008028
185,2007-05-14 16:38:49+00:00,,,,,,,
186,2007-07-01 16:38:41+00:00,,,,,,177.73965652344936,170.4713959484615
187,2007-08-02 16:38:33+00:00,198.09924526125772,180.283170185126,182.83275785724024,197.6304032152312,198.52755352270316,181.57154567942024,184.08035951519423
188,2007-08-18 16:38:27+00:00,,,,,,,
189,2007-09-19 16:38:14+00:00,190.17458541418296,177.06932315286122,170.74818625028016,179.59557094618208,183.69115873789553,167.395682182321,175.35839827080736
190,2007-10-05 16:38:05+00:00,,175.6221546672714,175.366048536709,183.84154903262035,182.17864491180302,172.95622919708399,172.44026806759746
191,2007-11-22 16:38:37+00:00,,208.25726749295742,212.90590512312482,213.8888974750068,214.97307636175194,202.33659163947064,216.30239082808754
192,2007-12-08 16:38:43+00:00,208.26706499716133,189.6540321657965,196.5627838602049,203.39973919775832,202.9122675654228,194.8722293255504,200.32527004243335
193,2007-12-24 16:38:46+00:00,,211.9066779296713,217.0613504161203,221.2284774795301,219.01594544692483,213.74098043497423,212.3537064679126
194,2008-02-26 16:38:39+00:00,202.9624916101108,206.56188323224228,209.65513839002816,208.07081186153678,206.9542718481053,197.7073537657455,194.76430140189822
195,2008-05-24 16:36:43+00:00,199.17737447231997,192.153070155471,196.6983308998058,195.2249799249913,180.33161636692353,184.89955529248135,176.74115651024422
196,2008-06-17 16:38:09+00:00,184.86827347939743,184.60282896175903,181.95834640916314,176.28454363406468,176.67631400335796,173.41124570171775,161.79444706885133
197,2008-08-04 16:37:40+00:00,188.07024637243364,,,,,,
198,2008-11-08 16:37:30+00:00,207.58760367454943,189.66993777951555,186.46058583093648,193.64212817805065,200.77853463685034,191.3391937663048,195.0070832193146
199,2008-11-24 16:37:43+00:00,,191.0239861376882,193.8393337944108,199.88090589532888,204.4993282785725,194.93691149067507,197.3125059234172
200,2008-12-10 16:37:53+00:00,,185.54787528599448,189.11204861738454,200.68015667471025,202.4424220262709,192.3082083559266,196.59588226271666
201,2008-12-26 16:38:02+00:00,225.10917662182288,197.75131670557562,200.48249578842538,213.62654778988275,214.54201954034536,207.25370555857012,205.4704348765769
202,2009-01-27 16:38:12+00:00,,202.78837560462142,201.58841699399875,218.01545985339263,214.70408506148573,207.69573626397184,208.96447058615163
203,2009-02-12 16:38:19+00:00,209.11343240710625,202.09462141997656,200.88143731487224,218.5960261955724,214.14736935117313,,
204,2009-02-28 16:38:28+00:00,201.0388472746326,,,,,,
205,2009-04-01 16:38:43+00:00,,,,,,,
206,2009-06-04 16:38:53+00:00,195.23961480628856,176.29552343641785,172.38378055515153,185.67691000805675,174.04100567679794,177.03530254902216,169.00390901534175
207,2009-07-22 16:38:44+00:00,,,,,,,
208,2009-08-23 16:38:37+00:00,,170.79593669105398,175.75178588069346,183.74326478334993,179.4442141105313,175.04760262007287,178.1764035065618
209,2009-09-08 16:38:36+00:00,,171.91910432784476,184.43380154930514,197.34764383792356,188.00526119831775,179.05595380602918,187.39477998788763
210,2009-09-24 16:38:35+00:00,177.00747880956814,166.27336175443185,158.94985352634072,179.0064937661455,169.05286799350824,167.86437942877762,164.91842924005527
211,2009-10-10 16:38:30+00:00,183.75674439920945,171.22150285206234,163.2207782528494,181.82363078377998,173.37773665870233,171.31119606571556,172.2443280123028
212,2009-12-13 16:39:24+00:00,,184.78393472231795,187.54324335872428,202.1238635192468,206.19750879831744,196.84808966556915,201.34735584666365
213,2010-01-22 16:39:16+00:00,,182.2028495647081,188.3047376073437,204.536984518323,208.93186655628577,195.80977060236557,200.99347197777405
214,2010-02-15 16:40:21+00:00,,187.666174764913,187.40818841542355,207.19695364199552,204.99240864295928,199.21130293757093,192.42299276497675
215,2010-02-23 16:39:22+00:00,,188.92259512708165,197.6990500761556,208.22401313159577,207.27809633039197,191.90926734274512,195.92862486680403
216,2010-03-19 16:40:36+00:00,209.63791846832518,192.2442140118547,187.6427851032908,193.38612858241314,200.92134301607823,188.97800823940764,190.91424353640676
217,2010-04-20 16:40:39+00:00,213.31933720048903,176.77804872215967,182.38645449468805,191.6244560850324,187.92670540706538,180.6460886691097,182.25951380391624
218,2010-05-06 16:40:36+00:00,197.19844741270435,179.51456002614538,174.12659433973027,187.33657475541503,176.0210826583227,178.4938519649041,171.1433923343063
219,2010-06-07 16:40:34+00:00,195.18246668694707,177.482154263602,166.99620181562358,183.65934669416927,166.91813007670308,171.8550526349478,167.05191956886145
220,2010-09-11 16:40:44+00:00,,168.95306431699555,168.41344849946015,174.8178918430844,169.25224378560628,166.1934825959674,165.72623335689275
221,2010-10-13 16:40:48+00:00,193.8802728136102,178.46933665553937,177.64484658167768,182.29541090715662,182.26732576570552,171.32680780247497,177.8723744132175
222,2010-11-14 16:41:09+00:00,205.69010930127268,183.9753123528483,183.87965762645229,192.87966555676573,192.34076104330308,188.77679070812167,187.63439084385516
223,2010-11-30 16:41:20+00:00,,195.3604935530899,201.7210185670258,207.7063149341592,212.18493628728572,197.45192815312174,203.99785259084015
224,2010-12-16 16:41:28+00:00,203.10693802668203,195.17688960948882,194.07288546021258,210.13297747451531,212.15122542823423,204.4731956194074,200.4079288937171
225,2011-01-01 16:41:37+00:00,,187.2522046121954,193.95529182763312,205.86639637027514,207.81498600021632,201.747363417351,208.6255451893263
226,2011-01-25 16:38:22+00:00,215.58373542861293,204.7908448386222,194.32275182591817,206.22528257293564,203.13725029052867,196.86618871608283,197.5009878692159
227,2011-02-02 16:41:50+00:00,214.45643546489367,201.16727805017783,199.6828475804025,204.71016927186938,207.4684651576762,203.34065720629627,197.75820221851933
228,2011-02-18 16:41:54+00:00,,,,,,,
229,2011-03-06 16:41:59+00:00,,,,,204.7563794250325,192.36814098756815,194.26053887724586
230,2011-03-22 16:41:59+00:00,209.98630775446625,197.05153259145044,191.17960370230472,199.10716047363368,192.55794004954834,189.9006152261163,184.5799258314152
231,2011-04-07 16:42:04+00:00,196.39051858761667,,,,,,
232,2011-04-23 16:42:02+00:00,191.14079597195698,179.2660041611091,164.25704784251639,181.03026693490963,179.5473655870918,178.22744706054115,173.85061348194438
233,2011-05-09 16:42:02+00:00,,177.41597914935645,176.08949268603868,172.71730971423884,178.1269840952315,177.74499949023507,171.66891747228408
234,2011-05-25 16:42:02+00:00,175.16254271229693,155.3829740117427,145.06873043300322,160.36277805323755,147.87587944491153,148.42364646077078,143.138008174203
235,2011-06-10 16:42:02+00:00,197.7687385017371,178.61464118070467,164.01929040681676,184.5475876925749,166.11851024432278,168.58717922967674,163.8138371828812
236,2011-11-01 16:41:48+00:00,206.62964902931142,182.83136853153732,189.06672377967894,187.9665932153485,185.80150902852623,183.34252325922483,179.84068359948438
237,2011-12-03 16:42:11+00:00,213.55785337601716,201.52077605616216,198.49929086282197,205.48579765462682,207.0934501627119,194.33550366098711,197.02400619085708
238,2011-12-19 16:42:18+00:00,,198.97462201107936,199.49063767325444,205.27644615300716,203.86739505080865,197.10834391884387,192.55498923505692
239,2012-01-20 16:42:27+00:00,211.44266326702177,194.6506713848878,193.93611980911282,202.10455328724396,204.92992341978905,192.87187663365734,194.52819676054904
240,2012-02-05 16:42:32+00:00,,190.47162856733456,200.31676674227987,204.70525013081158,207.10405143648023,193.39758130982145,196.65421448234184
241,2012-02-21 16:42:35+00:00,,,,,,,
242,2012-03-24 16:42:34+00:00,,,,,,181.83530308943486,180.02376568454451
243,2012-04-09 16:42:29+00:00,200.50712822001177,186.2809666035478,186.88227690458834,192.06084416869794,193.13724045850512,180.98980103586678,179.7558494703025
244,2012-09-16 16:43:53+00:00,,,,,,,
245,2012-11-03 16:44:17+00:00,,190.76220862022916,191.42255468912452,209.92601969037156,206.20884158807095,200.93697943833507,198.2520363426008
246,2012-11-19 16:44:25+00:00,195.16543513006815,184.78843115679507,174.34072294061616,191.73066872973055,191.6136912390894,186.34451838867244,186.38143489202946
247,2012-12-05 16:44:25+00:00,,187.28622832193017,185.96641965875565,198.7046400167139,202.9779586821101,191.7256006037549,199.07247721865127
248,2012-12-21 16:44:34+00:00,,,,,,,
249,2013-01-06 16:44:36+00:00,,193.26730893678857,194.85803259236755,206.28030934322888,204.45371586171407,193.94069465849336,197.25317556914356
250,2013-01-22 16:44:37+00:00,,183.52842532171059,183.51682841169873,203.65970401622369,194.8764400625336,183.80026956951664,190.21773428249855
251,2013-02-07 16:44:39+00:00,,182.90592558320873,,,,,
252,2013-02-23 16:44:36+00:00,,186.20126692476023,196.97603937123594,209.28878160511877,210.92479122766105,195.65919776243777,200.6131754444564
253,2013-03-11 16:44:35+00:00,208.9213492769931,186.14838710298116,192.3866357999513,202.60870822297701,201.30119472970742,192.6270895021976,188.8461151116679
254,2013-04-12 16:44:27+00:00,195.81552162258518,176.59754745637545,179.6926642691283,191.4145218477939,187.07106077731748,181.55392321163225,183.8848962381861
255,2013-04-28 16:44:21+00:00,141.42897512871505,157.26929268694147,154.26435201005023,169.83880626368082,159.06845993483861,156.61113107838077,158.9641671814746
256,2013-07-09 16:50:26+00:00,184.98425097030838,168.3679730060602,160.46651062846587,172.09649282848034,175.1603897897959,169.54013654031763,163.64304957779478
257,2013-07-25 16:50:25+00:00,192.22429186981248,168.37297704162415,168.10339096011728,175.48158185422227,176.76077772369422,165.17170001809518,169.896438041725
258,2013-08-02 16:43:41+00:00,180.99208588380375,170.79447059642652,165.2788680352519,176.734827090487,166.12199108656057,169.52497064551457,163.62431342089718
259,2013-08-10 16:50:27+00:00,,168.02514427512676,170.21201972430276,176.14070639647971,178.20451153826332,171.1484111429398,169.81945526635073
260,2013-10-05 16:44:19+00:00,198.90562042073705,182.32118906981046,187.7299097398821,189.84739295492065,195.17800551933854,183.81105892315972,183.776094329351
261,2013-10-13 16:50:19+00:00,193.4456907942092,175.22685415007638,181.77013590706525,178.65153151501477,172.83185762422178,181.97166752216816,173.90160372454434
262,2013-10-21 16:44:29+00:00,189.13453794825028,177.67100283780638,180.21676293136682,184.0046520739096,177.78295025889884,175.06007775710316,179.23140083440444
263,2013-10-29 16:50:09+00:00,,185.21046649244227,193.17496636629852,197.38664245895228,191.98795817040886,187.9891111601048,190.31077961759743
264,2013-11-06 16:44:35+00:00,,,,,,188.8591160673578,183.84788073170446
265,2013-11-22 16:44:39+00:00,205.5477999653406,179.0245863914629,193.0625213931241,196.04535189861832,188.9611747607658,181.5968191846732,184.84974146813937
266,2013-11-30 16:50:04+00:00,213.13066179323172,192.31784834049247,202.49259685712616,214.69862519826708,206.584146865788,195.5081314245622,194.6260069927974
267,2013-12-08 16:44:47+00:00,214.64564492623398,196.97681448509132,207.89032651025815,217.29176932893023,210.75147065399952,197.07745150206935,202.4542600398829
268,2013-12-16 16:49:57+00:00,215.93743969871062,199.46807107046018,206.68084916912287,214.69817907485688,210.94865237857655,198.4014024032103,195.70809542491722
269,2013-12-24 16:44:50+00:00,,209.90597392733125,217.56717464789006,229.9362205643067,219.9968064612759,207.59997673263206,212.0824156923837
270,2014-01-01 16:49:50+00:00,,197.85859013161016,208.08839007815763,218.13242863819028,213.09406745587722,202.95791028462176,201.74114874898933
271,2014-01-09 16:44:52+00:00,222.72781641790132,207.07401554157752,220.4403977170728,238.07691959653778,223.9571249747916,213.40649957096787,214.7059838602154
272,2014-01-17 16:49:35+00:00,,199.02083042077615,207.32769775941568,216.39826158716488,211.6488335891346,201.32399462359697,207.12664571750145
273,2014-01-25 16:45:13+00:00,211.2885045365076,202.96643997875242,205.18800084020106,221.17113607778262,217.45820726570915,196.89187378357383,206.27543697792348
274,2014-02-02 16:49:29+00:00,209.33294387942536,199.32334612970118,205.1617308591793,216.11071852361658,209.33873897525172,198.76547479025535,198.6534731645256
275,2014-02-10 16:45:17+00:00,,205.32980582497342,223.0159242269752,231.1879895350888,221.2582565456045,208.84832060999003,213.7536839904166
276,2014-02-18 16:49:15+00:00,,205.1112516169778,211.42491512582475,227.22972170141156,215.39779456405836,202.0108638356072,208.00557828552454
277,2014-02-26 16:45:09+00:00,216.397928946159,202.26620798519235,204.70309559099184,213.0042604853689,216.03907712548641,200.29291231857837,204.98087322520865
278,2014-03-06 16:49:00+00:00,203.9167811866217,192.39761812747395,196.19696075171024,208.76224057396004,200.90292520196806,194.3796830740293,189.08894711276832
279,2014-03-14 16:45:18+00:00,216.67518980245907,201.16731833583347,208.06855085761114,218.28142468253077,213.6908866784633,206.0004699133538,202.67762894384379
280,2014-03-22 16:48:49+00:00,203.21576689802117,193.49058796330877,199.5176492466705,212.30993537100082,205.47074969055865,197.71176754473964,191.13446569619416
281,2014-03-30 16:45:24+00:00,,,,,,,
282,2014-04-07 16:48:34+00:00,203.17283168897157,187.50716446749712,193.60557966019013,201.88417495597824,195.5398941421809,188.82622372840805,187.77527379129543
283,2014-06-26 16:48:09+00:00,,170.78837314991677,183.00156341550428,174.76704219566344,171.89830092121753,168.73575251495254,161.83994548049967
284,2014-07-04 16:45:57+00:00,173.66680895879043,161.93961409757895,178.73144605724997,178.24702303681835,177.15454082822515,159.99730329382317,161.51386953162674
285,2014-07-12 16:48:18+00:00,,167.15046645860346,175.31193355103684,191.15797592090507,185.60218501365952,171.95155288352552,177.29295886079757
286,2014-07-20 16:46:00+00:00,,159.46657771331132,162.31854583123595,173.9199887046317,167.7215864678036,165.84035284581748,159.71448798948137
287,2014-08-05 16:46:05+00:00,,161.9908953823015,163.8601259568923,178.93520612270947,172.34054815302744,169.69910800158326,162.12253132153864
288,2014-10-08 16:46:23+00:00,,174.75627643522498,182.17042346760317,178.892423357798,182.23210341570146,179.02087491003988,173.0314154053453
289,2014-12-03 16:48:37+00:00,,188.72086396939275,196.37896713008712,209.69221693111328,214.1229855037934,198.00895624604482,203.49308908558632
290,2014-12-11 16:46:52+00:00,195.34699833566995,181.18458284795108,185.89673022577782,208.33540048019626,201.61078332273047,186.4154266868861,196.21758737249093
291,2014-12-19 16:48:34+00:00,207.23850400679802,195.29669992122405,198.74906050873608,215.67659641024426,208.4454090459148,202.34903482010165,196.73189514181513
292,2014-12-27 16:46:57+00:00,,193.6629050834653,197.32680335875986,212.424673341365,207.33433721676522,198.1055629044091,205.3869556892493
293,2015-01-04 16:48:29+00:00,201.23739798722855,180.12538491179725,191.1508863071705,200.61747968464402,198.79835011464144,184.13737812695783,194.86834089138745
294,2015-01-12 16:47:01+00:00,,192.53824392170108,196.54147860483573,214.7128481321558,205.63446617889537,202.86897287629873,200.25889745484724
295,2015-01-20 16:48:25+00:00,213.79915935204974,195.90684305318834,204.2267167267455,213.61181809851774,210.37181365699152,205.7209774617554,205.55992967561207
296,2015-01-28 16:47:05+00:00,,,,,,,
297,2015-02-05 16:48:22+00:00,202.95637179419109,190.00326798903555,196.23040786177782,209.39557816769596,202.7031306104891,194.39637547431406,198.53392633428248
298,2015-02-13 16:47:06+00:00,,182.91045744388313,184.86197224852995,198.2394663874234,196.36714285813966,187.114695792163,191.1133477829518
299,2015-02-21 16:48:15+00:00,203.23737435452875,190.89365548240715,189.8889959623509,208.1471783298841,203.5132835803228,191.78829308483208,196.89904140574987
300,2015-03-01 16:47:18+00:00,,192.51515617172782,,,,,
301,2015-03-09 16:48:06+00:00,,183.28722419733504,189.08155296995616,199.6962977821316,196.47150936213876,194.38517349706714,191.62971715492384
302,2015-03-17 16:47:26+00:00,,188.57377106225283,190.7358558319379,199.30760224296756,193.65904054982738,189.44147273861844,189.60401181844847
303,2015-03-25 16:47:57+00:00,198.32893363188327,179.3270168236048,181.99531129351973,192.63433312157457,187.00962226478214,182.58881523224105,183.80549835040415
304,2015-04-02 16:47:32+00:00,,182.54535561170388,183.54406792652816,193.62898119843626,190.29394613450722,186.41701262522878,188.34665606973493
305,2015-04-10 16:47:49+00:00,,176.54115530973962,185.12844212716308,188.71056981138267,186.74163608768467,188.67751223895593,186.38221446752948
306,2015-04-18 16:47:40+00:00,195.4838433324297,179.25787772567693,185.03809378726862,186.61731591480418,188.23017935051823,191.41971733612755,185.13003166232707
307,2015-04-26 16:47:44+00:00,,182.18514869988502,185.13699927251025,185.7714711813813,190.0114941437062,190.85899636190499,187.69393353637798
308,2015-05-04 16:47:46+00:00,186.72441336810837,171.5621587980041,150.16151325116658,184.21723938675518,163.39356663677208,164.29101593318364,161.51575980866198
309,2015-05-20 16:47:54+00:00,209.9869007191581,178.28116669456335,,,,,
310,2015-05-28 16:47:31+00:00,185.43049201416883,174.80134295233313,169.3409756823109,180.2306015486016,164.57888696892346,167.23816374134444,162.56603326372166
311,2015-06-21 16:48:03+00:00,,174.03663194419687,166.5963010564285,173.37998256085476,180.94028027882266,167.80409963405384,158.4717012239735
312,2015-06-29 16:47:49+00:00,188.4392131138438,174.06454462973403,171.23086463446063,173.9500154325614,177.5599328660228,169.45052114288998,160.9320998410368
313,2015-07-15 16:47:59+00:00,,174.41868689403694,172.22427306920272,178.54792544341714,178.17099400389077,172.5098510752138,160.49810189996384
314,2015-07-31 16:48:03+00:00,188.66268854912542,173.34063027967966,175.09360101385903,181.1137146614182,181.6548934178162,169.35491409641244,173.5915821719861
315,2015-08-08 16:48:16+00:00,179.91991534308784,,,,,,
316,2015-08-24 16:48:17+00:00,194.83173576870394,167.79675468181046,172.14863127763186,179.41164859042632,170.5077142912263,165.78741782701667,163.83295902464613
317,2015-09-01 16:48:15+00:00,,176.75522017568377,173.94766037951683,183.05127831619163,181.8419732015989,169.88177169570494,172.51439533541438
318,2015-09-17 16:48:23+00:00,182.03512947637267,164.2652515875489,167.75199899525362,181.11737715796497,176.48440216858563,168.44930710701803,172.08098808908676
319,2015-10-03 16:48:27+00:00,199.28586805583743,174.48400783578546,179.63018674138047,185.8219777433464,181.89246228963182,176.93075762140006,177.99808246806856
320,2015-10-11 16:48:34+00:00,187.87740714103413,169.50988024215926,170.75123459442403,175.15551556792147,171.30848145212292,172.01745170216066,172.9378106263901
321,2015-10-27 16:48:50+00:00,187.60993611423098,172.23369099837475,165.9637045071729,172.5544528902495,170.82642337085593,167.6120521037904,170.32428181047578
322,2015-11-04 16:48:33+00:00,,176.51980314330882,175.21261550942086,188.8721927113933,180.56682129092673,177.97974149387676,177.7012637745038
323,2015-11-28 16:49:20+00:00,,,,,,186.21005873207838,183.37916600978048
324,2015-12-06 16:48:34+00:00,,184.55204224644913,191.0377117689422,196.3562773216852,204.22055705886189,194.68028782557207,199.94459543101613
325,2015-12-14 16:49:36+00:00,,198.99585653444439,196.98923378714335,207.75388661337658,207.48285104609124,205.04588324506503,206.1439901955813
326,2015-12-22 16:48:35+00:00,,188.11757874762705,189.72671815853388,202.07688594742493,199.75053772352223,195.40137438391275,199.27812030630042
327,2015-12-30 16:49:49+00:00,,193.19650413641205,196.44192002747994,212.0557647748259,205.4926696596659,196.9410250134678,199.01436148166272
328,2016-01-07 16:48:30+00:00,,185.08673052919957,193.48051942672325,206.0925872310624,208.0042284779188,192.2710491553805,200.76140463087435
329,2016-01-15 16:50:05+00:00,214.55053948938527,199.7563263725316,198.4188539967018,213.68795812232636,211.84129294941926,199.05035719016283,205.01297810819966
330,2016-01-23 16:48:31+00:00,213.2660638118468,196.87764363954363,191.7084405855968,207.74397146443772,215.21521411732272,202.14767605351892,195.94429284319673
331,2016-01-31 16:50:14+00:00,198.13088154138887,194.46656112300542,193.64701949933556,214.5374458726939,209.76848000454126,202.03634328375463,197.1523676992383
332,2016-02-08 16:48:26+00:00,217.26736067549857,194.32671272389064,196.25882225184048,212.32944119827815,208.93045732835762,202.1042545849831,203.99496799170836
333,2016-02-16 16:50:19+00:00,212.87082518082846,190.74249436889372,189.16738118411203,204.43186426156362,208.48644713135994,195.5558958459276,196.06427154332545
334,2016-02-24 16:48:20+00:00,196.99026185253058,180.20858502205382,190.0898018068157,203.8358650472693,199.32082257974858,189.101600116916,191.80102997958954
335,2016-03-11 16:48:18+00:00,201.54127659755625,192.91825456675548,187.7400944901682,197.974368312179,199.62250643693127,193.36737476788676,190.41372419967524
336,2016-03-19 16:50:33+00:00,208.12822162889873,188.5990853551041,186.59942985176812,193.88845661275064,190.5165342831107,184.12109765405282,180.69267044503044
337,2016-04-04 16:50:36+00:00,195.08670077480755,187.26792917033498,181.54216621491207,189.33298984595186,191.87903364539056,185.77697587317667,177.91281446794034
338,2016-04-28 16:48:00+00:00,192.47776539176638,181.0552389754707,180.87922097949942,187.1366573413059,186.4879535323539,181.33304097202034,182.10208455005528
339,2016-05-06 16:50:50+00:00,,,,,,,
340,2016-05-14 16:47:59+00:00,192.78370163608662,182.78406792116849,173.00424366921894,185.63421090423756,185.38052713203953,179.60248604486787,174.083053110901
341,2016-05-22 16:50:53+00:00,,,179.51023694642933,178.3498017720275,178.98954860515065,177.87293621897712,174.2799858041746
342,2016-05-30 16:48:06+00:00,,182.19417007678322,177.6225734931919,184.91275846681614,178.53009015750132,174.5557204770668,166.10274853352908
343,2016-06-15 16:48:08+00:00,182.6320733251607,176.08370469768587,168.66229171150113,174.5611043218089,163.97158204082484,164.50280717957912,156.32571454530148
344,2016-07-01 16:48:17+00:00,196.9352727112042,174.5646116477897,172.29886940744134,168.21874675098218,162.56065247873076,165.71373063788909,161.03895209186095
345,2016-07-17 16:48:24+00:00,193.4855403452419,182.99076960746433,177.33146177365063,180.47212509275573,177.54911570639533,171.52215487820922,171.88985853777012
346,2016-08-02 16:48:28+00:00,,180.54674831277453,183.54561468309825,185.9691742620936,186.67767020025684,180.80950824593384,179.03036001226172
347,2016-08-18 16:48:32+00:00,184.42512956556834,169.81126980193275,173.88498088834749,181.92908999315566,177.0374787807625,174.67410699009,171.57801273472023
348,2016-09-19 16:48:40+00:00,193.46766510671645,178.17933515866488,179.41043594300527,181.98068545313222,182.3860747451661,176.0095983986109,173.05964116477165
349,2016-10-05 16:48:43+00:00,198.37474702893496,179.72855643642833,187.0325848013828,181.01937959848374,178.3734339131014,180.03795211794466,171.16106837580892
350,2016-10-13 16:51:11+00:00,196.08915652222484,186.00721436447367,184.1446610325352,184.2566637666018,179.41578439040714,178.1174113441445,176.97901799858346
351,2016-10-21 16:48:47+00:00,182.25064320362475,174.3988530480679,176.44573683265872,180.1635536300641,168.01756749149249,166.96371908500242,167.22731087055604
352,2016-10-29 16:51:07+00:00,,200.07033399416352,199.11887939064368,207.6327515419222,205.25435061067498,188.38336692335443,189.05990517213638
353,2016-11-06 16:48:46+00:00,205.3185824305704,189.65370106354794,195.98988796788487,200.01213361647083,192.9653127665926,182.1005086515811,182.44720837353503
354,2016-11-14 16:50:59+00:00,222.06628212079497,206.01616193330437,210.80258652045296,218.3026523300261,213.79659094772762,201.2366723008284,206.2240042523049
355,2016-11-22 16:48:47+00:00,224.53492944050498,204.66335920618917,206.75251492956312,219.90376224664652,210.92470284839123,204.3890350307687,200.4915886279563
356,2016-12-08 16:48:45+00:00,208.7737499252662,197.93816769944812,191.895054047967,203.07814354121396,209.2080170334019,196.0423202048173,194.3874620047906
357,2016-12-16 16:50:52+00:00,213.8856539255278,,,,,,
358,2016-12-24 16:48:40+00:00,,193.81368064473958,210.5988727354678,217.97540285795066,213.39775345432128,199.63174563923266,202.41919038832523
359,2017-01-01 16:50:43+00:00,,203.49248338780544,202.5729170852789,217.88762927016973,214.183891905591,203.65176900143874,201.27489722895544
360,2017-01-09 16:48:37+00:00,223.24373041383006,200.8214563213381,203.65734137515764,219.50043988530552,215.8881293801268,202.81022067265891,204.10063809423445
361,2017-01-17 16:50:33+00:00,214.52230942407047,199.97292793819804,199.2150357823389,210.54449038701262,207.25970507842973,198.0842327736424,201.43518587444262
362,2017-01-25 16:48:32+00:00,207.44749931077743,197.8579803554215,201.83756851491597,215.24011985219147,213.22490249709364,203.66102090540397,199.4864236586382
363,2017-02-02 16:50:26+00:00,214.36112281208528,197.24796112956147,203.41304433019906,209.7064200400845,210.9245467042878,198.84460506430662,204.78322774739644
364,2017-02-10 16:48:24+00:00,218.00186887167402,204.90543745135307,203.61730392207244,211.50255244095527,213.05510922728095,202.055386319052,201.75046454243088
365,2017-02-18 16:50:26+00:00,189.57799183437623,182.80378886613096,183.51773590835234,189.42081413484843,185.21228687208637,180.81162654407947,177.3022112163646
366,2017-02-26 16:48:19+00:00,,192.99608536177848,196.52383734807808,205.73669456882615,204.3402285844249,194.0674214773897,193.52996764287826
367,2017-03-06 16:50:34+00:00,204.92182226682863,190.51061407131644,193.0531217489367,195.48992928323744,202.23127477587946,199.7220910697038,191.76513830627988
368,2017-03-30 16:48:01+00:00,,196.21473987634673,190.97362121393292,201.67270071891556,198.38745373347487,189.32487600810524,193.72344734249663
369,2017-04-07 16:50:43+00:00,192.59447688073493,187.98636320424833,177.39564964013778,188.52694956216726,185.82040421828003,180.25104695967357,180.34446898241342
370,2017-04-15 16:47:53+00:00,199.9022071740837,195.54499961031075,189.6759008454975,188.97718617781203,189.728454339209,187.6177573983517,184.84592849898107
371,2017-05-01 16:47:43+00:00,,184.01474530921342,181.8593976093315,181.90168768509076,175.81554303411173,175.72668760001218,173.28755939570112
372,2017-05-09 16:50:55+00:00,,,,,,,
373,2017-05-17 16:47:54+00:00,201.5253746390194,193.32188750489598,190.82655572767493,187.67692770297148,190.20640237569594,184.40510681039632,182.36163959984228
374,2017-07-04 16:48:14+00:00,187.6817198933823,170.31239814519003,175.82316712260197,179.7892117692087,170.11847417178777,170.72277691599228,163.06031935192533
375,2017-07-28 16:51:05+00:00,,,,169.46667062794748,158.0855239567323,155.90069721221897,147.35653015573226
376,2017-08-13 16:51:02+00:00,182.14360636513095,164.54897061186236,164.846844496543,173.34093916854695,163.92317565175753,162.8588048269179,154.46363590267248
377,2017-09-22 16:48:37+00:00,,158.40753233706965,163.872695046287,179.79151688377524,168.79856733467642,163.07842688631587,161.49767713067976
378,2017-10-08 16:48:43+00:00,189.09001078837463,171.91873622035365,166.53414003141535,173.46407624580436,170.52800243693886,165.7964174882573,159.5253846058461
379,2017-10-16 16:51:04+00:00,191.0058703488943,172.99915986271802,175.33611091305852,176.45617386688562,171.9095105147626,,
380,2017-11-01 16:51:04+00:00,,183.96469645458876,182.81543145368735,191.7410717632326,192.92637636526135,180.87649589852074,191.94760971220092
381,2017-11-09 16:48:43+00:00,,176.03844443030005,172.96136847526552,184.47575682443727,181.17108028585258,175.80617324690192,180.25395517076515
382,2017-11-17 16:51:01+00:00,203.1302157899365,176.9504456647568,184.19039509263527,191.32736005540684,189.24462241622302,188.55047587679752,183.4477322792099
383,2017-11-25 16:48:37+00:00,,181.69891675913976,187.7015166379652,196.27958843773072,196.41568124279215,194.01366433148976,201.1787480813827
384,2017-12-03 16:50:55+00:00,,178.10450809018735,183.64491363920476,195.77743962292905,198.61604650290872,187.56505530094086,195.83942426687895
385,2017-12-19 16:50:45+00:00,214.8235239542004,188.31462152359765,187.8320649925281,207.29442158707383,208.37877170638828,202.96827053550797,206.30157293621497
386,2017-12-27 16:48:37+00:00,,183.81980756029245,189.19281300320918,202.09704663175893,198.48846326005346,188.499453398648,195.9600318297921
387,2018-01-04 16:50:33+00:00,,181.26790419659625,181.7355287288727,198.78030958012042,196.3414618922009,187.67035438100962,189.4941652169352
388,2018-02-05 16:50:03+00:00,202.06504057544768,184.42814043379227,184.59830662663373,205.98896187825903,,,
389,2018-02-13 16:48:15+00:00,,183.14117868387814,185.89736236187204,201.39177706762078,202.20329315545058,192.76383370105287,193.8854996823545
390,2018-02-21 16:49:53+00:00,,188.59282479955513,192.19603547019364,201.8859879421505,205.2983418411422,191.4180177525846,196.8718529485075
391,2018-03-01 16:48:08+00:00,,183.2106473632128,188.34355694387267,201.0318430470596,195.27166169255972,187.6769398318961,191.36576144348842
392,2018-03-09 16:49:43+00:00,,187.57317112687517,196.4711074147456,198.29602874504474,198.2206755956817,188.33298901490147,195.06518615661335
393,2018-03-17 16:47:59+00:00,211.50459486558916,187.9013571732282,199.3901082230728,202.8653327055478,194.4744999538597,189.46685092119847,187.809966015175
394,2018-03-25 16:49:30+00:00,199.1487295134583,181.6225674799013,190.81810647694903,196.00090756329644,188.7844537195918,184.14241126919217,181.9533800377931
395,2018-04-02 16:47:52+00:00,198.26971449008587,177.23558850572016,187.25228412985214,199.47964658443524,194.31986278965525,182.84197592755828,182.4504682044323
396,2018-04-10 16:49:15+00:00,,184.56346238070276,191.1043091787835,195.49893671246494,190.81057077335598,186.16216880636946,186.42015550322364
397,2018-04-18 16:47:43+00:00,,174.0547013523378,179.89768753487326,195.57644732762043,189.97877089939885,177.32959686598366,177.53318278743814
398,2018-05-04 16:47:34+00:00,197.3928558057018,175.4244489312222,172.297625363025,186.65820363028854,180.42553853227656,178.13778985150745,178.66351668217806
399,2018-05-28 16:48:27+00:00,,177.95312511076878,166.5976910288314,184.55377879183948,184.529909289533,179.2107400695092,174.7613372281025
400,2018-06-05 16:47:13+00:00,185.25373105553388,168.7735086369063,166.7318358579993,178.9269758697701,181.52367161074773,174.6971976708156,172.59024708524072
401,2018-07-23 16:47:40+00:00,187.81296934810098,173.83103094889555,152.07891276505705,175.15863659257144,165.1789573463169,168.37796756476132,163.9930714618626
402,2018-07-31 16:47:17+00:00,,,177.92062750387225,176.7052497027283,177.42605528129704,176.97056603272256,177.2061329764164
403,2018-08-08 16:47:49+00:00,183.9898251131348,170.0311813510083,165.50815913546654,175.60139592239483,166.42496604225698,164.22553156700806,172.1253276897585
404,2018-08-16 16:46:59+00:00,166.42358275431576,146.81881281746226,140.79347110785602,158.3726514631231,146.55994442999875,147.2418402693431,148.093177686472
405,2018-08-24 16:47:57+00:00,,169.22783342466735,169.8882763672781,181.69624554276382,171.90686374210347,175.99790005174623,175.12760477702457
406,2018-09-01 16:46:39+00:00,,161.58372919735862,163.2444275001468,178.73058629239364,172.62946596384182,168.70320102348455,176.33496541974986
407,2018-09-17 16:46:18+00:00,,,,,,,156.40123002321909
408,2018-10-27 16:48:20+00:00,,172.49400063188398,169.22692911569098,178.2125713257554,183.6988960602742,175.99926084897373,165.25872656850976
409,2018-11-20 16:44:49+00:00,,184.03150069635166,183.3743610071158,193.2087899268274,193.98897234304565,188.5368607453567,189.45443093847848
410,2018-11-28 16:48:22+00:00,,176.8890941550603,175.47929100654946,186.49619107487666,178.00673483846532,176.15029552582766,173.20801677227803
411,2018-12-06 16:44:24+00:00,,178.64625883710022,186.2437511203985,187.2112162862938,188.68478927447114,181.7316091900536,178.7682386876687
412,2018-12-14 16:48:18+00:00,,180.81735034774732,174.86914792770068,190.32732150325188,190.4511116034028,180.6038474077696,180.291751494978
413,2018-12-30 16:48:19+00:00,,182.2385810121186,184.18968399653224,196.81478543777055,198.14506119450672,188.0962889608287,191.0034711493801
414,2019-01-07 16:43:28+00:00,,,,,,,
415,2019-01-15 16:48:16+00:00,,185.26086628839346,188.5451892979776,201.45700938253972,207.1480219426438,193.0726298550947,198.87541379262828
416,2019-01-23 16:42:57+00:00,209.66400549109642,,,,,,
417,2019-01-31 16:48:12+00:00,,186.4349718572456,190.4585572669689,203.99211991396132,206.03184226685806,191.95377159925883,194.24263022395323
418,2019-02-08 16:42:28+00:00,,182.47187279526688,190.79012891328577,207.8023414731224,204.77858087972368,187.32505236622862,195.36271119021106
419,2019-02-16 16:48:10+00:00,,192.60096568291175,193.84082033329275,209.08901851947306,210.99797500259325,192.67831008378582,201.28154960886428
420,2019-02-24 16:41:59+00:00,,195.7862741699554,194.51029617473984,209.16120999475947,208.5999024641497,,
421,2019-03-04 16:48:06+00:00,,186.86808539337522,189.65175849556036,204.64627338792008,209.87721182482056,191.10548777994822,195.5003717437907
422,2019-03-12 16:41:28+00:00,199.02475150224805,179.64068884122742,190.13342705682322,208.82741476072658,203.0380753665709,187.76417500889926,195.09703683671438
423,2019-03-20 16:48:01+00:00,,186.080419765831,190.69515527355207,202.20070796918515,206.03161714696756,190.39506295318134,190.23184696950037
424,2019-03-28 16:40:56+00:00,,177.31340233029852,182.08486251849598,193.99318664726133,192.31128251783264,183.75453933820606,184.08564153295083
425,2019-04-05 16:47:58+00:00,207.24497171419432,186.37060448840595,183.7264798347706,190.88004555986583,197.80369953650097,189.99635360921133,188.58919893411752
426,2019-04-13 16:40:22+00:00,,,,,,,
427,2019-04-21 16:47:51+00:00,,183.13342124703465,183.41019263155394,185.9935318903283,185.13927471249994,181.68485907281132,177.36428268768455
428,2019-04-29 16:39:47+00:00,,179.08558288805915,176.4602005280205,182.45086673328296,179.706729435734,176.3523539182463,165.4125442797189
429,2019-05-07 16:47:56+00:00,198.86973581521994,186.26687167295177,182.33741297644866,184.96037613258588,183.59354003265378,179.95414468015355,172.90082092253465
430,2019-05-15 16:39:09+00:00,192.21145114983528,173.06867704412778,165.44643760470964,174.96638317338417,163.43981839809808,166.90239282698573,160.80232822428474
431,2019-05-23 16:48:06+00:00,182.12908618243313,175.90578469610233,170.22491232553156,180.46088028484942,161.61600480384513,168.61391085875243,159.90904842911903
432,2019-06-08 16:48:13+00:00,,179.25337939351678,165.44610714401975,178.48529133665994,169.59220284042448,168.24968652653575,158.26482555731866
433,2019-06-16 16:38:00+00:00,196.66978108639088,172.7984024808928,177.31451096127574,175.38958550623164,167.68066814539054,170.16730980856093,160.21780538142124
434,2019-07-02 16:37:24+00:00,171.7533339078697,167.42793987189063,,,,,
435,2019-07-18 16:36:46+00:00,180.0884840327942,160.03568572323724,148.86656916294038,157.13370685624386,149.74352963008923,158.38325578693187,144.73088311196747
436,2019-08-03 16:36:08+00:00,199.96132704492032,172.95751953037808,180.05190026527325,190.09495080918103,176.39700075366073,180.83150742100688,177.4408861128686
437,2019-08-11 16:48:33+00:00,186.18554672478274,168.6350192777805,163.4858727924072,177.39726022975827,164.94808476739644,164.6688287444256,158.56585652867577
438,2019-08-27 16:48:37+00:00,195.72093268537958,169.01298279433533,161.99964808333806,174.4052764220683,165.1360401547013,167.493409871068,164.53610364494472
439,2019-09-04 16:34:47+00:00,186.52202509177042,,,,,,
440,2019-09-20 16:34:04+00:00,,164.88916302867068,164.70273852585814,170.50173924024915,175.47269084845968,168.4624615031904,161.08971675823508
441,2019-10-06 16:33:24+00:00,176.80711663963248,161.0459219077154,156.46818603967967,164.22431351952042,155.90662947060358,158.7869820890649,157.32337309415124
442,2019-10-14 16:48:50+00:00,,174.97457514536552,182.3957712683047,181.9467573725174,177.19631347425408,179.10564732660788,172.87013198954426
443,2019-10-22 16:32:43+00:00,200.65375535197705,,,,,,
444,2019-10-30 16:48:50+00:00,,178.70997005504242,181.35925552810718,183.10478737973176,186.74168567942507,190.81832575834505,184.70000502698875
445,2019-11-07 16:32:01+00:00,,,,,,,
446,2019-11-15 16:48:47+00:00,,181.7604729953453,187.20362105565573,194.67024775971566,190.91251394394888,187.52964692088082,187.66048658307693
447,2019-12-01 16:48:45+00:00,202.6644168824825,186.42987457671984,189.9485661683944,199.35037993960358,198.43256902636466,187.36484004139092,185.76856732406128
448,2019-12-09 16:30:29+00:00,205.54475323107138,,,,,,
449,2019-12-17 16:48:44+00:00,213.75694948016343,194.62195857962175,195.65738238876966,208.32485170864774,207.2192929294077,196.69840723699798,191.32685447171622
450,2020-01-02 16:48:39+00:00,,189.78928407872945,195.44764288434268,205.43254904586578,200.05889326441883,191.236857137112,193.82367711292102
451,2020-01-10 16:28:50+00:00,207.76399469607605,,,,,,
452,2020-01-26 16:28:03+00:00,197.37244340148413,186.33350266593825,193.8451726464467,208.73930797786895,201.1880242938309,193.30933249432871,196.19384690762965
453,2020-02-11 16:27:14+00:00,205.9896192389193,193.3682239312418,188.94069172217365,200.72857803202191,199.7368384252822,195.55554674339845,188.72590457308698
454,2020-02-19 16:48:27+00:00,,190.4936914523516,199.35692812654864,207.85202573510122,214.01992053987914,199.0904340534283,202.21866425203362
455,2020-02-27 16:26:24+00:00,203.6093105373858,192.770267597121,192.27093831117287,201.47739411964662,205.21107069061088,190.0380317016203,193.81196305673637
456,2020-03-06 16:48:22+00:00,,195.97960410727967,197.89888431436987,204.91252510419127,205.4187147544037,190.45737891047216,193.1941297295327
457,2020-03-14 16:25:32+00:00,213.42765716402923,204.9777398956473,206.4121976327218,211.20371443226014,208.36345287951175,202.27921344094833,203.7357594018776
458,2020-03-22 16:48:14+00:00,204.51120260557494,194.40131259089102,201.30403159779036,203.47536344180827,197.55176324659809,195.86192459017414,192.85908670890257
459,2020-03-30 16:24:38+00:00,199.25296624215267,184.7254780133997,192.47039005891355,201.6063504583047,195.80903727589003,187.84344989223382,186.71818315302394
460,2020-04-07 16:48:05+00:00,,185.21363129365355,195.09336801801769,197.8886352279374,195.43582653889118,183.73771920883027,180.09803617715215
461,2020-04-15 16:23:43+00:00,183.12028826729517,173.89746174577786,182.61583462198294,184.9526578430892,176.1915983850362,172.88116373804212,173.21295488423007
462,2020-04-23 16:47:58+00:00,199.18681149506344,187.43704404134442,184.128982731974,187.7400057848111,183.14872703640674,182.73416944209407,182.47213249901563
463,2020-05-01 16:22:46+00:00,,186.76799958403103,195.1675596774205,192.51188345692378,190.1607551769262,187.44022091066242,186.71964976464267
464,2020-05-17 16:21:48+00:00,,177.74921236789794,164.096769434853,180.00169266856255,167.77051025909665,175.31544085359403,169.2479568209698
465,2020-05-25 16:47:53+00:00,188.66897203756395,176.8660331841902,173.78299514332775,181.7128224573711,174.79710159841417,177.10222664540163,172.04056590797686
466,2020-06-10 16:48:02+00:00,197.55422081134586,178.7924151581327,172.70870072439482,180.81814352881753,179.45972083226198,174.85398157474265,167.27122443218553
467,2020-07-04 16:18:57+00:00,,,,177.71640441475796,173.34693785417724,177.61831455727898,170.19626152376748
468,2020-07-28 16:48:22+00:00,184.8141233383183,168.92075651226006,172.8334596931019,185.58055839662197,174.8979637633832,175.1322698213563,163.4900928888177
469,2020-08-05 16:16:58+00:00,,166.68972329243695,177.90746056599852,185.74965582571582,180.9066864012665,167.67245890949062,176.50378793122735
470,2020-08-13 16:48:26+00:00,,172.82898624314612,187.76269979129341,187.56843735253986,177.92550306867253,176.2434753952755,171.44719669975257
471,2020-08-29 16:48:34+00:00,186.87425223929205,167.36068455063156,172.86592959374988,182.56708153230394,181.20196460274923,167.48884613461252,167.56197601486338
472,2020-09-14 16:48:41+00:00,195.15041182749613,171.58761625660134,176.86626052141895,189.19874548395097,178.27213889436078,174.1512097385876,167.94846000478222
473,2020-09-22 16:13:51+00:00,,,,,,,
474,2020-09-30 16:48:45+00:00,,180.61864123850106,174.5593842998036,185.06618394418624,183.0079761513816,175.8220494618081,170.36264899424114
475,2020-10-08 16:12:50+00:00,184.87701475254894,177.67530758109976,182.37647532164084,185.77631900777774,181.63757886017441,167.77641674853183,
476,2020-10-16 16:48:46+00:00,,187.34660181508315,191.8762302674749,196.31272669135654,192.53825905876272,189.26832417120343,183.05019866640473
477,2020-10-24 16:11:47+00:00,194.14360165276943,176.71745848374516,181.67707075511717,189.43038807022972,187.68250685158628,182.74358079978578,180.73172329892805
478,2020-11-09 16:10:43+00:00,186.54546474760656,177.4782379467755,183.60806892208927,189.53743640928658,181.23918191835747,180.87423668443262,179.77929234640567
479,2020-11-17 16:48:44+00:00,198.84411847066684,184.97911030733857,184.9522826706377,193.3006985441442,185.79796260146756,180.66226301996937,180.08219854382267
480,2020-11-25 16:09:35+00:00,,,,,,,
481,2020-12-03 16:48:47+00:00,,194.44465386516305,205.47411857010573,207.14274485259816,199.29322600419763,198.5831577528467,199.57979390922645
482,2020-12-11 16:08:24+00:00,210.41571372414703,194.41245890269707,192.80384475065503,201.11852909627814,199.8714478727274,194.10698373651923,197.963140116227
483,2020-12-19 16:48:46+00:00,,179.9507445692524,184.6139617787791,196.95402644649027,195.28851157237483,189.15222329221515,186.44332549071444
484,2020-12-27 16:07:13+00:00,203.3157149206788,185.67661436438055,189.3044782766204,201.00531908886887,204.6794696740585,190.709313341572,194.2152844395209
485,2021-01-04 16:48:42+00:00,,185.4708945070574,192.9011823168572,204.12324281400657,208.05124849022752,198.16371243105792,196.9470355705439
486,2021-01-12 16:06:07+00:00,,,,,211.39811259952523,207.8381713761603,211.06641984384908
487,2021-01-20 16:48:35+00:00,,191.68396879127408,197.41830646182535,206.1211190397755,210.55082386994945,202.4092659361253,201.66688490060673
488,2021-02-13 16:03:47+00:00,,,,,,,
489,2021-02-21 16:48:29+00:00,,191.74726856634274,192.92640518443173,201.79789602160884,199.9538793808005,191.33775315674862,192.25950680872765
490,2021-03-01 16:02:33+00:00,196.20059538502312,,,,,,
491,2021-03-09 16:48:21+00:00,,188.7720921683752,191.61463488521878,196.55910406646188,194.71842735415325,193.98585210280424,187.4550576029221
492,2021-03-17 16:01:18+00:00,,189.96953715929737,200.54021531270388,201.38021943518388,203.06446031032579,188.86380801544303,192.68231127839974
493,2021-03-25 16:48:14+00:00,,187.52637490239988,188.99065628162677,195.12109762971718,192.40616891434388,190.97450626095514,185.919446654301
494,2021-04-02 16:00:00+00:00,,182.77784769070888,179.8658277711223,188.2203981659287,189.04159499120814,187.77315830775115,
495,2021-04-10 16:48:10+00:00,204.34902734800423,186.94990022398136,193.58032874776873,190.38196824963617,191.3932323895912,189.71677106736172,188.20273487166932
496,2021-04-18 15:58:39+00:00,175.31838008811454,179.09779714787894,170.27461419643984,176.5022661188206,172.5606775939824,174.1352401468777,170.0113199018634
497,2021-05-12 16:48:00+00:00,,176.77785355417817,181.59723414945014,185.15850503033306,176.02723611240287,173.6265164854659,173.6311530009683
498,2021-05-20 15:55:58+00:00,182.97649525427798,175.7305338893194,167.1912811958346,180.04266371944607,163.66430674358676,169.61192005454396,160.00336233178595
499,2021-06-21 15:53:18+00:00,,,154.27363903459397,167.0797857087583,155.94248425953677,159.40653365628415,150.94615049191495
500,2021-08-08 15:49:11+00:00,,,,,,,
501,2021-09-25 15:44:57+00:00,,180.0623088838035,182.85970878371256,176.85895076057184,180.90193145674786,175.1380011274466,161.12432528727527
502,2021-10-11 15:43:33+00:00,,,,,,,
503,2021-10-19 16:48:52+00:00,190.12266506304724,178.79809141176554,182.42435120557718,185.0177444747957,178.5672233390602,175.33605242326865,173.65997681944657
504,2021-10-27 15:42:06+00:00,,183.9472323616518,184.16206123586556,191.04537887875318,183.87035554479243,177.53431591141543,177.40306387183855
505,2021-11-12 15:40:35+00:00,202.8514697660203,187.31494657891,185.57749110762325,190.8646377090745,190.42736331764493,190.56674799821093,185.63626982726493
506,2021-11-20 16:48:47+00:00,,201.85121000214525,198.85304355922423,207.95226051098112,203.8083627777711,204.52834873593835,204.07443455717177
507,2021-12-06 16:48:48+00:00,,200.97231583539624,198.75094068309485,210.69998411675277,207.3161694156551,203.31310717451674,202.44560763696103
508,2021-12-14 15:37:32+00:00,,,,,,,207.78102013761276
509,2021-12-14 16:48:44+00:00,,195.61775886217188,196.368905341284,209.21046220579225,214.2092510571783,207.17103705342313,210.52530014226164
510,2021-12-22 16:48:45+00:00,,204.43520840380262,198.33533523073174,211.1245697759105,210.2099725219653,205.40248392618855,205.23101061253624
511,2021-12-30 15:35:57+00:00,,,,,,,
512,2021-12-30 16:48:44+00:00,219.9203352636406,207.31648443314054,197.75387421430486,218.56672933544365,221.27207857757801,212.0885779613227,216.19380641307959
513,2022-01-07 16:48:41+00:00,,,200.08074645152396,208.2490317265483,207.66282104808582,201.37998424023553,203.05355120080048
514,2022-01-15 16:48:41+00:00,,208.00492823644117,212.69005019972252,218.2831734845836,220.25239200610648,210.0875808598893,213.63654019125832
515,2022-01-23 16:48:36+00:00,,208.50150128713906,216.1212693978948,228.6299330919658,225.1048440830405,215.07065975301583,221.17988095448985
516,2022-01-31 16:48:43+00:00,,203.231770915751,216.03222849213526,215.92161469063282,213.7711379478212,209.79664443589323,210.4768132506442
517,2022-02-08 16:48:33+00:00,203.17493605708103,197.5103832095505,201.06478581792513,209.4618816192835,210.86471168764604,202.2642908626697,206.4322066398359
518,2022-02-16 16:48:37+00:00,,210.82167729035794,210.68069630135892,218.9618126124774,226.61182477925698,213.72594881796596,220.2720003760564
519,2022-02-24 16:48:28+00:00,220.94132935334557,207.40917791639782,205.01513109739213,218.46184581213666,220.70753883890208,211.05988880653092,215.03888045223093
520,2022-03-04 16:48:28+00:00,,206.6792420321054,210.75740891684123,224.68163870496267,220.1394999374501,208.1352059261206,210.8990719505534
521,2022-03-12 16:48:24+00:00,,194.5043557013552,210.44435668421707,216.9186777495802,214.33642424609585,205.40125219116518,210.47529202875734
522,2022-03-20 16:48:26+00:00,,209.3265185455297,203.75409444555967,210.70767384962113,218.2708293747213,205.25787567189525,205.54694646033778
523,2022-04-05 16:48:22+00:00,214.3329430661055,204.59972994643437,,,,,
524,2022-04-21 16:48:11+00:00,,193.86718619745696,183.50956980056435,194.21863942433723,193.78413965569158,186.22335026592958,190.86261284118996
525,2022-04-29 16:48:12+00:00,,200.21749632797878,192.40617163019144,193.77140117998118,205.71206213019616,193.8593953545803,192.23072034885348
526,2022-05-07 16:48:07+00:00,,192.78863522186958,189.2221756225058,195.81341213327715,188.17001628100803,183.7683243918982,186.73854426512113
527,2022-05-15 16:48:22+00:00,,189.272838041092,197.08062923596898,190.52137243674213,188.45993054216032,187.9774926354034,181.73908613234616
528,2022-05-23 16:47:57+00:00,,,,,176.82462426689978,182.21921859053856,177.65949391567463
529,2022-07-10 16:48:16+00:00,,185.22855930131288,185.5847542373334,186.43726746948747,181.28188288450423,176.22883539782407,177.00174486651042
530,2022-07-18 16:48:42+00:00,,177.31633130112223,184.76445470223177,179.99826049582,179.14280396799617,183.00987296065702,168.41353363827898
531,2022-07-26 16:48:26+00:00,,183.63833095279728,187.41962682921664,189.28828396623732,183.37902806748033,182.69065980592308,173.448824936045
532,2022-10-06 16:49:02+00:00,,187.40758113788854,193.86827575689273,187.76069743663075,190.15339416070725,182.99823759159187,178.63462541669298
533,2022-10-14 16:48:52+00:00,208.53502209241742,207.88299056405708,205.67321231715337,207.698925822672,203.84768188646075,199.11901542277556,195.0812582038688
534,2022-10-22 16:49:02+00:00,,192.60666913991534,196.70572850070246,194.83553216110798,199.13696295933494,193.38425156100087,188.36138965421992
535,2022-10-30 16:48:52+00:00,214.85185552059727,206.7286874798633,204.0687985849442,209.3468115892204,205.45290782034158,198.6480830557398,190.1245058940631
536,2022-11-07 16:49:04+00:00,212.1413230565199,199.5301114154316,196.0011439045146,204.55145297446174,208.46236984493981,194.45549168348776,190.70877500467165
537,2022-11-15 16:48:55+00:00,221.2920107503436,211.32450328257005,210.47930890236867,213.32458792866478,210.0007075021578,199.2604966209463,208.18045009603279
538,2022-11-23 16:48:59+00:00,203.27509179982502,193.4407703274046,187.31485834073933,191.941691188407,196.49205446196748,190.57337112769838,186.7456497615635
539,2022-12-01 16:48:50+00:00,,208.02724691686961,212.03506272424232,215.24580661861935,209.7062917545615,208.14189423683845,202.10329695453964
540,2022-12-17 16:48:52+00:00,,207.62048373305376,210.58270006886934,214.80179578843308,212.58479370770294,202.58981321793473,201.29436596215916
541,2022-12-25 16:48:50+00:00,,206.25074593580334,209.38950018180998,220.57940146221972,214.26706855322945,205.25607737725065,210.46420370829412
542,2023-01-02 16:48:54+00:00,226.15387447569026,214.58053395789537,211.91752401678062,222.8818342538488,219.09448314484084,208.80603817872725,212.78760377139434
543,2023-01-10 16:48:49+00:00,,212.57539575401472,211.6290012841975,216.70704235099362,217.32289819643321,212.03147030760076,209.64707698980988
544,2023-01-18 16:48:45+00:00,223.72769668899596,213.81783739419828,209.5112294716159,220.85027860254306,219.04200991810674,212.71576845320658,214.81387546307042
545,2023-02-03 16:48:56+00:00,221.12159762737332,215.2947297593213,215.01157168245587,214.3294229905554,214.8647526211989,208.25716307345007,210.5810956670704
546,2023-02-11 16:48:45+00:00,217.4509032127721,207.45236800654055,205.67034940716394,213.52538331553208,211.23808534324965,206.1235761568596,206.00255497478207
547,2023-02-19 16:48:49+00:00,,213.6383206109213,217.53484115251854,221.6126859477024,221.07860572444713,210.4074901522491,213.0172939912116
548,2023-02-27 16:48:30+00:00,220.5615934366873,207.40556233499024,215.49983581786844,217.40389272649364,214.01267379204737,208.38617014040096,211.38433679777833
549,2023-03-15 16:48:24+00:00,204.8031474060967,207.32430121553827,211.8456144952637,212.49109503255627,211.34325446950706,204.5543006622933,200.9247767098262
550,2023-03-23 16:48:31+00:00,,207.47273975434754,219.08785959634363,219.859585947671,212.2185608266204,204.25495075104095,208.1133868482072
551,2023-03-31 16:48:13+00:00,224.40666695986127,204.4464059425506,212.02765465149108,212.42032761189446,209.46160134874341,202.30611903362734,203.50879366608166
552,2023-04-08 16:48:22+00:00,,205.96821595092933,211.84901686824782,212.93440538236496,206.69447777683135,199.5961501927281,198.5401098385743
553,2023-04-24 16:48:16+00:00,,185.08879459491513,202.168173869111,203.9929069751593,197.23155249448132,188.95481531374793,180.6707898725981
554,2023-05-10 16:48:05+00:00,,181.98594642555682,190.25932019204132,189.91532091398355,186.62228747799475,183.30366721060724,178.75941689516367
555,2023-05-26 16:47:55+00:00,,179.39766599488928,177.87938046186824,182.6702875696214,171.33312739742678,174.75392353328266,171.67526024985779
556,2023-06-03 16:47:46+00:00,,181.56505629449595,168.24255027914194,188.19706968029965,172.62225668366668,178.45695521181315,171.73909078545708
557,2023-06-11 16:47:49+00:00,,183.47517636872348,168.3599457034131,184.23005892645656,170.1382768356443,177.0818367521534,166.0195648294639
558,2023-06-19 16:47:54+00:00,,182.4563883817218,184.2515473832603,187.51870084806257,172.45379876539423,176.10918922032153,170.90428771709102
559,2023-07-13 16:48:02+00:00,,178.92632828350628,174.68517382256837,183.81025938804086,172.1091672125074,175.77475314280989,171.340037093071
560,2023-07-21 16:48:09+00:00,,177.9288314943402,183.729904256832,183.69932003139888,175.8111800064603,180.2042380304858,168.43248222724532
561,2023-08-06 16:48:18+00:00,,172.20433508274488,176.1924427017805,182.20336100008169,186.606452594861,175.60810281907715,171.6285688781218
562,2023-08-22 16:48:25+00:00,,173.35221796008304,165.7298593794903,179.3364987421529,171.97360705599397,164.6915331422293,158.29761939141204
563,2023-09-07 16:48:25+00:00,,179.6256343590529,177.33783177791855,182.78375686910698,176.49633500732702,173.81689077368256,172.00665977561025
564,2023-09-23 16:48:31+00:00,,180.13337655193752,186.89368467810414,188.56812456274818,180.41931879377177,185.27438376395273,182.10373014967976
565,2023-10-09 16:48:36+00:00,,178.1196928138288,176.6942123886761,189.9574747999089,179.80354018770922,175.1154354747041,174.10586493068524
566,2023-11-02 16:48:33+00:00,,190.13953312553187,181.03278960933287,186.14072522632299,191.15955738197746,189.9462151509436,182.69340309392808
567,2023-11-26 16:48:41+00:00,,193.13735932163195,188.84972138535127,200.24292819299632,201.60573307094583,191.68405316571395,190.78108281554643
568,2023-12-12 16:48:36+00:00,,188.17483520404477,189.46449727292318,203.93512069002784,207.3031710353196,200.0314077576715,199.67543312127182
569,2023-12-20 16:48:47+00:00,,193.90391138566574,191.92645185472261,206.39858995411603,207.15272315816406,202.7949866739158,199.8249923855836
570,2023-12-28 16:48:37+00:00,,197.3036279960236,191.35014870203352,209.33665875343982,207.40368841802223,201.69548917633554,206.69674803378382
571,2024-01-05 16:48:40+00:00,,189.0384507613568,192.70764100137507,208.38951652599633,210.28087946686892,205.46988655823372,201.07259394677888
572,2024-01-13 16:48:34+00:00,,188.98749100968945,194.5360317559095,205.0531595077427,200.8864207283217,198.9195261558453,197.84573861841469
573,2024-01-21 16:48:40+00:00,,189.3874276251279,193.40173954638917,209.24290356632508,205.0047720379472,198.77781422804082,211.31802584468718
574,2024-01-29 16:48:28+00:00,,195.33939442809927,195.19271651292254,208.48704247380263,208.84047032142627,204.12470379175159,206.87719318126966
575,2024-02-06 16:48:45+00:00,,184.74190835634678,190.7422184871402,202.893285302992,196.96582381266248,186.18655173983416,196.43891757457504
576,2024-02-14 16:48:31+00:00,,193.10808628660652,192.89991757044436,202.2082552281632,202.2762077057196,198.44482160789667,193.82677456334324
577,2024-02-22 16:48:31+00:00,,199.71340212006288,202.3913490226264,214.0139972503048,211.55867576057574,200.30279714813398,190.87238253035633
578,2024-03-01 16:48:24+00:00,,198.46331022116982,189.20722059107214,199.6095392192598,206.11712720327728,195.3936281194075,199.51021134331575
579,2024-03-09 16:48:37+00:00,,196.9341640483386,196.10437317430453,204.85242369930563,206.27697015565803,197.1508060771905,191.03902822442362
580,2024-03-17 16:48:14+00:00,,188.55742102307744,199.14467753120087,203.39421853254555,205.00350273055437,198.78561121177228,198.97682848677363
581,2024-03-25 16:48:31+00:00,,204.13792055193716,195.02164319328324,205.77000173425213,206.57741371896378,203.14358367022723,204.0212249062107
582,2024-04-02 16:48:03+00:00,,199.764542932299,197.34524888693068,204.32298558417202,205.9071678647855,195.28044609267806,189.63048073591307
583,2024-04-10 16:48:23+00:00,201.85929943829566,193.40902560856875,193.3432005336588,198.34967032070102,191.3314624404936,185.2607486080164,188.13965866372283
584,2024-04-18 16:47:54+00:00,,190.72505077295287,187.38155072190483,193.16336530355613,192.15460907154127,190.67388633160115,185.20249685635687
585,2024-04-26 16:48:04+00:00,,188.87351125590033,190.68497269411228,186.84836084661944,190.04508399125228,182.76533715063317,183.43213685365407
586,2024-05-04 16:47:45+00:00,,191.40604799285114,191.5576165583387,196.44571675839683,189.82871150012934,186.63359233546714,186.4181255333921
587,2024-05-12 16:48:00+00:00,,189.7331298338247,185.14995355035634,185.6761040153013,186.82851889538387,179.05860683736915,184.72295406785486
588,2024-05-20 16:47:33+00:00,,185.28095064260515,181.53786165257173,188.23321233697882,186.04599072568982,181.90605127282134,179.03794704209935
589,2024-05-28 16:47:48+00:00,,189.67208381585448,184.24701420006085,185.5324558418986,196.3689812810933,188.01034884031242,181.37056623109294
590,2024-07-07 16:47:48+00:00,,175.55783685798627,177.65259805578367,176.7765225255095,165.52978284754758,165.20713869350956,161.14680516018007
591,2024-07-15 16:47:53+00:00,,183.71067484319678,188.95404170099178,191.11312516763226,178.77454793464213,181.22844148237814,173.4086551492811
592,2024-07-23 16:48:03+00:00,,189.43684714425981,189.09468816487018,187.43504990117216,186.8838790070297,190.93515964133007,188.36510755283894
593,2024-08-24 16:48:12+00:00,,181.3485117933104,186.6747748381381,195.98662773014144,188.55585710537216,181.65300955611457,182.0732865957372
594,2024-09-17 16:48:16+00:00,,188.93092443084043,198.5572780753997,200.80290376911452,196.2286801188025,188.0262009036215,185.13793061897135
595,2024-10-11 16:48:26+00:00,,185.89219541117626,195.10679668171997,193.14136782923717,200.4588465812112,195.8900732592826,178.6937504077105
596,2024-10-19 16:48:33+00:00,,204.9937059272824,206.57567127066844,208.28311172156037,206.5593096162449,205.7067263292029,202.08228521900077
597,2024-10-27 16:48:27+00:00,,198.7549063337508,192.27267468634088,196.85511153489819,199.75142904084652,189.77749360836646,191.50529355891695
598,2024-11-04 16:48:32+00:00,212.26086816510073,205.56039470663015,199.22116719464046,206.3279918508697,199.60987882094918,200.74713673505647,194.80103928078375
599,2024-11-12 16:48:26+00:00,211.27545131697437,202.94581992143372,199.36262427152917,206.8838248676339,201.58953517562765,192.4723455117539,183.13187142533013
600,2024-11-28 16:48:38+00:00,204.36949021521426,197.9559700268997,203.10296122324567,205.65421105767842,197.1974238188066,193.74398351673506,188.25715342944437
601,2024-12-06 16:48:35+00:00,,215.32217457496904,214.31763558741125,212.17720569707942,209.43750781292707,204.5255210761447,206.91867028378024
602,2024-12-14 16:48:27+00:00,,221.92737388271595,219.0102354123856,224.83160939939287,218.43608041016645,211.91775190906523,209.78712832453522
603,2024-12-22 16:48:37+00:00,,213.83133366185348,219.39997826318745,217.74366187891235,217.00815164788952,209.48085469055212,208.2435793407879
604,2024-12-30 16:48:29+00:00,216.61639212049312,208.57483162423043,211.60958303438656,215.7953835035331,215.47199412112712,204.358699253021,207.56025190395292
605,2025-01-07 16:48:33+00:00,,216.63653270086687,218.13052842009284,224.1454858868677,222.7004978767431,211.0316880268119,210.66220616729845
606,2025-01-15 16:48:31+00:00,227.4409613901239,210.84682768091014,215.66074153323436,224.82733556206233,217.53436106584547,208.9737562180971,206.7980815867188
607,2025-01-23 16:48:38+00:00,,216.2839181721005,218.10794822947318,225.73822248375347,220.4095407923205,211.13907770841217,212.5460234423157
608,2025-01-31 16:48:31+00:00,,209.00932360454712,228.93098225885012,235.03539575004956,222.99566837048073,209.81183085740972,212.07802086801158
609,2025-02-08 16:48:34+00:00,218.18133287204282,215.19860147822143,224.5084439650427,230.28420755235967,220.43264837658953,208.9351362159103,214.82914356684128
610,2025-02-16 16:48:25+00:00,221.35067865283182,207.9942857585765,216.87435155559504,228.8013835909131,213.79806430577855,206.7414255273219,205.3938849882758
611,2025-02-24 16:48:33+00:00,212.21489778013475,217.1991506875847,218.06544959741964,222.163982405277,219.21946427396873,211.23662186698616,211.32144367321706
612,2025-03-04 16:48:18+00:00,211.51863094976156,206.16730531717994,212.02114794382888,216.33019898276416,211.13285128692866,203.53910412546324,204.2108830003359
613,2025-03-12 16:48:29+00:00,220.87934359222086,214.32099768039012,215.831809104925,220.4027071624705,217.02401918848466,210.6155929677973,207.2401064698767
614,2025-03-20 16:48:07+00:00,201.7210072406789,205.24845002298474,211.6322847007715,212.7085087722446,211.0596482762774,203.1614600744705,201.22203750144
615,2025-03-28 16:48:18+00:00,,206.45948940519878,207.8415373215849,204.77462168892245,205.4521170459663,195.69872750269374,193.34939608760936
616,2025-04-05 16:48:05+00:00,221.72333987840008,209.81883360086692,204.92290707764462,208.52231814306626,209.44126125078486,199.58296565244078,204.71249181639536
617,2025-04-13 16:48:19+00:00,,191.31348524032657,194.15248964312693,200.73559149233387,190.17078958544167,188.0861264301947,187.80640317351643
618,2025-04-21 16:47:52+00:00,,194.53608838896776,195.17975156193205,203.30033406442774,200.66221849460118,195.94166590456774,196.48849273736258
619,2025-04-29 16:48:10+00:00,,190.84038008023245,190.2382167540271,190.79536447280216,194.81676658134586,196.19271991366367,196.01974630900168
