dates,sar0713-0000,sar0713-0001,sar0713-0002,sar0713-0003,sar0713-0004,sar0713-0005,sar0713-0006,sar0713-0007,satname
1984-05-06 09:33:51+00:00,195.59,202.12,192.48,193.68,217.3,209.17,181.82,238.72,L5
1984-06-07 09:34:18+00:00,191.59,198.31,186.02,184.41,205.17,200.28,166.24,215.25,L5
1984-08-26 09:36:09+00:00,191.37,198.98,187.33,182.91,,202.03,181.03,220.87,L5
1984-09-11 09:36:14+00:00,172.04,181.51,180.41,174.74,198.12,188.01,166.21,207.77,L5
1984-09-27 09:36:39+00:00,194.53,197.14,189.74,186.45,213.31,206.49,176.18,239.76,L5
1985-04-23 09:36:47+00:00,196.16,200.83,193.99,194.8,211.22,210.0,185.12,232.68,L5
1985-05-25 09:36:39+00:00,194.44,199.62,188.21,195.5,207.6,204.43,175.55,221.78,L5
1985-06-26 09:36:35+00:00,194.86,201.29,190.19,185.5,207.4,208.47,175.38,226.55,L5
1985-07-28 09:36:22+00:00,207.26,204.38,195.96,196.78,212.55,216.51,178.52,233.59,L5
1985-08-13 09:35:48+00:00,195.87,203.25,193.73,190.94,208.48,209.51,176.15,232.46,L5
1985-08-29 09:36:02+00:00,197.32,205.23,198.97,199.74,216.27,215.34,184.28,235.34,L5
1985-12-03 09:34:43+00:00,184.77,204.95,193.27,182.35,220.89,213.67,,248.36,L5
1986-05-12 09:31:17+00:00,211.43,209.28,202.19,202.83,221.03,227.93,183.97,248.05,L5
1986-07-15 09:28:53+00:00,192.74,191.29,190.52,184.88,208.67,202.24,174.27,220.47,L5
1986-07-31 09:28:19+00:00,200.27,201.76,190.76,192.78,212.94,211.18,178.59,239.97,L5
1986-09-01 09:27:08+00:00,194.76,199.24,189.54,194.2,211.32,211.77,178.98,228.24,L5
1986-09-17 09:27:01+00:00,197.28,207.1,196.87,196.83,216.07,217.25,184.19,236.73,L5
1987-01-23 09:26:28+00:00,179.29,198.03,190.74,185.61,213.49,208.93,167.55,,L5
1987-03-28 09:28:52+00:00,197.26,198.88,191.56,183.19,205.42,205.43,170.0,232.71,L5
1987-04-29 09:29:30+00:00,195.39,200.81,191.13,186.46,214.0,208.76,172.64,236.51,L5
1987-06-16 09:31:07+00:00,180.15,182.51,175.6,181.47,202.49,194.49,167.04,197.4,L5
1987-07-02 09:31:27+00:00,198.15,202.3,198.76,197.61,212.89,218.06,181.43,235.54,L5
1987-07-18 09:31:20+00:00,205.16,201.08,202.09,202.82,222.73,211.73,,235.19,L5
1987-08-03 09:31:49+00:00,191.0,194.67,180.32,184.94,209.15,206.24,173.2,225.53,L5
1987-08-19 09:32:41+00:00,188.83,199.21,190.2,185.1,205.69,202.61,182.92,224.92,L5
1987-09-04 09:32:43+00:00,197.31,203.19,193.57,192.12,214.54,216.21,176.25,228.74,L5
1987-09-20 09:33:30+00:00,197.31,208.94,200.29,198.22,210.72,217.11,187.52,241.76,L5
1987-10-06 09:33:26+00:00,,,,179.67,198.75,182.05,165.63,210.45,L5
1987-11-07 09:34:02+00:00,170.66,192.26,176.16,162.89,201.32,200.48,164.44,,L5
1987-12-25 09:35:13+00:00,182.27,216.99,194.57,187.2,221.09,224.3,,247.46,L5
1988-01-10 09:35:29+00:00,,201.41,190.9,197.03,220.4,213.74,,250.2,L5
1988-02-11 09:36:05+00:00,184.57,193.73,183.0,182.2,209.57,200.62,172.53,229.86,L5
1988-03-14 09:36:27+00:00,193.05,195.57,192.94,194.98,212.92,209.35,181.48,232.98,L5
1988-04-15 09:36:14+00:00,208.77,211.89,203.73,199.14,220.0,221.59,185.46,,L5
1988-05-17 09:36:55+00:00,207.53,210.85,207.77,203.6,216.02,217.85,179.01,236.44,L5
1988-06-02 09:36:38+00:00,182.28,183.33,177.88,171.02,204.66,,,,L5
1988-07-04 09:36:48+00:00,196.32,199.5,191.06,191.91,201.64,200.48,179.12,224.47,L5
1988-07-20 09:37:15+00:00,191.5,189.29,178.8,183.31,196.86,194.54,167.98,221.38,L5
1988-08-05 09:37:16+00:00,192.09,184.95,174.37,175.35,203.18,190.72,166.72,217.92,L5
1988-08-21 09:37:17+00:00,195.49,198.93,193.74,192.33,207.76,202.44,170.87,227.17,L5
1988-09-06 09:36:55+00:00,193.73,199.49,189.15,192.59,210.41,209.96,174.18,226.87,L5
1988-09-22 09:36:50+00:00,189.58,192.11,182.78,175.63,206.99,203.46,176.73,230.86,L5
1988-10-08 09:36:45+00:00,177.21,183.49,179.72,169.51,206.86,195.48,168.4,220.27,L5
1988-10-24 09:36:41+00:00,205.96,211.07,205.31,200.28,225.02,215.14,193.43,231.61,L5
1988-11-09 09:36:45+00:00,179.22,201.23,179.69,179.91,199.54,197.87,164.98,216.71,L5
1988-12-11 09:36:57+00:00,178.8,184.69,174.16,167.11,203.29,,154.41,217.88,L5
1988-12-27 09:36:51+00:00,182.31,202.64,191.98,182.43,217.0,213.16,189.36,240.36,L5
1989-01-12 09:36:44+00:00,186.6,217.66,204.77,197.52,231.82,214.57,,243.11,L5
1989-01-28 09:36:07+00:00,189.21,198.3,184.12,172.85,209.61,209.35,,245.16,L5
1989-03-01 09:35:54+00:00,163.18,170.87,168.03,165.57,189.76,179.21,155.31,191.72,L5
1989-03-17 09:35:16+00:00,197.31,210.14,198.8,195.1,211.85,205.67,170.24,229.84,L5
1989-04-02 09:35:12+00:00,194.81,198.36,191.11,190.63,212.95,215.6,182.72,229.22,L5
1989-05-20 09:34:56+00:00,205.62,200.81,191.81,184.89,213.08,213.27,181.97,239.25,L5
1989-06-21 09:33:55+00:00,198.52,202.87,193.4,198.16,211.23,212.02,184.65,234.85,L5
1989-07-23 09:33:21+00:00,193.84,199.82,195.16,185.14,211.25,213.57,176.56,232.26,L5
1989-08-24 09:33:03+00:00,193.88,198.12,187.28,185.28,208.05,209.19,178.12,230.07,L5
1989-09-25 09:31:52+00:00,197.32,203.77,192.79,196.75,210.96,207.22,172.82,238.75,L5
1989-10-27 09:30:51+00:00,196.22,206.55,191.35,180.61,225.14,223.43,,238.54,L5
1989-11-12 09:30:31+00:00,187.02,209.44,197.4,197.23,218.05,221.01,,245.67,L5
1989-11-28 09:30:04+00:00,171.19,199.55,185.16,170.71,203.25,193.51,151.29,222.95,L5
1990-01-15 09:28:57+00:00,,198.8,191.49,181.99,225.53,207.76,,250.67,L5
1990-01-31 09:28:06+00:00,,,,,200.88,193.14,160.24,211.47,L5
1990-03-04 09:27:26+00:00,182.24,186.21,179.29,167.23,213.7,203.36,168.51,,L5
1990-04-21 09:26:22+00:00,191.38,189.56,183.53,182.32,210.46,209.2,173.59,230.08,L5
1990-05-07 09:26:43+00:00,196.22,200.67,188.41,185.98,208.28,210.28,173.62,,L5
1990-06-08 09:26:19+00:00,197.28,201.63,199.75,199.87,212.76,210.11,186.02,224.63,L5
1990-06-24 09:26:18+00:00,194.79,203.03,191.91,186.39,212.1,206.08,174.88,224.89,L5
1990-07-10 09:26:40+00:00,209.3,204.02,202.5,206.35,218.9,222.53,190.14,,L5
1990-07-26 09:26:12+00:00,177.87,181.75,183.3,181.22,200.16,195.56,171.87,206.65,L5
1990-08-11 09:26:31+00:00,184.91,192.16,184.27,181.49,202.36,198.05,164.78,213.46,L5
1990-09-12 09:26:23+00:00,197.46,197.65,189.92,180.62,209.92,200.89,175.72,234.07,L5
1990-09-28 09:25:50+00:00,186.07,189.36,183.29,175.59,210.3,196.81,167.26,226.99,L5
1990-10-14 09:25:44+00:00,182.32,185.11,175.95,168.21,204.1,193.97,168.67,224.33,L5
1990-10-30 09:25:35+00:00,157.65,165.97,165.2,162.83,193.36,180.56,156.95,197.73,L5
1990-11-15 09:25:37+00:00,181.28,194.86,186.52,154.69,211.45,,168.64,219.23,L5
1991-01-18 09:26:53+00:00,,199.79,192.49,181.98,218.83,227.69,,238.96,L5
1991-04-08 09:27:54+00:00,175.23,172.47,175.24,167.03,200.27,192.84,161.66,214.1,L5
1991-05-26 09:28:46+00:00,212.12,203.26,199.04,202.71,212.66,222.79,184.05,232.69,L5
1991-06-27 09:29:13+00:00,197.74,204.41,198.37,187.55,214.38,212.18,175.19,243.11,L5
1991-07-13 09:29:21+00:00,194.12,199.46,188.46,180.82,200.14,200.83,172.75,222.51,L5
1991-07-29 09:30:00+00:00,208.16,204.23,199.41,201.1,210.97,211.83,176.89,231.11,L5
1991-08-14 09:30:03+00:00,212.34,214.3,202.2,202.54,220.87,224.3,,242.35,L5
1991-08-30 09:29:49+00:00,205.35,204.11,198.18,195.69,209.22,210.54,184.12,224.43,L5
1991-09-15 09:30:26+00:00,206.38,210.35,203.19,193.53,208.89,206.93,183.81,230.37,L5
1991-10-17 09:30:18+00:00,191.21,199.75,195.71,187.96,215.1,214.6,186.46,229.79,L5
1991-11-02 09:30:40+00:00,184.98,201.13,192.21,170.91,214.53,211.58,174.67,239.93,L5
1992-01-05 09:30:47+00:00,,211.94,198.65,197.0,239.12,237.9,,253.15,L5
1992-02-22 09:30:41+00:00,191.36,201.45,201.59,197.16,219.09,221.21,184.02,240.41,L5
1992-03-09 09:30:43+00:00,193.57,196.53,191.89,182.4,210.45,205.48,170.02,221.95,L5
1992-05-12 09:30:15+00:00,194.29,203.2,188.25,187.8,208.46,205.9,171.81,229.09,L5
1992-05-28 09:30:06+00:00,197.86,201.52,195.47,196.3,214.78,220.1,183.69,235.82,L5
1992-06-13 09:29:31+00:00,187.51,197.24,193.28,185.7,211.87,199.75,173.32,228.1,L5
1992-06-29 09:29:44+00:00,214.8,212.42,203.97,210.62,220.51,227.73,199.13,238.77,L5
1992-07-15 09:29:08+00:00,195.91,204.72,193.5,193.3,212.24,213.08,171.07,225.26,L5
1992-07-31 09:29:20+00:00,201.54,209.14,201.07,199.18,224.57,223.63,182.74,245.69,L5
1992-09-01 09:28:50+00:00,176.58,180.39,172.98,173.11,203.14,190.69,168.87,204.53,L5
1992-09-17 09:28:36+00:00,194.84,202.71,187.92,181.57,212.14,208.25,167.92,229.45,L5
1992-11-04 09:27:22+00:00,169.49,170.99,170.24,168.29,187.72,179.3,157.05,202.43,L5
1992-12-06 09:27:22+00:00,147.96,166.55,165.32,167.02,198.33,,149.66,207.85,L5
1993-01-23 09:27:51+00:00,197.76,215.77,196.83,184.03,231.92,222.02,,,L5
1993-02-08 09:28:02+00:00,,199.38,193.94,182.43,206.55,194.66,167.14,202.79,L5
1993-02-24 09:28:05+00:00,167.28,181.18,174.58,171.05,196.78,183.72,156.91,227.43,L5
1993-03-12 09:28:18+00:00,191.39,198.7,194.88,183.42,209.81,222.37,181.61,240.85,L5
1993-05-15 09:29:01+00:00,186.33,188.95,180.5,181.98,209.74,195.84,164.49,219.01,L5
1993-05-31 09:29:04+00:00,196.3,204.76,196.57,189.84,214.31,212.77,182.13,232.24,L5
1993-07-18 09:28:56+00:00,207.75,204.25,200.92,199.66,215.54,212.43,179.95,240.79,L5
1993-08-03 09:28:56+00:00,205.77,203.97,197.15,193.05,210.73,213.11,180.95,236.98,L5
1993-08-19 09:28:32+00:00,197.29,206.84,197.33,198.35,218.41,216.41,180.65,236.73,L5
1993-09-20 09:28:50+00:00,189.43,200.97,192.05,183.44,207.28,204.13,173.56,222.03,L5
1993-10-06 09:28:47+00:00,194.88,200.66,192.63,187.4,211.34,209.63,174.02,224.97,L5
1993-11-07 09:28:34+00:00,160.67,168.8,166.98,148.9,194.05,,150.38,194.24,L5
1994-03-31 09:26:54+00:00,195.02,202.36,194.15,184.74,212.55,211.68,176.42,234.81,L5
1994-05-02 09:25:53+00:00,192.94,198.17,187.38,184.89,206.83,206.59,171.46,,L5
1994-06-19 09:25:22+00:00,191.34,196.19,186.61,183.98,201.4,205.78,172.42,223.13,L5
1994-08-22 09:23:41+00:00,196.14,205.07,198.62,196.02,210.85,216.49,183.36,242.25,L5
1994-09-07 09:23:17+00:00,192.42,200.55,188.34,186.13,213.09,207.74,177.42,237.44,L5
1995-01-13 09:19:10+00:00,,158.54,162.61,152.2,192.23,,125.95,,L5
1995-01-29 09:18:10+00:00,152.31,165.75,171.31,167.09,202.85,,160.81,,L5
1995-02-14 09:17:31+00:00,167.75,181.63,182.12,168.08,199.64,193.05,156.62,206.18,L5
1995-03-18 09:16:14+00:00,182.31,186.9,190.65,175.96,204.49,197.95,,239.75,L5
1995-04-19 09:15:18+00:00,199.07,210.02,203.63,197.58,217.75,218.1,183.18,243.47,L5
1995-05-05 09:14:35+00:00,197.28,204.1,197.27,194.87,216.44,221.55,179.98,243.05,L5
1995-05-21 09:13:28+00:00,182.28,183.81,181.23,182.25,207.66,196.76,172.26,221.16,L5
1995-07-24 09:10:32+00:00,193.68,196.48,189.63,185.19,210.38,200.51,177.56,234.6,L5
1995-08-09 09:09:49+00:00,191.88,198.58,187.17,184.19,212.62,207.37,173.82,230.95,L5
1995-08-25 09:09:29+00:00,191.61,188.13,188.85,183.33,207.61,203.54,170.43,224.11,L5
1995-09-10 09:08:19+00:00,191.27,200.35,190.02,184.66,207.17,208.73,174.49,,L5
1996-01-16 09:09:29+00:00,,,178.74,182.19,205.26,209.04,154.17,223.41,L5
1996-04-05 09:15:14+00:00,188.91,189.47,186.5,181.99,208.06,203.06,172.14,218.21,L5
1996-05-23 09:18:04+00:00,194.6,201.12,191.95,186.72,206.07,207.19,173.33,220.18,L5
1996-06-08 09:18:34+00:00,194.72,199.18,191.26,187.33,211.65,211.93,171.21,238.96,L5
1996-07-10 09:20:15+00:00,180.08,177.29,179.99,179.37,203.06,196.08,171.89,213.18,L5
1996-07-26 09:21:31+00:00,195.12,201.56,194.98,186.14,207.01,207.8,174.8,237.99,L5
1996-11-15 09:27:20+00:00,182.26,197.99,192.44,187.44,203.92,201.25,168.62,224.3,L5
1996-12-17 09:28:51+00:00,,193.82,176.71,182.14,215.74,205.35,206.81,,L5
1997-02-19 09:31:22+00:00,167.32,182.06,175.52,153.85,199.79,185.22,154.94,217.71,L5
1997-05-10 09:34:19+00:00,197.06,199.99,191.59,191.64,212.46,209.08,172.45,235.12,L5
1997-07-13 09:36:56+00:00,192.57,199.65,190.02,187.59,204.22,210.22,177.47,227.5,L5
1997-07-29 09:37:05+00:00,196.37,201.09,191.73,186.64,206.82,208.77,176.02,226.48,L5
1997-08-14 09:37:59+00:00,198.47,206.64,195.85,195.82,220.16,215.95,185.22,243.85,L5
1997-08-30 09:38:29+00:00,195.71,196.54,186.64,182.42,208.79,197.26,170.72,232.26,L5
1997-10-01 09:39:24+00:00,195.36,203.99,197.48,190.59,213.78,209.7,,236.45,L5
1997-11-02 09:40:16+00:00,195.06,204.91,195.78,170.26,215.24,207.71,182.99,232.42,L5
1997-11-18 09:40:14+00:00,193.53,198.65,190.99,169.56,220.97,209.06,165.94,235.93,L5
1998-01-21 09:42:08+00:00,166.11,173.42,173.54,152.26,191.25,,135.6,,L5
1998-02-22 09:42:48+00:00,197.26,195.08,191.51,185.89,208.74,207.24,165.5,217.96,L5
1998-03-10 09:43:03+00:00,177.1,183.77,177.82,166.91,204.55,194.51,170.5,212.42,L5
1998-03-26 09:43:17+00:00,196.04,203.62,197.4,191.89,211.89,208.79,179.74,232.59,L5
1998-04-11 09:43:04+00:00,181.29,176.48,172.67,170.27,191.56,188.0,163.34,209.92,L5
1998-04-27 09:43:16+00:00,185.3,189.71,181.44,175.68,207.01,201.97,169.01,224.77,L5
1998-05-13 09:43:32+00:00,187.84,200.89,188.98,186.05,202.6,207.62,172.42,,L5
1998-06-14 09:44:24+00:00,185.78,189.83,181.26,183.3,201.58,199.71,168.75,214.24,L5
1998-06-30 09:44:12+00:00,189.2,199.81,190.72,191.22,202.87,204.05,174.99,220.31,L5
1998-07-16 09:44:23+00:00,187.9,198.19,187.18,193.47,207.32,198.44,175.78,211.99,L5
1998-08-01 09:44:28+00:00,193.85,196.23,185.61,187.09,207.11,207.93,170.95,224.79,L5
1998-08-17 09:44:36+00:00,194.59,201.83,192.39,185.83,209.66,213.05,177.25,238.95,L5
1998-09-02 09:44:48+00:00,187.38,198.95,185.07,182.41,202.73,199.22,167.61,215.5,L5
1998-09-18 09:45:20+00:00,184.35,182.21,183.83,183.56,200.72,193.38,168.33,228.94,L5
1998-10-20 09:45:22+00:00,167.31,180.07,171.02,161.88,195.76,,154.32,203.13,L5
1998-11-05 09:45:03+00:00,182.99,186.39,175.29,167.66,190.88,178.33,156.71,206.97,L5
1998-11-21 09:45:34+00:00,192.09,203.08,186.42,176.79,210.93,204.08,,245.72,L5
1998-12-23 09:45:11+00:00,,198.81,189.0,182.18,221.01,203.48,176.25,237.77,L5
1999-01-08 09:45:10+00:00,,,,190.1,,,168.05,243.74,L5
1999-01-24 09:45:35+00:00,190.11,201.11,190.06,181.96,223.17,217.16,206.91,238.53,L5
1999-02-25 09:45:46+00:00,198.83,208.44,196.54,181.64,215.65,206.96,169.61,,L5
1999-03-13 09:45:34+00:00,182.25,197.07,188.33,179.57,210.08,208.17,170.73,225.95,L5
1999-03-29 09:45:16+00:00,,183.37,177.81,176.03,194.19,,,204.08,L5
1999-04-14 09:44:51+00:00,173.09,179.73,172.63,166.76,196.55,188.34,166.33,,L5
1999-04-30 09:44:50+00:00,195.78,202.2,192.46,196.52,211.44,203.13,167.54,227.0,L5
1999-06-17 09:44:05+00:00,193.65,200.01,194.98,190.5,210.05,207.33,175.45,219.25,L5
1999-07-19 09:44:16+00:00,194.12,200.78,185.76,186.34,203.64,207.84,172.87,223.81,L5
1999-08-04 09:43:50+00:00,192.85,200.01,190.12,180.84,201.34,200.04,168.17,213.73,L5
1999-08-12 09:59:25+00:00,197.4,201.37,184.57,190.9,210.34,202.58,172.65,225.82,L7
1999-08-20 09:43:39+00:00,193.89,200.43,185.36,181.72,203.66,200.08,167.21,207.75,L5
1999-08-28 09:59:04+00:00,191.54,201.03,189.71,190.88,209.6,207.5,172.59,233.25,L7
1999-09-05 09:43:34+00:00,202.89,209.37,196.79,199.57,213.08,213.85,179.57,234.58,L5
1999-09-13 09:58:59+00:00,198.47,209.87,199.67,190.74,216.09,214.56,,,L7
1999-10-07 09:42:45+00:00,197.31,210.68,201.9,198.95,217.31,221.44,,243.04,L5
1999-10-15 09:59:30+00:00,196.23,207.15,193.37,187.85,211.56,211.92,173.14,240.38,L7
1999-11-08 09:42:06+00:00,151.63,178.63,170.44,155.89,193.33,176.84,154.45,,L5
1999-11-16 09:59:25+00:00,186.51,205.13,190.32,186.62,208.88,206.6,169.93,238.52,L7
1999-12-18 09:59:04+00:00,,198.16,185.03,186.76,212.68,201.82,,,L7
2000-01-03 09:59:21+00:00,,201.24,192.54,185.7,221.1,215.84,,252.72,L7
2000-01-11 09:41:31+00:00,177.92,189.53,191.78,182.09,221.98,202.32,,,L5
2000-01-19 09:59:18+00:00,174.81,182.82,178.22,182.92,200.66,180.82,159.05,209.57,L7
2000-02-04 09:59:18+00:00,175.32,194.76,181.97,182.58,206.18,198.14,167.83,240.61,L7
2000-03-07 09:58:42+00:00,202.89,207.47,199.16,191.91,218.83,225.25,,252.05,L7
2000-03-23 09:58:44+00:00,190.13,198.91,189.93,190.73,207.84,206.92,172.29,222.56,L7
2000-05-18 09:42:19+00:00,195.39,202.52,190.24,185.27,209.36,208.95,175.95,232.44,L5
2000-06-11 09:58:23+00:00,172.29,175.3,175.39,179.51,190.28,186.86,165.06,192.58,L7
2000-06-19 09:42:59+00:00,206.05,205.91,195.19,188.24,212.13,209.23,169.44,238.5,L5
2000-06-27 09:57:49+00:00,189.92,191.02,182.53,185.68,204.44,203.44,168.32,224.96,L7
2000-07-29 09:57:43+00:00,189.78,190.34,178.72,176.64,200.77,194.63,167.85,217.5,L7
2000-08-30 09:57:02+00:00,191.35,202.72,188.98,187.59,208.65,207.31,170.99,229.75,L7
2000-09-07 09:44:17+00:00,196.73,201.65,190.96,178.79,176.75,191.91,169.94,224.76,L5
2000-09-15 09:57:07+00:00,198.34,206.48,200.21,198.02,215.91,212.66,180.42,244.1,L7
2000-10-17 09:56:17+00:00,187.15,191.14,178.27,177.31,202.84,197.11,166.33,228.77,L7
2000-11-02 09:56:30+00:00,189.79,192.55,184.38,181.21,208.62,198.47,167.94,235.88,L7
2000-12-20 09:56:57+00:00,,206.86,195.01,184.3,218.29,213.49,,249.67,L7
2001-01-05 09:56:33+00:00,175.58,186.1,179.96,179.83,210.3,,165.38,,L7
2001-02-06 09:56:32+00:00,185.68,193.52,180.73,167.04,207.31,195.14,162.73,,L7
2001-03-10 09:56:28+00:00,190.57,203.28,188.6,188.98,202.47,204.13,167.98,229.24,L7
2001-03-18 09:46:17+00:00,184.55,186.73,180.21,182.68,199.46,193.53,164.74,224.05,L5
2001-05-13 09:56:03+00:00,191.21,196.71,190.86,185.58,207.04,205.55,170.03,220.89,L7
2001-05-29 09:56:18+00:00,194.52,199.81,187.18,184.52,209.18,208.1,173.6,220.15,L7
2001-06-06 09:46:54+00:00,195.62,202.57,195.04,188.62,207.39,204.16,174.19,227.7,L5
2001-06-14 09:55:43+00:00,201.18,210.01,196.6,193.42,212.24,215.19,178.04,243.87,L7
2001-06-30 09:55:29+00:00,194.54,197.58,191.89,192.0,210.5,207.23,172.61,227.48,L7
2001-08-01 09:55:16+00:00,200.41,210.78,196.62,196.27,211.54,215.69,174.68,223.09,L7
2001-08-09 09:46:50+00:00,194.42,202.65,193.37,195.38,216.44,217.73,180.7,235.25,L5
2001-08-17 09:54:57+00:00,191.14,195.7,192.38,188.61,207.78,205.24,173.23,224.92,L7
2001-08-25 09:46:22+00:00,208.09,215.81,204.74,198.23,218.33,213.37,,242.03,L5
2001-10-04 09:54:47+00:00,199.65,210.51,197.29,190.88,208.9,209.43,177.9,236.82,L7
2001-11-05 09:54:31+00:00,189.77,206.67,192.73,183.32,211.17,205.82,172.29,236.74,L7
2001-12-07 09:55:05+00:00,,192.42,172.54,175.78,205.85,,180.0,,L7
2001-12-15 09:45:35+00:00,189.29,200.4,192.79,168.2,,,,,L5
2001-12-31 09:45:20+00:00,170.06,177.42,163.44,137.83,206.97,,144.22,,L5
2002-01-08 09:54:52+00:00,,211.15,190.32,,220.54,215.74,,252.12,L7
2002-01-24 09:55:00+00:00,193.99,226.38,,,,168.83,145.52,,L7
2002-02-09 09:55:02+00:00,182.67,193.68,185.74,176.85,203.09,202.27,169.97,228.96,L7
2002-02-17 09:44:36+00:00,185.66,200.65,188.6,167.92,212.98,206.18,175.35,243.49,L5
2002-02-25 09:55:28+00:00,189.78,188.31,178.51,175.89,204.89,197.17,175.03,206.32,L7
2002-03-13 09:55:25+00:00,185.29,195.88,193.13,178.94,207.14,203.39,172.41,216.7,L7
2002-03-21 09:44:35+00:00,182.31,186.71,176.55,180.91,196.09,187.82,165.07,219.87,L5
2002-04-14 09:55:20+00:00,184.83,179.06,180.39,175.73,196.41,197.27,166.18,213.74,L7
2002-04-30 09:54:58+00:00,191.12,199.32,193.12,191.28,209.46,209.22,180.25,229.77,L7
2002-05-16 09:54:51+00:00,203.92,207.77,198.65,190.97,216.85,214.76,178.08,244.06,L7
2002-05-24 09:42:51+00:00,167.31,173.47,170.89,173.54,201.53,184.63,167.21,201.81,L5
2002-06-01 09:54:45+00:00,200.05,209.77,194.88,191.13,214.34,214.61,173.26,229.03,L7
2002-06-17 09:54:38+00:00,202.81,207.86,199.88,197.25,211.1,214.62,,238.89,L7
2002-06-25 09:42:31+00:00,194.21,202.33,189.83,186.1,208.44,209.01,173.25,216.9,L5
2002-07-03 09:54:34+00:00,196.89,201.18,194.71,194.57,210.22,207.59,179.66,230.51,L7
2002-07-19 09:54:50+00:00,196.61,185.3,187.58,186.42,201.47,200.07,175.76,225.45,L7
2002-08-04 09:54:43+00:00,191.17,195.09,193.51,193.21,207.71,208.34,173.96,223.08,L7
2002-08-20 09:54:40+00:00,197.13,210.4,198.1,190.43,216.86,217.52,177.85,,L7
2002-10-07 09:53:50+00:00,184.82,195.54,181.37,180.61,203.74,198.1,172.59,223.73,L7
2002-10-23 09:54:19+00:00,183.01,192.69,178.19,175.73,199.79,185.76,168.24,,L7
2002-12-26 09:54:29+00:00,174.78,178.66,170.4,169.92,202.71,,150.03,209.81,L7
2003-01-27 09:55:01+00:00,,187.88,179.06,181.41,208.32,186.58,159.79,,L7
2003-02-12 09:55:12+00:00,188.58,201.85,189.21,188.11,217.71,207.26,,,L7
2003-03-16 09:55:15+00:00,,,187.02,192.8,210.81,212.23,180.2,242.31,L7
2003-04-01 09:55:15+00:00,189.8,202.27,193.84,190.62,220.56,216.73,184.05,244.05,L7
2003-04-17 09:55:17+00:00,197.56,210.13,196.97,191.44,213.98,213.06,177.08,234.56,L7
2003-05-19 09:55:12+00:00,196.82,205.1,191.22,192.02,209.59,213.65,173.78,233.58,L7
2003-06-28 09:42:38+00:00,184.02,191.29,185.85,181.83,205.64,203.24,174.9,219.22,L5
2003-07-14 09:42:31+00:00,196.11,199.15,194.35,191.47,213.57,208.24,176.47,237.32,L5
2003-07-30 09:42:49+00:00,194.13,195.01,189.78,193.45,199.46,194.27,165.73,214.43,L5
2003-08-31 09:43:23+00:00,195.56,201.23,196.91,188.47,213.49,205.27,176.45,231.95,L5
2003-10-02 09:43:52+00:00,,,,,213.18,193.33,178.48,201.96,L5
2003-10-10 09:54:11+00:00,183.68,190.12,180.74,179.9,,199.74,167.54,208.51,L7
2003-10-18 09:44:28+00:00,188.84,199.78,186.1,181.75,204.39,195.29,175.34,,L5
2003-12-13 09:54:54+00:00,,207.12,188.56,184.64,220.55,199.64,,243.76,L7
2004-01-22 09:45:21+00:00,174.45,171.91,176.31,166.61,192.79,184.87,211.63,219.69,L5
2004-01-30 09:55:12+00:00,175.75,188.21,180.18,187.41,209.39,196.59,169.8,,L7
2004-02-23 09:45:06+00:00,166.43,182.34,176.35,159.41,198.53,185.32,165.82,,L5
2004-05-29 09:47:28+00:00,194.28,198.92,191.83,186.46,203.78,203.95,173.27,225.61,L5
2004-06-06 09:55:14+00:00,189.82,198.66,191.27,190.25,205.17,204.02,172.67,224.89,L7
2004-06-22 09:55:33+00:00,193.33,200.58,192.09,190.62,207.4,203.03,,216.27,L7
2004-06-30 09:48:01+00:00,194.17,198.55,193.46,184.98,210.5,200.55,173.27,231.6,L5
2004-07-16 09:48:52+00:00,209.85,205.25,197.76,194.32,214.32,214.79,185.65,239.05,L5
2004-07-24 09:55:03+00:00,,,,,207.03,207.52,168.86,220.88,L7
2004-08-01 09:49:13+00:00,197.28,202.19,196.04,186.92,209.01,208.89,176.06,237.68,L5
2004-08-17 09:49:12+00:00,194.93,201.59,191.72,200.37,212.93,214.03,184.92,232.15,L5
2004-09-02 09:49:38+00:00,206.31,206.76,197.99,188.16,215.2,212.3,174.25,232.5,L5
2004-09-18 09:50:02+00:00,192.59,203.77,191.8,187.65,208.33,211.65,180.55,233.75,L5
2004-10-20 09:50:44+00:00,199.4,199.62,194.69,191.84,215.66,190.08,165.13,232.58,L5
2004-11-05 09:51:27+00:00,,,,,215.83,209.04,172.52,218.82,L5
2005-01-08 09:52:33+00:00,188.59,208.43,191.45,185.95,220.43,217.98,,264.41,L5
2005-01-16 09:55:56+00:00,,206.0,196.05,186.99,219.25,216.79,,255.11,L7
2005-03-21 09:55:50+00:00,213.19,215.44,,199.23,222.79,229.33,,254.1,L7
2005-03-29 09:53:12+00:00,194.06,201.19,192.31,189.34,215.49,205.87,177.02,238.1,L5
2005-04-06 09:55:46+00:00,211.23,211.58,201.78,,217.12,224.29,,,L7
2005-04-22 09:55:40+00:00,191.4,196.54,194.13,195.51,211.42,213.14,171.0,228.7,L7
2005-05-16 09:53:25+00:00,197.29,207.07,195.78,193.35,212.0,212.3,173.56,238.12,L5
2005-07-19 09:54:20+00:00,181.24,176.39,179.81,177.65,196.42,191.6,164.82,215.79,L5
2005-09-05 09:54:15+00:00,197.28,204.33,199.31,199.32,216.67,214.13,181.5,243.14,L5
2005-10-31 09:55:28+00:00,192.61,207.0,196.96,,,,,,L7
2005-11-08 09:54:22+00:00,194.03,204.13,197.98,196.6,218.36,212.48,175.64,245.42,L5
2005-12-18 09:55:45+00:00,173.07,191.99,181.33,185.81,204.86,193.35,,210.3,L7
2006-01-19 09:56:27+00:00,,178.41,174.02,169.01,207.86,,157.89,,L7
2006-01-27 09:56:13+00:00,188.78,204.05,193.48,185.97,217.21,214.09,,249.15,L5
2006-02-12 09:56:36+00:00,197.24,204.58,190.32,184.26,212.76,209.6,,248.86,L5
2006-04-09 09:56:34+00:00,190.94,194.79,185.63,185.52,211.02,211.38,172.5,230.43,L7
2006-05-11 09:56:36+00:00,,,184.36,190.44,207.9,205.56,168.97,220.16,L7
2006-06-04 09:58:32+00:00,195.6,199.46,185.2,182.08,203.78,203.95,173.51,232.43,L5
2006-06-12 09:56:09+00:00,199.32,208.83,201.69,204.13,212.25,219.62,178.22,,L7
2006-06-20 09:58:48+00:00,195.74,202.9,188.3,184.58,210.91,203.31,167.18,224.35,L5
2006-07-14 09:55:56+00:00,201.33,206.2,195.74,198.18,211.16,217.91,179.71,228.28,L7
2006-07-30 09:55:49+00:00,,186.48,183.23,178.45,203.37,196.73,166.03,219.46,L7
2006-08-23 10:00:03+00:00,193.75,200.73,191.54,186.25,205.24,202.97,172.11,229.05,L5
2006-10-10 10:00:37+00:00,197.3,211.77,201.74,201.3,216.51,211.56,,242.47,L5
2006-10-26 10:00:24+00:00,195.03,205.1,190.88,182.63,215.82,205.95,174.94,230.19,L5
2006-11-03 09:56:19+00:00,,208.02,193.82,184.06,214.65,201.8,,247.47,L7
2006-11-19 09:56:06+00:00,186.08,,,175.75,211.4,197.76,166.52,239.4,L7
2006-11-27 10:01:04+00:00,182.42,196.55,187.73,169.01,218.0,207.44,173.98,231.24,L5
2006-12-05 09:56:39+00:00,183.38,192.24,177.13,176.6,216.19,,169.5,,L7
2006-12-29 10:01:17+00:00,196.43,200.38,188.16,171.13,225.11,214.8,,253.7,L5
2007-02-15 10:01:07+00:00,167.27,182.08,172.78,166.18,185.31,178.05,163.95,,L5
2007-03-27 09:57:04+00:00,202.57,211.82,,195.32,211.33,212.61,175.53,241.45,L7
2007-04-20 10:01:17+00:00,195.27,201.43,194.02,191.45,208.07,204.89,170.67,230.2,L5
2007-06-23 10:00:02+00:00,184.47,195.42,183.02,180.28,201.48,196.09,169.13,209.49,L5
2007-07-01 09:56:46+00:00,193.78,198.47,196.4,,210.62,206.86,174.45,226.15,L7
2007-07-09 09:59:51+00:00,189.54,200.23,191.83,187.81,207.83,207.0,171.09,222.39,L5
2007-07-17 09:56:19+00:00,,203.13,194.38,190.82,207.11,205.29,173.58,223.34,L7
2007-07-25 10:00:07+00:00,182.29,189.83,189.08,184.29,201.05,198.19,172.72,218.76,L5
2007-08-02 09:56:39+00:00,199.61,206.77,199.78,193.4,215.98,206.06,170.74,227.93,L7
2007-08-26 09:59:46+00:00,189.7,201.44,192.4,185.68,205.8,208.2,174.21,221.11,L5
2007-12-24 09:56:28+00:00,,194.79,184.22,183.71,212.56,199.67,,225.71,L7
2008-01-25 09:56:28+00:00,,222.52,212.0,201.84,219.02,,,219.26,L7
2008-02-10 09:56:26+00:00,188.16,203.21,189.3,186.68,,,,249.67,L7
2008-02-26 09:56:21+00:00,199.71,208.02,198.09,190.66,215.1,216.8,177.88,,L7
2008-03-13 09:56:40+00:00,,,179.44,175.84,200.92,195.78,166.82,226.9,L7
2008-04-06 09:56:03+00:00,192.1,194.27,189.64,190.15,207.74,200.14,173.75,225.16,L5
2008-06-25 09:53:32+00:00,205.67,200.32,192.74,187.52,207.65,203.9,179.62,238.54,L5
2008-07-11 09:53:05+00:00,195.12,204.3,187.87,185.14,203.57,206.03,171.43,220.43,L5
2008-07-19 09:55:52+00:00,,189.06,185.23,178.24,205.22,199.59,170.41,224.62,L7
2008-08-04 09:55:22+00:00,,199.73,192.02,190.88,210.8,207.5,169.68,224.58,L7
2008-08-12 09:52:31+00:00,199.09,207.7,197.95,201.41,216.27,218.03,181.38,241.38,L5
2008-11-08 09:55:35+00:00,191.48,200.58,192.07,176.11,,209.95,,238.24,L7
2009-01-11 09:55:48+00:00,,209.67,191.97,186.75,217.83,210.13,,,L7
2009-02-04 09:51:44+00:00,175.02,171.8,171.04,155.14,195.85,186.54,162.17,221.19,L5
2009-02-28 09:56:34+00:00,198.38,210.44,199.71,194.16,211.93,204.52,173.71,240.01,L7
2009-03-08 09:52:31+00:00,167.26,183.3,168.31,155.49,194.74,175.52,155.92,199.26,L5
2009-04-17 09:56:53+00:00,190.01,,,177.88,196.9,196.74,162.92,211.66,L7
2009-05-03 09:56:32+00:00,191.4,195.69,,194.86,217.53,212.45,,235.26,L7
2009-05-11 09:54:13+00:00,193.57,202.59,191.85,193.96,208.86,210.23,174.43,230.44,L5
2009-05-19 09:56:34+00:00,199.14,209.86,,205.02,221.64,229.15,190.09,245.72,L7
2009-06-04 09:56:34+00:00,,210.1,199.01,197.38,212.27,214.47,173.74,225.59,L7
2009-06-12 09:54:48+00:00,188.07,200.95,193.43,189.18,207.52,202.83,167.48,230.57,L5
2009-06-28 09:54:41+00:00,195.59,197.62,191.42,185.8,208.6,201.62,173.04,222.08,L5
2009-07-30 09:55:36+00:00,193.48,202.17,192.33,188.4,211.52,211.64,172.64,233.33,L5
2009-08-15 09:55:51+00:00,202.87,205.94,194.03,198.21,215.14,218.69,177.15,245.5,L5
2009-08-31 09:55:41+00:00,194.99,200.95,195.8,187.89,210.61,214.41,179.04,229.93,L5
2009-10-02 09:56:30+00:00,195.07,202.34,197.76,184.92,210.54,206.5,172.09,236.2,L5
2009-10-18 09:56:40+00:00,165.44,183.38,169.56,165.62,198.02,188.7,162.91,,L5
2009-10-26 09:56:51+00:00,191.62,208.12,199.56,190.98,212.01,208.11,175.86,239.88,L7
2009-11-11 09:56:42+00:00,177.68,189.76,179.76,176.05,197.7,190.46,158.88,,L7
2009-12-05 09:56:39+00:00,165.22,172.88,174.0,167.31,197.83,,147.4,203.88,L5
2010-01-22 09:56:58+00:00,173.15,189.49,179.88,153.28,209.99,192.38,188.59,235.97,L5
2010-02-07 09:57:25+00:00,178.47,179.15,176.98,169.93,190.9,,156.77,218.94,L5
2010-04-12 09:57:26+00:00,193.94,203.05,194.05,191.89,210.64,205.39,203.89,239.95,L5
2010-04-20 09:58:44+00:00,204.56,209.11,200.81,190.85,216.43,213.4,,,L7
2010-04-28 09:57:21+00:00,152.34,,,,,,172.68,,L5
2010-05-22 09:58:14+00:00,188.58,191.49,181.89,179.33,203.24,187.73,171.59,225.44,L7
2010-06-23 09:58:18+00:00,,191.52,187.31,188.17,202.16,197.98,167.7,225.03,L7
2010-07-17 09:57:02+00:00,197.27,203.48,198.01,196.8,205.79,207.93,173.92,228.96,L5
2010-09-03 09:56:24+00:00,197.27,202.92,196.65,197.22,213.73,208.67,176.34,228.98,L5
2010-10-21 09:56:25+00:00,174.04,185.43,176.06,166.04,210.7,192.53,165.55,,L5
2010-11-06 09:55:56+00:00,197.24,209.91,199.32,184.36,218.28,212.32,183.24,242.8,L5
2010-11-14 09:59:15+00:00,194.03,206.21,197.02,183.93,216.45,206.42,,243.86,L7
2011-01-25 09:56:28+00:00,193.97,200.65,193.03,167.28,,,,,L5
2011-02-10 09:56:30+00:00,198.78,209.49,193.08,168.66,220.39,219.49,,251.66,L5
2011-02-26 09:56:05+00:00,185.73,196.67,189.0,173.87,211.28,200.78,175.8,240.51,L5
2011-03-14 09:56:02+00:00,192.27,201.61,192.47,198.65,212.64,211.37,184.13,242.61,L5
2011-03-22 09:59:41+00:00,202.74,210.67,199.03,189.24,215.15,217.9,178.72,241.63,L7
2011-04-07 09:59:45+00:00,207.77,209.64,194.96,193.65,212.19,214.87,177.95,,L7
2011-05-01 09:55:46+00:00,192.86,200.85,187.3,189.16,207.73,201.51,168.46,224.9,L5
2011-05-17 09:55:42+00:00,193.29,198.3,189.19,184.2,208.69,205.33,168.71,224.73,L5
2011-08-05 09:55:28+00:00,193.5,201.87,196.47,191.54,208.99,208.97,176.3,215.46,L5
2011-08-13 09:59:32+00:00,,210.5,200.81,192.79,210.56,210.19,172.56,232.75,L7
2011-08-29 09:59:54+00:00,199.45,200.34,191.38,189.03,207.56,206.15,,,L7
2011-09-14 09:59:24+00:00,194.65,209.53,199.33,190.6,212.16,206.25,171.32,242.51,L7
2011-09-22 09:54:31+00:00,197.31,203.68,195.46,195.4,212.49,220.66,185.94,239.6,L5
2011-09-30 09:59:47+00:00,,,197.7,195.61,216.89,214.45,175.09,240.73,L7
2011-12-03 10:00:16+00:00,,201.89,182.15,189.51,,202.01,191.31,,L7
2012-03-24 10:00:15+00:00,199.2,206.17,192.73,190.74,207.61,213.19,173.32,221.38,L7
2012-05-11 10:00:49+00:00,,,,195.79,214.28,215.66,181.17,226.83,L7
2012-05-27 10:01:04+00:00,198.23,205.88,199.08,183.71,207.93,205.52,166.74,228.68,L7
2012-08-15 10:01:40+00:00,197.44,209.61,194.79,194.79,213.38,212.72,172.63,236.5,L7
2012-09-16 10:01:58+00:00,190.6,200.56,193.15,190.97,212.19,205.69,170.46,226.96,L7
2012-10-02 10:01:45+00:00,190.89,209.93,198.99,188.91,211.21,205.98,175.43,235.39,L7
2013-01-06 10:02:18+00:00,170.48,189.46,176.16,179.67,,188.47,164.69,234.57,L7
2013-01-22 10:02:19+00:00,174.78,175.83,178.35,184.54,,190.93,165.79,206.45,L7
2013-04-12 10:02:09+00:00,,205.4,193.23,190.91,210.39,207.64,173.42,229.03,L7
2013-04-20 10:07:55+00:00,174.81,187.83,179.98,177.09,206.15,183.24,163.98,206.09,L8
2013-06-07 10:08:34+00:00,200.08,207.39,197.98,191.51,214.48,215.69,176.19,241.15,L8
2013-06-15 10:02:11+00:00,204.78,205.46,199.75,205.33,216.5,219.74,,,L7
2013-07-09 10:08:07+00:00,199.0,210.54,199.29,193.26,212.26,215.72,177.83,232.38,L8
2013-07-25 10:08:06+00:00,194.84,208.71,199.01,189.18,211.38,212.82,177.13,232.66,L8
2013-08-02 10:01:47+00:00,203.77,209.5,202.85,198.3,,,,,L7
2013-08-18 10:01:27+00:00,198.89,211.02,199.58,188.3,210.97,210.07,175.14,241.55,L7
2013-08-26 10:08:35+00:00,189.8,192.71,183.29,182.67,206.99,202.08,170.58,226.66,L8
2013-09-03 10:01:39+00:00,201.27,205.66,203.25,200.72,216.33,210.52,177.91,241.02,L7
2013-09-11 10:08:32+00:00,179.43,212.18,199.32,174.55,198.76,209.89,,,L8
2013-09-27 10:08:24+00:00,199.34,208.93,201.22,190.73,218.23,215.01,175.44,246.19,L8
2013-10-29 10:08:15+00:00,191.15,210.05,191.69,189.21,214.64,208.42,172.5,240.61,L8
2013-11-06 10:02:16+00:00,174.82,177.72,180.36,169.51,197.11,176.63,,,L7
2013-11-14 10:08:14+00:00,188.26,193.69,182.61,179.46,208.96,203.49,168.97,236.64,L8
2013-12-16 10:08:03+00:00,186.69,206.29,193.37,176.44,219.83,210.18,,247.18,L8
2013-12-24 10:02:55+00:00,,,175.2,163.21,203.74,204.43,,,L7
2014-01-01 10:07:31+00:00,,189.48,179.28,182.92,208.89,201.16,158.05,,L8
2014-01-09 10:02:58+00:00,,205.84,188.96,189.77,221.91,,,,L7
2014-03-06 10:07:06+00:00,189.8,192.85,182.37,181.42,205.87,201.92,171.41,222.1,L8
2014-03-30 10:03:06+00:00,193.47,203.72,194.81,190.58,206.77,205.9,168.07,224.08,L7
2014-04-07 10:06:40+00:00,198.04,209.26,196.01,186.7,212.9,209.55,173.69,240.25,L8
2014-04-23 10:06:00+00:00,191.28,178.5,179.9,184.91,207.23,206.09,172.52,230.53,L8
2014-05-01 10:03:45+00:00,189.81,194.44,187.18,185.89,201.44,194.79,165.59,223.76,L7
2014-05-09 10:06:08+00:00,191.46,199.09,191.65,190.35,213.4,211.45,176.8,228.78,L8
2014-05-17 10:03:52+00:00,193.97,196.87,179.88,185.3,204.86,201.36,165.46,,L7
2014-06-10 10:05:49+00:00,195.64,200.44,193.64,191.11,211.33,213.28,177.17,226.92,L8
2014-06-26 10:06:14+00:00,189.78,187.65,182.47,178.88,203.6,200.17,167.64,206.59,L8
2014-07-12 10:06:23+00:00,184.59,178.67,175.82,178.44,200.05,194.39,169.42,207.38,L8
2014-07-28 10:06:27+00:00,191.63,193.57,192.78,185.0,209.91,203.63,172.56,228.92,L8
2014-08-13 10:06:11+00:00,191.25,198.15,192.51,184.21,205.55,205.18,172.35,228.94,L8
2014-08-21 10:04:10+00:00,197.55,205.54,199.48,190.96,211.17,206.08,177.65,239.25,L7
2014-08-29 10:06:36+00:00,195.81,203.63,201.73,191.28,214.48,210.26,177.04,229.42,L8
2014-09-14 10:06:16+00:00,199.44,205.85,196.88,191.66,211.79,207.19,175.63,229.17,L8
2014-09-30 10:06:41+00:00,193.73,210.47,193.5,190.76,211.49,207.55,173.38,235.13,L8
2014-10-08 10:04:04+00:00,199.47,208.72,200.75,190.61,215.7,212.07,189.73,244.86,L7
2014-10-24 10:04:13+00:00,177.37,189.37,180.72,175.93,203.38,194.78,,,L7
2014-11-01 10:06:43+00:00,196.31,208.87,200.78,190.95,218.22,216.93,,243.42,L8
2014-11-09 10:04:23+00:00,168.21,175.59,174.05,,,,,,L7
2014-12-19 10:06:39+00:00,181.22,189.36,185.6,172.62,211.05,200.28,165.31,240.7,L8
2015-01-04 10:06:34+00:00,168.34,176.3,177.13,181.67,208.01,185.62,164.64,,L8
2015-01-28 10:05:10+00:00,174.79,186.46,179.84,161.34,204.59,,161.87,209.51,L7
2015-02-13 10:05:11+00:00,189.79,194.16,191.03,178.96,210.16,207.52,173.2,229.98,L7
2015-04-10 10:05:30+00:00,202.51,207.95,199.78,192.78,213.32,216.4,177.38,227.04,L8
2015-04-18 10:05:21+00:00,199.61,206.1,194.83,191.07,211.26,212.71,172.17,228.3,L7
2015-05-04 10:05:51+00:00,190.83,205.63,194.17,191.96,208.6,209.02,174.33,226.38,L7
2015-05-12 10:05:10+00:00,196.96,210.87,196.91,186.56,212.71,213.28,173.54,242.17,L8
2015-05-28 10:05:12+00:00,193.77,197.01,184.71,187.96,208.29,207.14,172.21,223.3,L8
2015-06-05 10:06:05+00:00,197.6,208.09,205.0,202.97,222.03,224.87,185.4,244.08,L7
2015-06-13 10:05:24+00:00,190.48,191.52,185.16,181.28,204.92,202.51,169.95,226.61,L8
2015-06-29 10:05:31+00:00,190.62,198.57,189.43,190.79,208.63,207.04,173.89,224.38,L8
2015-07-07 10:06:14+00:00,198.2,210.2,194.62,193.32,215.39,214.71,180.06,242.48,L7
2015-07-15 10:06:05+00:00,195.3,192.03,186.53,190.58,209.77,205.85,171.16,223.98,L8
2015-07-23 10:06:17+00:00,190.6,199.78,191.44,186.17,215.56,213.12,185.24,225.99,L7
2015-07-31 10:05:45+00:00,186.14,184.79,179.53,182.64,203.2,201.17,167.26,225.28,L8
2015-08-08 10:06:21+00:00,198.72,209.13,200.12,191.01,211.93,216.3,184.75,243.8,L7
2015-08-16 10:05:51+00:00,186.9,195.27,181.22,176.18,198.7,196.64,170.27,,L8
2015-09-01 10:06:20+00:00,195.16,206.29,187.9,177.54,208.7,208.4,172.86,231.59,L8
2015-09-17 10:06:05+00:00,189.8,193.48,183.62,181.2,203.81,199.53,167.34,220.48,L8
2015-10-03 10:06:33+00:00,196.42,207.26,196.41,190.8,218.74,211.92,175.38,245.06,L8
2015-10-11 10:06:39+00:00,198.16,210.09,191.6,190.56,212.71,205.42,168.82,238.55,L7
2015-10-19 10:06:34+00:00,192.55,206.2,192.07,184.95,214.07,206.6,171.83,240.8,L8
2015-11-20 10:06:40+00:00,176.38,185.94,178.8,175.49,206.37,187.99,164.38,,L8
2015-12-14 10:07:42+00:00,,205.11,195.29,165.12,219.44,206.9,,240.89,L7
2015-12-22 10:06:40+00:00,,209.65,191.12,172.62,220.09,212.62,,245.0,L8
2016-02-08 10:06:08+00:00,170.77,188.14,179.95,175.66,203.19,189.23,161.46,207.8,L8
2016-02-24 10:06:25+00:00,176.05,182.92,178.17,175.41,204.92,185.37,161.04,214.89,L8
2016-03-03 10:08:31+00:00,180.12,175.34,179.46,175.79,196.62,185.79,174.91,207.99,L7
2016-03-19 10:08:39+00:00,200.34,209.46,199.48,190.68,214.68,211.33,180.59,243.8,L7
2016-03-27 10:06:14+00:00,189.8,194.29,188.38,183.32,207.44,205.54,173.86,231.05,L8
2016-04-12 10:05:44+00:00,188.78,192.94,183.51,182.48,202.59,201.07,169.67,216.49,L8
2016-04-20 10:08:50+00:00,207.76,208.76,202.92,202.45,216.07,214.47,187.19,241.75,L7
2016-04-28 10:06:06+00:00,189.8,193.93,184.49,183.22,205.64,202.02,167.54,216.78,L8
2016-05-06 10:08:55+00:00,196.26,209.77,197.84,192.31,205.35,205.45,167.09,224.05,L7
2016-05-22 10:08:58+00:00,207.27,209.62,204.44,206.36,222.02,227.66,184.67,244.38,L7
2016-05-30 10:06:11+00:00,178.33,179.19,176.74,176.04,197.96,198.99,163.66,200.92,L8
2016-06-07 10:08:39+00:00,192.4,194.35,182.25,184.25,202.69,202.96,167.79,216.88,L7
2016-06-15 10:05:50+00:00,190.78,193.18,187.23,187.48,207.51,204.41,172.13,222.47,L8
2016-06-23 10:08:42+00:00,204.78,203.44,203.57,194.25,212.41,214.37,179.55,237.82,L7
2016-07-01 10:05:59+00:00,200.31,210.59,199.17,194.29,212.8,214.34,176.43,233.61,L8
2016-07-09 10:09:05+00:00,189.97,195.33,185.35,185.63,203.43,203.7,170.12,216.46,L7
2016-07-17 10:06:30+00:00,196.04,199.02,192.41,190.46,210.73,209.06,173.26,229.2,L8
2016-08-02 10:06:33+00:00,189.82,193.29,180.93,190.45,208.14,200.67,168.79,225.48,L8
2016-08-10 10:09:09+00:00,179.13,180.73,178.22,177.1,195.92,180.27,165.07,220.14,L7
2016-08-18 10:06:13+00:00,198.71,210.07,197.67,190.12,212.57,211.73,174.17,235.13,L8
2016-08-26 10:08:48+00:00,199.58,209.42,197.54,197.07,213.89,215.85,174.68,240.64,L7
2016-09-03 10:06:20+00:00,199.18,209.97,197.89,190.68,212.29,211.33,175.0,241.43,L8
2016-09-11 10:08:50+00:00,197.8,208.1,197.54,187.38,211.67,209.02,172.34,,L7
2016-09-27 10:08:53+00:00,204.43,209.97,199.86,198.64,218.31,211.92,182.94,239.57,L7
2016-10-05 10:06:24+00:00,199.28,208.0,199.07,188.77,214.11,211.89,174.69,239.92,L8
2016-10-29 10:09:12+00:00,199.16,206.67,201.73,198.9,218.22,205.75,,242.05,L7
2016-11-22 10:06:52+00:00,185.38,193.01,182.62,175.77,204.66,199.88,162.27,229.18,L8
2016-11-30 10:08:38+00:00,195.6,211.69,203.67,177.88,225.96,216.24,,250.31,L7
2016-12-24 10:06:22+00:00,183.59,190.41,184.02,171.34,212.73,205.85,175.33,235.84,L8
2017-01-01 10:08:49+00:00,,208.49,180.67,172.38,,,,249.15,L7
2017-01-09 10:06:19+00:00,175.14,185.85,180.15,184.82,209.91,192.4,160.59,,L8
2017-02-02 10:08:08+00:00,,208.77,181.51,176.57,203.78,199.02,168.81,231.51,L7
2017-02-10 10:06:29+00:00,184.37,191.0,183.74,175.89,209.55,205.06,167.21,229.26,L8
2017-02-26 10:06:00+00:00,186.98,190.85,180.55,176.03,207.36,200.81,168.67,229.49,L8
2017-03-14 10:06:16+00:00,195.59,209.34,192.33,184.69,215.09,206.79,172.14,242.57,L8
2017-03-22 10:08:20+00:00,194.1,198.59,187.81,183.23,208.35,200.99,180.69,234.07,L7
2017-03-30 10:06:07+00:00,196.81,209.02,195.99,187.3,214.62,213.31,174.25,241.13,L8
2017-04-07 10:08:48+00:00,185.47,195.64,198.62,192.33,217.21,214.32,181.17,233.48,L7
2017-04-15 10:05:59+00:00,190.39,198.59,186.77,190.37,211.39,206.86,172.83,226.4,L8
2017-04-23 10:08:32+00:00,191.61,204.09,193.62,188.67,206.57,209.96,175.18,229.17,L7
2017-05-17 10:05:59+00:00,198.77,207.47,199.93,203.43,219.53,216.86,,238.68,L8
2017-05-25 10:09:03+00:00,189.19,196.78,179.55,182.38,,,173.97,220.37,L7
2017-06-02 10:06:09+00:00,198.1,210.61,198.54,202.51,216.91,214.43,180.7,238.38,L8
2017-06-18 10:05:51+00:00,190.22,196.17,184.42,185.09,207.48,202.35,172.21,222.63,L8
2017-06-26 10:09:10+00:00,190.32,198.43,189.89,190.83,202.53,199.33,166.69,213.94,L7
2017-07-04 10:05:55+00:00,190.8,193.84,188.45,190.97,209.33,203.55,176.15,224.04,L8
2017-07-12 10:09:11+00:00,189.63,196.3,,189.48,203.87,200.82,167.64,216.37,L7
2017-07-20 10:06:24+00:00,192.59,198.23,187.31,190.7,207.56,206.27,172.07,220.32,L8
2017-07-28 10:08:47+00:00,,,201.92,200.13,217.61,214.54,184.58,239.64,L7
2017-08-05 10:06:07+00:00,193.23,196.84,185.03,188.57,206.03,204.39,171.01,216.6,L8
2017-08-13 10:09:08+00:00,,197.87,189.0,183.28,199.85,200.43,167.57,219.69,L7
2017-08-21 10:06:12+00:00,191.25,194.96,184.57,190.1,206.91,202.01,172.07,224.04,L8
2017-08-29 10:09:09+00:00,190.94,200.28,181.16,182.06,204.63,,171.88,229.05,L7
2017-09-14 10:09:07+00:00,194.24,202.26,194.16,185.5,211.55,201.83,,,L7
2017-09-22 10:06:42+00:00,195.52,207.35,196.52,190.96,214.31,209.39,175.42,238.37,L8
2017-09-30 10:08:44+00:00,198.39,210.73,198.35,190.9,214.34,210.21,173.89,222.4,L7
2017-10-08 10:06:24+00:00,190.84,201.14,192.93,184.09,208.96,206.49,172.55,231.11,L8
2017-10-16 10:08:46+00:00,198.69,206.32,201.06,190.86,218.87,212.8,180.52,245.11,L7
2017-10-24 10:06:50+00:00,176.95,186.36,178.1,171.98,201.89,192.34,160.29,213.44,L8
2017-11-01 10:09:10+00:00,189.79,210.22,196.39,185.51,,,174.97,242.55,L7
2017-11-17 10:08:43+00:00,,,,190.48,216.53,,,236.47,L7
2017-12-03 10:09:00+00:00,173.43,185.24,169.33,162.1,205.82,,162.15,218.8,L7
2018-01-04 10:08:15+00:00,170.93,180.55,174.39,177.25,,,161.89,,L7
2018-01-20 10:08:25+00:00,169.37,,,180.98,209.36,187.24,164.9,,L7
2018-01-28 10:06:27+00:00,186.85,193.21,181.89,177.21,216.19,205.75,170.56,240.93,L8
2018-03-09 10:07:24+00:00,,209.2,201.68,198.5,220.88,212.69,174.65,236.91,L7
2018-04-02 10:05:58+00:00,195.4,194.94,184.99,182.09,206.81,203.96,168.06,226.42,L8
2018-05-12 10:06:47+00:00,188.42,191.95,182.66,184.32,,203.96,169.84,215.13,L7
2018-06-21 10:05:29+00:00,193.64,200.11,192.38,187.16,212.22,213.66,173.95,228.52,L8
2018-06-29 10:05:58+00:00,190.72,200.0,189.82,185.25,202.95,201.48,174.23,215.99,L7
2018-07-07 10:05:38+00:00,189.78,192.87,183.77,181.09,205.51,202.49,169.8,228.42,L8
2018-07-15 10:05:39+00:00,186.36,193.83,183.47,178.43,,196.66,166.52,216.87,L7
2018-07-23 10:05:45+00:00,189.68,190.78,181.83,183.95,204.46,200.86,174.12,221.77,L8
2018-07-31 10:05:22+00:00,204.58,211.86,200.99,200.6,207.52,205.21,174.62,232.04,L7
2018-08-16 10:04:41+00:00,195.02,207.95,,192.24,209.46,204.96,176.81,228.68,L7
2018-08-24 10:06:02+00:00,197.0,200.18,196.1,190.82,215.94,209.73,175.14,244.65,L8
2018-09-01 10:04:21+00:00,200.89,202.09,195.36,196.55,208.44,206.36,173.82,230.15,L7
2018-09-09 10:05:44+00:00,196.93,210.61,198.88,190.6,211.41,209.93,174.2,227.57,L8
2018-10-03 10:04:01+00:00,189.8,186.95,172.02,173.15,196.66,195.7,159.58,201.26,L7
2018-10-11 10:05:57+00:00,189.79,210.67,196.99,183.31,208.74,207.03,173.34,230.58,L8
2018-10-19 10:03:14+00:00,192.56,206.65,190.0,190.56,212.93,210.72,171.61,230.8,L7
2018-10-27 10:06:26+00:00,189.79,209.65,188.48,182.98,209.38,204.93,170.24,229.73,L8
2018-12-30 10:06:24+00:00,,207.45,184.67,185.02,218.41,205.76,190.52,237.46,L8
2019-01-07 10:01:34+00:00,183.21,177.97,171.87,166.3,204.15,,,,L7
2019-01-15 10:06:22+00:00,171.98,185.72,180.37,166.03,199.68,185.05,161.13,209.38,L8
2019-02-16 10:05:52+00:00,203.12,207.01,199.6,185.16,219.5,215.16,,249.97,L8
2019-02-24 09:59:41+00:00,201.43,210.04,196.18,188.47,217.59,215.0,179.7,246.04,L7
2019-03-04 10:05:48+00:00,190.31,205.14,193.95,190.62,214.03,212.51,176.86,230.34,L8
2019-03-12 09:59:10+00:00,186.31,188.42,179.77,176.14,,,163.12,222.28,L7
2019-03-20 10:06:07+00:00,190.9,208.17,190.03,188.32,211.61,207.49,172.94,229.91,L8
2019-03-28 09:59:02+00:00,,203.17,194.78,190.96,210.01,211.06,170.96,243.65,L7
2019-04-05 10:06:03+00:00,189.79,192.05,185.17,187.54,208.56,201.78,170.61,231.72,L8
2019-05-07 10:05:37+00:00,189.66,186.51,182.19,184.83,204.07,199.52,165.53,215.42,L8
2019-05-23 10:05:47+00:00,200.4,207.76,200.68,198.22,218.53,216.83,,,L8
2019-05-31 09:56:16+00:00,194.01,199.93,192.6,190.87,201.36,195.01,161.42,212.48,L7
2019-06-08 10:06:19+00:00,190.14,191.12,185.44,189.7,206.41,205.03,167.6,216.04,L8
2019-06-16 09:56:06+00:00,191.33,198.85,190.45,190.68,207.07,196.94,165.83,218.73,L7
2019-06-24 10:06:24+00:00,194.98,201.86,192.46,186.92,211.59,208.55,172.2,229.93,L8
2019-07-02 09:55:06+00:00,204.77,207.02,201.18,199.9,218.41,221.37,179.52,,L7
2019-07-10 10:06:04+00:00,182.15,188.38,178.39,180.76,201.66,191.77,172.0,218.5,L8
2019-07-18 09:54:53+00:00,194.94,210.02,188.9,190.89,,,186.8,245.76,L7
2019-07-26 10:06:32+00:00,198.29,207.53,199.57,195.88,213.98,216.99,182.88,240.44,L8
2019-08-03 09:54:14+00:00,,203.99,189.39,186.43,210.31,201.11,172.02,232.88,L7
2019-08-11 10:06:15+00:00,196.07,209.68,195.87,186.71,208.89,210.68,173.14,230.84,L8
2019-08-19 09:53:10+00:00,204.77,210.08,204.84,193.88,213.63,211.78,178.71,230.56,L7
2019-09-04 09:52:29+00:00,190.08,191.38,186.18,181.15,,,180.02,229.29,L7
2019-09-12 10:06:23+00:00,190.46,203.39,189.47,190.75,209.98,201.75,171.77,226.14,L8
2019-09-20 09:52:10+00:00,197.26,209.9,201.57,188.59,213.04,210.58,178.21,229.76,L7
2019-09-28 10:06:28+00:00,197.61,207.35,197.25,187.74,216.81,210.98,177.2,245.38,L8
2019-10-06 09:51:06+00:00,,184.63,180.41,181.69,,187.96,175.79,223.9,L7
2019-10-14 10:06:31+00:00,193.75,206.98,194.97,184.93,209.13,208.49,172.6,234.78,L8
2019-10-30 10:06:31+00:00,194.88,206.9,197.05,183.01,184.48,204.08,177.03,242.7,L8
2019-12-09 09:48:35+00:00,,,,180.98,,198.84,,,L7
2019-12-25 09:47:46+00:00,,187.0,,,207.0,,174.52,,L7
2020-01-02 10:06:44+00:00,,206.88,190.5,172.57,221.74,211.38,,248.85,L8
2020-01-10 09:46:33+00:00,,204.26,196.85,186.12,223.83,205.93,196.91,,L7
2020-01-18 10:06:41+00:00,168.52,180.43,176.98,181.3,206.71,181.41,158.01,215.84,L8
2020-01-26 09:45:46+00:00,,207.57,191.12,192.32,216.88,205.53,,238.9,L7
2020-02-19 10:06:33+00:00,182.34,195.39,180.37,176.11,204.84,193.58,161.51,,L8
2020-03-30 09:42:21+00:00,,199.84,191.31,186.69,206.54,204.48,169.63,219.66,L7
2020-04-07 10:06:11+00:00,197.36,207.86,200.48,190.73,216.2,216.1,176.11,245.34,L8
2020-04-15 09:41:26+00:00,193.74,195.8,,189.9,213.67,214.04,178.24,,L7
2020-05-17 09:39:54+00:00,190.55,194.85,187.84,190.5,204.68,200.17,173.78,228.0,L7
2020-05-25 10:05:59+00:00,190.34,190.55,182.36,187.44,208.44,203.23,170.65,223.97,L8
2020-06-10 10:06:08+00:00,184.75,187.66,178.79,180.61,199.9,195.02,162.56,208.68,L8
2020-06-18 09:37:37+00:00,193.81,,188.61,,206.16,200.58,168.67,215.07,L7
2020-06-26 10:05:52+00:00,195.69,209.88,197.95,196.65,213.83,215.06,179.13,226.79,L8
2020-07-12 10:05:59+00:00,190.34,193.81,184.65,188.04,208.48,201.24,167.61,218.91,L8
2020-07-20 09:36:05+00:00,196.38,209.96,197.48,191.16,212.06,,189.51,233.65,L7
2020-07-28 10:06:04+00:00,200.29,208.43,199.65,191.07,213.37,215.39,175.47,240.41,L8
2020-08-05 09:34:41+00:00,187.04,188.29,178.35,168.35,195.75,187.36,159.63,217.29,L7
2020-08-13 10:06:31+00:00,192.48,200.09,189.22,189.89,206.81,204.48,169.8,223.63,L8
2020-08-21 09:33:40+00:00,189.79,191.67,186.59,,208.05,203.95,173.83,225.06,L7
2020-08-29 10:06:16+00:00,195.98,207.17,197.27,195.31,213.88,213.2,180.51,227.36,L8
2020-09-06 09:33:01+00:00,195.88,201.76,190.92,186.41,204.39,204.65,,,L7
2020-09-14 10:06:46+00:00,197.29,210.27,196.4,190.66,214.57,211.08,174.07,243.77,L8
2020-09-30 10:06:26+00:00,195.73,208.95,194.55,188.2,213.02,207.62,172.12,234.19,L8
2020-10-16 10:06:28+00:00,,,,170.31,199.3,183.69,158.67,204.92,L8
2020-10-24 09:29:54+00:00,189.79,,,,209.12,200.52,162.95,224.9,L7
2020-11-01 10:06:51+00:00,192.11,207.85,198.16,190.76,218.36,213.34,,238.04,L8
2020-11-09 09:28:25+00:00,,,,195.22,217.7,207.44,,,L7
2020-11-17 10:06:50+00:00,174.79,193.68,179.26,170.32,204.39,186.49,158.26,206.49,L8
2020-11-25 09:27:42+00:00,166.63,188.41,176.33,161.06,208.0,,164.84,223.44,L7
2020-12-19 10:06:52+00:00,187.18,206.92,188.19,174.17,213.49,203.15,169.43,237.76,L8
2021-01-12 09:23:49+00:00,,,,,210.89,194.16,,208.55,L7
2021-01-20 10:06:40+00:00,,206.04,194.28,174.7,220.71,209.92,,247.81,L8
2021-02-13 09:21:29+00:00,,,187.65,196.42,,,158.08,226.99,L7
2021-02-21 10:06:34+00:00,192.64,205.63,190.58,179.08,216.3,211.97,170.24,244.27,L8
2021-03-01 09:20:40+00:00,190.06,202.6,188.64,178.68,211.79,,,252.06,L7
2021-03-25 10:05:56+00:00,196.97,207.03,199.15,196.19,218.51,217.59,,,L8
2021-04-02 09:18:06+00:00,203.32,207.04,191.03,183.98,211.01,213.44,,,L7
2021-04-26 10:06:07+00:00,189.8,200.03,183.89,180.44,205.7,203.48,166.69,224.84,L8
2021-05-12 10:05:41+00:00,174.03,182.53,174.94,173.08,197.07,187.06,165.87,214.19,L8
2021-05-28 10:06:15+00:00,191.39,201.51,189.74,183.34,204.71,207.86,171.02,229.39,L8
2021-06-05 09:12:43+00:00,190.91,,,192.17,212.94,210.12,176.52,229.53,L7
2021-06-13 10:05:57+00:00,190.67,199.06,189.25,181.84,204.5,206.71,174.16,225.58,L8
2021-06-21 09:11:01+00:00,184.42,188.6,173.14,171.36,200.01,183.93,156.48,,L7
2021-06-29 10:06:25+00:00,190.12,197.13,188.86,180.9,204.78,204.38,169.9,225.91,L8
2021-07-15 10:06:26+00:00,189.62,194.38,178.62,176.11,202.67,199.53,166.92,212.6,L8
2021-07-23 09:08:18+00:00,204.78,210.83,200.31,195.71,216.2,217.18,175.19,,L7
2021-08-16 10:06:41+00:00,,206.35,200.52,190.72,211.14,221.48,173.38,,L8
2021-09-25 09:02:41+00:00,,,190.95,172.85,216.37,198.19,168.2,212.8,L7
2021-10-03 10:06:30+00:00,195.76,208.48,198.86,195.65,217.05,214.82,179.65,235.82,L8
2021-10-11 09:01:40+00:00,189.78,211.6,199.1,204.73,213.14,210.86,171.55,243.69,L7
2021-10-19 10:06:58+00:00,194.51,208.01,199.2,191.06,218.71,212.53,,242.89,L8
2021-11-04 10:06:33+00:00,174.8,188.75,178.53,175.52,203.31,191.71,163.43,206.69,L8
2021-11-08 10:02:43+00:00,176.71,186.91,177.05,171.86,197.95,191.78,163.41,,L9
2021-11-13 10:05:11+00:00,185.3,206.35,193.44,178.04,216.85,203.74,171.53,238.35,L9
2021-11-18 10:07:39+00:00,180.95,186.59,180.07,175.49,203.53,193.41,163.86,,L9
2021-11-20 10:06:52+00:00,189.78,206.67,196.39,177.38,219.6,209.94,,246.95,L8
2021-12-30 08:53:40+00:00,,171.39,,192.02,200.5,196.54,,,L7
2022-01-07 10:06:22+00:00,172.41,185.1,178.35,181.13,206.54,193.41,157.63,,L8
2022-01-15 08:52:08+00:00,,,170.29,,,,,,L7
2022-01-15 10:06:46+00:00,186.06,207.52,194.91,188.98,220.54,213.28,,,L9
2022-01-23 10:06:42+00:00,182.19,197.03,185.99,188.62,218.34,210.17,,,L8
2022-02-08 10:06:39+00:00,180.52,185.24,180.48,173.69,207.05,195.92,167.84,,L8
2022-03-04 08:47:24+00:00,186.17,193.09,183.18,,,,,,L7
2022-03-28 10:06:17+00:00,190.48,198.36,187.56,187.87,210.85,207.26,171.49,228.2,L8
2022-04-05 10:06:28+00:00,189.79,193.15,189.17,185.45,208.9,203.66,171.37,226.31,L9
2022-05-08 08:35:29+00:00,,,,,203.43,200.54,166.19,220.72,L7
2022-05-13 08:40:44+00:00,208.25,207.84,200.02,190.65,219.01,222.08,185.09,,L7
2022-05-15 10:06:04+00:00,197.41,210.24,197.05,190.7,212.59,210.77,173.04,242.05,L8
2022-05-23 10:06:02+00:00,199.16,210.79,198.89,191.96,215.23,212.15,176.35,235.56,L9
2022-05-30 08:40:23+00:00,,211.74,201.12,191.42,216.84,208.46,179.43,241.24,L7
2022-05-31 10:06:07+00:00,189.79,180.12,179.42,179.63,203.57,197.54,162.69,214.52,L8
2022-06-11 08:33:56+00:00,192.08,208.56,197.64,194.05,213.82,,,,L7
2022-06-16 08:39:03+00:00,196.55,208.84,,,,,,,L7
2022-06-16 10:06:19+00:00,194.99,209.25,196.33,187.19,212.0,210.79,172.95,230.46,L8
2022-07-02 10:06:23+00:00,188.66,187.54,180.35,180.98,202.51,201.51,167.95,214.76,L8
2022-07-10 10:05:57+00:00,194.35,202.7,192.39,190.94,212.26,209.43,173.59,229.47,L9
2022-07-15 08:31:42+00:00,,,,190.38,214.43,221.35,,,L7
2022-07-18 10:06:47+00:00,198.93,207.94,199.4,198.59,215.73,213.55,180.48,244.14,L8
2022-07-20 08:36:43+00:00,,,,,,229.61,188.19,247.96,L7
2022-07-26 10:06:07+00:00,193.76,200.01,191.82,191.35,211.81,207.31,173.92,224.88,L9
2022-08-01 08:30:20+00:00,,,198.98,190.72,213.4,210.0,,,L7
2022-08-03 10:06:58+00:00,191.92,209.44,196.07,191.19,213.08,209.59,177.79,225.77,L8
2022-08-06 08:35:20+00:00,196.98,203.94,196.82,186.1,,,,,L7
2022-08-11 10:06:42+00:00,198.38,207.86,197.98,191.16,214.85,211.61,178.55,242.29,L9
2022-08-18 08:28:28+00:00,178.32,179.22,176.52,169.21,198.5,194.41,,,L7
2022-08-19 10:06:40+00:00,175.96,189.88,180.37,175.51,204.96,190.95,165.22,,L8
2022-08-23 08:33:49+00:00,,,184.1,186.32,200.26,202.01,170.67,,L7
2022-08-27 10:06:22+00:00,193.91,206.04,189.08,191.18,211.22,206.33,174.04,226.07,L9
2022-09-04 08:26:53+00:00,,177.5,182.09,177.34,200.71,198.47,165.97,221.06,L7
2022-09-04 10:07:04+00:00,191.66,190.57,185.55,183.62,207.24,201.86,168.27,221.92,L8
2022-09-09 08:32:12+00:00,,,183.8,186.82,204.43,212.79,,,L7
2022-09-12 10:06:23+00:00,194.57,206.96,199.06,191.14,215.79,210.44,178.07,229.52,L9
2022-09-20 10:07:11+00:00,190.91,190.89,187.34,187.19,208.38,200.72,171.77,229.5,L8
2022-10-06 10:07:07+00:00,196.31,206.62,194.22,189.62,212.44,209.71,172.1,240.69,L8
2022-10-25 08:21:29+00:00,,174.95,182.5,,,,136.4,,L7
2022-10-30 08:26:15+00:00,,189.59,175.67,179.66,,,,,L7
2022-10-30 10:06:58+00:00,193.86,208.32,192.47,187.84,215.41,207.78,,241.23,L9
2022-11-11 08:19:10+00:00,,,,,208.09,,,,L7
2022-11-15 10:07:00+00:00,189.78,207.66,192.52,181.13,213.98,205.67,,235.78,L9
2022-12-25 10:06:31+00:00,,208.32,184.99,186.78,218.38,201.65,162.34,242.04,L8
2023-01-02 10:06:59+00:00,,207.46,192.66,188.4,219.94,213.33,,,L9
2023-02-03 10:07:01+00:00,186.52,191.23,182.5,175.67,211.86,204.9,168.55,238.5,L9
2023-02-11 10:06:51+00:00,192.47,206.56,196.97,182.62,218.58,214.32,,250.02,L8
2023-02-14 08:13:48+00:00,,,,169.48,,,,,L7
2023-02-19 10:06:30+00:00,202.83,209.84,194.05,181.28,219.55,214.65,,247.92,L9
2023-03-07 10:06:43+00:00,189.79,194.83,184.68,179.39,209.56,206.05,171.1,231.76,L9
2023-03-23 10:06:37+00:00,193.79,207.14,197.33,190.71,217.73,211.81,175.34,241.58,L9
2023-04-11 08:04:13+00:00,,178.49,183.66,177.29,211.5,216.0,,,L7
2023-04-16 08:07:56+00:00,174.62,,,,,197.39,174.94,225.35,L7
2023-04-24 10:06:21+00:00,194.68,201.85,194.87,190.68,213.01,208.1,171.73,230.93,L9
2023-05-03 08:02:18+00:00,184.24,186.31,184.12,182.53,208.97,,,243.31,L7
2023-05-10 10:05:47+00:00,189.81,191.35,185.91,186.12,209.81,202.49,163.08,216.15,L9
2023-05-25 07:59:44+00:00,186.75,196.39,187.81,179.89,216.88,215.63,,,L7
2023-05-26 10:05:36+00:00,190.65,195.61,189.77,188.17,213.28,208.17,173.25,227.27,L9
2023-06-03 10:05:52+00:00,193.54,197.61,186.82,183.01,206.59,204.96,170.08,224.88,L8
2023-06-11 10:05:55+00:00,191.04,196.69,185.45,196.15,214.47,205.88,,,L9
2023-06-16 07:56:13+00:00,175.21,173.2,,,196.92,179.78,158.19,,L7
2023-06-21 07:59:55+00:00,188.8,189.92,184.58,187.16,207.88,209.82,161.81,202.36,L7
2023-06-27 10:05:30+00:00,191.37,196.14,189.94,191.14,210.72,203.56,173.45,228.46,L9
2023-07-05 10:06:11+00:00,190.42,199.2,191.8,190.53,208.93,208.39,175.46,224.93,L8
2023-07-08 07:52:57+00:00,,,180.3,175.61,208.13,204.69,168.56,203.96,L7
2023-07-13 07:56:08+00:00,,191.05,181.84,173.63,202.18,201.74,167.25,,L7
2023-07-21 10:05:50+00:00,190.73,197.57,192.5,184.47,205.88,205.96,172.49,226.21,L8
2023-07-29 10:06:11+00:00,194.53,202.02,190.27,190.8,212.8,208.78,174.2,226.43,L9
2023-07-30 07:48:46+00:00,,,,,209.97,210.52,,239.23,L7
2023-08-09 07:55:15+00:00,,,208.68,205.84,219.41,218.74,,,L7
2023-08-14 10:06:18+00:00,202.85,205.93,199.52,195.7,217.22,214.08,179.0,243.49,L9
2023-08-22 10:06:31+00:00,197.06,207.35,197.0,195.03,216.83,211.11,178.79,240.48,L8
2023-08-26 07:47:21+00:00,144.81,179.5,199.27,205.44,212.9,214.92,171.56,241.3,L7
2023-08-30 10:06:04+00:00,183.4,194.74,181.22,176.16,202.37,196.07,168.85,218.9,L9
2023-08-31 07:50:39+00:00,,177.6,182.67,174.54,204.54,200.12,165.53,,L7
2023-09-07 10:06:30+00:00,198.1,208.29,198.67,189.15,212.51,211.54,173.71,234.41,L8
2023-09-23 10:06:12+00:00,189.8,194.2,186.87,184.0,204.07,199.69,169.21,221.92,L8
2023-09-27 07:47:51+00:00,,,,,217.69,214.01,157.89,,L7
2023-10-01 10:06:35+00:00,196.57,207.97,197.27,192.91,215.72,209.93,175.64,228.9,L9
2023-10-09 10:06:41+00:00,191.64,209.6,193.43,182.49,211.69,211.44,173.79,235.24,L8
2023-10-19 07:41:45+00:00,,,171.32,,,174.03,135.24,,L7
2023-11-18 10:06:45+00:00,174.79,185.5,177.62,167.47,206.08,184.24,156.31,214.96,L9
2023-12-20 10:06:52+00:00,181.46,198.22,184.05,183.04,215.67,201.99,164.81,232.07,L9
2024-01-13 10:06:39+00:00,174.8,193.19,182.14,185.67,211.56,201.12,166.68,,L8
2024-01-21 10:06:22+00:00,182.62,196.68,184.99,184.89,214.35,206.74,165.23,231.86,L9
2024-01-29 10:06:34+00:00,184.0,207.13,194.4,188.03,216.35,213.28,172.78,245.64,L8
2024-02-14 10:06:12+00:00,184.66,195.03,182.62,176.14,208.84,202.7,167.1,227.28,L8
2024-02-22 10:06:13+00:00,189.75,209.84,190.81,182.56,216.21,209.18,171.99,236.77,L9
2024-03-09 10:06:19+00:00,,190.04,,221.74,204.92,184.19,154.55,,L9
2024-03-17 10:06:20+00:00,191.91,205.47,196.17,191.76,217.24,211.47,178.61,234.7,L8
2024-04-10 10:06:29+00:00,172.85,184.57,176.12,172.07,197.27,178.32,159.85,204.07,L9
2024-04-26 10:06:09+00:00,194.15,209.0,191.94,186.49,210.09,206.13,171.56,230.49,L9
2024-05-04 10:05:27+00:00,191.38,194.66,184.13,185.27,206.48,204.23,170.96,223.18,L8
2024-05-12 10:06:06+00:00,194.58,204.23,189.62,189.61,211.6,210.09,173.66,226.3,L9
2024-06-05 10:05:37+00:00,190.79,197.85,186.89,190.61,210.69,206.52,173.32,224.64,L8
2024-06-13 10:05:24+00:00,185.1,188.58,181.21,181.72,205.41,201.5,166.81,216.83,L9
2024-07-07 10:05:53+00:00,189.9,195.9,187.6,186.11,208.94,204.51,172.55,214.64,L8
2024-07-15 10:05:34+00:00,195.19,205.8,193.41,194.54,212.97,210.48,177.08,229.83,L9
2024-07-31 10:05:37+00:00,196.37,210.76,196.36,195.64,213.63,214.37,179.39,229.26,L9
2024-08-08 10:05:40+00:00,195.54,209.56,194.28,184.87,210.54,210.41,172.66,230.98,L8
2024-08-24 10:05:53+00:00,197.42,207.74,199.33,196.38,214.54,214.6,180.32,228.61,L8
2024-09-01 10:06:17+00:00,197.28,207.78,198.03,194.93,217.0,214.66,181.3,230.67,L9
2024-09-09 10:06:25+00:00,179.83,194.08,182.44,176.14,206.41,193.83,165.88,222.7,L8
2024-09-17 10:05:57+00:00,190.41,194.02,182.47,184.54,207.34,202.1,173.93,229.88,L9
2024-09-25 10:06:00+00:00,192.35,206.98,197.22,184.97,213.7,208.56,173.67,233.31,L8
2024-10-11 10:06:31+00:00,188.99,188.03,181.86,170.49,201.16,188.17,162.77,214.52,L8
2024-10-27 10:06:33+00:00,194.56,196.93,184.63,180.58,209.04,203.87,165.85,231.73,L8
2024-11-04 10:06:14+00:00,190.56,207.96,196.13,184.0,217.68,208.04,177.4,232.51,L9
2024-11-20 10:06:20+00:00,,,,167.01,195.1,184.61,157.56,203.75,L9
2024-11-28 10:06:44+00:00,189.78,206.05,189.84,178.26,218.06,209.39,171.18,245.77,L8
2024-12-14 10:06:08+00:00,180.75,188.06,176.08,179.4,200.96,196.33,162.31,215.23,L8
2024-12-22 10:06:19+00:00,169.58,189.34,179.84,179.57,206.64,,160.13,216.58,L9
2024-12-30 10:06:34+00:00,,206.56,193.15,185.54,218.94,211.08,167.04,,L8
2025-01-15 10:06:37+00:00,182.65,205.42,191.21,186.16,215.79,208.1,168.48,,L8
2025-02-16 10:06:31+00:00,189.48,209.35,193.46,180.47,216.84,209.17,171.83,244.08,L8
2025-02-24 10:06:39+00:00,190.22,199.74,188.38,186.34,216.88,209.97,172.59,238.29,L9
2025-03-04 10:05:59+00:00,190.12,206.03,193.6,181.37,213.66,209.8,172.14,241.38,L8
2025-03-20 10:06:12+00:00,190.14,203.27,189.3,179.44,208.95,205.86,171.25,230.47,L8
2025-04-29 10:06:16+00:00,196.85,207.28,197.69,195.56,219.45,213.1,179.37,239.78,L9
2025-05-07 10:05:31+00:00,189.81,194.12,186.01,183.7,206.38,202.89,170.3,224.27,L8
2025-05-31 10:05:34+00:00,190.88,198.98,185.16,189.0,211.04,208.1,171.88,228.5,L9
2025-06-08 10:06:03+00:00,190.62,198.11,188.84,183.53,208.19,208.22,170.98,223.71,L8
2025-06-24 10:06:15+00:00,197.6,209.3,197.91,190.64,211.28,214.27,174.86,231.22,L8
2025-07-02 10:06:15+00:00,194.51,204.6,192.85,191.94,211.8,208.5,177.59,224.99,L9
2025-07-18 10:05:57+00:00,190.52,192.42,180.74,182.98,206.2,204.34,171.48,218.3,L9
