,dates,chi0329-0000,chi0329-0001,chi0329-0002
0,1985-01-25 14:04:03+00:00,199.9831502064331,204.27912068549318,194.79118983625403
1,1986-01-28 14:00:46+00:00,206.87891392567175,196.3270645558985,194.28070881104074
2,1986-02-13 14:00:24+00:00,199.58334676850984,180.92614212739153,184.39735875323467
3,1986-03-01 14:00:01+00:00,215.97316606959737,201.02248815096382,206.82749827824918
4,1986-04-02 13:59:23+00:00,200.272784176706,187.98432773206198,196.4179895919732
5,1986-05-04 13:58:38+00:00,204.65135162919816,190.9424065454406,
6,1986-05-20 13:58:12+00:00,205.0879727138884,183.38683396738514,
7,1986-06-05 13:57:43+00:00,210.68314584506913,,
8,1986-07-30 14:02:04+00:00,216.2621172966695,204.63572477032142,
9,1986-08-31 14:00:53+00:00,210.25279473809246,192.3604857375882,185.47737591150724
10,1986-09-16 14:00:22+00:00,214.83223446393046,200.0492193793389,199.49081456863954
11,1986-10-11 13:53:23+00:00,204.4144516136668,202.80580436852915,196.65962125925114
12,1986-10-18 13:59:20+00:00,212.68740992974548,191.0255872913498,191.42289638472616
13,1986-11-03 13:58:46+00:00,209.26888600271872,193.4223846038166,190.99557405220872
14,1986-11-12 13:52:14+00:00,205.00094037248655,205.40859002477177,198.7721551677241
15,1986-12-21 13:58:49+00:00,203.38726343066074,199.84752099661281,190.99714607996685
16,1986-12-30 13:52:55+00:00,209.4003619346853,194.56719518195072,192.47263144082265
17,1987-01-31 13:53:53+00:00,197.78462840112877,191.42765837091056,189.95158770529224
18,1987-02-07 14:00:21+00:00,204.34995446358587,193.09857193246788,190.53474516498025
19,1987-03-27 14:02:09+00:00,212.48072699817394,208.6655799766683,200.2340169163236
20,1987-10-21 14:07:25+00:00,208.7109458927564,194.0056972112806,194.69222778222573
21,1987-11-06 14:07:44+00:00,201.28217695348815,191.8546733873244,196.57777123460053
22,1987-11-15 14:01:45+00:00,200.96342713139714,190.19145143665327,188.5642912598176
23,1987-12-08 14:08:17+00:00,201.31949574645085,190.70696710982878,186.73438881868984
24,1987-12-24 14:08:32+00:00,196.34714163770843,187.46397240582627,181.9812996857062
25,1988-01-18 14:02:48+00:00,207.92763449949277,204.63813121025512,198.40172917040033
26,1988-02-26 14:09:36+00:00,204.93384639483304,205.76674422517274,202.12672359582052
27,1988-03-06 14:03:31+00:00,203.76553003102538,197.60069678968728,192.41462393405035
28,1988-04-07 14:03:45+00:00,207.63191681375773,198.9693454856882,193.3783265050379
29,1988-04-30 14:10:04+00:00,212.5504002078451,194.72096767576502,191.94875612401398
30,1988-05-16 14:10:15+00:00,203.10905566479545,194.2160259631123,
31,1988-05-25 14:04:07+00:00,201.15052401394595,,
32,1988-06-01 14:10:21+00:00,205.66758508329374,191.65976918676932,
33,1988-06-10 14:04:12+00:00,203.70365558034382,,
34,1988-07-19 14:10:33+00:00,219.848466518737,199.63527028162068,
35,1988-08-04 14:10:35+00:00,214.19485918659865,201.26858073251995,168.02763397209702
36,1988-08-13 14:04:23+00:00,,,
37,1988-08-20 14:10:36+00:00,209.4951513645159,199.6212514825666,179.98922525391197
38,1988-09-05 14:10:39+00:00,215.4359570129104,206.91863285005607,197.42076565335012
39,1988-09-14 14:04:25+00:00,208.7401337490501,194.6489205456906,193.88236399858528
40,1988-09-30 14:04:18+00:00,200.74827131122896,199.30526198780782,191.289398524618
41,1988-11-01 14:04:16+00:00,208.19789776067734,199.99933134948094,194.34927789237688
42,1988-11-17 14:04:14+00:00,212.0532903710189,195.37964532656417,187.60102164736702
43,1988-12-19 14:04:00+00:00,209.4439094495759,198.14094489240918,193.92484228747801
44,1989-01-20 14:03:39+00:00,209.41004134608716,201.27561830369137,196.8248909469137
45,1989-02-21 14:03:35+00:00,205.2800000066813,202.12605780563274,197.90854268872735
46,1989-03-25 14:02:36+00:00,207.97154985738493,199.95553216831138,197.08374386962376
47,1989-04-10 14:02:49+00:00,214.61979911190653,195.964638379647,189.90556998628662
48,1989-04-26 14:02:30+00:00,203.94187209041812,188.7685571961325,174.69125618636838
49,1989-06-04 14:08:05+00:00,204.27297808677608,,
50,1989-07-22 14:07:04+00:00,203.07267705132145,183.955658728179,
51,1989-08-16 14:00:20+00:00,199.42539773332345,190.86393235378577,178.80920375101746
52,1989-09-08 14:06:00+00:00,211.41131087434272,199.7083284048114,194.58208747376003
53,1989-09-24 14:05:35+00:00,205.95123206733464,196.86472508539507,193.59472626405199
54,1989-10-03 13:59:20+00:00,210.48748377003432,198.40376675911253,195.40398009851614
55,1989-11-04 13:58:20+00:00,200.79323480890534,191.5074877695689,184.83116519779472
56,1989-11-27 14:03:48+00:00,200.46679803156212,198.15664515466722,192.13467396753953
57,1989-12-22 13:56:55+00:00,205.79631802627867,204.22225120518783,195.3022010477884
58,1989-12-29 14:02:53+00:00,203.90600241765347,196.06330974866935,191.99783052462902
59,1990-03-03 14:00:47+00:00,208.63039837739922,194.26201617057745,194.607232547688
60,1990-04-29 13:53:47+00:00,206.27780010539857,202.6821546413899,192.21459848212734
61,1990-05-06 14:00:01+00:00,211.31372415779296,207.37639138974512,185.87974790127234
62,1990-05-22 14:00:04+00:00,200.2264539629685,193.27961516899833,
63,1990-06-07 14:00:02+00:00,217.08075552309035,,
64,1990-06-23 14:00:01+00:00,201.20110836220863,,180.84687317884683
65,1990-07-25 13:59:55+00:00,203.74850199254817,190.21767106404613,
66,1990-08-19 13:53:37+00:00,213.45740093660532,198.60295666595712,195.52266322638084
67,1990-09-11 13:59:42+00:00,206.66534405098975,197.92764991833914,192.37627775188906
68,1990-10-29 13:59:18+00:00,203.50013991065796,192.71578425431062,186.8194764132458
69,1990-11-07 13:53:09+00:00,212.30547861833637,199.59272852845805,197.20933297416641
70,1991-01-01 13:59:43+00:00,207.913410016978,205.32549409868244,206.15910209385117
71,1991-02-11 13:54:24+00:00,204.1889733731799,197.2310314057668,195.33701554914896
72,1991-02-27 13:54:42+00:00,204.88755891395584,200.8787608706151,200.3121583880213
73,1991-03-22 14:01:24+00:00,215.68046513545113,215.39003936783473,211.26444782965288
74,1991-04-07 14:01:37+00:00,213.54040606002476,218.16480044637316,218.39102778957772
75,1991-04-16 13:55:37+00:00,202.705988374298,199.3655800841826,195.85316726908331
76,1991-04-23 14:01:52+00:00,209.9024151285853,206.4018173097868,206.62008010510382
77,1991-07-05 13:56:53+00:00,213.9068839798839,,
78,1991-08-22 13:57:15+00:00,211.44848363837121,198.17494923185185,194.2724025786896
79,1991-09-07 13:57:30+00:00,208.02164620717602,199.51098796425754,200.44334244983634
80,1991-09-30 14:03:49+00:00,212.55568626928456,212.82248297771235,206.55899941705238
81,1991-12-12 13:58:08+00:00,209.63141782435915,203.24961263875593,203.43990399249842
82,1992-02-05 14:04:04+00:00,209.07245400629643,208.17093393559307,199.4130581158
83,1992-04-09 14:03:49+00:00,212.8517162140117,203.6627553644718,204.45862312536573
84,1992-06-28 14:03:04+00:00,219.69201483985688,,
85,1992-07-14 14:02:52+00:00,223.43599116711442,216.7315852430763,
86,1992-08-08 13:56:21+00:00,207.00996360388135,197.44597086481056,186.9161480137698
87,1992-08-31 14:02:10+00:00,212.2139084889103,195.365057955452,191.86582807861888
88,1992-11-03 14:01:06+00:00,224.453699868365,198.97325616104166,193.54000439497423
89,1992-12-05 14:01:03+00:00,209.01978444663627,190.50814563887374,193.78831179737367
90,1992-12-14 13:54:57+00:00,215.26161931195463,206.6507693687274,201.79234128415328
91,1992-12-21 14:01:13+00:00,191.84524441665408,183.4101471147136,189.59878129794546
92,1992-12-30 13:55:06+00:00,199.57101757155982,199.421988329092,192.38276972793037
93,1993-01-15 13:55:19+00:00,201.25576674818348,196.59703920233687,189.85567489064482
94,1993-01-22 14:01:35+00:00,214.16349299370378,216.03647081130424,199.60184932708128
95,1993-01-31 13:55:30+00:00,205.58300801076803,203.01195004001426,198.91636726044945
96,1993-02-07 14:01:45+00:00,207.56552099119128,190.15636440531168,191.57571351952154
97,1993-02-23 14:01:49+00:00,198.72367415659838,203.14417611864084,201.10581744083458
98,1993-04-05 13:55:54+00:00,212.5579307764239,203.44543056295063,204.24457461168933
99,1993-07-10 13:56:04+00:00,212.77607261495893,,
100,1993-08-02 14:02:14+00:00,223.26678143103442,218.00666883127548,176.99942552572713
101,1993-08-18 14:02:14+00:00,,,194.19231782282694
102,1993-10-30 13:55:46+00:00,206.36180264786515,195.49346507294618,197.51143602735672
103,1993-11-06 14:01:53+00:00,217.89024261107608,205.55915206029897,198.5838498240981
104,1993-12-08 14:01:42+00:00,210.94038431187406,202.3582125584315,194.10318464640528
105,1993-12-24 14:01:33+00:00,214.97500501953425,205.9772841394402,201.37824968321715
106,1994-01-25 14:01:07+00:00,205.24295228736622,194.99141209825729,194.7345322412182
107,1994-02-03 13:54:52+00:00,208.99178698987527,203.93919905655576,209.76180799244074
108,1994-05-01 13:59:38+00:00,209.3227664309355,197.87152179463564,182.84662900292352
109,1994-05-10 13:53:16+00:00,209.22733375411093,198.26073140186878,
110,1994-10-17 13:49:15+00:00,211.9127216480565,196.73078388412543,197.7606612126627
111,1994-10-24 13:55:12+00:00,223.52054602456633,200.09138340381799,191.64486395107892
112,1994-11-25 13:54:05+00:00,200.05952261704644,187.91250443636963,191.42465606720458
113,1995-01-05 13:46:37+00:00,216.25689931617944,205.1434419581602,204.7235886825758
114,1995-03-26 13:43:26+00:00,212.8886460077919,218.13490261384712,218.8870256559854
115,1995-04-02 13:49:20+00:00,211.26786641279452,201.67635673088594,196.95338015239668
116,1995-04-11 13:42:47+00:00,224.26122895693075,205.57801913905496,202.4468754954394
117,1995-04-18 13:48:40+00:00,209.19517723129022,194.39752106317883,190.8186556303791
118,1995-05-20 13:47:14+00:00,,,
119,1995-08-01 13:37:44+00:00,220.5470636482742,,
120,1995-08-08 13:43:36+00:00,,,
121,1995-09-09 13:42:05+00:00,220.39741378127658,206.35567301228494,198.79744249173913
122,1995-09-18 13:35:27+00:00,204.64290323408358,193.44474000420612,193.621849073645
123,1995-12-23 13:35:20+00:00,224.9902839481555,220.74328562249715,216.3825387643325
124,1996-01-15 13:43:09+00:00,212.08888213059527,219.95488049395274,208.70772947527968
125,1996-02-16 13:45:22+00:00,213.27970091803274,205.7324887198793,202.72829228617042
126,1996-02-25 13:39:48+00:00,210.5571122120367,203.17151435354504,200.8716034971019
127,1996-04-04 13:48:29+00:00,205.0119010096324,196.7887601904728,188.26888144127483
128,1996-04-13 13:42:52+00:00,203.25196658780027,192.35290254777783,185.30727716906432
129,1996-05-22 13:51:21+00:00,216.63126795732254,,
130,1996-05-31 13:45:41+00:00,216.82901644555932,,
131,1996-07-25 13:54:47+00:00,220.92492612933185,220.09401894128194,
132,1996-08-26 13:56:29+00:00,218.64776084685846,210.20714208295817,198.67437393238845
133,1996-09-04 13:50:48+00:00,220.19810693012136,212.94615121993743,212.19542601111576
134,1996-09-27 13:58:14+00:00,212.460359017853,201.656005654965,205.49251076987875
135,1996-11-23 13:54:50+00:00,214.30517271030385,209.25507893084637,204.3208935135814
136,1996-12-09 13:55:37+00:00,210.85226020673076,202.94264744102486,202.38580958678918
137,1996-12-16 14:02:08+00:00,218.79327673078646,213.22855978062012,205.0931003433101
138,1997-01-01 14:02:54+00:00,221.11050302706562,222.39688591717083,217.06929504404542
139,1997-01-26 13:57:52+00:00,216.08721740058772,208.280174770137,213.446615460006
140,1997-06-26 14:09:41+00:00,214.7271421309903,,
141,1997-07-05 14:03:48+00:00,211.43158716925785,,
142,1997-08-06 14:04:53+00:00,204.8313041672639,203.2502351164615,
143,1997-08-22 14:05:23+00:00,220.26329878594763,213.99312849171508,192.41845034734703
144,1997-09-07 14:05:52+00:00,199.79657447237344,186.20134693307577,181.92891069143877
145,1997-09-14 14:12:14+00:00,219.58566355780545,201.5954187027692,191.81085555861577
146,1997-10-25 14:07:12+00:00,215.5945519173204,201.47957956165823,193.38259590109104
147,1997-11-10 14:07:36+00:00,210.51919191894027,192.8217989803582,187.00911517981555
148,1997-11-17 14:13:56+00:00,206.1664847140414,202.32648075650764,192.21932470937628
149,1998-02-21 14:16:05+00:00,211.46746960625993,208.1540132657738,197.70570158603195
150,1998-03-25 14:16:35+00:00,208.27630490454916,196.424740185055,189.76643240521534
151,1998-06-22 14:11:36+00:00,217.44997191705184,196.96917526936343,
152,1998-07-08 14:11:51+00:00,205.72796823783636,194.035307209244,
153,1998-07-24 14:11:59+00:00,216.41959955221637,205.4260072474793,
154,1998-07-31 14:18:12+00:00,,199.72454239367102,181.08006051312228
155,1998-08-09 14:12:05+00:00,202.73594797029673,192.2077980244654,168.885556294541
156,1998-10-28 14:12:33+00:00,208.82851155979213,193.61240514562337,192.29974152251498
157,1998-11-20 14:18:53+00:00,208.1793959595255,197.03348626292708,198.57580047481957
158,1998-11-29 14:12:40+00:00,210.54146416277922,196.48991474821668,198.73030639335514
159,1998-12-22 14:18:54+00:00,208.76831665202457,198.59024607634558,193.69795797501118
160,1999-02-01 14:12:45+00:00,209.58704319497107,197.48925431841826,197.60713218092178
161,1999-02-17 14:12:55+00:00,215.00529265143854,201.84666316496237,208.79034221050787
162,1999-07-18 14:17:35+00:00,208.6516798377242,,178.5420799912009
163,1999-07-26 14:32:42+00:00,221.1703923128344,201.8858232651319,195.92959469174744
164,1999-08-12 14:11:18+00:00,207.6594362349777,193.99416725882617,183.48671054761544
165,1999-09-13 14:10:27+00:00,200.63600516243272,193.39693083608162,192.74019060608694
166,1999-09-20 14:16:26+00:00,216.00327661408733,194.37833932238541,190.10658317572913
167,1999-09-28 14:32:51+00:00,219.86638203258903,205.5794243149623,204.8244461446815
168,1999-10-07 14:26:42+00:00,211.88964207490199,199.88193165117954,196.80523799743528
169,1999-11-08 14:26:35+00:00,216.16860292544132,194.73877441246415,189.7540535027813
170,1999-11-15 14:32:44+00:00,212.68449078186447,192.51743460043204,193.95873863595003
171,1999-12-01 14:32:38+00:00,206.7580487912256,206.17981884645906,195.38339448368438
172,1999-12-02 14:08:48+00:00,210.38131318397797,209.77407545808035,201.6953137265882
173,1999-12-25 14:14:57+00:00,,,
174,1999-12-26 14:26:29+00:00,218.04257088846242,211.145626159285,207.39095466736563
175,2000-01-11 14:26:30+00:00,213.18450624552696,199.40256349422316,198.10485513651136
176,2000-01-18 14:32:37+00:00,216.70624725384857,211.68812259669562,217.17941100173607
177,2000-01-26 14:14:22+00:00,210.97712755150505,198.28072278987247,193.81546226368005
178,2000-01-27 14:26:28+00:00,204.81838030848522,192.31672256741905,188.93638967075336
179,2000-02-03 14:32:38+00:00,216.10665112469056,205.23268994760622,204.54352400919345
180,2000-02-11 14:13:53+00:00,220.2081586994333,214.14581320155514,204.71206269479353
181,2000-02-19 14:32:30+00:00,213.73875335053353,209.5854504494163,204.77798318476584
182,2000-02-20 14:07:20+00:00,205.9702998564251,202.61600066472965,199.39085640781374
183,2000-02-28 14:26:19+00:00,216.92557062581156,209.8167819771203,199.84176264193292
184,2000-03-31 14:26:11+00:00,217.121230775317,197.5529765648328,196.20583644896047
185,2000-04-23 14:32:10+00:00,212.25692470336304,203.46479680539346,199.9854463729586
186,2000-05-25 14:31:49+00:00,210.32803665743984,205.5335384881377,201.71860056256583
187,2000-06-02 14:15:56+00:00,205.39348012537755,,
188,2000-06-03 14:25:33+00:00,208.3044445288045,199.56834979098812,
189,2000-06-18 14:16:17+00:00,211.77750228501685,,
190,2000-07-12 14:31:20+00:00,220.89499620774313,220.46500766597856,191.22842873629332
191,2000-07-28 14:31:02+00:00,214.08714676267962,192.1596721418086,185.6868400443866
192,2000-08-06 14:24:46+00:00,209.85255489168532,184.8008524011303,161.95754949594402
193,2000-09-15 14:11:54+00:00,214.5194524334689,206.35329004815247,195.80600826894127
194,2000-09-22 14:18:09+00:00,213.50237364680083,204.48671220083008,192.768049633411
195,2000-09-23 14:24:07+00:00,219.16611313715117,200.6435215790371,193.96794965327524
196,2000-10-09 14:24:02+00:00,216.07049855771055,200.58335534062257,200.94879299656773
197,2000-10-16 14:29:59+00:00,215.69643018078534,199.6505292560726,202.69518551191737
198,2000-11-01 14:30:13+00:00,214.87952486568508,201.20703489042575,192.85568654962805
199,2000-11-18 14:12:43+00:00,210.64495696506086,211.84033425309164,208.22674280356273
200,2000-11-26 14:24:02+00:00,205.0447165434757,201.8048314686118,198.8108896014199
201,2000-12-03 14:30:11+00:00,218.89052957616212,207.51379335448686,199.5266798057985
202,2000-12-11 14:19:11+00:00,216.31461832552694,202.5626769441482,200.78759386221333
203,2000-12-12 14:24:03+00:00,216.62276002597042,201.36368324431956,201.79398401937195
204,2000-12-28 14:24:07+00:00,217.62925480714154,198.85900679632994,194.63905333757282
205,2001-01-04 14:30:15+00:00,213.90714981853276,213.98881714887446,210.10296996525759
206,2001-01-12 14:19:40+00:00,211.83431580280407,204.98626899175878,194.32590973976662
207,2001-01-13 14:24:09+00:00,218.41433528281846,217.52252026703388,202.8333801733219
208,2001-01-20 14:30:22+00:00,212.43764127118638,209.09708185177473,202.0349481436361
209,2001-01-21 14:13:34+00:00,222.04703617043972,214.62849751666755,204.3018240219541
210,2001-02-06 14:13:41+00:00,211.71343670348622,211.02686615585012,200.28816474879244
211,2001-02-13 14:19:52+00:00,199.6104763684348,195.19320173698137,190.74282813042808
212,2001-02-21 14:30:14+00:00,201.64559659092032,205.5624982856719,200.5943374562075
213,2001-03-01 14:19:59+00:00,207.12635166000726,206.05787308825705,199.82529970501002
214,2001-03-02 14:24:00+00:00,216.61240202706972,199.85948767347153,193.29163000693214
215,2001-03-10 14:13:47+00:00,214.7318355941347,202.263064900445,201.98985976198915
216,2001-03-18 14:23:54+00:00,221.738490724713,216.4782687943254,211.49130052544854
217,2001-04-18 14:19:50+00:00,213.94770706651883,192.21432760081254,188.3076247494173
218,2001-04-26 14:29:55+00:00,221.4333826854976,201.23809461967622,198.22731862716975
219,2001-06-05 14:20:13+00:00,219.9004615871093,207.22772196816044,191.60001623254365
220,2001-06-06 14:23:19+00:00,229.94961958639777,208.26164957002314,
221,2001-06-29 14:29:11+00:00,210.88285966128393,,181.87538496906015
222,2001-07-24 14:22:56+00:00,228.53496726317545,215.40785886734824,198.15451735590318
223,2001-08-08 14:20:10+00:00,208.1620939149344,200.32335707251588,191.61685235651274
224,2001-08-17 14:13:58+00:00,212.8401214130821,202.00804858758863,199.5413476329383
225,2001-09-10 14:22:15+00:00,205.92651319863327,191.79875620347562,189.27904807320581
226,2001-10-12 14:21:49+00:00,221.40765926653853,200.62452612538502,203.00430249647678
227,2001-11-28 14:19:24+00:00,210.0522638747597,196.41926965072057,197.96039718805966
228,2001-11-29 14:22:13+00:00,221.95848599873162,201.8273028636506,199.66822364779028
229,2001-12-06 14:28:22+00:00,214.25243803899357,200.97574205624713,201.35758455523225
230,2001-12-14 14:19:18+00:00,,,
231,2001-12-22 14:28:32+00:00,206.39814304708403,198.79111774800216,190.67424936886812
232,2001-12-23 14:13:03+00:00,199.66245229748887,197.79741673984256,198.12019042297453
233,2001-12-30 14:19:04+00:00,207.5315158170667,201.19950939660043,197.6541279828912
234,2002-01-07 14:28:35+00:00,213.7758515553452,211.1624492317689,203.5196715793639
235,2002-01-08 14:12:43+00:00,224.5838020942842,210.27539891320905,206.58210135817535
236,2002-01-15 14:18:54+00:00,209.7963897368031,200.09646425711196,197.5189403061163
237,2002-01-31 14:18:43+00:00,209.76910621836797,208.1839818205406,203.45215372244058
238,2002-02-08 14:28:45+00:00,,,191.92016764144353
239,2002-02-09 14:12:20+00:00,205.27898906248916,206.60588854138499,204.0873907603253
240,2002-02-24 14:28:46+00:00,211.98103154993984,213.14050396588163,211.09411469609756
241,2002-03-04 14:18:03+00:00,211.38271861206346,211.29993848400434,204.25322425769076
242,2002-03-20 14:17:54+00:00,210.4355236397192,207.20102374050512,203.08073041346412
243,2002-03-28 14:28:39+00:00,222.03869862905026,221.63988103262488,215.17711667917112
244,2002-04-13 14:28:39+00:00,216.45958694872309,204.86641344165682,208.3513712980616
245,2002-04-14 14:11:18+00:00,,,203.5667958869378
246,2002-04-29 14:28:41+00:00,195.25673797720685,192.4859968158387,191.15474734254707
247,2002-06-17 14:09:47+00:00,224.36177786471413,212.5656278485043,
248,2002-07-02 14:28:17+00:00,,,185.7560534208922
249,2002-07-03 14:09:27+00:00,219.59808250035567,,
250,2002-07-10 14:15:27+00:00,219.3930862603145,,
251,2002-07-27 14:21:55+00:00,215.6839731580706,202.15272154397596,192.58547812685117
252,2002-08-12 14:21:51+00:00,208.22981142563074,194.20785865661537,186.30675338649192
253,2002-09-13 14:21:33+00:00,216.0640141417848,211.84346676150167,204.98670651164898
254,2002-09-20 14:27:37+00:00,213.80454171197871,197.89725489502607,204.24329298733716
255,2002-10-06 14:27:33+00:00,203.12616070230774,,187.0708730838155
256,2002-10-22 14:27:39+00:00,199.1429846881837,190.08072409595107,193.01506863467404
257,2002-11-07 14:27:44+00:00,200.72578546199827,193.98210763768958,194.05149329631237
258,2002-12-18 14:21:56+00:00,225.99148979584518,210.60754629971018,201.91817751949245
259,2003-01-10 14:28:13+00:00,217.5592372832982,208.5626600293027,204.71320971887172
260,2003-01-19 14:22:09+00:00,218.17479721274765,208.7627131541215,212.53570867669902
261,2003-02-20 14:22:20+00:00,223.97437363197315,203.83605172840868,199.1340426395353
262,2003-02-27 14:28:31+00:00,219.4699270208183,209.121053902461,203.8047216466598
263,2003-03-15 14:28:35+00:00,219.13720263909437,215.11981271331553,212.27588380114128
264,2003-03-24 14:22:18+00:00,223.13366700099385,222.30800805875603,205.60354719241366
265,2003-03-31 14:28:33+00:00,219.81619429684787,210.36092524555025,204.7450128775285
266,2003-05-11 14:22:24+00:00,208.00649592991203,189.91393787246292,184.6708710322414
267,2003-05-27 14:22:22+00:00,207.59848716046676,200.11199541877096,183.7579808727719
268,2003-07-13 14:16:14+00:00,218.96725463268766,211.38607334847364,178.51848308862907
269,2003-07-21 14:28:23+00:00,,,
270,2003-08-14 14:16:48+00:00,218.277613511013,204.632819744346,203.58161941314486
271,2003-08-15 14:22:04+00:00,217.7364415047385,,
272,2003-08-22 14:28:15+00:00,,,
273,2003-08-23 14:10:47+00:00,208.9392262817814,200.08048005429296,199.4670955250319
274,2003-09-08 14:11:03+00:00,217.05572690654768,204.85838194247194,200.10823512733606
275,2003-09-23 14:28:02+00:00,,203.44884137825076,197.98168294216777
276,2003-09-24 14:11:18+00:00,211.5216207772577,200.80619775271015,191.77014724677446
277,2003-10-01 14:17:33+00:00,197.6248020568023,192.74179174242823,183.8253231310509
278,2003-10-10 14:11:30+00:00,204.48224441292848,199.89397799555226,196.96812523115412
279,2003-10-17 14:17:47+00:00,220.67225276737034,210.55142630556304,198.80611157772182
280,2003-10-18 14:21:55+00:00,217.69337467670985,195.77531956715518,193.1699658212125
281,2003-11-10 14:28:21+00:00,209.8127057526528,198.1639034732897,199.98642879746504
282,2003-11-18 14:18:12+00:00,205.56970894556534,191.01809543433728,190.6759635029548
283,2003-11-19 14:22:18+00:00,,,193.14459507223208
284,2003-12-05 14:22:22+00:00,224.59446919127979,218.71347206568595,
285,2003-12-12 14:28:36+00:00,216.21757401460383,192.41588788432574,190.80356591864626
286,2003-12-13 14:12:13+00:00,212.8838220880866,197.38092683329234,192.15541921745475
287,2003-12-21 14:22:31+00:00,,,
288,2003-12-28 14:28:45+00:00,,,186.8211524043158
289,2003-12-29 14:12:24+00:00,216.96428901145197,204.45591744702276,195.35047425023737
290,2004-01-05 14:18:36+00:00,227.17992764926598,225.55793823387302,201.74444029467887
291,2004-01-22 14:22:41+00:00,215.80668772514312,201.61524759844096,200.33842945547525
292,2004-02-15 14:12:36+00:00,242.39527863310641,232.90806108035696,188.42672038202068
293,2004-02-22 14:18:49+00:00,205.02162030212352,188.70270315979928,185.10027235680334
294,2004-02-23 14:22:46+00:00,223.31826004060676,203.82747134771262,198.94963854591623
295,2004-03-02 14:12:41+00:00,223.65664631996646,200.0920135357275,191.82065278003756
296,2004-03-17 14:29:07+00:00,191.333715090542,,
297,2004-03-18 14:12:47+00:00,203.93543280456146,190.55400924153165,176.99460464995448
298,2004-03-25 14:18:56+00:00,205.85995342670054,197.7273625314387,191.39746999639166
299,2004-03-26 14:22:57+00:00,213.71790842981284,,
300,2004-04-02 14:29:07+00:00,,,202.39348393433113
301,2004-04-03 14:12:58+00:00,206.26379375345482,193.97282265430943,191.99940726101133
302,2004-04-10 14:19:23+00:00,219.83156380459437,210.5204107017279,206.33467683133625
303,2004-04-11 14:22:52+00:00,215.42031598880263,203.49514616726603,203.48288340330114
304,2004-04-18 14:28:59+00:00,212.013443778361,197.32709528630284,201.0577208748667
305,2004-04-19 14:13:29+00:00,213.530125398213,199.34525479567185,197.51636290255232
306,2004-04-26 14:19:51+00:00,217.1027195082878,198.13818278844386,189.54144300458947
307,2004-05-12 14:20:19+00:00,203.75331146650788,203.72666421804576,196.5021005763965
308,2004-05-13 14:22:51+00:00,210.74472665437509,201.41354727098232,
309,2004-05-29 14:22:49+00:00,,,
310,2004-06-05 14:28:57+00:00,,,
311,2004-06-06 14:14:52+00:00,210.81823596902987,199.01683681729344,
312,2004-06-14 14:22:41+00:00,211.69151658417985,201.76013935738007,180.92077001840443
313,2004-06-29 14:21:44+00:00,207.17389834793812,188.92679855338426,
314,2004-07-07 14:28:51+00:00,213.15196340613647,201.3281365299022,180.7768820908134
315,2004-07-08 14:15:48+00:00,212.355247564084,201.43503017639276,
316,2004-07-15 14:22:10+00:00,212.31880260351807,204.05288216267252,173.9529747307785
317,2004-07-16 14:22:38+00:00,217.07402166753837,210.82469226563728,195.32804641852917
318,2004-08-16 14:22:53+00:00,217.0891704343382,205.30927833466555,197.2607103380236
319,2004-08-17 14:22:28+00:00,,,
320,2004-08-24 14:28:37+00:00,,213.35014536401627,209.7366663659876
321,2004-08-25 14:16:57+00:00,207.91093011925977,,
322,2004-09-01 14:23:19+00:00,201.55000359103704,197.45076438634223,190.94769334462651
323,2004-09-09 14:28:31+00:00,217.1516551812218,,
324,2004-09-10 14:17:23+00:00,221.4527708406465,198.95163963341778,197.46687553012785
325,2004-10-12 14:18:07+00:00,214.1816855371612,199.09333813489846,193.65474265102853
326,2004-10-19 14:24:27+00:00,209.67919574705545,193.16474991834798,191.1132036697913
327,2004-10-27 14:28:39+00:00,210.78225000907437,192.50816687518815,193.9124633971579
328,2004-11-04 14:24:46+00:00,203.77613986303078,186.85256598088876,185.0427751025424
329,2004-11-05 14:22:34+00:00,,,198.0281423427668
330,2004-11-13 14:18:42+00:00,211.0256992325052,210.1619372682514,209.5799925062462
331,2004-11-28 14:28:56+00:00,,204.8363727037177,196.2270957995687
332,2004-12-31 14:19:36+00:00,215.95874372040564,208.76257774937284,199.97180606137272
333,2005-01-07 14:25:51+00:00,211.4248350400486,200.0815423136671,201.5152762731062
334,2005-01-15 14:29:15+00:00,,,
335,2005-01-16 14:19:48+00:00,210.58186757524302,205.10060230249485,194.7042309267213
336,2005-01-24 14:23:03+00:00,,195.32993990388448,198.81273003484506
337,2005-02-01 14:20:00+00:00,217.62238625811588,198.25124572683185,197.9018795753134
338,2005-02-08 14:26:18+00:00,212.58958141175185,188.62564775371,191.6011839371278
339,2005-02-24 14:26:34+00:00,204.70482801991142,194.11059015416814,187.2708748152181
340,2005-03-04 14:29:32+00:00,215.4300662404037,208.05519939680724,
341,2005-03-05 14:20:31+00:00,217.70089783960154,207.88193405017645,194.42282318849757
342,2005-03-13 14:23:22+00:00,,,206.7704175269555
343,2005-03-21 14:20:40+00:00,214.53451192151405,197.46058490511908,198.5008033047238
344,2005-03-28 14:26:54+00:00,219.67660010316266,199.59395924604007,197.37907804270694
345,2005-04-06 14:20:45+00:00,196.7624490888621,190.76106756072477,181.13330930038217
346,2005-04-29 14:27:02+00:00,209.44254894472684,207.61532007105248,199.19832097806508
347,2005-05-08 14:20:55+00:00,216.86882281794047,205.1191964537394,203.30071473192427
348,2005-05-15 14:27:09+00:00,209.00183815584145,196.37412164945158,182.60507498428493
349,2005-05-16 14:23:17+00:00,,,200.69530268980083
350,2005-05-24 14:21:03+00:00,201.27517036013992,189.1617732230076,172.12820089521233
351,2005-06-01 14:23:13+00:00,,194.71790997501662,176.0740122270799
352,2005-06-25 14:21:16+00:00,202.2761080800644,173.40627778615902,160.11182249135712
353,2005-07-10 14:29:16+00:00,219.41254356521426,199.7911414797086,188.86125127755884
354,2005-07-18 14:27:38+00:00,218.4170123677698,205.77614817952414,190.43136128906528
355,2005-08-11 14:29:12+00:00,,197.94166346790098,199.1662879477564
356,2005-09-12 14:28:55+00:00,219.5615653079457,,
357,2005-09-13 14:21:48+00:00,209.0908687357348,200.42469082898828,196.20548018733666
358,2005-09-21 14:22:44+00:00,216.75518659019755,,
359,2005-09-28 14:28:55+00:00,213.0557085803979,197.1752042007192,196.5409031179598
360,2005-09-29 14:21:46+00:00,211.18773570280487,196.48249550109165,193.12702058411494
361,2005-10-14 14:28:57+00:00,,,200.4836399241301
362,2005-10-23 14:22:54+00:00,202.48567827916517,200.50767155680848,199.04564206217245
363,2005-10-30 14:29:11+00:00,,,
364,2005-10-31 14:21:43+00:00,206.00131997087118,199.32244677794625,195.43037979106856
365,2005-11-15 14:29:20+00:00,200.80156711685993,207.7723719294953,199.78233187868423
366,2005-11-24 14:23:13+00:00,215.50068850244023,194.66361337521928,
367,2005-12-01 14:29:26+00:00,203.72008709457327,198.1942111978874,192.66087667268633
368,2005-12-10 14:23:17+00:00,215.23510487358524,200.67633663034874,195.92323355700847
369,2006-01-11 14:23:31+00:00,223.36647251254666,203.70963175934986,
370,2006-01-26 14:29:56+00:00,208.9171766616672,202.117149506212,194.9996788589525
371,2006-02-19 14:29:55+00:00,,215.36896545203422,206.80783575738596
372,2006-02-27 14:30:38+00:00,207.20999402387736,,
373,2006-02-28 14:23:46+00:00,226.75128050872095,,
374,2006-03-07 14:29:57+00:00,211.72339076798013,201.92242241670203,204.02984725292083
375,2006-03-08 14:24:39+00:00,214.85589490835218,213.35080668415227,209.06435687975213
376,2006-03-16 14:23:46+00:00,,202.19329694947595,199.32389887270023
377,2006-03-23 14:29:56+00:00,207.75710569802962,200.29598883939664,
378,2006-04-08 14:29:53+00:00,209.05576321051385,194.43623067546952,
379,2006-04-16 14:31:33+00:00,216.87501303118586,211.58145249055428,205.47038535257715
380,2006-04-25 14:25:31+00:00,209.7379979188962,202.81185437969123,196.0288874758294
381,2006-06-03 14:32:15+00:00,202.1658805615964,187.43059326575755,
382,2006-06-28 14:26:27+00:00,215.35009108040126,214.89379430895727,195.92468079379256
383,2006-07-30 14:26:54+00:00,214.9459381752579,211.91017566454377,204.4796231370529
384,2006-08-07 14:23:21+00:00,208.3101019092351,198.7571790394616,183.3978370436289
385,2006-08-14 14:29:31+00:00,219.615415399343,205.38210628422587,197.23915668251544
386,2006-08-31 14:27:18+00:00,,,174.79162017504487
387,2006-09-15 14:29:23+00:00,,198.4842928706487,200.18926450686752
388,2006-09-24 14:23:08+00:00,207.06285107325076,197.92596415091262,201.97313868734588
389,2006-10-09 14:33:56+00:00,201.0739668270835,192.95103465072208,188.50370845214837
390,2006-11-03 14:27:59+00:00,201.99190712510187,195.26203745670585,194.80547882662137
391,2006-11-18 14:29:49+00:00,212.55090830847482,196.02593084272021,199.0431486896407
392,2006-11-19 14:28:08+00:00,206.82638703939222,197.42356278452345,193.2169301920371
393,2006-11-27 14:23:43+00:00,211.95365742312498,210.15934017405206,203.7987107768615
394,2006-12-05 14:28:16+00:00,,,
395,2006-12-12 14:34:30+00:00,187.3816376320683,193.26045089799354,190.43831478485725
396,2006-12-20 14:30:02+00:00,201.16564843232229,189.65927731679028,195.3075029604251
397,2006-12-21 14:28:24+00:00,215.62168971663147,194.12952641888305,193.0764958014055
398,2006-12-28 14:34:38+00:00,205.94413405196883,199.80443341089924,201.57325133563472
399,2006-12-29 14:23:53+00:00,201.92858852178057,189.1782939249764,192.4813437629204
400,2007-01-05 14:30:04+00:00,196.66442534450914,193.86944239358496,
401,2007-01-13 14:34:44+00:00,199.43945335634552,204.6997875377498,209.92399204542176
402,2007-01-29 14:34:48+00:00,206.61952915235426,212.2203279435389,208.99763704231734
403,2007-01-30 14:24:00+00:00,,,
404,2007-02-07 14:28:38+00:00,216.14246695707655,208.57754651838633,208.33085213119094
405,2007-02-14 14:34:49+00:00,213.18665669381804,213.05278036448783,204.46641460728353
406,2007-02-15 14:24:06+00:00,209.46637179912457,203.3120432012979,197.54913742433823
407,2007-02-22 14:30:19+00:00,213.41559710140717,205.4512826845994,
408,2007-02-23 14:28:38+00:00,212.62113940182823,215.7829671362917,200.4280043840959
409,2007-03-02 14:34:49+00:00,219.4910369065403,196.733180039831,201.29264100744285
410,2007-03-10 14:30:22+00:00,225.39205517402715,,
411,2007-03-18 14:34:46+00:00,211.24743536412365,201.82883274821225,203.0414957839448
412,2007-04-11 14:30:22+00:00,209.75549299457467,200.9426303565198,196.12967059272185
413,2007-04-12 14:28:29+00:00,200.34707624102555,189.04838224137586,190.22144889932574
414,2007-04-19 14:34:37+00:00,210.92925891832357,189.41288883450338,193.45049064684727
415,2007-04-27 14:30:19+00:00,216.72826353991655,216.19751378892238,218.55618226456193
416,2007-05-05 14:34:29+00:00,208.90550491029592,207.8044290718253,196.63247764564352
417,2007-05-06 14:24:05+00:00,202.8136054010594,192.64119295372643,188.89583738740185
418,2007-05-13 14:30:14+00:00,194.10254851654696,188.20293194133197,207.56067905069335
419,2007-05-14 14:28:12+00:00,208.59340957045464,215.20799756673023,217.40508609438075
420,2007-05-22 14:23:59+00:00,220.41823774619675,205.37938807128603,189.90825259536223
421,2007-06-07 14:23:56+00:00,204.12866856234584,197.08980905111818,
422,2007-06-15 14:27:42+00:00,218.75647246998392,205.941159610905,196.80112974702445
423,2007-06-23 14:23:55+00:00,,,
424,2007-07-08 14:33:33+00:00,211.69014016167534,,191.68782108233597
425,2007-07-09 14:23:53+00:00,,,
426,2007-07-17 14:27:19+00:00,214.510009190616,216.31288258971017,213.72368634101483
427,2007-07-24 14:33:26+00:00,218.47647474173746,212.95491298814397,200.94702117717804
428,2007-07-25 14:23:49+00:00,224.24928978311843,,
429,2007-08-09 14:33:17+00:00,222.22282531370607,214.76501954764183,211.26508847551852
430,2007-08-10 14:23:44+00:00,,,
431,2007-08-17 14:29:52+00:00,222.1954708519303,219.41386063276315,204.54648102456125
432,2007-08-18 14:27:01+00:00,221.20775454299567,213.33898657461197,201.42534159512758
433,2007-08-25 14:33:07+00:00,218.86950217461833,208.74803290434988,215.37223755994236
434,2007-08-26 14:23:38+00:00,228.86921946307004,213.48988494870477,212.52983108297158
435,2007-09-11 14:23:29+00:00,,,
436,2007-09-18 14:29:39+00:00,,214.70511769573588,211.44639833905748
437,2007-09-19 14:26:44+00:00,225.11142606623267,208.28913713691273,198.13407280345967
438,2007-10-20 14:29:42+00:00,,,
439,2007-11-05 14:29:53+00:00,,,200.28643471035198
440,2007-11-14 14:23:47+00:00,220.33293561541097,,
441,2008-01-08 14:30:12+00:00,,217.62914072221344,212.81764346888042
442,2008-01-17 14:24:01+00:00,218.17407750311133,198.877677567097,192.67597828507525
443,2008-01-24 14:30:12+00:00,,201.44513242740405,198.76301734953387
444,2008-02-09 14:30:09+00:00,,,206.66637378867534
445,2008-02-10 14:24:20+00:00,217.9526074805164,212.6994110011956,206.79520386554026
446,2008-02-25 14:30:04+00:00,,,202.27656416484254
447,2008-03-04 14:30:05+00:00,216.16486861855327,210.15229325765705,204.13426722542005
448,2008-03-05 14:23:50+00:00,212.40858885939429,,
449,2008-03-12 14:29:59+00:00,223.10363471626732,216.72955844718152,
450,2008-03-20 14:29:46+00:00,207.05829695633358,202.75696974296176,198.64306100994654
451,2008-03-21 14:23:49+00:00,214.66569883618138,,
452,2008-04-13 14:29:59+00:00,215.94137038980068,218.40119730645267,217.95417084995165
453,2008-04-29 14:29:55+00:00,,,201.16751517272198
454,2008-05-08 14:23:42+00:00,,,202.95755640967502
455,2008-05-31 14:29:43+00:00,212.02218813157552,194.47084765725856,188.61990512833202
456,2008-06-09 14:23:28+00:00,,,
457,2008-06-16 14:29:34+00:00,210.6476005161826,194.21205886848227,165.13654630415445
458,2008-07-27 14:22:56+00:00,215.95434391847803,196.14924208204016,185.90314607574982
459,2008-08-12 14:22:51+00:00,225.82096827774657,206.01637144566712,204.8471685382075
460,2008-08-19 14:28:59+00:00,225.781932491197,216.99752092213177,
461,2008-08-28 14:22:44+00:00,202.15171219855353,198.06961022747404,183.90992872880798
462,2008-09-04 14:28:51+00:00,212.07142589747525,217.7826400092384,201.53240848127334
463,2008-09-13 14:22:35+00:00,221.37784371663653,202.12921308664122,194.61185156993858
464,2008-09-20 14:28:42+00:00,,,
465,2008-09-21 14:18:32+00:00,210.7473509308586,197.7225179227864,192.92615070156967
466,2008-09-28 14:24:29+00:00,220.13492850379257,208.84286659523787,214.19623429053814
467,2008-10-06 14:28:32+00:00,228.6602322438193,213.59431152372045,209.0964258588724
468,2008-10-14 14:23:58+00:00,201.80574305902496,192.94639063854154,192.48951705516512
469,2008-10-15 14:22:21+00:00,218.1215109947927,203.69284572033186,201.8594970205199
470,2008-10-22 14:28:39+00:00,,,
471,2008-10-23 14:17:29+00:00,215.924255303533,195.8018158645624,192.32768323106353
472,2008-11-16 14:22:50+00:00,,,204.40925710755752
473,2008-11-23 14:29:06+00:00,207.01921802533354,186.64607138140633,
474,2008-11-24 14:17:15+00:00,207.9334031858523,194.51450431926975,197.54901682945837
475,2008-12-09 14:29:17+00:00,213.15069750198927,213.90333208242416,201.04791496325657
476,2008-12-18 14:23:11+00:00,216.2784837157631,196.89715439426394,190.57834582572903
477,2009-01-03 14:23:18+00:00,216.62268653333302,195.7191308895519,
478,2009-01-11 14:18:38+00:00,212.9639943759757,211.6105010474963,203.33914909375656
479,2009-01-18 14:25:00+00:00,200.86152858438817,205.18098524344848,206.01502676203606
480,2009-01-19 14:23:23+00:00,,210.79503335754004,205.81145954325953
481,2009-01-26 14:29:36+00:00,215.2469307993167,,
482,2009-02-03 14:25:26+00:00,217.93615643535543,212.94566344452122,212.5447135443369
483,2009-02-04 14:23:28+00:00,,,
484,2009-02-11 14:29:43+00:00,215.2780997621023,203.65387327663422,205.02041816770446
485,2009-02-19 14:25:50+00:00,212.25664880010459,192.38412024207076,189.7064404017763
486,2009-02-20 14:23:38+00:00,222.93426757287776,201.18282955681252,194.55886383114208
487,2009-03-07 14:26:13+00:00,201.64308985999946,194.05850646781676,191.22358928920033
488,2009-03-15 14:30:00+00:00,225.14290276104492,,
489,2009-03-16 14:20:15+00:00,215.57596767061986,217.29021649198518,209.7289563615996
490,2009-03-31 14:30:07+00:00,215.79889045379772,196.63409166225753,
491,2009-04-25 14:24:03+00:00,,,185.79408615284927
492,2009-05-18 14:30:17+00:00,205.09633902448488,193.1183360642121,186.08310574952327
493,2009-05-27 14:24:07+00:00,,,
494,2009-09-07 14:30:01+00:00,224.1427378472169,210.3717551811016,201.05606591488163
495,2009-09-16 14:23:49+00:00,217.86722187989446,198.588496731085,201.4533065097119
496,2009-09-23 14:29:59+00:00,,203.12306349968503,200.94853624060002
497,2009-09-24 14:23:32+00:00,207.5639919708478,195.8759148001537,196.93438467854037
498,2009-10-18 14:23:52+00:00,,201.72425613454,200.5553535617985
499,2009-10-26 14:23:53+00:00,214.38627126114756,205.68359196775722,204.03120091348842
500,2009-11-03 14:24:07+00:00,,,
501,2009-11-10 14:30:24+00:00,217.6640909635689,,
502,2009-11-11 14:24:00+00:00,216.6220627353231,198.35324228490978,198.73075194242116
503,2009-11-27 14:24:07+00:00,219.96563311806125,213.0220649471109,192.24368521358264
504,2009-12-05 14:24:31+00:00,207.40171691773548,197.48575702151302,
505,2009-12-13 14:24:16+00:00,217.24261114371183,208.61676881351923,197.57951013966138
506,2009-12-21 14:24:47+00:00,218.86151275810562,201.8009393811283,191.19026753275313
507,2009-12-28 14:31:05+00:00,218.81693965124873,202.38352138709635,203.47157170030383
508,2010-01-06 14:25:03+00:00,,,
509,2010-01-13 14:31:20+00:00,,,
510,2010-01-14 14:24:28+00:00,220.989784033994,208.31507012236972,198.9524457413362
511,2010-01-30 14:24:31+00:00,219.34654172247508,202.47130547315334,198.80464192382732
512,2010-02-06 14:30:44+00:00,206.73184050461043,207.06713294234112,207.53720860770258
513,2010-02-15 14:24:35+00:00,206.8766750544975,195.9854115356712,193.67639238855523
514,2010-02-23 14:25:39+00:00,223.36447094829433,209.39935134335835,199.77649283535305
515,2010-03-02 14:31:54+00:00,216.65118849983298,214.44587751106565,208.32667531285662
516,2010-03-18 14:32:00+00:00,,,
517,2010-04-03 14:32:03+00:00,216.13135032885617,198.4958700677279,
518,2010-04-19 14:32:04+00:00,,,196.18090493178877
519,2010-05-30 14:25:48+00:00,,,
520,2010-06-06 14:31:59+00:00,,,
521,2010-07-17 14:25:53+00:00,,,
522,2010-08-02 14:25:53+00:00,219.9014209485918,205.10176677333632,203.346034935954
523,2010-08-09 14:32:03+00:00,220.56460117355326,200.59045720688854,
524,2010-08-25 14:32:06+00:00,217.70367362286086,203.496611344542,
525,2010-09-03 14:25:57+00:00,,,204.10860240130745
526,2010-09-11 14:23:53+00:00,210.80158802189118,201.35384152634464,203.31647250309078
527,2010-09-19 14:25:57+00:00,219.9262538457442,206.00206113336105,
528,2010-10-29 14:23:29+00:00,214.92739641057503,202.96199300465076,192.36340787795064
529,2010-11-06 14:26:16+00:00,219.39667938649643,200.26313060570388,201.17711601002506
530,2010-11-14 14:23:28+00:00,,,
531,2010-11-21 14:29:39+00:00,215.35356667327918,194.20747413675045,192.76780466544832
532,2010-11-22 14:26:29+00:00,207.48488412663798,193.2210209553247,
533,2010-11-30 14:23:28+00:00,208.87720385647884,195.73780080334055,190.39079209646954
534,2011-01-01 14:23:35+00:00,199.59448472899936,188.33190381008464,182.59582840444716
535,2011-01-09 14:26:55+00:00,205.86066420655587,192.79524665369541,
536,2011-01-16 14:33:09+00:00,213.65603335893488,192.55341718810865,
537,2011-02-01 14:33:14+00:00,206.02277926390246,191.92631595106153,191.52799805670327
538,2011-02-02 14:23:38+00:00,210.89619055042283,194.86826285040937,193.08566363231742
539,2011-02-17 14:33:18+00:00,214.0175078937915,197.69400963883461,205.80200130284132
540,2011-02-25 14:29:49+00:00,200.7813957887753,194.68173046759094,200.05087097323374
541,2011-02-26 14:27:11+00:00,216.70071769273963,,
542,2011-03-13 14:29:45+00:00,197.7373869611558,199.20264622537476,207.0917756053141
543,2011-03-21 14:33:24+00:00,205.29132865278527,197.32622553842182,178.98009847035783
544,2011-03-22 14:23:30+00:00,206.03601891575903,192.13998763121756,194.27238817667387
545,2011-04-15 14:27:16+00:00,,,
546,2011-05-08 14:33:27+00:00,213.41068301067241,211.22495038042865,204.45755076673828
547,2011-05-17 14:27:13+00:00,,,
548,2011-05-24 14:33:26+00:00,,,
549,2011-06-09 14:33:27+00:00,205.82259283097787,192.05435190269856,168.51631276349408
550,2011-06-25 14:33:23+00:00,211.3110293458075,,177.58655430822972
551,2011-07-20 14:27:10+00:00,216.38915254245987,217.1138226863511,193.48143636838387
552,2011-08-21 14:27:04+00:00,,211.0520392185848,214.72968550542595
553,2011-08-29 14:22:23+00:00,193.54457787234017,183.10185533160345,179.4519585631903
554,2011-09-05 14:28:29+00:00,207.35363242700402,192.6198406258612,191.24288324583367
555,2011-09-06 14:27:00+00:00,218.92672886255258,199.28049153855144,200.73617032566216
556,2011-09-13 14:33:07+00:00,220.96680929631646,194.24443317094082,201.53577509432336
557,2011-09-29 14:33:06+00:00,211.36213503850678,,
558,2011-10-07 14:27:56+00:00,210.900465365408,203.54336892568958,197.31627650324126
559,2011-10-08 14:26:53+00:00,221.53779092957055,200.2708180972354,199.13109184737857
560,2011-10-15 14:33:07+00:00,213.26988422303813,212.68154409533557,204.84721498728368
561,2011-10-24 14:27:01+00:00,220.56186642674461,,
562,2011-11-09 14:27:10+00:00,216.51268107443,199.09292411656477,202.4842816930874
563,2011-11-17 14:21:06+00:00,207.1651717368922,190.39865900592633,190.89445870913556
564,2011-11-25 14:27:21+00:00,218.84309488809555,198.175104076964,199.90852335824493
565,2011-12-11 14:27:27+00:00,,,199.30226178355045
566,2011-12-27 14:27:38+00:00,,,
567,2012-01-12 14:27:42+00:00,,,203.56338090356644
568,2012-02-04 14:33:56+00:00,221.49320302671734,,
569,2012-02-13 14:27:48+00:00,216.31193181436583,201.31268290302563,197.93909507536873
570,2012-02-20 14:33:59+00:00,235.2716311546274,221.20412081999464,207.65434079180415
571,2012-02-29 14:27:47+00:00,225.22029192072776,199.33787179203992,193.20023530245103
572,2012-03-07 14:33:56+00:00,220.16293671445285,206.67305022856237,202.6744497976657
573,2012-04-17 14:27:44+00:00,215.31340304038366,200.2261776697599,
574,2012-04-24 14:34:08+00:00,210.54385696015294,201.72652558567302,
575,2012-05-10 14:34:31+00:00,,,201.51258413253262
576,2012-05-19 14:28:21+00:00,207.1891383354214,,
577,2012-06-04 14:28:00+00:00,,,
578,2012-07-06 14:28:20+00:00,212.87756015988296,199.016210448938,187.45886183735723
579,2012-07-13 14:34:37+00:00,,,188.96231862681736
580,2012-07-22 14:28:32+00:00,206.0526488327771,,
581,2012-07-29 14:34:46+00:00,,,
582,2012-08-07 14:28:43+00:00,,,
583,2012-08-23 14:28:53+00:00,190.01366201220486,184.5392940260837,179.04435233201303
584,2012-09-08 14:29:03+00:00,214.09707891000485,200.58934062670642,202.89945764235478
585,2012-09-15 14:35:17+00:00,204.5706845721931,194.08708989587234,198.12774643073652
586,2012-11-11 14:29:34+00:00,213.05545908998886,,
587,2012-11-18 14:35:49+00:00,212.0152317625649,,
588,2012-12-04 14:35:49+00:00,222.17893646077076,206.92099732665193,204.87515368916584
589,2012-12-13 14:29:44+00:00,,,206.3161015438948
590,2013-02-06 14:36:04+00:00,218.76474097945203,211.86626285735085,209.8357779542769
591,2013-03-03 14:29:49+00:00,,218.8386205909792,206.23668759812645
592,2013-03-10 14:35:59+00:00,,,197.28640244686022
593,2013-03-26 14:35:53+00:00,221.7138327960976,200.99351890816362,206.26678194725477
594,2013-04-11 14:35:52+00:00,215.45977671833887,196.125799388043,
595,2013-04-12 14:35:27+00:00,208.73287528680564,194.98330026776296,189.72571967896428
596,2013-04-20 14:29:36+00:00,,,191.8174802545454
597,2013-04-27 14:35:46+00:00,,,
598,2013-05-05 14:41:40+00:00,212.01073293040318,202.1041443862907,196.5752569261896
599,2013-05-13 14:35:43+00:00,,,
600,2013-05-14 14:35:38+00:00,,,
601,2013-05-21 14:41:53+00:00,212.63550873534396,194.4267372944649,195.04089908674456
602,2013-05-29 14:35:37+00:00,212.2281489329348,,
603,2013-06-06 14:41:53+00:00,211.71185258594295,188.43578244290205,176.96251861078017
604,2013-06-07 14:29:21+00:00,,,
605,2013-06-23 14:29:17+00:00,,,171.09897947385036
606,2013-06-30 14:35:23+00:00,,,184.65956193277077
607,2013-07-01 14:35:38+00:00,223.94713013122757,196.3136904747717,186.8497669738557
608,2013-07-16 14:35:14+00:00,,,
609,2013-07-24 14:41:49+00:00,224.67355235497223,198.03949665319007,199.31437487234015
610,2013-08-09 14:41:52+00:00,220.60629258809948,198.08356060295498,196.27576724661853
611,2013-08-10 14:28:53+00:00,223.25644626877806,205.50580647753304,203.8509187320022
612,2013-08-17 14:35:10+00:00,203.3653400859045,186.4127470826434,
613,2013-08-26 14:29:04+00:00,223.88190465701476,221.4979329604772,210.82231816799558
614,2013-09-03 14:35:42+00:00,212.04328457948506,209.21769281023708,210.71701019842772
615,2013-09-27 14:29:26+00:00,,,
616,2013-10-05 14:35:33+00:00,231.4591860538805,201.14128961550668,200.17100224803997
617,2013-10-21 14:35:28+00:00,219.75640479807024,202.33769646010404,197.49510934155134
618,2013-11-13 14:41:34+00:00,209.6116619563611,189.3488944163658,188.95323573664407
619,2013-11-14 14:29:51+00:00,225.4898875536953,197.17959874827167,188.73305340892844
620,2013-12-31 14:41:15+00:00,208.33824671287104,197.4233832862531,192.57822855408884
621,2014-01-01 14:30:06+00:00,,196.92908306416325,193.62482717484704
622,2014-01-08 14:36:17+00:00,,,193.25841182632635
623,2014-01-16 14:41:00+00:00,209.34540823885237,192.3614180636609,192.66061308934053
624,2014-01-17 14:30:17+00:00,226.9469011117277,198.14968567808012,197.1507225297955
625,2014-01-24 14:36:37+00:00,208.33784212341095,205.17626294661142,200.12123521883174
626,2014-01-25 14:34:47+00:00,212.88402923411786,203.28216583083437,189.53786745457012
627,2014-02-01 14:40:54+00:00,203.58534692703893,192.0953930997869,185.0514445345568
628,2014-02-02 14:30:33+00:00,214.10805178982594,,
629,2014-02-25 14:36:34+00:00,212.5193284794275,205.81757470327398,198.48404904323272
630,2014-03-06 14:30:28+00:00,217.3000654409284,206.17025113170425,
631,2014-03-21 14:40:15+00:00,207.80772308179937,196.08584282874455,192.98427130498683
632,2014-03-22 14:30:35+00:00,,,197.27330205982497
633,2014-03-30 14:33:54+00:00,210.1646370682729,206.31370861160434,202.8986130838683
634,2014-04-14 14:36:55+00:00,218.7003067732244,198.41670220952216,198.3935911690835
635,2014-04-30 14:37:04+00:00,210.0353805377915,203.12545985054393,198.72479582759857
636,2014-05-17 14:33:12+00:00,206.4222876684164,193.8174800002775,192.7040987240564
637,2014-05-25 14:31:02+00:00,207.17022247639264,199.26060511197997,185.58829427234286
638,2014-06-01 14:37:14+00:00,216.10440404586166,195.389689930993,184.16812328106798
639,2014-06-09 14:39:32+00:00,206.55810592790442,183.70809345663258,166.85644594759037
640,2014-06-17 14:37:14+00:00,,,
641,2014-06-18 14:33:23+00:00,210.4308417885575,197.82045194279462,189.0001702633891
642,2014-06-25 14:39:34+00:00,200.84061553633637,192.40187586205138,189.5920936038021
643,2014-06-26 14:31:08+00:00,201.32412947834752,,
644,2014-07-12 14:31:11+00:00,,204.3664556781861,192.61999810313836
645,2014-07-19 14:37:24+00:00,215.1831319648983,202.75131582612923,183.15484368307588
646,2014-08-05 14:33:41+00:00,222.92353193905885,193.4092520815934,186.77577664124996
647,2014-08-12 14:39:54+00:00,205.451249323046,197.44952044806084,200.15578641075496
648,2014-08-13 14:31:19+00:00,223.08472127896124,205.0367769800889,199.74232665120553
649,2014-09-06 14:33:48+00:00,205.07059466239014,198.2847400642594,194.82621769034677
650,2014-09-14 14:31:19+00:00,212.99843078019128,195.7680889334616,193.93440121707158
651,2014-10-16 14:31:40+00:00,,,
652,2014-10-24 14:33:53+00:00,210.33499924378984,192.08689175232917,195.00611243298468
653,2014-10-31 14:40:01+00:00,212.0397146588413,194.2547513435151,191.6447339364088
654,2014-11-25 14:33:51+00:00,217.98930675893357,200.43297102267323,199.23914362737557
655,2014-12-02 14:40:02+00:00,214.0539412026371,200.69732670391124,192.3257892430772
656,2014-12-26 14:38:22+00:00,,212.93047188922978,200.34924634860053
657,2015-01-11 14:38:25+00:00,,,198.41993262913343
658,2015-01-28 14:33:37+00:00,215.02433793367533,200.04813429895358,196.1717522566578
659,2015-02-12 14:38:29+00:00,,,
660,2015-02-13 14:33:28+00:00,218.53664079582265,200.4827577299629,198.80269267177266
661,2015-03-01 14:33:26+00:00,215.26571337274316,203.94902585573573,201.87183350346626
662,2015-03-16 14:38:49+00:00,,210.61754066746786,206.75334503432722
663,2015-03-17 14:33:15+00:00,,,
664,2015-04-01 14:38:55+00:00,,,
665,2015-04-02 14:33:03+00:00,203.62783830765943,193.2428737789328,194.5793381974274
666,2015-04-09 14:39:13+00:00,202.13635147746115,218.15227439701192,202.6786531313025
667,2015-04-10 14:32:51+00:00,,,
668,2015-04-17 14:39:04+00:00,,,
669,2015-04-18 14:33:03+00:00,216.1089694422703,214.7071272481704,214.66211483207977
670,2015-05-03 14:39:10+00:00,214.3622643121078,198.4912771115304,194.26317705973125
671,2015-05-04 14:32:50+00:00,211.5245775256614,199.92507933770258,197.57782479598717
672,2015-05-27 14:38:55+00:00,210.14773888488327,206.70753015833878,201.06837308099085
673,2015-06-05 14:32:51+00:00,205.58333870669057,194.89534317131896,189.69147906236233
674,2015-06-12 14:39:07+00:00,211.72291491530763,196.004624264539,187.16199028050116
675,2015-06-13 14:33:16+00:00,,,
676,2015-06-28 14:39:13+00:00,209.84104986022558,193.2554940924035,190.3381695980722
677,2015-06-29 14:33:19+00:00,,,
678,2015-07-07 14:33:09+00:00,198.75290647108025,197.58372316456087,180.989700245646
679,2015-07-14 14:39:23+00:00,209.32152361432793,195.76265523983176,192.420142397358
680,2015-07-22 14:39:36+00:00,217.93930922584693,198.83014417666197,200.80448163692674
681,2015-07-23 14:33:16+00:00,214.0562900084513,202.80721749577953,200.79582594254225
682,2015-07-31 14:33:27+00:00,,,
683,2015-08-16 14:33:31+00:00,210.83426827075408,,
684,2015-08-31 14:39:39+00:00,205.36110870176907,196.49971808030355,195.60498259688535
685,2015-09-01 14:33:30+00:00,,197.74526816815842,199.40242309797222
686,2015-09-17 14:33:37+00:00,,,
687,2015-10-02 14:39:52+00:00,210.29367135984617,184.16123236411383,183.11939867083498
688,2015-10-10 14:39:57+00:00,217.95913193882004,198.26458955357862,196.24741476735915
689,2015-10-11 14:33:41+00:00,219.72576867129857,208.55744069293232,205.289892502638
690,2015-10-26 14:40:14+00:00,203.69896305219527,200.2655332826313,198.58151394055145
691,2015-11-03 14:39:58+00:00,213.11555169445214,201.83959188369536,200.60030803687218
692,2015-11-12 14:33:46+00:00,212.13755290694934,194.56067894186168,196.97258968977678
693,2015-11-19 14:39:59+00:00,208.65805744008367,189.6226317016945,185.3738167433136
694,2015-11-20 14:34:28+00:00,,204.03685777249473,201.95460109218675
695,2015-11-27 14:40:44+00:00,203.12837902299992,191.1766294933699,194.4642178578683
696,2015-11-28 14:33:49+00:00,205.7022903864915,196.41033429062475,198.85402386169218
697,2015-12-14 14:33:48+00:00,211.52417706351716,205.46488593827547,203.4210190408365
698,2015-12-21 14:39:59+00:00,213.37980232505373,213.95660014113477,200.90918787261285
699,2015-12-22 14:34:57+00:00,,,212.57740973134713
700,2015-12-30 14:33:47+00:00,222.33087428091102,220.70451254269497,203.94941240538947
701,2016-01-15 14:33:45+00:00,222.58864922565968,217.8287117333291,193.61564675678085
702,2016-01-22 14:39:56+00:00,220.0301798962322,216.0570390248737,202.0108663719553
703,2016-01-30 14:41:39+00:00,,198.28739848987203,192.0298679268574
704,2016-02-23 14:39:45+00:00,202.0672927774178,193.4282274211475,199.9073676540008
705,2016-03-02 14:41:49+00:00,208.41648445401435,,
706,2016-03-18 14:41:58+00:00,207.30946619619564,199.51565911894338,202.07683461256565
707,2016-03-19 14:33:28+00:00,204.27392007992896,193.61074396689017,191.65888786528623
708,2016-04-04 14:33:18+00:00,223.31914216639242,200.32197923794465,202.84229659061398
709,2016-04-11 14:39:27+00:00,200.04627928128144,193.5537855146796,199.96141340498195
710,2016-04-20 14:33:13+00:00,213.18410450329003,210.59156795030552,204.570370131678
711,2016-05-21 14:42:17+00:00,223.80697817631147,223.657881529276,208.92504142141382
712,2016-05-22 14:33:17+00:00,234.3749193963666,228.6402444076058,215.67124643779985
713,2016-05-30 14:36:09+00:00,215.08489995011703,201.21151264775122,192.94085968459606
714,2016-06-06 14:42:22+00:00,219.07466119052552,218.00422906064344,
715,2016-06-07 14:33:21+00:00,218.10151306217102,206.87377631210194,201.46452685199296
716,2016-06-22 14:42:25+00:00,,,185.18494296037449
717,2016-07-09 14:33:35+00:00,218.92963877664832,202.3666545527773,193.54401878224323
718,2016-08-01 14:39:52+00:00,205.45426819544983,199.42063279627624,197.51855983737204
719,2016-08-02 14:36:17+00:00,,,185.65797496594894
720,2016-08-09 14:42:28+00:00,,,176.17301022060227
721,2016-08-17 14:39:56+00:00,202.67341075666195,190.90928855753376,190.74089360179522
722,2016-08-18 14:36:18+00:00,207.7899060688039,198.0436987291301,197.1583678623425
723,2016-08-25 14:42:31+00:00,,,199.45023623357852
724,2016-09-02 14:40:02+00:00,205.45910076417738,197.3677913677119,198.8563497207641
725,2016-09-03 14:36:22+00:00,210.6905374842428,,
726,2016-09-18 14:40:05+00:00,203.8192495088317,196.15555859453036,198.09478236993928
727,2016-09-19 14:36:24+00:00,215.33037298087228,,
728,2016-10-04 14:40:07+00:00,216.1128305402393,196.64642801658994,201.4907543347844
729,2016-10-05 14:36:26+00:00,,203.0112608094219,198.4642153345269
730,2016-10-20 14:40:11+00:00,214.50923344114253,215.01262189860685,195.12520954947968
731,2016-10-21 14:36:23+00:00,197.03655461661688,195.80046314844552,187.16121494781464
732,2016-11-14 14:34:00+00:00,220.8217812052202,204.4801529898874,205.6997593858135
733,2016-11-22 14:36:12+00:00,,,
734,2016-11-29 14:42:22+00:00,200.77243786881593,207.3123371856737,202.52406456151337
735,2016-12-23 14:40:05+00:00,206.3730918592241,186.8963608124548,190.8626783040329
736,2016-12-24 14:36:02+00:00,209.50701366415603,205.4367369192445,197.86670960473273
737,2017-01-09 14:35:52+00:00,,,204.03060972365975
738,2017-01-17 14:33:49+00:00,212.912986868766,213.1982890853297,210.6918714989559
739,2017-01-24 14:39:57+00:00,212.9313465012086,203.22473218655657,197.4235219263003
740,2017-02-01 14:41:51+00:00,201.10846306975245,197.58056527646934,196.1724829561708
741,2017-02-02 14:33:42+00:00,220.91734801552946,200.11507743589274,197.4233963840491
742,2017-02-09 14:39:48+00:00,206.58507225721164,195.98327773160278,198.6377994805971
743,2017-02-18 14:33:35+00:00,219.87505891573286,201.3115048157301,196.5910495047664
744,2017-03-05 14:41:58+00:00,220.72935481618563,,
745,2017-03-06 14:33:29+00:00,215.86383230954797,203.64142528875664,201.70291374496824
746,2017-03-13 14:39:35+00:00,214.75384095833135,195.87049195508823,202.6097383683375
747,2017-03-21 14:42:03+00:00,,,195.66284330223863
748,2017-03-29 14:39:26+00:00,208.69680680862152,197.81585677088668,198.28973984735364
749,2017-03-30 14:35:54+00:00,219.94954273427928,,
750,2017-04-06 14:42:07+00:00,,,206.8612399644664
751,2017-04-07 14:33:12+00:00,227.87348261939388,,
752,2017-04-14 14:39:19+00:00,204.45437816457044,199.51966402896159,197.1653392173699
753,2017-04-15 14:36:01+00:00,,,
754,2017-04-22 14:42:15+00:00,,188.38106776676906,183.93174836243577
755,2017-04-23 14:33:02+00:00,214.43567940173747,200.4974740189856,200.18239318608008
756,2017-04-30 14:39:08+00:00,205.0375062617436,196.95334618056447,196.6872911054476
757,2017-05-08 14:42:19+00:00,223.80470882189272,203.1681240622368,198.6721248981299
758,2017-06-01 14:39:27+00:00,211.31997433214747,194.22028715981799,189.39229877760738
759,2017-06-02 14:36:14+00:00,,,
760,2017-06-09 14:42:27+00:00,,,
761,2017-06-10 14:33:21+00:00,222.90227808376932,206.97502324289164,200.71067161216172
762,2017-06-17 14:39:34+00:00,213.01462840653187,195.17737645021654,179.02489107068655
763,2017-06-18 14:36:18+00:00,,,
764,2017-07-11 14:42:31+00:00,208.57055447036365,198.4272881599657,190.49401788784985
765,2017-07-19 14:39:43+00:00,211.92369651704396,193.99324636067087,191.7002893052884
766,2017-07-20 14:36:19+00:00,210.6421241665318,200.25737908216095,192.95751263816527
767,2017-07-28 14:33:36+00:00,211.3603310868535,193.46761129184623,183.19105175168227
768,2017-08-12 14:42:27+00:00,210.481039888854,,
769,2017-08-20 14:39:55+00:00,204.8367240506649,196.18923992446238,198.67733353489513
770,2017-08-21 14:36:17+00:00,218.97896248694641,,
771,2017-08-29 14:33:46+00:00,217.89918153690274,199.36350739663465,201.80023378882692
772,2017-09-21 14:40:01+00:00,210.28464029052827,197.3710742140381,198.9020015821831
773,2017-09-22 14:36:15+00:00,211.24065077258743,205.41242814422037,211.4378939561731
774,2017-10-08 14:36:17+00:00,215.74315693228485,,
775,2017-10-23 14:40:09+00:00,214.15315756650452,215.54688265471867,198.41876060284284
776,2017-10-24 14:36:19+00:00,221.19222814587502,,
777,2017-11-09 14:36:17+00:00,,,
778,2017-11-16 14:42:26+00:00,201.0423847190042,,
779,2017-11-17 14:33:54+00:00,214.24259141409297,200.71168521281473,198.71284793187124
780,2017-11-24 14:40:02+00:00,209.20777462177034,188.390444890812,187.7362455247791
781,2017-11-25 14:36:12+00:00,212.27164425152472,193.0572551483963,189.16472586304445
782,2017-12-10 14:40:00+00:00,214.50666003764252,192.77425161933317,189.87106358632224
783,2017-12-19 14:33:52+00:00,205.2384303827234,202.10299135916046,199.2884936817633
784,2017-12-27 14:35:53+00:00,,,
785,2018-01-03 14:41:59+00:00,216.96902278082214,207.50046812397267,207.88962642618984
786,2018-01-27 14:39:47+00:00,213.27852217539387,196.76160763156517,193.36837727148645
787,2018-01-28 14:35:25+00:00,219.80039797290038,198.99302566996107,192.3875417766783
788,2018-02-12 14:39:40+00:00,216.49707841424782,200.7541952478701,199.7951133103756
789,2018-02-13 14:35:12+00:00,220.46799953286097,203.25923949431774,
790,2018-02-20 14:41:19+00:00,,,199.1659218707735
791,2018-03-09 14:33:17+00:00,214.5439014145467,193.28817373507192,192.00000005863367
792,2018-03-16 14:39:24+00:00,209.4751920303709,195.53511607225704,196.4967676263999
793,2018-03-17 14:34:50+00:00,,,
794,2018-03-24 14:40:55+00:00,,195.3835020529603,194.69383382317207
795,2018-03-25 14:33:10+00:00,213.12420450639354,193.15505802226116,191.7376247080584
796,2018-04-18 14:34:21+00:00,,,192.11679904069098
797,2018-04-25 14:40:25+00:00,,204.46996859782956,191.14227424121216
798,2018-04-26 14:32:53+00:00,225.7987618492766,223.67719262365102,221.53700270033502
799,2018-05-03 14:38:59+00:00,202.68161146648745,196.28715539865595,197.7851599264768
800,2018-05-11 14:40:07+00:00,217.2722017371787,217.4822617199851,196.22650504687016
801,2018-05-19 14:38:48+00:00,221.26426572456862,199.6444840345858,192.82402038206573
802,2018-05-20 14:33:48+00:00,,,
803,2018-06-04 14:38:38+00:00,216.18588031713938,218.21921752241502,201.86912854328068
804,2018-06-12 14:39:36+00:00,207.89127623674136,196.74966953622766,181.24719048926934
805,2018-06-13 14:32:32+00:00,213.00926496909543,196.09496244538292,157.29794536316373
806,2018-06-29 14:32:43+00:00,202.3653481353898,197.99608922434567,170.80269445421845
807,2018-07-07 14:32:56+00:00,,190.64895970933674,168.85424992739198
808,2018-07-22 14:39:04+00:00,210.61243319763835,192.5758099806667,187.2505416999113
809,2018-07-23 14:32:39+00:00,206.8420137294183,196.46835021322738,
810,2018-07-30 14:38:42+00:00,,,
811,2018-07-31 14:32:58+00:00,205.4402735673317,196.33356571513204,184.2932283563486
812,2018-08-07 14:39:13+00:00,214.49969316289037,195.76994091544086,187.1684987317559
813,2018-08-08 14:32:22+00:00,209.97412377874772,197.05618191251364,188.64204205183552
814,2018-08-15 14:38:25+00:00,,192.37765743563887,191.18184645441787
815,2018-08-23 14:39:21+00:00,206.81261051074642,195.7021484382084,200.07672198230676
816,2018-08-24 14:32:03+00:00,204.2991142865908,198.23865496913558,
817,2018-09-08 14:39:27+00:00,208.3381070294454,197.80447854768147,200.96628263304976
818,2018-09-16 14:37:44+00:00,220.30296066240385,205.7059756171868,200.28852614321633
819,2018-10-02 14:37:22+00:00,209.3513468019324,193.73825539599775,194.4578302376609
820,2018-10-03 14:33:26+00:00,210.71986826570233,201.15449957484617,198.48183461105938
821,2018-10-18 14:36:58+00:00,,,
822,2018-10-26 14:39:45+00:00,206.0329881612962,197.64485049762592,201.65374925082463
823,2018-10-27 14:30:36+00:00,,212.41239004967898,211.18092418474728
824,2018-11-03 14:36:37+00:00,,,189.6231031340993
825,2018-11-04 14:33:35+00:00,225.12630038908895,204.13651236292714,199.37221798762837
826,2018-11-11 14:39:47+00:00,212.2244544985446,192.48654682787736,190.79346686723653
827,2018-11-19 14:36:15+00:00,214.99006734049217,205.46751177572207,202.81932152241794
828,2018-11-20 14:33:36+00:00,215.89427040576797,199.88639042911623,199.3379198454086
829,2018-11-27 14:39:46+00:00,188.36314750674703,184.1737045451843,188.1002058813762
830,2018-12-05 14:35:50+00:00,198.6029604836021,196.32789380534453,200.06930326460733
831,2018-12-13 14:39:43+00:00,208.8449670257763,192.55672614705253,188.40409893858165
832,2018-12-14 14:29:25+00:00,211.06801287047992,205.20003534701542,193.22957200168932
833,2018-12-29 14:39:43+00:00,208.3635580338457,203.77107419159415,194.68374928392205
834,2018-12-30 14:28:57+00:00,,203.43003240488414,195.7480901103108
835,2019-01-07 14:33:32+00:00,217.53130622007737,210.65491512971877,214.40129797559533
836,2019-01-15 14:28:27+00:00,215.64871382484856,208.69872273112514,194.34104254998581
837,2019-01-23 14:33:28+00:00,207.62201227714988,200.21084521577868,196.87145800805243
838,2019-01-31 14:27:55+00:00,,,
839,2019-02-07 14:33:54+00:00,196.22991504840766,198.8065697545505,200.98821867611218
840,2019-02-08 14:33:26+00:00,211.92176143679367,198.48109783413258,197.76432335440074
841,2019-02-23 14:33:25+00:00,212.950686788049,211.5673458919136,203.57130675576462
842,2019-02-24 14:33:22+00:00,221.68015516331016,202.51521723933666,195.76574214037694
843,2019-03-03 14:39:31+00:00,216.0663026009826,198.10877186635034,201.3554842928463
844,2019-03-04 14:26:58+00:00,,,192.740892995148
845,2019-03-11 14:32:55+00:00,217.10381826439283,216.8526327388144,219.79576584006549
846,2019-03-19 14:39:26+00:00,203.22426127055155,184.2103068575712,189.09023433761521
847,2019-03-20 14:26:26+00:00,,194.70471442034895,191.7609232780699
848,2019-04-04 14:39:22+00:00,214.60392914062982,,206.43050799484593
849,2019-04-05 14:25:53+00:00,211.5823696324843,,
850,2019-04-21 14:25:19+00:00,,,202.9961069021584
851,2019-04-28 14:31:14+00:00,,,183.03046889493285
852,2019-04-29 14:33:05+00:00,208.15334893219637,188.96864783551754,190.10433334511043
853,2019-05-22 14:39:30+00:00,204.35757309561478,200.71483175717805,193.11897352418828
854,2019-05-23 14:24:05+00:00,,,193.18156642316637
855,2019-06-07 14:39:37+00:00,199.01079169956213,190.46958202156685,96.8202426657887
856,2019-06-08 14:23:31+00:00,206.14011582716685,,
857,2019-06-15 14:29:27+00:00,216.43841614020752,198.90177652441233,110.99302366137998
858,2019-06-16 14:33:30+00:00,213.43963677543894,205.23463618732012,95.9309265032934
859,2019-07-01 14:28:51+00:00,222.46445754676165,209.33717132987513,72.24358407739834
860,2019-07-02 14:33:35+00:00,217.01098048159338,202.5532945167133,99.73887434272478
861,2019-07-25 14:39:51+00:00,212.45885156544253,198.50255506943975,187.2463995147538
862,2019-08-02 14:27:35+00:00,217.69777909047264,,
863,2019-08-03 14:33:44+00:00,211.10458475970407,196.14602619800485,182.90524640638623
864,2019-08-10 14:39:58+00:00,214.89800064301096,216.51923966675062,206.36736562581322
865,2019-08-11 14:21:02+00:00,,,
866,2019-09-03 14:26:14+00:00,215.72790829369964,209.8636124608273,206.69615219243573
867,2019-09-11 14:40:06+00:00,219.74183804168942,199.03454584264912,192.95467133595176
868,2019-09-12 14:19:40+00:00,,199.80201476089997,198.49614134001496
869,2019-09-19 14:25:32+00:00,209.46032357167726,198.62312033046166,203.1004540275564
870,2019-09-20 14:33:58+00:00,221.81302395757396,200.35397401697136,198.3666941470859
871,2019-09-28 14:18:58+00:00,,,
872,2019-10-05 14:24:51+00:00,,,191.14565902768058
873,2019-10-06 14:34:02+00:00,217.09920593466816,197.7662729417378,191.2703933455122
874,2019-10-13 14:40:14+00:00,203.5031104241883,198.03669082266597,198.65577282367065
875,2019-10-21 14:24:11+00:00,,,197.42881123435336
876,2019-10-22 14:34:04+00:00,216.64422364930334,193.17481207443214,188.75630795880113
877,2019-10-29 14:40:14+00:00,204.87432912886646,199.1142018647208,195.29633755274563
878,2019-10-30 14:17:36+00:00,,,
879,2019-11-06 14:23:28+00:00,,,180.37710175173225
880,2019-11-07 14:34:03+00:00,220.5934029152308,195.74209549047313,195.33134107632603
881,2019-11-15 14:16:53+00:00,204.34039131654197,201.73936330052499,196.1437367993695
882,2019-11-22 14:22:44+00:00,209.28535090874186,200.40290884145145,191.7560400029895
883,2019-11-30 14:40:10+00:00,211.50561994485545,191.78345539639562,190.29405960613852
884,2019-12-01 14:16:07+00:00,210.33604342751522,,
885,2019-12-16 14:40:08+00:00,,,
886,2019-12-24 14:21:08+00:00,211.86065139097957,,
887,2019-12-25 14:33:55+00:00,224.04320124588185,197.31096698580527,195.8418259286648
888,2020-01-10 14:33:52+00:00,207.48219305494686,194.99013178761686,192.15261395660073
889,2020-01-18 14:13:41+00:00,,202.14294120004016,197.56166037534402
890,2020-01-25 14:19:31+00:00,218.80145122126441,212.37378519159518,210.3972613361063
891,2020-01-26 14:33:47+00:00,212.54631805782947,202.9406552868256,198.21046777411252
892,2020-02-03 14:12:53+00:00,,,
893,2020-02-18 14:39:52+00:00,208.47915183892226,192.63435366429002,190.73403974582916
894,2020-02-19 14:12:03+00:00,210.60816535454043,199.77408330981496,195.76324535767412
895,2020-02-26 14:17:52+00:00,214.68006172286553,216.50540625062953,208.48383829251085
896,2020-02-27 14:33:39+00:00,208.26768330114555,200.2146330018536,197.82962222719445
897,2020-03-14 14:33:32+00:00,204.7604486093087,197.78568772086604,196.63501009705092
898,2020-03-22 14:10:19+00:00,,203.47646814895708,215.21108632392537
899,2020-03-29 14:16:07+00:00,214.05826059212862,194.80284278039906,
900,2020-03-30 14:33:23+00:00,219.49222526848044,195.63942884092396,197.12016688665213
901,2020-04-06 14:39:30+00:00,201.3160728696411,187.86385188792065,193.57618079979642
902,2020-04-07 14:09:25+00:00,207.99213116223424,,
903,2020-04-14 14:15:12+00:00,,210.9541284230624,203.78733350687196
904,2020-04-15 14:33:16+00:00,218.5097672435218,214.80370269949287,217.61670103604507
905,2020-04-30 14:14:15+00:00,213.1724906280811,215.70794634054602,
906,2020-05-01 14:33:08+00:00,215.5506442380408,199.27541250976392,195.45067114054297
907,2020-05-09 14:07:31+00:00,204.683285913439,193.30611454572062,
908,2020-05-24 14:39:18+00:00,207.8137730930757,195.29774563669056,178.88318916568872
909,2020-05-25 14:06:32+00:00,,,86.80478925610767
910,2020-06-09 14:39:26+00:00,195.4753884031718,189.6982627334442,78.59824298337175
911,2020-06-10 14:05:36+00:00,,,74.06426614569122
912,2020-06-25 14:39:35+00:00,,,
913,2020-06-26 14:04:40+00:00,,,
914,2020-07-03 14:10:25+00:00,220.70633727236984,203.44948897589987,
915,2020-07-19 14:09:27+00:00,200.97389464838042,,63.755825417056414
916,2020-07-28 14:02:43+00:00,213.1488748191308,201.3775262142028,67.83995952633201
917,2020-08-12 14:39:50+00:00,210.06574280248373,189.283502150295,190.32495732794843
918,2020-08-13 14:01:42+00:00,,,
919,2020-08-20 14:07:26+00:00,214.65560529401301,201.69785167803695,
920,2020-08-21 14:33:44+00:00,210.34264446210977,201.78332553013198,202.23967685182228
921,2020-08-29 14:00:40+00:00,214.19885424820714,202.38218328316805,
922,2020-09-06 14:33:52+00:00,201.64029581196783,194.39376396116452,192.71218545831388
923,2020-09-13 14:40:05+00:00,201.35556632470843,185.67067477075307,192.4759018339566
924,2020-09-14 13:59:37+00:00,,197.43936292706965,195.60015118532863
925,2020-10-07 14:04:19+00:00,210.25862725847387,195.3773999368522,187.96164999663458
926,2020-10-08 14:34:00+00:00,218.31933957977506,193.40796653807098,191.45932538806403
927,2020-10-24 14:34:00+00:00,215.33996147490492,196.00295045972294,196.4726530809579
928,2020-11-16 14:40:08+00:00,214.53202951784206,193.29653759815133,197.95175827167307
929,2020-11-24 14:01:04+00:00,212.43186722628016,,
930,2020-11-25 14:34:00+00:00,218.49977302791234,196.619819867643,193.99653026290903
931,2020-12-02 14:40:12+00:00,212.39715526019876,197.1874909667773,195.4995775786097
932,2020-12-03 13:54:14+00:00,225.3854369790482,210.29897251334398,207.69390103615106
933,2020-12-11 14:34:01+00:00,218.72693153573442,202.27571909706745,192.4428493067563
934,2020-12-19 13:53:02+00:00,210.1143814267548,211.68730476010575,197.58199659875152
935,2020-12-26 13:58:43+00:00,219.03594575127556,,
936,2021-01-03 14:40:07+00:00,196.99854656421795,194.68426310066735,192.32970722863573
937,2021-01-11 13:57:36+00:00,213.10847764961528,189.42831554179156,194.94169952837532
938,2021-01-12 14:33:52+00:00,208.56696231184424,192.8031657009802,195.91319919453744
939,2021-01-27 13:56:27+00:00,205.56538736488002,201.4999487444553,196.50036122024503
940,2021-01-28 14:33:48+00:00,205.77933034820737,199.60509304171885,197.0364094039164
941,2021-02-21 13:48:24+00:00,219.30086481649644,202.05246903934298,
942,2021-03-08 14:39:46+00:00,209.14205506092668,197.57191871270874,194.05698735056652
943,2021-03-16 13:52:47+00:00,215.10846884622774,217.71833906018904,207.34412552085863
944,2021-04-09 14:39:35+00:00,209.22925254472275,198.35265117221476,200.05908392258908
945,2021-04-10 13:44:34+00:00,214.29199892743867,,
946,2021-04-26 13:43:13+00:00,,199.7198680843169,160.43569409520316
947,2021-05-03 13:48:49+00:00,208.1227844508492,208.71952503780653,
948,2021-05-11 14:39:24+00:00,201.34394637808512,196.81883224039157,197.42458207070274
949,2021-05-12 13:41:53+00:00,,,
950,2021-06-05 14:33:27+00:00,210.43471955308618,198.56117947065243,179.9947488933345
951,2021-06-20 13:44:48+00:00,,,
952,2021-06-21 14:33:32+00:00,206.67076869074762,199.12839446675846,176.41415471635543
953,2021-06-28 14:39:44+00:00,213.75374936844588,195.39332662721299,180.4151625225128
954,2021-06-29 13:37:52+00:00,,,
955,2021-07-07 14:33:34+00:00,202.18174684271483,190.72051660407257,
956,2021-07-14 14:39:45+00:00,206.7835739456609,196.52286083952873,176.85824624426368
957,2021-07-15 13:36:31+00:00,,,
958,2021-07-31 13:35:08+00:00,,,
959,2021-08-24 14:33:51+00:00,214.79138156176316,209.41385421672678,201.31798524768382
960,2021-08-31 14:40:04+00:00,211.21201772190426,193.45470883068273,194.5012543547289
961,2021-09-08 13:37:54+00:00,212.8349478743346,195.70389189290643,191.79075809579717
962,2021-09-09 14:33:56+00:00,212.92077513192862,201.6682498499153,205.1088394753916
963,2021-09-16 14:40:08+00:00,215.0679578812124,193.15874481321566,196.52288862127696
964,2021-10-03 13:29:29+00:00,204.4388950833168,195.00243860665663,192.52625810716734
965,2021-10-10 13:35:03+00:00,210.05519366717306,195.76404035974247,193.36303399546395
966,2021-10-11 14:34:05+00:00,204.34092229721801,192.1628456106729,191.60474404770926
967,2021-10-18 14:40:17+00:00,216.40385846978447,192.15303314144725,194.9769657456969
968,2021-11-04 13:26:35+00:00,213.08123458608245,199.84570615590246,195.5754922151527
969,2021-11-07 14:38:38+00:00,200.22953000856768,195.42874259340965,199.09540330047514
970,2021-11-12 14:34:02+00:00,209.7677198137226,192.06286588376867,188.642201717724
971,2021-11-12 14:41:06+00:00,204.0772559455591,185.8719466954757,192.146727002647
972,2021-11-27 13:30:33+00:00,,,188.2243901432118
973,2021-11-28 14:34:02+00:00,211.74470776334476,194.34373788830356,184.74795753998808
974,2021-12-05 14:40:13+00:00,213.9646021529735,189.8868893935952,198.76811572281687
975,2021-12-13 13:29:02+00:00,,,197.22349031567447
976,2021-12-13 14:40:09+00:00,207.42297656656984,189.93250566223506,192.87742355349027
977,2021-12-14 14:34:01+00:00,215.71748112607372,197.22212914421897,197.27830010168924
978,2021-12-30 14:33:55+00:00,211.035705024414,203.54716734117846,199.26197287661407
979,2022-01-14 14:40:05+00:00,208.84705536705096,198.9787774929924,194.96771478142077
980,2022-01-22 14:40:02+00:00,,210.77664909236023,198.76038029610146
981,2022-01-23 14:33:56+00:00,219.13615303901483,202.87627556656756,198.91556863700478
982,2022-01-30 14:40:07+00:00,213.83108194001994,218.08617272680982,201.29989706965657
983,2022-01-31 14:33:48+00:00,210.35730078219888,202.8788806661554,200.28671866979383
984,2022-02-16 14:33:44+00:00,223.52234285115676,210.08535003021743,205.44527469916443
985,2022-02-24 14:33:46+00:00,211.28902124240355,218.03382993289142,199.1005050869348
986,2022-03-03 14:39:52+00:00,212.2515901836891,196.1057427295671,198.33592462007445
987,2022-03-20 14:33:32+00:00,223.66993351723076,212.60885088854909,204.8402986523127
988,2022-04-04 14:39:47+00:00,195.33803836458432,187.46676168355296,185.71182435804064
989,2022-04-05 14:33:26+00:00,205.77002642371116,196.3436114277936,194.5637886790424
990,2022-04-12 14:39:41+00:00,210.76181938386063,199.0860516061947,194.39845157575144
991,2022-04-13 14:33:32+00:00,215.5479524165184,195.51351062361812,194.97786475348877
992,2022-04-20 14:39:37+00:00,217.49343208678482,194.30146824406842,154.06077775303677
993,2022-04-28 14:39:36+00:00,214.8405104111052,187.88877323912246,187.8883600709918
994,2022-04-29 14:33:25+00:00,219.15832297833907,197.1729004540403,193.8943445416079
995,2022-05-15 14:33:15+00:00,212.15736556023148,200.08178393765672,191.3652009596075
996,2022-05-30 14:39:49+00:00,221.4432116797014,203.8212009803812,198.38721972622665
997,2022-05-31 14:33:12+00:00,218.26070588005774,207.01865478326945,186.0560882128225
998,2022-06-15 14:40:01+00:00,208.33748294167384,199.65026475751213,
999,2022-06-16 14:33:18+00:00,216.19583652391074,208.4834650713751,
1000,2022-07-02 14:33:32+00:00,202.75561795088603,198.21020955286068,
1001,2022-07-18 14:33:32+00:00,205.90995529147978,200.3634301499738,186.60824441416514
1002,2022-08-02 14:40:17+00:00,210.77421952380215,196.13563141606332,194.2929637029723
1003,2022-08-03 14:33:46+00:00,216.7418039108368,198.82565216288,196.94948562646607
1004,2022-08-11 14:34:10+00:00,210.6094719986224,204.26984125815204,199.48227387154435
1005,2022-08-18 14:40:23+00:00,209.1354103002291,192.03311243011285,189.4362120624334
1006,2022-08-19 14:33:53+00:00,202.13945050547485,194.36332494399815,189.06417644363606
1007,2022-08-27 14:34:12+00:00,214.40410082805988,204.3589375629831,202.49951467827452
1008,2022-09-11 14:40:06+00:00,208.81260807529276,195.98347615731052,201.21028647100675
1009,2022-09-12 14:34:17+00:00,206.6214463275688,194.07034735638865,191.54421407237461
1010,2022-09-19 14:40:30+00:00,208.33089981611658,199.97059764672062,195.9458792845159
1011,2022-09-20 14:34:00+00:00,215.72119736237673,203.72703944763964,197.29202657298225
1012,2022-09-27 14:40:12+00:00,208.9715080740163,197.26382104003628,195.11191807600284
1013,2022-10-05 14:40:27+00:00,,,
1014,2022-10-06 14:34:01+00:00,210.83467556535632,201.52503124595822,200.10091466738695
1015,2022-10-13 14:40:16+00:00,211.61647911441182,186.06476652495599,194.23769428445192
1016,2022-10-14 14:34:10+00:00,197.71014319471016,190.710486397665,193.1815715620652
1017,2022-10-30 14:34:19+00:00,201.91706118716024,190.97636319806085,192.46300734726867
1018,2022-11-07 14:34:06+00:00,,,208.61375008757875
1019,2022-11-14 14:40:19+00:00,209.49420520914646,214.7653445233347,195.87704504571414
1020,2022-11-15 14:34:13+00:00,217.05748917362774,200.5706916227932,186.87252430397342
1021,2022-11-22 14:40:23+00:00,208.1838790809271,183.7010923890723,184.78838198718847
1022,2022-12-16 14:40:17+00:00,203.52467812492674,183.23044058014955,185.23259119736136
1023,2022-12-24 14:40:14+00:00,194.7846323528446,189.54159536690358,185.91381506670677
1024,2022-12-25 14:34:04+00:00,203.78864836157075,191.38098430496746,183.80329828164872
1025,2023-01-01 14:40:18+00:00,210.5422303052291,195.74626777505202,192.28264052869503
1026,2023-01-25 14:40:13+00:00,201.14877615569358,189.20646410636147,189.18845204495017
1027,2023-02-02 14:40:20+00:00,202.54639667849762,187.82073349057976,191.98820034977552
1028,2023-02-03 14:34:03+00:00,211.53743944932316,194.9679036074995,194.3965227278138
1029,2023-02-10 14:40:10+00:00,203.42897180755915,195.98438587183193,187.8550517722807
1030,2023-02-18 14:40:15+00:00,209.0061051168602,199.0030921564469,201.3066325545028
1031,2023-02-26 14:39:54+00:00,202.85106797806853,193.79435248667096,191.88234699558492
1032,2023-03-14 14:39:49+00:00,212.66902620893632,197.3868127994414,191.5661936636189
1033,2023-03-15 14:33:49+00:00,215.88748844238222,200.03881348287638,194.57823466691707
1034,2023-03-30 14:39:39+00:00,210.72445748720222,193.24233840062314,193.88192446295653
1035,2023-03-31 14:33:37+00:00,205.19592720176098,201.24269365479466,202.32050414505207
1036,2023-04-07 14:39:47+00:00,204.07135413132949,195.84075820311,193.66136445925423
1037,2023-04-16 14:33:31+00:00,203.2850893223697,198.1444785800744,194.00870641798525
1038,2023-05-01 14:39:19+00:00,206.91546455539358,194.80152557451981,188.80242901879765
1039,2023-05-02 14:33:21+00:00,216.82740520720242,200.36302827926673,193.7431784252987
1040,2023-05-09 14:39:30+00:00,198.90940111624977,197.23387250697277,191.1231947739601
1041,2023-05-18 14:33:14+00:00,207.39979857730918,195.23345924436924,161.72432287069645
1042,2023-05-26 14:32:59+00:00,199.1381596895085,190.52030617270805,176.3612389174118
1043,2023-06-10 14:39:14+00:00,207.36991083028843,206.80776166670347,178.35875695475826
1044,2023-06-27 14:33:13+00:00,198.85382713542492,191.02735698383282,183.01715863269456
1045,2023-07-04 14:39:30+00:00,207.02267533123714,191.8544322717819,
1046,2023-07-05 14:33:12+00:00,211.97097230641148,194.64805140779333,
1047,2023-07-13 14:33:22+00:00,208.6944796648552,209.80747113769797,187.97275811777737
1048,2023-07-29 14:33:29+00:00,205.74449962865194,204.1483085734545,187.87544224668542
1049,2023-08-06 14:33:25+00:00,208.2104450257892,199.52714289082184,194.32951373304607
1050,2023-08-13 14:39:37+00:00,219.4969187691275,199.273725387711,195.70626201075422
1051,2023-08-29 14:39:47+00:00,205.83215776520206,195.435411362713,196.07060146177344
1052,2023-08-30 14:33:40+00:00,212.5761704689525,197.2269665570091,197.76233603601946
1053,2023-09-07 14:33:41+00:00,215.93619901317754,197.92781782338358,194.9318781939366
1054,2023-09-14 14:39:56+00:00,206.8919679638175,201.19740533060366,197.92021115561
1055,2023-09-15 14:33:44+00:00,211.07797552843755,200.69961211523398,199.91827982799987
1056,2023-10-08 14:40:00+00:00,208.52261683787597,186.00730922050377,187.37590077886915
1057,2023-10-09 14:33:49+00:00,202.83568871649317,194.18892796782654,194.94431593753868
1058,2023-10-16 14:40:05+00:00,220.39550242739392,202.19802619276138,202.71729563348663
1059,2023-10-17 14:33:49+00:00,205.1273764502854,203.81115709682342,204.79186743830343
1060,2023-10-24 14:40:02+00:00,206.614111212696,196.76232466833045,197.1448112913379
1061,2023-11-02 14:33:53+00:00,,,
1062,2023-12-03 14:40:08+00:00,209.82380750851874,185.64787941342797,186.79379029107824
1063,2023-12-12 14:33:57+00:00,206.43724738108483,199.1960247185952,198.43008462022547
1064,2023-12-20 14:33:53+00:00,205.88878294507413,213.51480258157264,197.22241335109027
1065,2024-01-12 14:39:59+00:00,208.4115251946417,196.71902658083619,198.72615306375434
1066,2024-01-13 14:33:57+00:00,202.3809023469533,197.51592802197322,195.91825804479745
1067,2024-01-20 14:40:06+00:00,204.1964085879841,187.17198427298237,188.36469521492864
1068,2024-02-06 14:33:46+00:00,212.64587801753754,198.18266937497822,195.99423174934265
1069,2024-02-13 14:39:56+00:00,198.44622024907497,196.55897633964395,198.08967663943952
1070,2024-03-08 14:40:02+00:00,215.54224747671242,196.7233478275987,197.35020612710753
1071,2024-03-09 14:33:32+00:00,200.74070784499617,199.03247012821808,188.79274140975434
1072,2024-03-16 14:39:39+00:00,211.77949522105624,193.8279658029112,187.5172958918442
1073,2024-03-17 14:33:49+00:00,202.50332000862127,196.9212203556682,192.51216092474343
1074,2024-04-18 14:33:29+00:00,195.11683259612187,194.3692644899197,190.99142358388744
1075,2024-04-25 14:39:28+00:00,223.66090922495536,214.14723247227462,212.10611962821883
1076,2024-04-26 14:33:06+00:00,209.34480069516738,197.2638312651913,194.1256983915641
1077,2024-05-03 14:39:10+00:00,213.59105978706535,213.25352134433072,203.8067668446606
1078,2024-05-04 14:33:16+00:00,219.82405870627787,212.3351437993214,205.51231630293958
1079,2024-05-11 14:39:26+00:00,,,
1080,2024-05-12 14:32:53+00:00,210.12789813758144,222.7393668130214,204.36183129327904
1081,2024-05-19 14:38:58+00:00,217.95058755211465,203.14176787513244,193.8089487971154
1082,2024-06-28 14:38:56+00:00,213.418231363714,198.71293265572305,182.5840908222376
1083,2024-07-06 14:39:12+00:00,212.89131252512445,201.51154242584946,
1084,2024-07-07 14:33:00+00:00,217.9670060912973,208.77145766100423,
1085,2024-07-22 14:39:27+00:00,208.30843602465245,197.83153636420843,179.61369277239243
1086,2024-08-07 14:39:23+00:00,217.0935942043849,201.28174279926867,196.12962045732925
1087,2024-08-08 14:33:11+00:00,226.89534058940043,204.97662652875755,195.36926408861336
1088,2024-08-23 14:39:36+00:00,210.28918976299326,216.90642204357732,203.65050223543233
1089,2024-08-24 14:33:26+00:00,207.99105893350674,206.3128432119623,202.18751283012747
1090,2024-08-31 14:39:37+00:00,217.44102088691406,200.43658325961428,202.75211245440119
1091,2024-09-08 14:39:45+00:00,209.7702771534739,188.52760814369518,195.1864799232044
1092,2024-09-09 14:33:27+00:00,209.8123988033032,191.56736723176434,189.05860015269147
1093,2024-09-17 14:33:36+00:00,208.52097882452102,204.08634369639722,204.39653502536285
1094,2024-09-24 14:39:44+00:00,206.34202379075816,198.6284612549929,195.98385952632037
1095,2024-09-25 14:33:29+00:00,202.18463254123537,197.44323971774315,197.72281498036182
1096,2024-10-02 14:39:47+00:00,202.86670507028214,195.30031851576223,198.9209940938549
1097,2024-10-03 14:33:32+00:00,215.3429620162557,202.96584649683072,204.28989531141448
1098,2024-10-26 14:39:53+00:00,207.13854541212058,194.78537648830064,195.7784579129617
1099,2024-10-27 14:33:50+00:00,204.48552941773957,195.7337333949847,200.3277218237462
1100,2024-11-04 14:33:39+00:00,201.67151302170146,196.4788323078827,193.23417125789337
1101,2024-11-11 14:39:51+00:00,206.52635267788853,190.41740336409242,191.3254171165019
1102,2024-11-12 14:33:41+00:00,209.93323033811788,192.08792609816487,192.02702349917755
1103,2024-11-19 14:40:02+00:00,200.03631787833854,199.59773665679617,203.65647580527747
1104,2024-11-20 14:33:47+00:00,,,
1105,2024-11-27 14:40:03+00:00,,,
1106,2024-11-28 14:33:56+00:00,221.98348289978333,202.03555344418365,198.2795408236316
1107,2024-12-05 14:40:01+00:00,210.4958473077915,198.56519274950472,199.79044192416384
1108,2024-12-13 14:39:51+00:00,203.8437175160529,201.13842652957103,200.9583021295314
1109,2024-12-21 14:40:01+00:00,209.2559839849324,189.6132382667051,194.38685775669765
1110,2025-01-14 14:39:56+00:00,197.41999222613822,185.7154859664794,181.5648806447151
1111,2025-01-15 14:33:52+00:00,209.30192080976843,197.35956555080406,196.80709710492218
1112,2025-01-23 14:33:39+00:00,223.72776816927015,221.54343334718519,211.74196522189135
1113,2025-02-07 14:39:58+00:00,208.3853300102626,202.32346506352283,204.4372841805763
1114,2025-02-23 14:39:59+00:00,207.34618396806775,192.36907195454828,193.17224459527915
1115,2025-03-03 14:39:42+00:00,210.20940862165077,199.8236412809523,201.58517547206878
1116,2025-03-11 14:39:54+00:00,200.81550868184056,192.47956186401422,193.57990463502867
1117,2025-03-12 14:33:29+00:00,207.19138568688876,201.07005222690657,201.01505997301115
1118,2025-03-27 14:39:43+00:00,212.68845548621752,195.16398222900884,198.1585550932739
1119,2025-03-28 14:33:19+00:00,205.5531958541526,204.0008341944657,201.94351937687753
1120,2025-04-12 14:39:44+00:00,213.1455531142831,196.75787862047662,196.60566237241716
1121,2025-04-13 14:33:14+00:00,210.1572611324165,200.48862362386018,203.18678108715082
