,dates,jap0287-0000,jap0287-0001,jap0287-0002,jap0287-0003,jap0287-0004,jap0287-0005
0,1984-05-24 01:09:12+00:00,179.75856446287546,183.3845422665791,184.93391640873583,186.84181934935032,189.40757962197057,188.52140999159994
1,1984-10-31 01:11:19+00:00,204.6922268600467,201.43846215723906,199.2903518858265,200.03340528677182,199.7724398709555,203.05610509632305
2,1985-02-04 01:11:45+00:00,203.2401377510205,202.94179913299007,209.64161825247706,205.92830887759985,199.34790155401495,201.87171879004572
3,1985-04-25 01:11:34+00:00,174.90229442616044,186.61086436643745,183.86703714680306,182.64744392023573,183.34529520619404,184.56414416209913
4,1985-07-30 01:11:09+00:00,170.39355782434782,176.35076906824435,187.08588371590636,184.93250636709718,185.02531372512672,187.0071233505421
5,1985-10-02 01:10:27+00:00,183.06004340710678,189.02213654630287,189.3869784562529,191.42984434862208,195.35698000641594,
6,1985-11-19 01:09:48+00:00,213.359675667806,215.2697792812492,217.7813347931786,222.2155287988574,220.9359651942639,219.65269695577302
7,1985-12-05 01:09:30+00:00,190.75837106136845,194.91340143518906,204.41322080132807,199.84264425005455,200.1906582271535,200.42176153322401
8,1986-02-07 01:08:13+00:00,170.47340287705674,199.15110834653322,,199.00821481478576,197.08075359112644,193.48361035016092
9,1986-04-12 01:06:50+00:00,205.55246512973991,198.5034981464949,210.55644760541318,205.6505702783074,203.1900410182908,197.66182329347373
10,1986-05-30 01:05:35+00:00,174.92000791704672,,185.74273273551003,185.47979156472107,180.5884978760012,177.87743739423058
11,1986-07-01 01:04:35+00:00,184.1007225582188,181.63197087503735,186.60210957979598,186.23213526955988,187.01387848231323,186.29779845440788
12,1986-08-02 01:03:28+00:00,182.58627706981025,179.60155206475605,188.7361173871307,192.07542204253093,186.33396260515542,191.9337931385679
13,1986-08-18 01:02:53+00:00,146.71974734667404,153.484817899923,,,154.42847246970112,163.3453729267587
14,1986-09-03 01:02:16+00:00,171.78129985133813,178.33720879796056,183.29532642399138,183.33571975994235,183.6141034869507,175.18483443208794
15,1986-11-06 01:00:09+00:00,213.52708116920246,214.7927948070635,221.8966271256838,218.9115926205288,212.2823237381886,217.4312387826036
16,1986-11-22 00:59:28+00:00,205.77262117230222,204.04270880970145,210.46743233386132,208.17031918397473,208.68401444777513,211.37089337478605
17,1986-12-08 00:59:53+00:00,205.59650340166988,205.64249226708583,208.5425523473947,215.2754929268143,210.0706839410745,211.52362198110995
18,1986-12-24 01:00:24+00:00,196.31253404379973,201.4698356070008,202.24329279459135,203.59883722924343,204.12140446902313,
19,1987-02-10 01:01:56+00:00,203.33580646593006,209.87024102068625,207.9447966212304,210.00174697118493,208.76159724816347,211.03715837372266
20,1987-02-26 01:02:33+00:00,202.1459143130735,206.2954594383578,210.9292985695295,209.75128575475875,212.35714580819587,207.38011017892964
21,1987-06-18 01:05:58+00:00,183.23593963571184,184.0374044433288,195.17518917535287,193.6202057601362,191.836128690321,194.95389024331152
22,1987-11-09 01:09:17+00:00,198.95490709731615,,,211.88907010812395,205.38627794622116,208.40506519010177
23,1987-11-25 01:09:36+00:00,198.57905928754784,205.9135410712873,202.9841866655962,206.43114814932437,204.6694091160162,
24,1988-09-08 01:12:07+00:00,194.83217307326305,199.9814337217714,203.28107480439556,195.2221301472575,198.47663099627914,196.7191159746047
25,1988-10-26 01:11:54+00:00,197.06267705047068,197.20677230479143,207.9998161294884,208.21950773399084,208.40792334826216,205.33785686724963
26,1988-12-13 01:11:44+00:00,201.18609948258177,215.93247171512374,210.90671671122388,209.87184358381305,211.4274013827572,213.53484014370775
27,1989-01-30 01:11:21+00:00,193.45798593049287,196.617243754533,,207.92409148247216,207.0930205173963,209.97222206770817
28,1989-09-27 01:07:04+00:00,163.73977039868214,170.92545015939717,,180.9510811811876,181.94689665850987,183.71778734372464
29,1989-10-13 01:06:36+00:00,179.93734454787088,180.97092904262965,190.12885495333214,193.33821561160113,197.04996151812233,195.05572754306522
30,1989-11-14 01:05:34+00:00,194.38201013218554,193.9694636984171,200.02881412899714,193.54223352679293,191.0430534403269,189.51299231972132
31,1989-11-30 01:05:14+00:00,180.39452416819216,189.73518977970798,,205.63737603266588,202.79256218908722,207.75710548072078
32,1989-12-16 01:04:47+00:00,195.68721025057783,203.66505541902788,202.499449927424,207.5790011309458,209.492759826298,215.53765165250488
33,1990-01-17 01:03:46+00:00,191.35036587966462,192.24253082998504,201.2986797750212,210.5213812113854,198.11653082935356,204.09041571978
34,1990-02-02 01:03:15+00:00,179.94335436825295,190.0419614125276,200.04145978731808,199.05229527074604,198.27788113230497,200.90914672162478
35,1990-03-06 01:02:12+00:00,179.9027892722001,187.30678780631473,195.55107688459088,201.2671406657452,198.251902535929,
36,1990-05-09 01:01:33+00:00,165.3597732468873,,185.6143709594076,187.8100004969817,186.1313767337163,189.18101203353666
37,1990-09-14 01:01:11+00:00,,156.62775628509655,,178.0244115335562,163.15593210269864,
38,1990-10-16 01:00:55+00:00,176.9385355572049,184.47682834676968,184.06872496461673,191.16246202491334,190.93721806276386,
39,1990-11-01 01:00:45+00:00,198.34528999145238,202.56534633534716,,191.74710693523116,198.35725262434082,197.41497100721202
40,1990-12-03 01:00:31+00:00,190.54024529689877,190.41575620032785,196.28053694519852,200.99864091069168,199.62267226558944,
41,1990-12-19 01:00:51+00:00,201.60911743807313,205.75426126989424,206.9785180542336,,208.99006560257627,210.80719643812031
42,1991-01-04 01:01:16+00:00,185.76595707610258,189.56809719290808,,194.20150216006718,197.80230702207564,197.48060669223804
43,1991-02-05 01:01:51+00:00,202.05436619670726,197.07701773109986,208.80750466957883,209.2438072112644,203.14407865422967,209.40534966428612
44,1991-06-29 01:04:27+00:00,,152.90518454469057,,,157.50894955703217,160.90157181231078
45,1991-07-15 01:04:37+00:00,,,,,161.44920913759535,159.95684815521884
46,1991-07-31 01:04:49+00:00,171.60866539679873,,177.0449247844661,178.46438453581277,182.77666243592992,179.27888987713138
47,1991-09-01 01:05:04+00:00,166.31710111028826,175.40352617488213,180.76961485868753,180.2499625862759,180.0833043406722,178.1810581947289
48,1991-10-19 01:05:30+00:00,176.2155810506251,179.38636978441846,,178.37517036672858,187.26981061944323,191.20089410094388
49,1991-11-20 01:05:32+00:00,196.85449663723543,201.59119786143387,,199.64663357833464,196.71642303099463,200.607560278468
50,1992-04-12 01:05:19+00:00,165.63192057468848,173.44359400048245,,180.40783889666722,183.6350538370022,180.23533194471455
51,1992-09-03 01:03:37+00:00,150.25901287747152,170.09412004300543,173.6632860600342,176.37149525666374,164.74915074778826,160.9342293124627
52,1992-10-21 01:02:47+00:00,193.4990552030212,195.91069750548962,200.16901060367223,201.67039988759666,196.91057166914172,202.64026992819694
53,1992-11-22 01:02:20+00:00,178.20821659228295,178.31062555480491,181.89648718160893,183.78315997826104,187.37447025207234,
54,1992-12-08 01:02:35+00:00,165.07225557871848,169.75756926452215,179.38785043377374,172.12522912087067,169.82537540552107,169.51541520754773
55,1993-02-10 01:03:15+00:00,198.97736906070497,193.91508754816567,193.41015755112215,194.93869724548148,194.37838741761976,192.97500844916533
56,1993-10-24 01:03:28+00:00,,194.5997966194713,192.2030594627737,187.94302505681458,190.66379227107313,194.32279202990793
57,1993-11-25 01:03:15+00:00,,182.484940129731,191.25113810003987,202.40758991862194,209.46765281237697,212.64087679254635
58,1993-12-27 01:03:01+00:00,192.85395489751872,181.1373636905137,,192.37474050958872,195.872647639143,197.010070216501
59,1994-02-13 01:02:24+00:00,209.05030699203033,194.3476523265291,195.38486613429436,199.0336174150824,194.98907031946666,196.9554373132917
60,1994-03-01 01:02:10+00:00,182.23892903852163,173.8571832922573,,180.4017498767444,183.64028672404095,181.78299577960533
61,1994-05-20 01:00:46+00:00,,182.6393113979337,186.39124768544633,189.16550572773104,182.43460537580623,194.4622818608343
62,1994-06-05 01:00:29+00:00,200.76337181959087,157.84299266089,164.99269188250028,167.74328603157807,166.3012264154226,174.97718810400602
63,1994-06-21 01:00:08+00:00,212.62911447517268,171.04721162898844,176.31631873446992,182.62892748701776,181.00294514092658,179.4112566955719
64,1994-08-24 00:58:27+00:00,223.22411703008086,,181.92977127818875,183.6196641113379,178.72353458643556,186.14967099426042
65,1994-09-09 00:58:03+00:00,192.1733052489371,184.49976782114214,182.402923248983,178.88257812796832,168.99422531176842,178.25462597601492
66,1994-09-25 00:57:37+00:00,225.96655550591174,,183.32846411426746,189.40843219905807,195.18662316310994,202.92020890792324
67,1994-11-12 00:56:03+00:00,231.61917188831347,181.9651387099956,183.2825073186769,186.39161290788437,191.88002291487865,196.88768106478724
68,1994-12-14 00:55:01+00:00,241.96935208155935,201.75729668103207,209.0914632698729,214.79285753301392,209.49397527264023,212.20422797886442
69,1995-01-15 00:53:55+00:00,236.75775393030693,207.53967554321832,212.8821803783971,204.4855472271671,197.3722481872676,204.46393440009786
70,1995-01-31 00:53:19+00:00,258.5526179389326,211.32787569544598,212.30226442792653,209.59113269390068,211.09623478208297,212.03891806436317
71,1995-02-16 00:52:39+00:00,236.28224180083632,200.56455530531764,199.00422772562476,195.75234470954592,191.50686597991475,199.33878143496477
72,1995-03-20 00:51:22+00:00,197.2811045917709,,187.54067518454607,187.37088419002228,187.7692608257508,188.1857085713759
73,1995-05-23 00:48:36+00:00,232.39962150797976,179.1031845651608,187.94208694910805,187.03118724877285,183.98720149441877,189.7708125103189
74,1995-07-10 00:46:24+00:00,223.8151131610664,177.22253310851264,182.1849039442699,183.9450649816288,180.0933984468692,185.04239981439048
75,1995-07-26 00:45:41+00:00,238.1657597820689,196.96341424850996,182.1149997486971,186.25010102771483,182.80570778292017,175.94389857122144
76,1995-08-11 00:44:57+00:00,205.50518436574166,184.10146413259804,177.90500043394542,179.47708810351926,179.25177938942298,168.417434614145
77,1995-09-12 00:43:27+00:00,236.86411576075662,195.54504454929443,199.93383498160972,189.81171377002516,184.23093694707467,183.47762602290763
78,1995-10-14 00:41:47+00:00,,171.10121551802936,179.9528440343561,190.22464171108768,190.44128343925408,192.07261570794563
79,1995-10-30 00:40:54+00:00,,169.5615687019188,175.41111964770437,181.87606725140205,190.98909083496292,208.7132374958245
80,1996-01-02 00:43:41+00:00,245.37733947529202,188.6700474301874,195.36574155318215,201.57218525954912,215.42622162584658,226.03420633068967
81,1996-02-03 00:45:56+00:00,208.77076660079558,199.5321391590792,208.8493356369632,213.05667690630025,209.618968475822,221.64096405053002
82,1996-03-06 00:48:06+00:00,242.7452755767699,186.837191743019,195.3163569851497,198.71227416410414,201.12292207962224,208.01742349543514
83,1996-04-23 00:51:07+00:00,,183.5557964812837,185.94159468150318,185.82835480327861,186.06121101863982,193.06051983150127
84,1996-05-09 00:52:04+00:00,,163.03601956605328,165.7429505412212,173.37687234220797,167.67435909921122,170.8679777874983
85,1996-05-25 00:52:59+00:00,224.349492913225,,179.8801477811742,182.8367417572917,189.0514606360247,191.98379000081252
86,1996-07-28 00:56:25+00:00,,,164.79043150186826,164.96761676679054,169.0060568299378,166.27659908172308
87,1996-10-16 01:00:41+00:00,251.14129223528383,189.93251561031371,183.18240808427782,195.21045428799513,200.6590176551695,222.24518644683604
88,1996-12-03 01:02:59+00:00,279.7474932923836,207.56595625555116,213.05913947796736,208.81208248743465,219.19074631512046,222.94430964674285
89,1996-12-19 01:03:44+00:00,241.53645123811592,195.0831425140654,197.3246952373448,203.31462037327802,205.5827840069003,223.93582110024815
90,1997-01-04 01:04:30+00:00,222.48537016759144,190.39146709766968,194.73279459420615,194.97725219055687,198.00350513769376,204.676674366732
91,1997-01-20 01:05:14+00:00,262.28573169001675,208.41941986505896,210.79376868697952,214.2074300484684,203.40181058652416,211.00079795612154
92,1997-03-25 01:07:54+00:00,251.37893682826598,187.05407025409642,196.84734355684708,202.901574367263,206.16273775447888,213.1813376597811
93,1997-04-10 01:08:28+00:00,234.47729273753816,179.42575406197182,185.81617882157295,175.88881396579222,181.23538454950221,189.88936793731875
94,1997-06-13 01:10:42+00:00,150.51404344796373,136.49457819228778,,,159.82264555242193,165.26116278485586
95,1997-06-29 01:11:16+00:00,174.81535091631258,161.830524205789,159.65947768688144,165.80152003183002,167.08380826034477,170.7137076596161
96,1997-07-15 01:11:48+00:00,169.7427401647301,,,174.01088911234038,168.73317067028728,164.27227045433304
97,1997-09-01 01:13:20+00:00,,178.25027181970214,179.64164181699567,175.59675655392238,167.60703243872464,170.8000863447249
98,1997-11-04 01:15:07+00:00,175.98079763663452,151.5506509978158,161.16064973914658,161.84559341504013,169.5087806267605,174.10319897276648
99,1997-12-06 01:15:53+00:00,,194.86314935693437,200.71075751801678,203.97234349704755,205.15590395313873,209.54627078276738
100,1998-03-12 01:17:53+00:00,163.12185162391484,163.82649248441265,171.6820060256315,169.91457857115068,178.21150157876008,193.96841041270108
101,1998-04-29 01:18:29+00:00,191.68360099424885,,179.9713491482925,177.15660639493558,183.9147940230473,186.24891154245668
102,1998-05-31 01:19:02+00:00,165.6725360898791,165.68227564836494,170.01081797245914,173.25054143098993,185.7350557625484,183.9619011291254
103,1998-08-03 01:19:41+00:00,165.43374626146127,,176.87903192699565,173.62043478279915,181.400962657059,186.51556534470757
104,1998-08-19 01:19:49+00:00,171.1673696522005,,175.06232813050542,175.48718772413787,180.69279801514105,181.96170475580132
105,1998-11-23 01:20:22+00:00,261.74684985874853,202.63548058447805,209.29834258614238,216.31124366851023,221.5477861023549,225.88282483773943
106,1998-12-09 01:20:17+00:00,245.80041541066063,193.34784916102217,199.62516219886453,197.88814908149752,200.99632654143002,223.53431333228738
107,1998-12-25 01:20:24+00:00,266.25730686701485,195.96077837277005,199.1038789415683,204.7175651259841,200.07192667590826,206.95213134248232
108,1999-01-10 01:20:22+00:00,245.44489245056195,190.29641585631055,197.70802881680194,204.0904408768743,213.11234417054084,216.8841032157574
109,1999-01-26 01:20:23+00:00,,174.07644296880036,,185.3772199338378,186.8415690501064,191.8186271383136
110,1999-08-22 01:18:49+00:00,,180.1645439753394,175.8039541208298,170.28655969550363,181.93515084358586,183.10712037948838
111,1999-10-01 01:34:22+00:00,247.61013593123462,202.73800271674997,200.4920947584005,197.42025619918306,192.509804191016,197.35100625001104
112,1999-10-09 01:17:58+00:00,243.80490865949673,193.132765450921,191.98252504825007,188.04139196529627,188.82235812948534,195.31237760016364
113,1999-10-25 01:17:47+00:00,247.6256898622293,195.09779955125197,,198.53625906906956,201.09904955064758,197.3928229381674
114,1999-11-10 01:17:15+00:00,254.57827690879628,191.01595046176942,190.40356414654684,192.16170431371157,188.4357155956423,201.75007637746694
115,1999-12-04 01:34:11+00:00,256.35506801418234,202.33128283064673,208.68274032200742,198.38832726257775,204.8771911205729,212.3705775813495
116,1999-12-12 01:16:28+00:00,262.8646748233382,205.62652773407103,218.1816888395526,200.1788239732941,206.7025611832058,215.4627833211912
117,1999-12-28 01:16:26+00:00,246.18654588524862,190.79227222619443,,200.2094469147195,199.6112560885467,207.99473530094372
118,2000-01-21 01:34:07+00:00,243.44864814212295,199.82527370456302,210.597406807228,210.82366114513388,212.8449019368443,214.9087143193206
119,2000-03-01 01:14:41+00:00,,184.8819735334571,,190.96879503729713,193.86408903810593,195.33957401225086
120,2000-03-09 01:33:54+00:00,,163.64263711055122,,171.10138542142357,167.4587876240911,165.0141141374612
121,2000-03-17 01:15:11+00:00,208.6397474362744,,178.93307328938923,183.5753694823952,180.0757879852327,192.4429378188141
122,2000-04-18 01:16:05+00:00,236.60607257764474,183.21420745752746,190.71499939785258,188.05958516854784,191.56867850339748,189.23029956508563
123,2000-05-04 01:16:51+00:00,215.87762405018668,,168.2062344202607,163.41701306591722,,173.72013723441833
124,2000-05-20 01:17:08+00:00,,,,,,
125,2000-07-07 01:18:10+00:00,,162.56714269538912,160.75455510778357,,156.3583073851045,154.1410322512932
126,2000-08-08 01:18:45+00:00,198.9844724142028,,182.13933220096396,176.8358059135646,156.02020885881578,147.86317140955367
127,2000-09-17 01:31:53+00:00,244.72158330594831,188.56035737947687,194.0037994381522,192.18309682005648,187.91137535094555,186.9581673368404
128,2000-10-11 01:19:51+00:00,235.15379541396956,180.97999549911088,195.84134403854236,191.6822516000662,196.18857246808295,199.26041396600664
129,2000-10-19 01:31:32+00:00,244.63634555901797,185.89516952530457,192.01677445951418,193.4431435056379,196.86907703049854,201.07135921061115
130,2000-11-28 01:20:34+00:00,234.34978149664266,184.84843886647258,190.58402349996845,194.70157487657067,202.1724926773231,214.9346108191914
131,2000-12-06 01:31:38+00:00,258.922345993803,185.1897585512527,198.66859599720635,204.53943794739612,207.23630376440153,220.57281135558785
132,2000-12-22 01:31:47+00:00,258.2489815754457,185.72398294524493,195.37553119172173,197.54373650166545,209.19070509423005,224.60050370692005
133,2001-01-15 01:21:11+00:00,253.46720165334256,193.96140837817407,204.49415702736155,211.89838273350836,206.21438650364001,221.3509261382498
134,2001-01-23 01:31:52+00:00,,182.19613189674783,192.06853705885865,201.9041169781471,198.56468886395967,205.17217848922698
135,2001-01-31 01:21:18+00:00,246.85692063906296,194.44803177484428,200.83672112261195,204.8893665098831,207.79271953507362,211.3714662156717
136,2001-02-08 01:31:44+00:00,192.74651793176255,181.07166041791518,188.6882865639564,188.32851381821538,190.5584801999456,198.08346756108588
137,2001-02-16 01:21:20+00:00,225.15693859489082,,187.35456147302327,193.25222897455967,192.5408541494446,186.35200097775274
138,2001-03-04 01:21:29+00:00,164.42490554428866,157.38263148879918,162.1659452075101,161.00742942568425,160.64262828971198,161.00554294297254
139,2001-03-20 01:21:30+00:00,191.02279243561964,165.4108292201793,164.49258414185152,172.0951028074072,170.1674077637004,176.71772200128035
140,2001-04-05 01:21:17+00:00,173.70729075396932,166.58065365919506,,172.54193613326544,176.3397321718838,173.82113214123822
141,2001-04-13 01:31:27+00:00,,178.8955727672499,185.72119886788846,193.2159405509684,197.9778390532269,208.132151720278
142,2001-06-08 01:21:43+00:00,165.92989301415113,165.40589603635746,168.8215067382008,173.1371401910277,182.10543368165494,185.60278898295806
143,2001-06-16 01:30:54+00:00,,163.3507302288014,165.07356642359858,175.64007615376443,182.56754239196536,186.93284379077565
144,2001-07-02 01:30:42+00:00,,176.81584593361606,181.65043395283013,183.9905524917287,189.50768342290343,189.53914004152514
145,2001-07-26 01:21:39+00:00,185.3929964264086,,180.7825158343037,180.5494803306745,169.85204505661272,186.88976953356743
146,2001-08-03 01:30:27+00:00,,175.8116554462013,178.59359949913681,182.323752834263,182.27619090239116,184.12715222563796
147,2001-08-11 01:21:39+00:00,179.95499329101267,174.06597625789036,182.1413087300749,179.90554777073115,185.9681705288008,193.41368233905948
148,2001-08-27 01:21:33+00:00,,168.9105755944491,175.42036932338934,188.0345026510618,191.0459889282934,198.23236805091148
149,2001-09-04 01:29:57+00:00,,177.07275702355724,182.00614570531147,185.61082317027478,189.8837520054627,194.11151254377944
150,2001-10-06 01:29:36+00:00,165.5470165074381,167.1409948934161,168.20946025916714,161.45741242966605,181.21813585621487,189.06810571249392
151,2001-10-14 01:21:18+00:00,225.28274445615764,,185.58920493682456,194.32499901395065,205.7779890422677,213.20835873008338
152,2001-10-30 01:21:01+00:00,228.3280093398666,181.56842573438487,179.41555203692943,183.04935910538518,196.59717289865117,204.05805634289305
153,2001-11-07 01:29:45+00:00,263.5385078993165,194.7604062854279,197.13057935229125,204.9649174928078,207.77999950130126,221.52540552432876
154,2001-11-15 01:20:53+00:00,219.331692644311,180.3309775938327,182.5520939747487,193.21875009866443,199.7783010892796,208.4127794226448
155,2001-11-23 01:29:53+00:00,252.82354015106912,195.32479837925464,198.36067408102235,202.72421879308808,215.07348042704854,229.86310043511153
156,2001-12-01 01:20:53+00:00,246.31067781691578,186.39345756257364,195.52819518408154,202.79753025371235,207.0948250937433,215.12660478565886
157,2002-01-02 01:20:29+00:00,245.47039543733123,198.31943309867364,197.19630685552752,203.08734014780632,209.80850888642112,214.0659860839694
158,2002-02-11 01:30:15+00:00,246.09992546003866,189.47236810988974,197.90508041434992,202.66186055962487,213.2767424208665,219.767270469458
159,2002-02-19 01:19:45+00:00,211.5324386944337,,188.4817921697396,201.6479801814752,205.97136433559882,209.2201360882203
160,2002-03-07 01:19:28+00:00,194.09395112241089,,180.26511958104973,186.43237423471336,186.37797903307342,192.91185116212048
161,2002-03-23 01:19:22+00:00,,198.42307661417743,191.83265295487698,194.14041259046562,194.16250020646464,188.30436314665667
162,2002-04-16 01:30:07+00:00,,,,,,146.58006942911067
163,2002-05-26 01:18:03+00:00,234.81434217567306,176.20641441518842,180.3191543576926,187.14475232348352,193.7592590722846,198.37625363219922
164,2002-06-27 01:17:17+00:00,221.04392691419022,,177.55904294283403,183.86704369684333,187.8825834433453,184.63014554338815
165,2002-08-06 01:29:30+00:00,214.70927922758503,158.20778139840576,170.17542594777106,176.13301220052128,180.6281133191809,183.63729559122038
166,2002-08-30 01:15:35+00:00,,150.5157951896556,175.03296184051007,196.97267713225253,190.26688296332426,184.045610254351
167,2002-09-07 01:29:19+00:00,,164.14197559156727,170.07903978399668,171.54411523446336,185.4485599220905,180.21197949514416
168,2002-09-15 01:15:17+00:00,,172.9881873465287,178.38951056238807,194.33166068576028,200.36053978867042,198.90315811588957
169,2002-09-23 01:29:07+00:00,244.40547631966353,179.48331529904584,187.84629224231585,202.7741235633694,204.27391962038504,203.7920135253342
170,2002-10-17 01:14:12+00:00,,179.82709964782075,194.95014261404015,209.54627928679358,215.01771114174988,221.97320394036768
171,2002-10-25 01:29:08+00:00,247.91069560438328,,186.68633902217496,191.77107935992032,204.2890910081951,214.9710277924339
172,2002-11-10 01:29:13+00:00,,,,,,
173,2002-11-18 01:13:10+00:00,,179.0856243897122,184.93004506261488,195.07167387705454,197.83333538263616,202.53196023935578
174,2002-12-28 01:29:41+00:00,262.4113198727762,195.30965016600973,207.85423659370198,223.12844151855475,230.34793454155616,237.75125358890213
175,2003-01-05 01:13:29+00:00,,176.2831453875901,185.54473282864134,195.10006864291788,203.20280043602818,208.0876696543145
176,2003-02-06 01:14:11+00:00,257.20325089856254,193.96614364601933,204.48305472966106,220.4736176987305,223.76286125272625,223.3874335055677
177,2003-03-02 01:30:02+00:00,,,180.21936263620154,190.34033354408243,201.06481211281934,198.23474654127025
178,2003-03-10 01:15:01+00:00,,,185.33451168199392,196.35728235580265,199.2677895708145,200.73315525363603
179,2003-03-18 01:30:03+00:00,238.1035021929402,187.11936961977662,194.7256649257508,207.38611370089598,209.7988634001521,216.64268433348838
180,2003-03-26 01:15:22+00:00,,183.28262109805942,191.28042898767816,208.60453234446385,209.85392354901307,216.24845485426584
181,2003-04-27 01:16:12+00:00,229.61100237918504,185.62252616497327,190.3166606105608,204.51007806870948,201.8446907768361,198.60590785007057
182,2003-05-05 01:30:06+00:00,194.48354376288,,172.71624964324107,181.11102520203727,184.8200758670619,177.95200729985123
183,2003-05-29 01:16:49+00:00,,149.83934777782895,163.80359544677404,183.76334232018593,192.98351234657562,200.46937425233682
184,2003-07-16 01:17:45+00:00,,196.07214211192738,197.6237229386984,193.09873688768005,183.63716069661243,178.7569626195402
185,2003-08-01 01:18:04+00:00,191.87896022456073,180.30268405552204,184.8920549688904,188.01139471737326,186.16347548101697,186.13800334889933
186,2003-09-18 01:18:53+00:00,206.00030209198857,191.96873854484002,184.61825486359518,187.12048219111026,,175.92277084234772
187,2003-09-26 01:29:32+00:00,242.09229878029487,199.94234452192237,201.36845152306026,195.40388496114122,190.45128664237268,193.6509377932146
188,2003-10-04 01:19:05+00:00,230.04197906723633,192.77062620680073,186.58984880461904,183.81529619961577,181.51252649680075,186.77444720344755
189,2003-10-20 01:19:18+00:00,239.25019400093942,204.32883120360205,234.91186294439345,,,194.24373104884734
190,2003-11-13 01:29:53+00:00,256.41828565607943,198.81260604720106,201.83533644694842,203.03645016560495,202.88161357744474,
191,2003-12-07 01:19:51+00:00,231.95617063513475,185.5511578204405,191.83657786540644,193.38231461499888,196.04950918595767,204.17853413080115
192,2003-12-15 01:30:07+00:00,257.20432898298725,196.9025794593436,200.50595885729206,,,
193,2004-03-28 01:20:26+00:00,234.95935484380686,194.70799011694632,176.69250940863554,179.70645748810583,187.59674484565477,183.21608847828065
194,2004-04-05 01:30:35+00:00,244.62538949971375,194.12179928837367,200.84665950174784,199.9145013639271,197.98122871957784,203.67598868749647
195,2004-04-21 01:30:27+00:00,217.62538089924396,179.31757304466072,185.87576458950363,186.101243056141,188.56537055015315,188.10528916211157
196,2004-04-29 01:21:25+00:00,245.95160708154586,200.33641097279445,198.65239441178144,192.12031585025287,186.88012527674005,188.91618230991313
197,2004-05-07 01:30:31+00:00,239.56487800216033,182.6528097413668,191.7155047023043,188.85957164023017,182.3400138402724,181.1901838801256
198,2004-06-16 01:22:47+00:00,225.3456215166724,164.84988993844593,180.98842606360478,178.10836210279507,180.2216316244392,183.99682019298348
199,2004-08-03 01:24:04+00:00,177.1502126737578,165.52784461690393,163.36855463178978,163.32866171951449,182.43156436725607,190.00168435537748
200,2004-08-11 01:30:09+00:00,173.11640702507168,160.64653458542787,161.79558266049818,177.53174391721893,,186.09582330538407
201,2004-08-27 01:30:06+00:00,151.96689257854615,139.90381123929237,135.64566007393745,154.0470035116386,156.05799266058068,159.74343447469286
202,2004-10-06 01:25:37+00:00,240.92489163898435,202.37766025807727,199.6206192259881,193.73209293203595,191.0914508433121,191.62414521879217
203,2004-10-14 01:29:55+00:00,247.80535381820417,200.52663358777323,205.14815036764122,200.05521089299907,199.8975948182918,199.73978554047918
204,2004-10-22 01:25:58+00:00,243.9645554906624,194.67922148766164,191.24542150278378,188.67525294951125,181.64027696848802,175.90598000505474
205,2004-11-07 01:26:17+00:00,231.1234231400339,184.44424192098992,187.44360097228866,190.4199534805175,194.97498234795265,202.37762510823774
206,2004-12-01 01:30:27+00:00,,,,,,
207,2004-12-17 01:30:33+00:00,,,,168.75373151670252,172.46960408349534,179.49210544526085
208,2005-01-02 01:30:42+00:00,254.636108781826,207.88236155652544,206.19377658918316,209.4890092449797,211.55845825533905,217.40051870035495
209,2005-01-26 01:27:35+00:00,232.3885247921982,189.20802705009012,186.9738856929549,192.72584929419668,196.14525107907616,204.0926495034138
210,2005-02-11 01:27:49+00:00,261.8417276332166,192.39572522991082,196.44097565554796,196.99538439687169,197.68485747729173,208.2628017397345
211,2005-02-27 01:28:05+00:00,244.48989051689773,184.65624011045435,188.22722241809404,194.91131623040977,199.25179404916142,209.5331009051638
212,2005-03-07 01:31:02+00:00,259.6104568363451,189.63380885229415,196.54648598741724,196.5211922886336,202.82289101270558,215.3660493041858
213,2005-03-31 01:28:25+00:00,243.76499128799833,193.1489813545811,189.55391449636704,192.1478771131538,192.50334731196224,195.3342651247904
214,2005-04-08 01:30:57+00:00,,,170.31990453348982,172.71366002650183,172.48444795060573,166.80177042303342
215,2005-04-16 01:28:28+00:00,243.95514543353622,197.20239529652042,193.031248252238,192.75252985423694,197.55143471071355,194.74077740813124
216,2005-04-24 01:30:53+00:00,,,179.33186324302423,185.55745783122518,181.9948383760929,186.65567055225065
217,2005-05-02 01:28:33+00:00,,161.97181313057703,156.23301003106013,156.41509869514078,156.79609083091572,156.33497194802837
218,2005-05-10 01:30:57+00:00,217.4689802785478,176.51577271346252,178.32917647562056,182.35483822907497,179.78782668140875,179.58655741074912
219,2005-07-21 01:29:10+00:00,185.19425127389889,,168.4563307369062,167.33228081214799,170.48595985575741,160.8643607861277
220,2005-08-22 01:29:25+00:00,164.77966823831886,166.00991536739113,165.15846297602886,165.6608749539758,166.02259612771968,161.93543413300114
221,2005-09-15 01:30:24+00:00,,203.01938300729415,,191.28099778577,187.91532427803728,188.6491041836012
222,2005-10-17 01:30:29+00:00,186.99195508462844,,171.5998479662307,179.38593086622706,183.92087973095926,185.74513899643912
223,2005-11-18 01:30:51+00:00,,,,,191.9099518785107,199.18886253902926
224,2005-12-20 01:30:58+00:00,,217.14219239252887,218.3785939813072,222.8440678307911,223.85315717933946,219.2760133269643
225,2006-01-29 01:31:28+00:00,,201.32135191308498,199.85031134876357,191.69054877266004,197.13295594628744,197.66171693334377
226,2006-04-03 01:32:50+00:00,197.85100043402127,171.16409592745896,168.2403048889139,173.2424153891907,172.80643114046748,174.1527684969189
227,2006-05-05 01:33:18+00:00,164.26731710724425,164.93699765124734,167.00844282646295,165.41455446472423,,180.25438010371798
228,2006-05-21 01:33:30+00:00,193.29434982545007,172.49296015121416,168.5438130696797,163.9417189015288,171.23950648527733,175.18408972964878
229,2006-05-29 01:31:24+00:00,167.10971753113597,165.88403294106095,166.889073945494,169.52959740899246,179.4139042668853,188.60795071472418
230,2006-08-09 01:34:41+00:00,185.06709227761758,,174.52526441077316,172.05965037718417,175.69826291415657,190.6887667360756
231,2006-08-25 01:34:52+00:00,194.36656103315997,186.6838923549994,188.48491468268793,185.8338467611233,187.40596467126323,202.86112177046425
232,2006-09-26 01:35:15+00:00,192.07037193267493,,176.79026132260657,185.47583166459637,192.84417358969793,205.2387760778546
233,2006-10-12 01:35:27+00:00,167.4441863534775,170.8064935709132,175.89041010558395,182.40765883147,192.0940723003878,192.53391415113697
234,2006-10-20 01:30:54+00:00,,173.74657205405018,178.8800231623665,,,
235,2006-11-05 01:31:09+00:00,,182.215350554174,187.3439307303251,198.8582101785939,210.43473871809852,228.35996519966267
236,2006-11-13 01:35:46+00:00,,186.97170069355036,192.07125441821722,206.52126020301566,219.35656286148708,234.1803368137219
237,2006-11-29 01:35:53+00:00,180.21612648167277,,188.8875587250711,197.94020444096395,208.0245147670438,224.20434180412946
238,2006-12-15 01:36:00+00:00,178.91951091161474,180.1455831896634,186.64168935775598,200.8227039360209,,
239,2006-12-23 01:31:32+00:00,,,,192.69534868989578,203.49710375665146,215.98377957091546
240,2006-12-31 01:36:07+00:00,164.59855925875686,172.76705695120006,179.47423932870922,186.351405630702,197.55912089181786,222.07610667782268
241,2007-03-21 01:36:16+00:00,,180.02157928274593,179.89741642572727,187.48928912611018,188.26571150096092,198.00762822522913
242,2007-04-06 01:36:11+00:00,138.64435470428526,154.98778137776517,,164.4303621232872,151.41063288130525,152.73690975617936
243,2007-05-08 01:35:56+00:00,200.27827885302477,,178.18938789652057,173.77108088384585,,172.5372371479217
244,2007-05-24 01:35:45+00:00,175.91163615646968,171.4767669303429,169.13373780994883,170.5641559384711,168.6067814270637,174.3333249950859
245,2007-06-01 01:31:36+00:00,169.01927898773172,157.90486317881152,160.35312476442894,161.70603986927043,,163.9783490014732
246,2007-07-27 01:34:54+00:00,,,183.05053853960115,181.50022878141849,178.20488902965312,174.6379546017737
247,2007-08-12 01:34:44+00:00,178.64904002403117,161.9570045618558,169.3060172256238,168.28603958703724,155.41770158315205,159.00519851052522
248,2007-08-28 01:34:33+00:00,235.77316677769397,179.62930783003492,178.69184816363247,180.96244770160519,180.6422416774526,173.92742378526526
249,2007-10-23 01:31:13+00:00,,,,199.48608891036932,198.88947325096538,209.1231860659642
250,2007-11-08 01:31:24+00:00,238.05477174648337,179.211329963364,185.72466221380964,185.6372618417121,200.33722174914132,209.445509545056
251,2007-12-10 01:31:37+00:00,261.8387394224463,200.80552812310452,,,,
252,2008-02-28 01:31:33+00:00,,,,,,
253,2008-03-15 01:31:28+00:00,173.60000500506666,175.57792189152553,178.23199296452276,189.82406819499687,191.59718023608514,197.49965892768068
254,2008-04-24 01:30:25+00:00,159.9840320335942,162.99698870085564,165.4102127103752,158.83010677065118,177.32097824550652,188.21098609530085
255,2008-05-26 01:29:35+00:00,155.49563674143604,161.11873934635403,157.42179751254747,172.71296890102877,174.14522019828598,189.7592396352289
256,2008-06-27 01:28:42+00:00,166.5109565861713,164.62769354125047,167.5321621525327,174.097650699076,185.3340047459467,189.99001894046356
257,2008-07-21 01:30:40+00:00,,182.90451815899823,186.63616413688598,189.7125659224325,188.8765217349107,208.21083464461262
258,2008-07-29 01:27:46+00:00,171.50902332973592,158.7983913388081,167.17397519050425,169.6550327541746,171.9583751195399,177.06167438529027
259,2008-08-06 01:30:33+00:00,,,180.61531681854046,188.53116595207499,,
260,2008-09-07 01:30:19+00:00,,192.89487318618296,195.81695214396842,199.19437596943615,201.71849602599806,207.12165629024858
261,2008-09-23 01:30:10+00:00,195.82139749860852,,169.27794274178964,164.1390245515447,184.84203558091215,192.6270428589426
262,2008-10-01 01:25:55+00:00,197.21497814448975,182.80623434415162,177.27046317594298,174.28748741846914,172.62604542015032,183.64004630320773
263,2008-11-26 01:30:38+00:00,241.41442890290847,188.5862569103973,193.05414353924695,205.60857830173933,214.1250089787809,228.0193442649113
264,2008-12-12 01:30:48+00:00,240.9269241426868,185.75258147973517,193.9122973313743,200.1618968653943,210.44847479173666,222.4086005937632
265,2008-12-28 01:30:56+00:00,232.7409341720546,193.07958503197113,194.8331688184871,204.25262260278492,215.55731275498508,227.8201039482902
266,2009-01-13 01:31:02+00:00,243.55876899830488,206.7319209897408,209.94797118819037,213.5495771218912,225.37841289344175,238.81380489494785
267,2009-02-06 01:26:59+00:00,,,176.8627079337286,189.04476749684827,199.0983618118176,212.71689910333478
268,2009-02-14 01:31:14+00:00,,,176.55895179435873,173.7557729078353,,177.02166512446257
269,2009-03-02 01:31:23+00:00,236.7979199944762,212.03286056603773,197.29062347719835,194.43257215296836,197.62503200529255,197.36301958386147
270,2009-03-10 01:27:46+00:00,230.55413120135017,198.0743476589396,191.0003412925356,189.64520089898815,192.3531521978722,194.92276309832422
271,2009-03-18 01:31:31+00:00,,,188.8156207872047,188.75733177811415,,
272,2009-03-26 01:28:07+00:00,231.68709618162714,203.71539687060465,202.31989384279038,201.22621068652612,199.72436698986445,199.54415381461348
273,2009-04-11 01:28:27+00:00,241.87159646383031,202.30809576564891,196.72932721273312,197.4263203796542,186.3534253841172,191.16245030310458
274,2009-04-19 01:31:42+00:00,,,,,,
275,2009-04-27 01:28:45+00:00,241.4478612094861,192.17467240782568,183.77141697624546,192.76044283996663,187.7930265347046,190.87011368672603
276,2009-05-29 01:29:21+00:00,,170.08626870029963,162.68419963464538,163.07200790535785,172.55928839010448,177.60706031641215
277,2009-06-06 01:31:47+00:00,,,,,199.2653276578247,217.96743034140928
278,2009-06-14 01:29:38+00:00,,169.26630478714986,175.31411804333646,184.25817653522523,186.325194104322,186.93526124731198
279,2009-08-17 01:30:41+00:00,240.50009428013647,179.9038462761188,186.11501342734212,191.31979982104357,192.04371134046767,200.9110809623699
280,2009-09-02 01:30:55+00:00,225.17163490080821,172.14766159790918,182.6590723232511,181.61373883043493,190.95943714522883,200.4468491055757
281,2009-09-10 01:31:30+00:00,236.8846563820431,,181.13894156063242,190.98732876701885,192.9609521136678,207.73563493957735
282,2009-09-26 01:31:28+00:00,,186.69350377409407,192.96022759722456,200.9476322974205,203.01924923094387,218.06012559475636
283,2009-10-04 01:31:19+00:00,237.9121535725854,181.67592409844653,184.68497897426226,183.62717901128266,192.4572152404109,200.6548610590197
284,2009-10-12 01:31:25+00:00,253.317449016203,199.38768751665083,196.79566956147565,201.52356006658053,199.3292354287404,207.0229949181874
285,2009-10-28 01:31:41+00:00,248.65835229379752,200.53950434662636,201.6695622260793,196.54653970151838,200.5721776935731,211.04564614676644
286,2009-11-21 01:31:43+00:00,263.8277605525961,,,,,
287,2010-01-16 01:32:52+00:00,246.98783404651485,202.44755473653902,214.34541003975988,219.50335447156516,223.88396665130475,230.89446565884637
288,2010-01-24 01:32:10+00:00,251.70605302980454,205.65260197293838,198.40383511797714,209.65738543299352,218.0245156265799,225.23682222798183
289,2010-02-09 01:32:14+00:00,193.17245865738855,185.3718091234215,186.7568302364805,186.6208533641742,,182.35966777773422
290,2010-03-21 01:33:30+00:00,203.20689626955996,186.54537092047536,188.50848143295687,185.32602086143078,172.79815968442955,177.32365240112773
291,2010-04-06 01:33:33+00:00,198.764032662727,184.191402395303,177.96034941712716,174.71640601057777,,
292,2010-05-08 01:33:30+00:00,232.3143843996053,,186.35661936951732,191.17394127809936,197.13000400541466,206.9111675243575
293,2010-05-16 01:32:07+00:00,186.65520335915315,167.87697320685706,180.62500124031857,193.5700311571318,198.68002352903162,201.04308256923898
294,2010-06-09 01:33:29+00:00,203.44349426759337,,177.31682385151638,184.75068555799984,185.35061008554285,186.74228252254284
295,2010-08-20 01:31:39+00:00,204.18091633940912,180.17499194500394,188.02326666325618,185.44913928503897,183.77010248242382,183.8595790624955
296,2010-10-07 01:31:22+00:00,245.11000812971622,198.02914898619372,198.93873301778328,197.31724798053634,196.80411043288385,206.2565105260107
297,2010-10-15 01:33:43+00:00,,,,203.28306019216797,208.49397714494236,218.4006057373777
298,2010-11-08 01:31:07+00:00,222.74679469916842,191.47383280424373,193.786664989665,199.82789571966433,200.82212492298993,215.3593720066684
299,2010-11-16 01:34:05+00:00,252.86074104478632,198.6082008828577,204.14085327885908,212.9250398484022,218.09732592133653,223.69372354651873
300,2010-12-02 01:34:15+00:00,,,,,188.86320020020307,191.69118544131672
301,2010-12-18 01:34:23+00:00,249.15256037393718,207.59779438376987,210.77843633137476,217.08730598725546,,
302,2011-01-19 01:34:39+00:00,232.58493738306845,202.79527189861045,204.6628051559628,205.82586509648235,205.94472422176074,213.749168611304
303,2011-02-04 01:34:45+00:00,245.59942982873798,198.8236964454758,203.2878678000375,203.6030613305819,204.1668887090122,
304,2011-04-25 01:34:57+00:00,248.50015819982065,198.11040111226657,196.57229303875317,194.2268677033327,196.16623987325733,201.1887230816477
305,2011-06-28 01:34:52+00:00,203.11682018436954,179.50557881576805,175.36870710739333,174.39781443554983,163.26351307026474,174.86587990908683
306,2011-07-14 01:34:52+00:00,,,,,,173.09868935121415
307,2011-09-24 01:29:41+00:00,,153.41031720249524,,172.59442165738145,,166.67940873025694
308,2011-10-18 01:34:39+00:00,257.4285579120708,208.8275529934495,210.43033184758693,208.10868521615427,209.67070578114306,218.70256436177067
309,2011-10-26 01:29:16+00:00,233.11908547636295,200.61633015558638,202.37655370572648,208.90428392799552,206.4912940352234,217.7203176412699
310,2011-12-05 01:35:06+00:00,245.36796792469443,206.4145936539984,,201.7853647744349,205.4599454571482,224.98540608576926
311,2012-01-06 01:35:22+00:00,258.84802040508373,219.70730135369396,222.24204368852432,225.37401513340873,226.78456619004325,238.31413738421244
312,2012-03-10 01:35:25+00:00,,,,183.00779264893578,193.5648708034082,205.4588235521779
313,2012-04-27 01:35:41+00:00,234.47356692982447,,,,,
314,2012-06-14 01:35:45+00:00,,,170.90351845244143,171.94320755097647,174.37283283502117,187.40124037435533
315,2012-08-17 01:36:30+00:00,,,,186.53963179153973,189.70760628186474,205.6733032339689
316,2012-09-02 01:36:39+00:00,234.62670921962442,207.34514922132695,,,,
317,2012-10-04 01:36:58+00:00,,,,,,
318,2012-10-20 01:37:08+00:00,202.20388307670348,191.43220142074563,192.845171614126,190.56010395345572,193.6368231871551,196.36299331985683
319,2012-11-21 01:37:19+00:00,243.62064226800683,202.2847717799264,196.09929126340896,198.20475171772804,196.8977179238305,205.7480796808212
320,2012-12-07 01:37:20+00:00,211.90891640531189,196.61632183909228,191.8287732739161,196.64981338025692,197.86283950281688,
321,2012-12-23 01:37:29+00:00,,,,,,177.74737309724472
322,2013-01-08 01:37:30+00:00,248.13141268433517,201.24284411462244,194.3716391972523,191.6038695425168,188.43038204247514,193.5470017582329
323,2013-01-24 01:37:32+00:00,253.41472632790084,208.04638074972948,197.94601502559465,188.25526018202996,,
324,2013-02-25 01:37:29+00:00,233.61809932727502,206.49788399562564,198.57642683454426,190.28110763338546,189.3934435864882,189.2095692648227
325,2013-07-11 01:43:20+00:00,,144.11951825615657,,150.5289150040938,153.6602773013747,164.14900826276588
326,2013-07-19 01:36:42+00:00,237.77702461507735,180.42495804371126,181.8102638118772,184.27555845701778,185.02234230465163,187.17577909778385
327,2013-07-27 01:43:19+00:00,225.12117342427814,,172.37292943833071,176.21614210030418,175.65101447587736,179.5571885744644
328,2013-08-04 01:36:36+00:00,215.71145068048304,185.50510081438202,180.36692698664598,193.32398335125617,,182.95953911670185
329,2013-08-12 01:43:21+00:00,208.71272433982386,187.15241967227965,185.6318433275624,183.69927231109034,174.8948300577665,182.48213947452135
330,2013-08-20 01:36:41+00:00,245.62918365883013,185.44848925142657,185.74505650614242,185.64098545370933,173.79011057673117,178.20196890790672
331,2013-08-28 01:43:23+00:00,253.3368236373034,207.02608788089506,200.4247988699128,192.75553872727772,185.93832159944088,187.06126089723426
332,2013-09-05 01:36:52+00:00,,,,189.76532890735035,182.69105333681898,189.42086629306237
333,2013-09-13 01:43:20+00:00,238.27310725686368,196.88625363288057,188.89222518082363,183.90315192399456,182.07512932045057,187.91392092622905
334,2013-09-21 01:37:02+00:00,,,147.55762246342218,145.8972835420713,166.90628935603627,156.54900744202234
335,2013-09-29 01:43:13+00:00,238.86227692976607,173.12775365988549,,,,
336,2013-10-31 01:43:04+00:00,241.18594455985337,186.27573892999013,190.11450380885603,196.40835825700754,200.27443496185853,206.98630288958415
337,2013-11-08 01:37:29+00:00,257.6706679059303,197.23937428094234,,,,
338,2013-11-24 01:37:34+00:00,256.66299479935185,199.61420259816867,204.29800764303576,204.994668777302,209.40728683771346,214.46485788881128
339,2013-12-02 01:42:58+00:00,257.0339277688422,207.9058308096513,210.83389307568757,212.893542001952,209.65028353969498,211.6442517930932
340,2013-12-10 01:37:41+00:00,,188.59865936011292,198.23467221382953,198.7218409219705,194.5995479777261,
341,2014-01-03 01:42:43+00:00,260.7493817885003,208.58640544095223,212.22298887621682,207.26648907590743,209.64006690726106,220.5595500122471
342,2014-01-11 01:37:48+00:00,,,,205.9672598185705,211.95058991304313,222.16486505911624
343,2014-01-19 01:42:29+00:00,260.2209751399412,208.61191201893428,211.83835509174193,212.94678217772358,214.06871445305873,224.04310799616394
344,2014-01-27 01:38:08+00:00,249.9727198694776,206.70130934997132,201.3784200728071,205.352020835645,202.8675055682432,215.685693315507
345,2014-02-04 01:42:22+00:00,210.834351121821,191.078060602836,196.67448395585964,193.136691428461,193.9271777267149,208.50280441144366
346,2014-02-12 01:38:09+00:00,234.21335720166115,183.07217940917843,187.61466103820683,185.15305744896992,186.23212174785192,191.84828832940454
347,2014-03-08 01:41:54+00:00,239.0274079920578,,184.4213523252271,184.9253082357392,190.9476014692898,197.88228046982587
348,2014-03-24 01:41:41+00:00,248.5120982382893,203.2203523120394,197.47918104940766,193.54994037345446,192.38193088044406,198.78200252806926
349,2014-04-09 01:41:27+00:00,,,182.43500379218503,176.00445824689712,180.78457075479486,180.33848057270316
350,2014-04-25 01:41:11+00:00,241.77078397733837,186.0504793085746,188.15940993562592,183.1461523316065,186.58501098900098,192.03921998098272
351,2014-05-11 01:40:56+00:00,231.95102732014308,,176.78210134732927,180.2824908179572,183.0141235644907,185.4423756501155
352,2014-06-28 01:41:04+00:00,236.1123136316033,164.3360399771107,166.08308660837443,171.40742550429772,172.07524838080448,179.2939118988617
353,2014-09-16 01:41:29+00:00,209.91389905953605,,178.04072756036058,181.13585973995598,171.3689817809969,185.06358861095677
354,2014-10-18 01:41:35+00:00,,202.36383144037964,204.15943522167748,,200.34471480519474,204.12536441722682
355,2014-10-26 01:39:26+00:00,194.86789614238094,184.67795749437227,181.60797966460052,186.06037786368788,185.2005798455918,190.7206650079568
356,2014-11-03 01:41:32+00:00,,198.0191821523888,208.1115518595821,215.44707619378383,212.0465629899489,220.15799266517683
357,2014-11-11 01:39:36+00:00,198.84756729669428,187.22476508405666,194.94604770294467,194.18491026887466,195.7636598296387,200.18591328922594
358,2014-11-19 01:41:31+00:00,258.1782109182954,198.6550878579715,212.60884091061834,221.7849172178134,213.88248599429076,214.9313181441437
359,2014-11-27 01:39:39+00:00,249.4648601264437,203.48937776445126,213.87115230359422,208.92161987536196,207.39235795909755,216.52649439474024
360,2014-12-05 01:41:30+00:00,238.9988765845029,201.78271910647572,196.2938456620024,197.070125500623,195.65727466061352,205.52485838628726
361,2014-12-13 01:39:47+00:00,251.28706646128458,196.3324492647345,200.6075805192785,196.03222379212474,195.50837241074004,204.33353351212315
362,2014-12-21 01:41:28+00:00,,185.60604978402174,188.60137508835618,191.64989141260853,194.26846640897753,203.9387115114482
363,2014-12-29 01:39:51+00:00,,,,,195.33937268778342,208.1665769708941
364,2015-02-15 01:40:01+00:00,,,,206.26784775499013,200.32095731518703,207.28224652885234
365,2015-02-23 01:41:09+00:00,,173.6096279797188,176.50705105487265,174.63400616125068,167.96737384635352,171.38559712301415
366,2015-03-11 01:40:58+00:00,249.29702292140917,195.57353778646043,200.01861471306435,196.27491352067187,193.91532311379243,199.83660754865465
367,2015-03-27 01:40:50+00:00,257.9668966372814,208.002852759768,215.43505664156598,199.95760068683208,196.17823543023414,198.57697985750346
368,2015-05-22 01:40:48+00:00,,,,181.84937990900136,185.6183082802131,200.41484978675436
369,2015-05-30 01:40:25+00:00,216.1292171502601,,171.34721569194787,172.59083291196077,175.00856524547487,174.99325092251902
370,2015-07-25 01:41:06+00:00,,,158.8779440385288,159.28611241555097,154.1331470754376,166.3949990604897
371,2015-08-02 01:40:58+00:00,231.76758841983232,190.8037694635136,191.34224623655174,183.64682801223114,,172.4659605206763
372,2015-08-18 01:41:04+00:00,242.2967975827241,188.79010414786055,195.13203709345436,190.22634901536426,183.8012762616578,
373,2015-09-11 01:41:15+00:00,179.65530213721487,,168.79203433694198,167.20166429788435,166.96412888737106,165.0162045751025
374,2015-09-19 01:41:18+00:00,180.69911610102577,173.3248219003063,171.60724748013206,175.08034870671958,174.46227113529505,186.73985951098848
375,2015-10-21 01:41:24+00:00,179.76877743700953,170.37982847554193,176.0609766065406,179.99528027539168,168.52125048973255,182.94978828256131
376,2015-10-29 01:41:45+00:00,,185.8698321011311,199.96548191678997,209.08274240302697,208.35290442674406,
377,2015-11-30 01:42:14+00:00,,190.9413000949139,204.29783529407584,,,
378,2015-12-08 01:41:28+00:00,,197.86990776473337,210.9066546272969,217.74306294133564,215.72178100798504,223.50729375014265
379,2015-12-16 01:42:32+00:00,196.31950795400027,,187.81325032567375,192.54465691420103,,
380,2015-12-24 01:41:29+00:00,187.40191883649757,181.9066292383405,192.04308567328567,191.9145364257054,198.17584262666784,208.86602792221356
381,2016-01-01 01:42:45+00:00,267.58660930740785,203.49934687142047,215.89811162846604,218.64549482899156,220.02675166473492,231.35983545156287
382,2016-01-09 01:41:24+00:00,258.34820478071623,197.97173048622219,209.17294974448097,214.49680309831328,202.92279146980823,216.20355867688207
383,2016-01-25 01:41:25+00:00,252.0593083505299,196.99908929600915,198.39714821991217,206.98526065613856,203.7176478551578,217.71383804759822
384,2016-02-02 01:43:09+00:00,,204.96145075870265,213.3590840858712,201.41876051624428,206.98199556230878,215.96790420805704
385,2016-02-10 01:41:20+00:00,250.19663373332116,199.7957687312037,213.82925633418944,216.29619992054418,206.6691181027831,211.67868898503355
386,2016-02-18 01:43:13+00:00,260.42619990750603,207.0335390908792,209.79492339674695,205.43664919001196,197.8698882850726,202.20568089637493
387,2016-02-26 01:41:14+00:00,240.18637102555437,187.08608952666177,185.8509364379555,182.15752675035736,182.69508622578957,189.85613074529616
388,2016-03-21 01:43:28+00:00,242.39481136804403,196.4761651455525,195.7729552419594,202.7920041440256,203.04954374394694,204.42762769078354
389,2016-04-14 01:40:56+00:00,,168.17564550818952,182.9448591950371,188.97207916984834,,172.61361105808652
390,2016-04-30 01:40:56+00:00,,183.73875086112014,192.62734303828927,188.01664325687312,182.1193989955168,189.14254730618876
391,2016-07-19 01:41:19+00:00,231.14333487530686,203.4050869325841,204.04253371770145,187.44096000407075,174.64327745183513,177.07065330552805
392,2016-08-04 01:41:22+00:00,206.2414709752375,190.2599843625345,188.09878666587812,181.89984296465866,,175.23736494964402
393,2016-08-12 01:43:58+00:00,222.184895563618,172.89581190219727,180.75030973058958,178.92970937135632,170.6683098760239,180.37643299721552
394,2016-08-20 01:41:27+00:00,218.47445517271257,,171.70894257992282,186.07107092085977,184.8174528289179,197.06385066409908
395,2016-10-07 01:41:37+00:00,251.20198136738878,192.17984567404827,198.8836245608987,191.85743699249426,184.7590967952673,187.73457326402243
396,2016-10-15 01:44:05+00:00,237.79147360254441,195.32724671085884,186.15249166668667,184.75046082691466,184.0750195269006,176.762276752315
397,2016-11-16 01:43:52+00:00,241.37341208840968,197.13853095389223,206.35246573704256,199.7421248647697,197.69914704978115,203.93634005394438
398,2016-11-24 01:41:41+00:00,257.3466820488797,202.01071765660197,203.96422867924457,211.59179189095124,208.75043491746166,211.35262697229086
399,2016-12-02 01:43:51+00:00,250.85912775798337,206.87628162309375,208.25951687383028,209.65335500908745,208.90403601824363,213.9344234843557
400,2016-12-10 01:41:38+00:00,247.88742524242454,197.92820030408788,200.97011466618352,206.5376311403331,200.22167606408024,204.42992174986796
401,2016-12-18 01:43:46+00:00,263.9090574714008,207.89155584377022,213.6551130944135,,,
402,2017-01-03 01:43:37+00:00,237.13394463343354,215.6264340984676,217.19918015559165,211.593898528247,212.64984757837,214.00730569139571
403,2017-01-11 01:41:31+00:00,247.2415787246063,204.3071669389635,210.41050675934804,209.17871913302793,202.6173306281625,205.95666724702357
404,2017-02-12 01:41:17+00:00,251.97401975325167,204.7969319599998,207.45501754408102,199.5948158938183,192.52542012515536,197.5027153477949
405,2017-02-28 01:41:12+00:00,246.8312687146719,214.40652761572943,210.53636462630232,204.0203155642702,194.60893187971536,194.71178562490493
406,2017-03-08 01:43:28+00:00,239.03914674857444,198.89656483194045,,,,
407,2017-03-16 01:41:03+00:00,245.70462394512347,197.18452975992875,195.36603606255449,188.30669225734084,182.42189111583914,180.35713511483476
408,2017-05-11 01:43:49+00:00,,161.15717403391773,165.36597641988345,166.24163103238766,166.12081307995874,159.86329355823855
409,2017-05-19 01:40:49+00:00,246.76354657813707,,188.3074251998242,179.99700192661373,179.41654886563526,181.64831057124815
410,2017-05-27 01:43:52+00:00,,171.44047377700426,179.16123741433563,178.76686277561384,176.84338021161733,182.79799908098065
411,2017-06-04 01:40:58+00:00,,161.74847172980407,174.62139206750456,172.29664735689943,166.76621229896088,165.04521115313815
412,2017-07-14 01:44:00+00:00,239.65491450758788,195.37655536731626,185.39729479521196,191.5072596655435,,177.7994434945988
413,2017-07-22 01:41:13+00:00,236.82635357575302,188.24078798438754,188.13241080006128,180.82830192150638,171.51454734179686,181.48427152461613
414,2017-08-23 01:41:25+00:00,228.03503113892134,,179.62788708417207,177.94634383746302,170.79788396860422,168.1257255824999
415,2017-08-31 01:43:57+00:00,,170.12730684689768,170.79531595991713,174.832957188787,163.4333079796832,152.830515719955
416,2017-09-08 01:41:27+00:00,243.42907115733067,182.3738102933014,192.61401295462022,191.22368013736568,191.19251086085984,194.30160352732605
417,2017-10-10 01:41:37+00:00,237.6712545323951,175.05528868354585,190.8386808441945,197.48003842507885,200.46206565140244,214.9056456128038
418,2017-10-26 01:41:39+00:00,258.27831113574484,194.17729264950466,202.74826683969798,197.94102919617603,198.89554438783247,207.67036358055296
419,2017-11-03 01:43:58+00:00,232.48321080131956,192.1425498408621,194.92433014249886,193.94884986935648,201.89400895839958,207.75465695920087
420,2017-11-19 01:43:55+00:00,,,197.00292448396974,194.55540129685755,195.1205140196926,205.01218303226682
421,2017-11-27 01:41:30+00:00,210.2920423887546,196.38916977414655,198.06691898110242,200.41392189416118,205.5596629603468,210.67694481665666
422,2017-12-05 01:43:48+00:00,,,194.91550948565293,203.32203389473838,201.95250937386768,212.3210702495178
423,2017-12-13 01:41:30+00:00,,207.85945341244695,217.41874483666405,218.0348591461032,218.72304222828038,226.8787402523028
424,2017-12-21 01:43:39+00:00,213.9628961922503,206.06739875663726,213.69262731516056,209.21024718438176,216.37180582194821,226.9172992089877
425,2017-12-29 01:41:31+00:00,,205.07714472254807,212.80688636918225,215.47548049499412,211.56313684529377,221.4461084057596
426,2018-01-06 01:43:26+00:00,214.21290460068792,195.6268710230786,202.22212895363742,200.30668708113785,203.48600384479343,214.26045015857102
427,2018-01-14 01:41:24+00:00,230.83644952711288,192.77520731389754,197.95470148261208,200.2031828619948,198.55299020073448,199.94493074100995
428,2018-01-30 01:41:15+00:00,257.0180332776377,205.15155978486314,211.46512326019817,209.99012914169188,206.19944083109255,207.74789231709687
429,2018-02-07 01:42:56+00:00,,,197.70899292338402,206.4575312510483,204.28362808755702,210.3889112849106
430,2018-02-23 01:42:47+00:00,246.2080268917767,198.4951002787966,202.87967213375353,203.53681010978076,203.9356140628216,207.09342741069236
431,2018-03-03 01:41:02+00:00,231.71360228490505,190.72799001021446,195.64659779535754,194.8549077949153,190.5994550541258,189.38780038296335
432,2018-03-11 01:42:36+00:00,233.40852234696314,182.54409696873722,194.93379008339338,199.29394133987833,198.29420474618544,202.83912880879222
433,2018-04-04 01:40:46+00:00,,164.38521627931974,168.36525188805388,170.48618036647395,170.5952677987411,177.96178115728185
434,2018-04-20 01:40:36+00:00,234.2400581347728,182.46864857466124,183.88930288937442,186.9780287869788,190.44617736470192,194.00992995673423
435,2018-04-28 01:41:51+00:00,232.0641813245529,194.25868348794663,193.24512287512673,192.43566887149328,179.94943520268262,184.7662781464535
436,2018-07-09 01:40:28+00:00,,,163.0964562744374,156.8214130934471,161.97007005729122,164.76383084850553
437,2018-07-17 01:40:26+00:00,,168.5624805409531,173.11050944109994,,,
438,2018-07-25 01:40:34+00:00,229.8591336013518,189.84236627722592,183.89225380590563,177.8166933156472,166.8306446970237,172.894531869991
439,2018-08-26 01:40:51+00:00,,166.51030941181025,174.45062320224466,186.04093101392888,180.94712376240474,200.275716822368
440,2018-09-03 01:39:31+00:00,,154.29167271207976,159.53038022697856,174.40498044915898,169.78658760359602,172.6664694978859
441,2018-09-11 01:40:57+00:00,218.2228731652322,177.27700288912735,179.62637837153193,176.9922858833334,180.04405330970968,186.3531219108413
442,2018-10-13 01:41:10+00:00,262.7009484571979,210.93696521547946,196.8439368988202,189.259132968432,187.24977811276614,183.8594840502649
443,2018-10-21 01:38:24+00:00,,,207.3413712113633,198.79608012700973,192.71589433327344,191.73213375269862
444,2018-10-29 01:41:15+00:00,,,185.03807555448685,173.1067572604133,170.7232306945625,180.4038949825381
445,2018-11-06 01:38:04+00:00,,,,,,187.27569315963964
446,2018-11-30 01:41:15+00:00,254.37387277688617,189.7872183200022,194.48372649351194,192.81558953512325,193.0475128165032,195.6254003488309
447,2018-12-08 01:37:16+00:00,244.07092425796432,200.71135272306375,204.20400365329488,199.2719342411418,197.98791121717738,201.87192207998464
448,2018-12-24 01:36:49+00:00,,,190.16073588757263,191.4955168522318,188.54087105432637,199.3847609502922
449,2019-01-01 01:41:13+00:00,258.7713172662481,199.5126563742099,201.06567256333673,199.24315799279984,202.10120430045583,204.38166313458098
450,2019-01-17 01:41:10+00:00,,,,182.97750146658794,171.54775674679234,171.79875129908189
451,2019-02-02 01:41:06+00:00,258.3936056690621,196.65940199207242,192.27734819810308,196.34163132182678,195.61473842575188,202.48391623399826
452,2019-02-10 01:35:19+00:00,247.03166588660332,193.78143413610223,198.01575004337573,190.40904024595142,195.23961379628912,192.10685215551632
453,2019-02-26 01:34:50+00:00,,178.4876735762831,180.94764328290418,178.07548469980767,174.98385187843445,173.81999900624913
454,2019-03-14 01:34:20+00:00,245.2846505068253,191.9173615401142,192.6117006548193,193.23981101655735,192.9511820019441,203.27967141946587
455,2019-04-15 01:33:13+00:00,,,,,,
456,2019-05-25 01:41:00+00:00,,150.429409688277,152.62956801289062,166.39801118280528,185.24062161440327,192.3018080018227
457,2019-07-28 01:41:22+00:00,,166.46823813984807,172.15353261527483,168.16532142906524,163.4540163310366,167.48675300539946
458,2019-08-05 01:28:58+00:00,,,,166.5486955327925,168.43393897844294,180.66547348046103
459,2019-09-06 01:27:37+00:00,,176.72486157277223,,,,
460,2019-09-30 01:41:41+00:00,247.97508581141938,194.36585462866302,199.03021770078135,193.4954848369221,197.25821771797345,208.06673912154133
461,2019-10-16 01:41:44+00:00,257.6997166972538,187.56391963101464,198.1873991554658,200.22609684158897,212.5289003126668,229.1777285790532
462,2019-11-01 01:41:44+00:00,264.3214191552477,190.9579177861957,201.14674511143872,207.8868640917526,220.19724255550707,235.9513292190458
463,2019-11-09 01:24:51+00:00,,176.5701619187748,184.15608769947465,183.9563698886022,186.91024171712502,222.26359768560255
464,2019-11-17 01:41:41+00:00,,162.95679677743647,171.15354687779856,181.0708967009592,176.02907505137597,203.4956215643718
465,2019-12-03 01:41:39+00:00,251.74397021161892,191.71335174478074,199.49461389076072,202.58602485301512,214.47206289393773,230.97088858422777
466,2019-12-27 01:22:30+00:00,,,204.5734021100668,215.53764654692952,225.26293725589574,233.07186270994225
467,2020-01-04 01:41:33+00:00,,187.62153331302105,196.36206641902035,201.1470474161136,205.66265347449007,218.0956096727436
468,2020-01-20 01:41:30+00:00,243.69548396903215,195.9694287146182,196.49747354771807,202.77105168065262,198.9339179438036,205.2110832485581
469,2020-02-05 01:41:24+00:00,244.2396637426459,189.74476089432204,194.24724531936494,202.9511064353024,209.31139840594767,229.49945235289132
470,2020-02-13 01:20:04+00:00,,,,,176.8186293261987,193.18780626225544
471,2020-02-21 01:41:21+00:00,251.79398333849147,201.2169618299159,205.6910180838017,204.02975844927332,201.2325688388391,215.5839672116445
472,2020-03-16 01:18:21+00:00,226.33425296971964,189.73649367616693,190.39688225919346,199.85785257667152,199.1094773918456,209.06907938304977
473,2020-03-24 01:41:07+00:00,247.69687587264545,203.22417066265962,207.7914740805198,201.65887083390857,194.61666066127702,205.19340452976476
474,2020-04-09 01:40:59+00:00,218.13314462829052,178.14465298146146,179.89888041751453,187.56585943981887,184.9501066220281,201.55029382344497
475,2020-04-25 01:40:52+00:00,242.81891027577592,195.10981628118373,200.219630147157,196.060435169671,188.88406303045772,202.42566767868053
476,2020-05-11 01:40:44+00:00,,,175.62201287676217,171.74978805023179,177.10461819266627,185.1541878656892
477,2020-05-19 01:14:36+00:00,,159.47112347343253,165.68223283031827,165.5954971656204,152.48087336663346,171.30460771053782
478,2020-06-28 01:41:06+00:00,,165.1752228673749,162.7915554671962,,155.18290452704488,170.11337920456674
479,2020-08-15 01:41:21+00:00,244.97214141119045,211.79982059006755,206.4993370292645,187.17939613573625,182.00798214767957,193.3182763014037
480,2020-08-23 01:08:46+00:00,239.94815372159212,214.75152666400413,203.83341101102425,,,
481,2020-08-31 01:41:29+00:00,235.26606845704245,204.73910324703567,201.84894806960406,189.8849189587503,181.05314198446493,183.87835202104895
482,2020-09-08 01:07:43+00:00,,,,,,175.8865301614297
483,2020-10-02 01:41:39+00:00,243.9144972949219,191.8276596110943,200.54854108477923,196.17568179245552,195.82401059850713,206.07645119633543
484,2020-10-26 01:04:36+00:00,249.35893171782524,182.74381237961825,192.20707309259973,,,
485,2020-11-11 01:03:31+00:00,254.54813114812572,193.93950569193686,,,,
486,2020-11-27 01:02:23+00:00,231.06039662851063,193.96748759104915,207.2884627526238,223.48373865665656,,
487,2020-12-05 01:41:42+00:00,264.5467471372898,190.42663259049218,200.14396725733602,208.9776957592154,209.8111783781318,233.86219222611297
488,2020-12-21 01:41:40+00:00,261.7214605660918,197.19576757988017,210.18543567469007,220.76301262458995,228.23051762688758,239.5590540955687
489,2021-01-06 01:41:35+00:00,245.1131089910195,188.7388918615827,197.40855031673286,201.83045890795512,214.6439424122505,231.43014052772344
490,2021-01-14 00:58:55+00:00,,188.35691890591104,198.74282408913513,200.41728414091295,218.53123885978633,235.42022231402248
491,2021-01-22 01:41:29+00:00,,175.07274267964365,187.8909365389451,196.49303941276693,205.13052134480125,218.38849527635534
492,2021-01-30 00:57:46+00:00,,,,217.86695662503774,223.64354870994651,236.4329851478339
493,2021-02-07 01:41:27+00:00,247.91317727388173,185.65844065969705,200.11281921479969,200.02244246301885,207.55841946131724,221.51917442483762
494,2021-02-08 00:50:55+00:00,,,193.25730612832163,202.03843217681208,218.56932138077036,233.58543562015996
495,2021-02-15 00:56:34+00:00,,156.58544831739528,162.21003582364364,170.3816960655251,174.71118647488044,193.40072465795913
496,2021-02-23 01:41:22+00:00,241.69100409489363,189.9279658667492,199.77041620956078,197.0536161589742,203.32401774270556,221.83325265062115
497,2021-02-24 00:49:43+00:00,,,,,201.17522749378975,230.69824623276423
498,2021-03-03 00:55:21+00:00,,186.03628654858042,194.66518369428985,204.1788637923268,202.45748699519075,222.57215746069653
499,2021-03-11 01:41:14+00:00,249.01717712502344,177.50525672444596,193.2450509186808,194.57002330721093,200.19970316448553,228.83010150284332
500,2021-03-19 00:54:05+00:00,,178.99007077243564,192.09704742335882,193.6806611682415,207.100167876026,213.73851619022992
501,2021-03-27 01:41:08+00:00,238.15750332956716,180.72970016771765,189.18583833112407,190.05169798431197,192.22283883893746,213.4741896875943
502,2021-04-20 00:51:27+00:00,,147.23395561103538,156.01241709074853,166.44234771777832,183.60170965099766,207.9521599911293
503,2021-05-14 01:40:55+00:00,,168.75253409223052,168.26356225725675,175.29319521715422,176.6326194306834,184.63846487119747
504,2021-05-30 01:41:04+00:00,234.93851017192978,183.82177730213252,183.7708184210784,178.0119867602296,160.87791685640786,175.26917908588175
505,2021-06-23 00:46:05+00:00,,176.88608024033638,177.50043723745978,183.54433415197155,184.0770117205722,204.7585800662375
506,2021-09-19 01:41:38+00:00,242.87082888825677,208.89361359714815,212.72084328343723,,191.202764073447,195.75142544941636
507,2021-10-05 01:41:43+00:00,243.39589825921578,188.70889081594203,202.19014220684002,203.0325205141829,199.41891934140386,201.42650613461498
508,2021-10-06 00:30:46+00:00,,,,,,
509,2021-10-22 00:29:20+00:00,,,,,,
510,2021-10-29 00:34:52+00:00,,,,,,
511,2021-11-07 00:27:51+00:00,,,,,,
512,2021-12-08 01:41:42+00:00,250.3376797701229,195.48234538091634,203.79766511197025,205.51506704050936,210.51455077099953,215.49535687002975
513,2021-12-09 00:24:47+00:00,,197.15141003599572,217.76409427052894,,223.56798216164032,241.98636510958167
514,2021-12-25 00:23:14+00:00,,,213.93957080093276,229.99511055672076,240.49563517897647,240.97141598317396
