,dates,usa_CA_0254-0000,usa_CA_0254-0001,usa_CA_0254-0002,usa_CA_0254-0003
0,1984-04-14 18:25:13+00:00,218.84581743656688,218.19548309243626,225.28558167399123,239.92696380506402
1,1984-06-10 18:20:05+00:00,218.4798952368433,226.1989571117469,210.92201140994771,208.97727081796737
2,1984-06-26 18:20:19+00:00,223.01893210156783,223.97025674983576,218.99267938381323,216.82792710238354
3,1984-12-19 18:21:59+00:00,190.51892079174917,204.0729569966348,209.78374000856454,239.24344512456517
4,1985-05-12 18:21:57+00:00,223.61528318643622,230.4715302576054,201.24542196837535,207.00350261833628
5,1985-06-29 18:21:53+00:00,225.87020040412466,222.0570512984119,217.55846638037676,221.29451109798342
6,1985-07-31 18:21:39+00:00,222.31689957057597,221.58032296604873,225.41503008094014,221.99237472119827
7,1985-10-03 18:20:56+00:00,203.9297647320169,209.9484209584886,222.99655518587622,228.1965262195021
8,1986-01-07 18:19:23+00:00,186.92094954610351,198.06277670282657,203.38264711572452,226.81365402145985
9,1986-02-08 18:18:42+00:00,202.6462543372038,191.7042414148129,203.70055856743576,232.70688872067925
10,1986-03-12 18:17:59+00:00,183.8231510581776,185.04591756547586,186.87334644748356,209.80745110578147
11,1986-04-13 18:17:19+00:00,219.81222524067027,213.9251859623486,200.3991359050482,206.8969989414306
12,1986-04-29 18:16:56+00:00,236.23367282981712,230.76444778817637,206.47019658356024,209.0180494808119
13,1986-05-15 18:16:31+00:00,223.2317132435462,223.06791917227676,198.6737232651146,202.66198584051696
14,1986-07-18 18:14:29+00:00,221.72381353921372,226.36428580513964,219.55918956954605,222.37355722105977
15,1986-08-19 18:13:20+00:00,227.97884428067928,229.50318502150077,225.9170400869958,234.942722371191
16,1986-09-20 18:12:14+00:00,220.54110477013398,226.58893410769065,220.4615425660297,231.85348330789822
17,1986-11-23 18:10:01+00:00,192.4940321428986,204.55078384306918,202.450575225432,226.38702379993978
18,1987-01-10 18:11:26+00:00,190.66888314976114,188.0794160596744,197.2884531712721,222.48899022377557
19,1987-01-17 18:17:49+00:00,191.97556358554365,213.32732572426698,212.44858725537426,239.55886817148868
20,1987-02-27 18:13:08+00:00,211.96910469318115,209.8335131586054,214.44214315725242,231.6324001306003
21,1987-03-15 18:13:44+00:00,202.42260891941828,200.2818242515285,201.5261065206586,218.95659145864767
22,1987-03-31 18:14:18+00:00,207.18094151649782,214.98230300491005,212.17669512050549,226.27334760360165
23,1987-05-02 18:15:19+00:00,216.03029446289028,223.46304315590226,196.64422202982198,203.36888162050764
24,1987-06-10 18:22:30+00:00,210.7541852002356,213.04194191826363,211.2051202020304,215.78230131477162
25,1987-07-05 18:16:50+00:00,213.762245501226,212.4897931029602,194.1742599603472,201.21291462475267
26,1987-07-28 18:23:33+00:00,216.75636120121666,223.49719442272857,213.65514804360083,220.87050424027657
27,1987-08-06 18:17:39+00:00,215.12097606865387,219.929476342089,216.32681400980937,218.74827664484127
28,1987-08-13 18:24:02+00:00,217.712159959852,219.89691856473803,210.08955666870395,217.57184968924076
29,1987-08-22 18:18:07+00:00,214.4885125196991,205.65622064093412,219.86691432600347,233.99937029822036
30,1987-10-25 18:19:28+00:00,222.3941922035247,223.8253128503329,223.33988349296573,240.84458730641262
31,1988-05-04 18:22:08+00:00,223.61690251521915,215.57953882089754,197.80107850731247,209.83938230273313
32,1988-07-07 18:22:31+00:00,211.50814103066463,212.7220027950463,198.68990120449075,202.77144339724236
33,1988-10-18 18:28:35+00:00,206.5538628563202,215.61429645287907,213.7964728546478,233.85631707915923
34,1989-03-20 18:20:53+00:00,212.41722883935108,215.34803262462387,218.13326975556285,226.70030720493963
35,1989-04-05 18:20:59+00:00,221.98685277812228,227.21391700808275,221.61131753770871,232.11023025264362
36,1989-05-23 18:20:15+00:00,225.0614058256496,218.23018240162983,198.96659059354155,205.30810524678625
37,1989-07-10 18:19:20+00:00,210.29916492612128,215.3712496434363,202.5871772137844,207.13659571574237
38,1989-07-26 18:19:01+00:00,217.2930120024269,213.60731766463937,203.7153887191125,213.26641589218107
39,1989-10-30 18:16:35+00:00,218.1826959230849,222.00346172016663,225.2832457580186,247.41459803921117
40,1989-12-01 18:15:43+00:00,191.9408264305781,199.2156662960718,214.8754185742544,234.82358633153112
41,1990-03-23 18:12:06+00:00,200.56079074059318,204.67104986524487,196.92311475689579,211.49310474094332
42,1990-04-24 18:12:05+00:00,211.58586989676064,209.93011374946104,208.4097963538927,218.7306300222422
43,1990-06-11 18:12:02+00:00,224.7007724245835,227.38607465110525,204.86880607193208,205.88463094591623
44,1990-06-27 18:12:01+00:00,230.7763940886907,235.01668072338367,205.98690648458464,211.50148165378613
45,1990-09-15 18:11:42+00:00,224.73525951981816,226.79528011405372,226.49479582084663,230.062875464997
46,1990-10-17 18:11:24+00:00,218.89869200943622,223.14976250679197,224.74012409351496,238.30651763803215
47,1991-04-11 18:13:42+00:00,226.3355750870499,230.36917702353588,218.04504630710417,228.54641762380876
48,1991-04-27 18:13:58+00:00,214.54175516371566,216.81529655897378,211.59488632064884,224.44360159921413
49,1991-06-14 18:14:39+00:00,215.50014109932553,216.25277300917017,205.3315236116633,211.03497817004074
50,1991-06-30 18:15:00+00:00,212.5357526058736,224.73597789088362,208.1795253422499,213.01719822071234
51,1991-08-01 18:15:19+00:00,228.78280319913412,250.70536096396137,211.44017187309765,225.5294623012494
52,1991-09-02 18:15:37+00:00,217.7762988055721,221.5000966152502,215.4477880654445,219.3939855139552
53,1991-10-20 18:16:00+00:00,223.05394704429807,227.3015340528308,226.78909122889763,241.36750008328823
54,1992-06-16 18:15:11+00:00,217.1635617207125,224.93728818853998,,
55,1992-07-02 18:15:00+00:00,215.096507500866,215.97907176742595,207.42761616275433,215.1735144209783
56,1992-09-04 18:14:07+00:00,215.3715173107996,209.905309292702,208.2241441490374,220.06020812305488
57,1992-10-06 18:13:26+00:00,210.25108750844834,207.40554537688698,212.37494204293367,228.76398191050035
58,1992-10-22 18:13:17+00:00,195.1438565943021,204.10647960495209,208.48276789053824,221.27804972375995
59,1993-01-26 18:13:36+00:00,175.4591072624645,191.10848362647602,200.6733533597056,222.54229954278802
60,1993-02-27 18:13:52+00:00,208.06395283688659,211.6156651184356,203.7636152156874,215.43243721351294
61,1993-09-07 18:14:12+00:00,207.64788170110634,214.19540852852649,216.18781068587455,219.7548344014028
62,1993-10-25 18:13:59+00:00,205.3881306927263,216.17309379839153,219.71732378321838,237.76094009574527
63,1994-01-29 18:13:05+00:00,191.50848560222465,199.72508916861855,211.5155245296627,234.32454479428597
64,1994-02-14 18:12:54+00:00,190.18499852536218,197.12769845329876,191.98300948223763,222.0637230063577
65,1994-03-02 18:12:40+00:00,195.74974234367684,200.63285291558165,186.98681755604935,204.51481099223395
66,1994-04-03 18:12:09+00:00,212.9660584601165,218.5930716420795,190.26572662937238,197.26850442351062
67,1994-04-19 18:11:51+00:00,215.60135592052183,217.6044386752654,203.04499048420413,210.7171788473599
68,1994-05-21 18:11:15+00:00,207.85384106685788,209.53325231557983,200.59866483167045,207.97055055074148
69,1994-06-06 18:10:58+00:00,,,211.20968574191704,210.07679438457907
70,1994-06-22 18:10:36+00:00,216.33396078137693,212.32584359433855,216.36024229417626,223.6446710132634
71,1994-08-09 18:09:18+00:00,213.02764042584437,213.27349937380544,208.13238318127165,223.69597936046048
72,1994-09-10 18:08:31+00:00,219.12918765060368,218.7847764355114,219.77590601793455,220.65062805889266
73,1994-10-12 18:07:36+00:00,212.74919197328782,215.7867133256625,214.0775562608208,228.51390182440335
74,1994-10-28 18:07:04+00:00,192.78406811999545,204.09571357866184,204.57375079105938,225.07883042689326
75,1994-11-13 18:06:30+00:00,195.87846795882456,205.3123285964699,211.7470807673604,228.4938722548392
76,1994-11-29 18:05:59+00:00,187.4750420518158,205.073334018541,207.04404024629733,226.77605192357194
77,1995-04-22 18:00:28+00:00,215.3145918684692,217.43011633206035,196.67258599269718,206.07041246893527
78,1995-05-24 17:59:02+00:00,203.00672684972233,,,202.1980708708336
79,1995-06-25 17:57:35+00:00,210.89066029102602,208.40401589408907,211.50598876857157,211.749421230606
80,1995-07-11 17:56:51+00:00,,,,
81,1995-07-27 17:56:07+00:00,212.03318902708577,211.46649510699746,210.53288214256935,219.28521556521707
82,1995-08-12 17:55:24+00:00,215.54707311318603,215.28900613482023,214.33026817434984,217.63345402268237
83,1995-09-29 17:53:04+00:00,211.38213416386347,216.92725007661576,217.374814366258,229.77977654607105
84,1995-10-15 17:52:13+00:00,191.14460949056405,196.17571022736237,198.7559994807579,214.99174975052279
85,1995-12-02 17:51:58+00:00,195.71706121930575,205.64736142037663,211.20684818998552,238.25917476721563
86,1996-01-19 17:55:27+00:00,186.61469279317396,,193.8603217989317,
87,1996-03-23 17:59:46+00:00,208.50486658145127,205.74184243008912,194.05378201776904,206.23220054228722
88,1996-05-10 18:02:41+00:00,219.33030118439913,216.93702585110165,198.70831069100754,216.32532998592455
89,1996-06-11 18:04:28+00:00,206.67471103757657,217.19026344753362,208.82144135924355,210.77879632816527
90,1996-10-17 18:11:17+00:00,219.22822323061143,218.70836368955273,221.16371287640843,236.40518679056663
91,1997-01-05 18:15:06+00:00,186.50588737540824,200.81388542062982,205.02073760373685,231.03030896376885
92,1997-02-06 18:16:33+00:00,200.02000136957685,195.753683302192,207.98538258312652,227.9886247447106
93,1997-02-22 18:17:13+00:00,206.01527498834372,210.63242754282268,217.16853676244577,235.0096187324684
94,1997-03-10 18:17:52+00:00,216.59657988440426,222.36335750682727,219.55905498810222,233.7088738038875
95,1997-04-11 18:19:03+00:00,231.24940820678535,222.81940809228314,204.70854395998052,216.59025336387705
96,1997-04-27 18:19:37+00:00,217.61834831066437,218.58409689134922,201.42720654443454,208.32571496380854
97,1997-05-13 18:20:09+00:00,217.54430312592967,222.56741383541117,205.37398500214996,210.3151670823989
98,1997-05-29 18:20:44+00:00,217.1141775201277,218.0362702300537,202.49867242288892,207.94517708998967
99,1997-06-30 18:21:50+00:00,215.76553188137737,221.39997819021576,219.42946312815442,222.71686424813538
100,1997-08-01 18:22:55+00:00,228.24441273050417,229.7122643562059,222.13303967821417,224.36638230460585
101,1997-09-02 18:23:54+00:00,225.5645312805193,228.2471062009287,225.53257080191003,229.22765582426115
102,1997-09-18 18:24:21+00:00,213.60865891355732,226.24274507923047,227.40484226593114,239.19250774463455
103,1997-10-04 18:24:49+00:00,201.61897912271598,209.04254722241492,213.93236991725118,229.5598737427205
104,1997-12-23 18:26:48+00:00,184.82420653425348,205.16700491931164,208.38604110087527,233.20994787909635
105,1998-01-24 18:27:32+00:00,176.81350968404226,185.44884979199819,194.57126396517438,215.0066440238274
106,1998-02-09 18:27:53+00:00,188.65621721309196,188.58597921088466,204.64681097338942,232.45723066463336
107,1998-03-13 18:28:26+00:00,195.18197014226612,197.25472274084868,200.6605355965495,216.07480124813458
108,1998-03-29 18:28:38+00:00,208.82555607129052,205.4543291585413,212.71712207742092,217.39756140959227
109,1998-04-14 18:28:49+00:00,211.85692028136086,217.24425420353455,214.3249132620978,228.81402372585447
110,1998-06-17 18:29:46+00:00,222.34689564788653,223.2646565182629,206.26432144717438,204.03701937688132
111,1998-07-19 18:30:08+00:00,215.9943104821166,217.96552059816958,215.80005406949277,222.57950512661765
112,1998-08-04 18:30:12+00:00,216.2870790656739,217.51564093308556,225.35946106236852,231.55065410875966
113,1998-09-05 18:30:32+00:00,216.88643001578086,214.87178022449538,215.91912916394926,227.49825085120278
114,1998-10-23 18:30:42+00:00,210.33991826073222,212.40516451203163,219.5127006592636,234.89875077611114
115,1999-01-27 18:30:54+00:00,197.62431581466458,203.24751266229393,200.69894596922603,222.39478785516351
116,1999-03-16 18:30:51+00:00,218.6201788832276,225.2657403365567,216.74972753267647,231.21176462332372
117,1999-04-01 18:30:33+00:00,212.38867009846285,215.09872355276082,213.54358041301705,234.78294912134342
118,1999-04-17 18:30:35+00:00,224.12645925687053,221.55568606071927,214.83289624539228,229.88168132348693
119,1999-07-30 18:44:44+00:00,233.26201869024518,233.74831196098927,224.79644035935013,227.3690730530087
120,1999-08-07 18:29:32+00:00,216.91229381405623,222.39227349069836,214.54027300177472,218.08120717833344
121,1999-08-15 18:44:43+00:00,231.01549803962766,232.82405508173136,222.01204128809354,227.81928356733872
122,1999-08-31 18:44:48+00:00,224.3113125149543,225.59327768146224,218.67402913221264,225.05750961438548
123,1999-10-18 18:44:46+00:00,205.64102106298716,212.76879184758872,207.4802846027128,218.42560688851606
124,1999-11-03 18:44:43+00:00,215.24845359217247,225.549917719006,215.28619440688246,233.91803062479053
125,1999-12-21 18:44:46+00:00,206.8844407285369,217.06176111227956,226.5773351849294,247.19013062002108
126,1999-12-28 18:50:48+00:00,209.19311527726654,218.17597994319146,212.8687051741446,230.1540380372609
127,1999-12-29 18:26:57+00:00,184.77416461019524,207.70311002618422,200.2765991874015,220.76142091205742
128,2000-03-26 18:44:25+00:00,215.5630155138302,215.48275230211357,203.63503379979238,216.91703388518064
129,2000-05-13 18:43:59+00:00,210.60502848255126,215.21591681007786,212.54524810494655,219.92939861560475
130,2000-05-21 18:27:41+00:00,212.0998561066044,219.80512781351413,200.4009380104502,208.73901129048602
131,2000-05-29 18:43:48+00:00,215.71024409445448,218.06924181687455,207.0021008479746,219.54373277509063
132,2000-06-14 18:43:43+00:00,221.85169223343252,226.83411075536335,223.2035719833451,231.4736317257519
133,2000-06-22 18:28:23+00:00,220.37943229681693,221.22614340931324,208.99936012201505,209.9969617448492
134,2000-08-17 18:42:55+00:00,221.6614251910633,216.66042454476064,221.95311471039804,226.33547863643474
135,2000-08-25 18:29:40+00:00,220.4156080447275,226.68592436124646,213.45345907082617,225.0089871408119
136,2000-09-02 18:42:41+00:00,232.2359478189032,231.56045644233436,227.92260930471951,229.98885872213313
137,2000-09-18 18:42:21+00:00,221.56728077907164,221.39398200158377,224.72548232627432,234.87171469764849
138,2000-09-26 18:30:13+00:00,223.56757831115684,226.86816822817653,227.96687592341007,241.47038277583974
139,2000-10-12 18:30:22+00:00,224.67509060393365,226.7481468122178,226.53086090903912,239.94005709615698
140,2000-11-29 18:31:04+00:00,190.47100798007725,195.8408183735367,204.39988374944826,221.26748101867915
141,2000-12-31 18:31:33+00:00,197.0050874985278,193.11793227281274,198.5132460775206,219.974272424498
142,2001-05-08 18:32:03+00:00,223.24160285545904,223.1927043375895,212.21373733607768,219.86610435976476
143,2001-05-16 18:41:42+00:00,217.5346228253771,216.82739700170367,203.9637173434578,209.15506972093795
144,2001-06-01 18:41:35+00:00,225.5842373038018,220.7941443800416,209.59741859592364,219.25174092054306
145,2001-06-17 18:41:23+00:00,,,,
146,2001-07-03 18:41:13+00:00,217.16463992813104,223.4892022114048,219.2237132090134,225.88669131364787
147,2001-08-28 18:32:02+00:00,222.14160790290933,210.44401132236592,218.09110055396525,
148,2001-09-05 18:40:27+00:00,220.71044244267202,223.65921975429893,223.2002497060052,228.81213032041103
149,2001-09-29 18:31:50+00:00,214.20906840565755,222.77283217490987,223.38207056518448,235.55657691763471
150,2001-10-23 18:40:08+00:00,228.06833743073622,221.90045670111658,222.20584082936054,236.5877283493616
151,2001-11-08 18:40:17+00:00,214.90727663830694,221.02495598623227,224.6564009502691,238.8221854533994
152,2001-12-10 18:40:29+00:00,206.98826062248625,212.101580798905,208.72328313295003,233.5323862897776
153,2002-01-03 18:30:55+00:00,180.46547477595936,194.04800049198508,204.5565447636158,232.56721675306034
154,2002-01-11 18:40:38+00:00,194.14218093387026,197.57116476833275,215.11423903601633,243.75599551078102
155,2002-01-19 18:30:52+00:00,195.2817695526537,210.01538096368273,208.68252921664484,233.28515508352422
156,2002-01-27 18:40:40+00:00,200.42461092591688,206.3020305345378,216.83513065363974,241.23382323741234
157,2002-02-12 18:40:46+00:00,211.53561583667542,212.91954788461064,222.4302902353857,246.04465701827525
158,2002-02-28 18:40:49+00:00,213.11956634569543,211.62578754126747,223.10413734752117,238.33840908406268
159,2002-03-16 18:40:41+00:00,213.84207338357234,203.29847402939018,209.28367471231192,224.35478554992523
160,2002-05-03 18:40:42+00:00,227.0778791972413,231.482208562499,207.05966073953059,214.68467029212803
161,2002-05-11 18:28:51+00:00,223.37397003970443,224.45742303706865,222.18506413983096,227.48774877730648
162,2002-06-04 18:40:27+00:00,220.7977963842597,216.21659933438033,201.62423214051285,208.67406202556347
163,2002-06-28 18:27:46+00:00,221.6945904147501,211.1891692839316,201.32534336737126,204.03725832940881
164,2002-07-06 18:40:17+00:00,220.68776117940408,222.00073712056033,214.30246450390018,220.46931579100624
165,2002-09-08 18:39:49+00:00,230.79296194364593,231.41480563905768,232.5525628694964,241.65579870641264
166,2002-10-26 18:39:39+00:00,215.6708648710664,223.7213322454884,226.84211401558105,234.52570381736726
167,2002-11-03 18:24:17+00:00,217.6763821067188,227.39091636652222,228.206577394671,237.76021949452587
168,2002-11-19 18:23:39+00:00,201.96138737945682,207.49714339165706,214.3394924676737,241.71486870405175
169,2002-11-27 18:40:04+00:00,207.21561679599307,218.70114461582733,214.57299456463454,245.60985567981
170,2002-12-05 18:23:20+00:00,197.29774940199022,204.880423727943,222.755545312325,247.62546074334983
171,2003-01-06 18:24:02+00:00,182.1505119889675,185.95056348071873,200.26392515851788,224.09309527418282
172,2003-02-07 18:24:43+00:00,195.6663720158885,202.91079337321753,202.12021923846038,225.9169590587145
173,2003-03-02 18:31:31+00:00,204.94201849003926,204.14141524644816,214.2165719117431,231.98876932254223
174,2003-03-03 18:40:34+00:00,198.57378986246832,199.64833435496564,,
175,2003-03-18 18:31:51+00:00,208.80493359452734,204.586762489979,211.6972336199335,230.48428678602568
176,2003-03-27 18:25:56+00:00,200.36668082441065,210.36212379689212,198.95842082775988,208.31031935288334
177,2003-04-19 18:32:44+00:00,205.69961157133125,201.5864700733267,189.778271293186,202.47111204591934
178,2003-05-05 18:33:05+00:00,207.7928121725678,213.4800722103774,198.51641138288952,206.70931476336364
179,2003-05-21 18:33:24+00:00,208.1992467154866,210.0674665139597,186.81892638920283,197.47067471554226
180,2003-05-22 18:40:32+00:00,228.17764860587013,231.9856647562167,205.98066855866765,209.14834283033133
181,2003-06-15 18:27:40+00:00,219.52541363194496,220.59647738177742,222.23501052226507,221.56687968368436
182,2003-06-22 18:34:01+00:00,207.46569055563037,210.93789079746517,195.58089182438914,199.0639380194305
183,2003-07-01 18:28:02+00:00,218.25634144095017,221.95825497930957,209.0136803590709,217.89003450988247
184,2003-07-08 18:34:20+00:00,212.24639152825287,217.0398089904408,199.3653470006687,202.58692496535582
185,2003-07-17 18:28:18+00:00,223.47163032182928,218.39605870977954,203.82920301316776,212.85559581128288
186,2003-08-02 18:28:36+00:00,211.16395529388132,211.64798313908364,207.1018169542338,212.42428024075556
187,2003-08-09 18:34:54+00:00,223.0085863916418,219.249775292595,208.89447313442955,223.78605407067695
188,2003-08-10 18:40:15+00:00,,,,228.85092560274302
189,2003-08-25 18:35:12+00:00,222.92559475611478,220.89207880903348,220.60651265949897,232.47826986782505
190,2003-08-26 18:40:14+00:00,,226.9938596750893,223.94342157480116,232.6798929019952
191,2003-09-10 18:35:28+00:00,214.4202380672559,215.96640778075238,217.63480478662666,234.81204654793166
192,2003-09-19 18:29:26+00:00,215.02131662016043,219.45619311002383,218.333512969822,232.33151855676545
193,2003-10-05 18:29:37+00:00,213.07278062429512,216.94602207550574,220.9253011112255,229.30963929422927
194,2003-10-12 18:35:53+00:00,202.9512140248933,212.41282845359032,218.56055446970583,228.7503906147356
195,2003-10-13 18:39:59+00:00,212.74007319457084,213.3274764466931,219.97726353000593,231.01341307037433
196,2003-10-21 18:29:50+00:00,215.42815638115636,199.49335977009144,208.51110676594004,235.93711942675083
197,2003-10-28 18:36:04+00:00,214.18213757089606,211.17010445849684,233.432247242382,247.80496865814243
198,2003-10-29 18:40:16+00:00,,,,244.1060854036454
199,2003-11-22 18:30:17+00:00,222.6658162729093,229.63768681257645,232.13909101300936,246.75654365536195
200,2003-12-08 18:30:22+00:00,198.46524737558542,207.17756934469534,223.2668213287642,247.38350436430207
201,2004-02-10 18:30:44+00:00,201.76864377087554,199.78744990140476,208.9416275615305,228.77498599191298
202,2004-03-13 18:30:56+00:00,202.95198910953877,203.54017943494148,192.62481350141246,205.12352907597696
203,2004-04-22 18:40:58+00:00,222.30893564771054,218.73163608531013,214.0817792861271,227.24083499915102
204,2004-05-16 18:32:27+00:00,,,,
205,2004-05-24 18:41:01+00:00,,212.66441322235534,195.3429061404033,202.9781894195816
206,2004-06-01 18:32:54+00:00,220.63239109158326,219.391574158071,217.3690598171813,224.39937069012717
207,2004-06-08 18:39:17+00:00,224.2239380107224,226.62258661303315,194.84910149154595,205.96643248608856
208,2004-06-25 18:40:52+00:00,221.48071791759227,215.493472014859,202.91018603223424,210.4382067722665
209,2004-07-10 18:40:13+00:00,220.13824886666038,215.98205482926608,204.4406510389415,213.07603900558115
210,2004-07-11 18:40:50+00:00,217.38768050274928,219.1385572762256,211.48602264544598,218.68884765448388
211,2004-07-19 18:34:17+00:00,214.74711254469898,212.1695627300463,217.9694656242994,227.43919562067228
212,2004-08-04 18:34:36+00:00,231.0143141901954,223.03738706541986,220.07801427916314,215.84780640908096
213,2004-08-27 18:41:23+00:00,217.96533097216985,217.1394758295669,218.34164387940044,234.16723248829757
214,2004-08-28 18:40:37+00:00,211.63305769544002,218.63851379790256,,
215,2004-09-05 18:35:27+00:00,216.53782986978354,220.45740765499653,213.6065119505989,222.45188777376623
216,2004-09-12 18:41:49+00:00,210.87425699411702,219.03139282799435,218.42047735831798,225.9972730376406
217,2004-09-13 18:40:29+00:00,217.01936396258785,219.71881598381805,223.30271204716527,235.6938374464559
218,2004-09-21 18:35:50+00:00,217.93810754361076,217.05014894484236,218.17123530066488,230.2316768953157
219,2004-10-07 18:36:10+00:00,222.85153718958472,229.11996745830228,228.03193250001533,241.1585253758313
220,2004-10-14 18:42:31+00:00,219.69496666018213,219.2242243639236,225.79397004108063,238.49501314193782
221,2004-10-31 18:40:43+00:00,212.19304757050824,211.7958376691207,221.6251515646894,236.0792311612666
222,2004-11-16 18:40:47+00:00,,,223.04917540427732,241.9937658314123
223,2004-11-24 18:37:07+00:00,217.81405317002708,223.690077649737,,
224,2004-12-02 18:40:59+00:00,207.1919261127652,216.89562178498758,227.7917148743733,245.7463829016789
225,2005-01-03 18:41:13+00:00,,200.6041438907508,205.12820527795952,228.970998517474
226,2005-02-03 18:44:23+00:00,212.49658856242414,214.68444308976768,206.67882938950058,223.45380565539978
227,2005-02-04 18:41:22+00:00,207.05207203749467,212.43389125448604,204.96501735037404,225.7081732854708
228,2005-02-12 18:38:21+00:00,203.2719267830907,206.77336684723906,215.05895936659624,229.92196566390137
229,2005-02-28 18:38:38+00:00,180.86332966817665,183.69285758318966,190.46237901240968,209.1387427305816
230,2005-03-24 18:41:32+00:00,206.57705892566003,,,
231,2005-04-09 18:41:28+00:00,208.65046260697855,204.09739419298862,208.72927789348853,222.52690137368512
232,2005-04-25 18:41:25+00:00,216.4721551196634,,,
233,2005-05-11 18:41:28+00:00,,219.75545737396243,208.47758965046145,216.8715327670251
234,2005-06-04 18:39:19+00:00,215.51817764092098,214.21004099514687,212.12106677008018,209.23378237818866
235,2005-06-12 18:41:19+00:00,227.7887919084638,226.0830530791703,207.91222367857253,210.38473562308258
236,2005-06-20 18:39:26+00:00,221.34112164324054,234.21543036799662,215.4446865973478,220.1676074944614
237,2005-07-13 18:45:46+00:00,209.55466837431078,209.2236887298177,195.529833838787,210.38613235307966
238,2005-07-22 18:39:42+00:00,218.74871950689433,217.98995868945747,226.87800870868293,226.74034841975975
239,2005-08-23 18:39:56+00:00,218.7823028494354,221.5486322302209,218.11335569590108,222.04988962370797
240,2005-08-31 18:41:03+00:00,223.0661017943542,220.5659633385223,222.5482397914755,230.81514963197424
241,2005-09-08 18:39:59+00:00,218.97516760540185,219.54345695759577,217.98497394893238,230.65522519920478
242,2005-09-16 18:40:55+00:00,,,,228.40781933966392
243,2005-09-24 18:39:57+00:00,218.46366423302683,215.56455461375768,217.78791595493922,228.56454942521128
244,2005-10-10 18:39:53+00:00,220.07454938873147,215.87415336268523,218.11984945931925,231.12768730843263
245,2005-11-18 18:46:32+00:00,208.44466181018146,209.5668125544453,217.6769349965995,242.23708070117848
246,2005-11-19 18:41:23+00:00,,,,244.46362971054012
247,2005-12-05 18:41:27+00:00,,,,249.38619015903174
248,2006-01-22 18:41:48+00:00,,210.21450795484233,204.07720378415127,224.0781708190443
249,2006-02-07 18:41:53+00:00,190.65908399862164,201.54846427481797,202.42874089930044,221.18664493353114
250,2006-02-15 18:42:24+00:00,212.26126288284013,221.30034256124748,224.878710748292,237.8677351011865
251,2006-02-22 18:48:44+00:00,217.1071078789253,219.19586482095508,209.3940528102358,219.71146747247678
252,2006-02-23 18:41:56+00:00,217.3347182716583,215.86504381181925,211.81815196202845,225.41037391185358
253,2006-03-03 18:42:45+00:00,182.46652583735903,196.95070112342785,189.69644917693753,
254,2006-03-11 18:41:57+00:00,194.1571256689802,195.09990532946526,207.10197162697656,222.0380391346321
255,2006-04-20 18:43:38+00:00,214.14941564135586,214.58850528259435,206.33247243283418,206.51025018328818
256,2006-04-27 18:49:54+00:00,218.87541632793332,210.3022730100351,218.40388150050458,227.10891040577857
257,2006-05-13 18:50:07+00:00,209.71371436249,212.69799538707667,213.729503318371,225.5858515080708
258,2006-05-14 18:41:55+00:00,,,220.02918397456648,225.00813926916493
259,2006-05-30 18:41:54+00:00,225.18727882585532,222.69897018368528,215.79438953878866,218.62460786401869
260,2006-06-15 18:41:51+00:00,219.6769776777005,224.19631457103563,209.7535703371194,
261,2006-07-01 18:41:45+00:00,219.1052111073958,218.7801850290275,203.2280802540011,209.11762771107993
262,2006-07-16 18:51:06+00:00,220.01399994970222,206.69902161561694,211.1468636762131,224.20282855359872
263,2006-07-17 18:41:37+00:00,,,,211.6482101898632
264,2006-07-25 18:45:02+00:00,215.8458894681532,219.1509630193838,216.1144808992726,226.38616616666448
265,2006-08-01 18:51:18+00:00,210.71210130130797,210.37471516405702,213.7212658392427,219.7552528376178
266,2006-08-17 18:51:29+00:00,,210.89720652088076,205.84720357741713,233.0733252128266
267,2006-09-19 18:41:22+00:00,214.39537559333695,216.9770158714703,220.23364670311088,235.86036400499927
268,2006-10-21 18:41:26+00:00,210.25612064625128,214.8715915911619,224.74847421775024,
269,2006-10-29 18:46:09+00:00,212.45319321079972,218.2190345335721,225.97158718936663,238.18444280946972
270,2006-11-06 18:41:41+00:00,,,229.6423589746698,243.41156245612228
271,2006-11-14 18:46:18+00:00,214.49953334165343,215.21563001255385,218.57819076039482,234.27862081651384
272,2006-11-30 18:46:25+00:00,222.9288277171253,216.8964156147592,220.54264669598817,238.33953925048726
273,2007-01-01 18:46:38+00:00,198.20463051482776,204.95939001976976,215.61242281026944,241.98406061169482
274,2007-01-17 18:46:44+00:00,205.1734507413224,209.6302240290751,217.4971984532948,243.37442948602074
275,2007-01-25 18:42:09+00:00,,205.3521010397467,203.64309934917284,223.4252128185939
276,2007-02-18 18:46:51+00:00,211.2100077602535,207.62409061832133,217.99426751500934,232.13473213602455
277,2007-03-14 18:42:23+00:00,,,207.99227111473533,218.84840561436366
278,2007-03-22 18:46:47+00:00,222.41239682729423,213.55888594273736,202.0061775513335,214.92394021254765
279,2007-03-30 18:42:23+00:00,224.3090354741734,220.65863561672904,214.3508459566199,228.5606270494862
280,2007-04-15 18:42:22+00:00,219.7815262088216,214.17938524164194,218.70494374723862,218.04128808205743
281,2007-04-23 18:46:34+00:00,222.21736136379883,228.19276732909856,194.81292543891482,206.57899198931204
282,2007-05-09 18:46:25+00:00,223.0342004007844,225.9124819725248,202.90004261276567,203.87702456730702
283,2007-05-17 18:42:12+00:00,,,219.63141551225092,223.89190224284778
284,2007-06-18 18:42:07+00:00,225.96872867946465,220.8639419577714,211.58959223619593,214.3756799273595
285,2007-07-04 18:42:05+00:00,211.8913889509717,207.8780249582425,205.19004720233895,206.09977214045932
286,2007-07-12 18:45:33+00:00,221.06235853722927,222.75847746777904,222.91644163866346,222.8370123494451
287,2007-07-20 18:42:02+00:00,216.28162710888012,,,
288,2007-07-28 18:45:24+00:00,224.234140282154,223.72463509016302,219.3361615240469,223.7027413214647
289,2007-08-13 18:45:14+00:00,234.02300520916884,228.63589746725654,226.1588318730512,232.4234860707923
290,2007-08-21 18:41:51+00:00,218.39785716553882,222.4759293567188,218.01701585934933,219.914831658938
291,2007-08-29 18:45:03+00:00,228.31724224534693,223.90437600120623,225.33519740995692,237.6238293469491
292,2007-09-06 18:41:43+00:00,214.27101428253118,215.63835375270426,212.23733512816642,221.5158710203953
293,2007-09-30 18:44:49+00:00,209.23656075158476,204.88643775260815,211.8186957246547,221.14787894123108
294,2007-10-08 18:41:33+00:00,222.04003214553396,223.64507668931543,,
295,2007-10-24 18:41:45+00:00,,215.33937699760924,219.78364440146981,236.64069144385508
296,2007-11-09 18:41:55+00:00,218.326268460268,,,250.35405310572477
297,2008-02-05 18:42:37+00:00,202.40668676146933,203.56463062443223,216.0349297429904,238.09553225597773
298,2008-02-13 18:42:08+00:00,,201.91554857645957,190.08451581595736,208.34575008790313
299,2008-03-16 18:42:00+00:00,220.67568299698894,221.4817915952049,204.21829149151336,213.5577138273766
300,2008-03-24 18:41:40+00:00,209.55027305058204,212.39453254598243,214.69797758427015,222.51863653581785
301,2008-04-09 18:41:18+00:00,232.60321894648766,233.3822332568591,216.26875159326752,223.39294081545773
302,2008-04-25 18:40:53+00:00,235.1705035419416,236.44421429635597,213.03528584955527,222.0153854570894
303,2008-05-03 18:41:55+00:00,216.77665942707895,218.1416143610166,220.6274611036535,227.4223562388344
304,2008-06-04 18:41:41+00:00,220.59197237732366,,,
305,2008-06-20 18:41:32+00:00,,208.30315698236586,207.49989327563802,211.8594700806318
306,2008-07-30 18:38:14+00:00,223.73937771669458,220.81362763030637,216.18175416883278,225.81909638731116
307,2008-08-15 18:37:45+00:00,,,208.75779043842923,216.60171800858473
308,2008-08-31 18:37:20+00:00,216.17821414610742,224.80262874523282,220.12794804423527,230.34804681837522
309,2008-09-24 18:40:40+00:00,218.9666150317494,,,
310,2008-10-10 18:40:27+00:00,219.99689572376082,225.03477052421673,221.63024269431187,235.5118294678461
311,2009-01-14 18:41:33+00:00,213.68719504338927,222.38637101809147,229.05703133484243,244.90353232972606
312,2009-01-30 18:41:37+00:00,237.49368039163411,225.04479340823508,211.85531334956508,235.43419603585153
313,2009-02-07 18:37:33+00:00,,201.6269544709116,205.5822698296585,233.07354890012402
314,2009-03-11 18:38:19+00:00,,202.6997207633095,213.74669745307068,230.8444573578183
315,2009-03-19 18:42:03+00:00,227.47691675979067,226.2973774427624,,
316,2009-03-27 18:38:40+00:00,223.37463868909535,219.28205629720784,214.21373269852913,218.7231685003272
317,2009-04-04 18:42:09+00:00,,,206.5213197259355,218.6189259366062
318,2009-04-12 18:39:00+00:00,227.23978359461603,223.648038792618,217.68764364828144,229.1147950669449
319,2009-04-20 18:42:13+00:00,226.24704812002292,227.8426884217614,221.5436613756566,226.7031283866011
320,2009-06-07 18:42:17+00:00,223.56472459783737,220.9583328936932,217.39536943356862,225.3269107969327
321,2009-06-15 18:40:11+00:00,206.38581552687396,209.44774665181632,219.73652967603883,208.59500890474783
322,2009-06-23 18:42:16+00:00,215.12365310412264,220.3959911436076,212.69304005050523,218.60993730026686
323,2009-07-09 18:42:12+00:00,217.57206542416753,217.13707160372167,203.82983280360583,
324,2009-08-10 18:42:01+00:00,223.99050240918532,219.3228392002794,218.80763689459837,228.30911929186743
325,2009-09-03 18:41:28+00:00,225.1008087922052,224.52738846137282,227.7473791627406,232.41501046914465
326,2009-09-11 18:42:01+00:00,220.05955180932062,,,
327,2009-09-19 18:41:40+00:00,227.6442885706688,227.80505727676535,232.6361652147366,239.2289686044948
328,2009-09-27 18:41:59+00:00,216.57006671082954,221.89815971638976,227.05764016306716,228.61236763069738
329,2009-10-05 18:41:52+00:00,220.5181750424466,221.34231854595564,226.9474421290591,242.7147412490499
330,2009-10-21 18:42:01+00:00,210.05720615333763,205.48279831046673,223.97744920211574,243.35714912970445
331,2009-10-29 18:42:14+00:00,,,222.12573194788092,233.35483591873836
332,2009-11-14 18:42:28+00:00,217.26324985728212,222.12932791244046,222.22421555047455,242.56102196214783
333,2009-11-22 18:42:15+00:00,209.59617663492253,213.48422207892872,217.84242986074977,235.63914616859242
334,2009-11-30 18:42:39+00:00,205.27915055541268,213.282204591781,220.19452645283596,240.31680947595143
335,2010-03-06 18:43:56+00:00,201.6451636885268,211.51591915291758,196.88268863933416,218.67243046147024
336,2010-03-14 18:42:48+00:00,202.0739755358778,203.47743953252507,208.14427134223982,221.87091656000194
337,2010-03-30 18:42:46+00:00,188.85332225326286,191.89434123238374,204.54406282696158,220.47249364520871
338,2010-04-07 18:44:04+00:00,,220.07716535467415,203.6811542873414,212.68011720544195
339,2010-04-15 18:42:45+00:00,208.43209854228346,205.3493510711816,214.57786442993,225.58748431460288
340,2010-04-23 18:44:03+00:00,216.60478567845527,219.73241323648944,203.80393050495138,213.425114364305
341,2010-05-01 18:42:41+00:00,226.84986194243388,224.1171085095968,204.58175230434625,224.2228631266698
342,2010-06-10 18:43:59+00:00,214.77500874354115,214.5554764346245,205.86465988889796,214.19329563139095
343,2010-06-18 18:42:29+00:00,217.777557036807,171.20309262243785,190.3465539274976,162.1686232053974
344,2010-07-04 18:42:24+00:00,223.91391450046717,222.03671489611725,209.50790942686618,219.81453414898212
345,2010-08-29 18:44:07+00:00,223.2570438580082,226.59413083948948,226.34228222904036,233.67290289097818
346,2010-09-06 18:42:06+00:00,224.77486198207322,225.03661847606605,225.0148200926343,238.81477197223177
347,2010-09-22 18:42:00+00:00,225.0347535448327,226.91914773526184,227.1815550851419,242.11106620269322
348,2010-10-08 18:41:52+00:00,227.0944509828447,228.50651082989893,227.78371747225447,240.94177125059076
349,2010-11-01 18:44:23+00:00,214.0830623271622,213.2425087947746,213.57499768417696,230.98011635388357
350,2010-11-17 18:44:37+00:00,218.48440003528458,217.11177475373412,224.05880130215675,244.45482922657965
351,2010-11-25 18:41:40+00:00,215.95926156358522,223.6108756200292,227.6631578929449,249.5568070866113
352,2011-01-04 18:45:04+00:00,205.68566294998487,207.10483099771855,221.60181135633343,248.4922563360832
353,2011-01-20 18:45:11+00:00,210.69507629108068,214.67642193170445,,
354,2011-02-05 18:45:16+00:00,,201.74751032178656,212.50822100570096,239.3296690842056
355,2011-02-13 18:41:49+00:00,222.59605401811842,218.0795107930137,212.18239130358222,234.91595067821717
356,2011-04-02 18:41:41+00:00,210.05207088697196,206.94677725059128,212.68079636419665,223.2574164290602
357,2011-04-10 18:45:28+00:00,225.18105514403948,233.17626176597895,212.05567204964365,216.88141014071758
358,2011-04-26 18:45:28+00:00,,,201.2263020896347,210.7428461147584
359,2011-05-04 18:41:28+00:00,212.0053353648509,217.83992998583793,211.657131107103,221.87104583460496
360,2011-05-12 18:45:26+00:00,204.59881372036912,205.78451582722496,190.374883792469,
361,2011-05-20 18:41:24+00:00,212.8525200237197,209.37170337666203,199.08352865314626,206.65399156402384
362,2011-06-21 18:41:09+00:00,220.30418913890847,223.23261185077263,206.11739642047576,211.47739202508257
363,2011-07-15 18:45:22+00:00,217.99426257312257,210.62697966632314,212.50274135255106,220.17954683059284
364,2011-07-31 18:45:19+00:00,222.14513061563585,223.93686092954027,228.9593123181033,229.43407646329146
365,2011-09-09 18:40:26+00:00,212.24266767662752,210.10946307148188,216.83217976986586,221.8661333336881
366,2011-09-17 18:45:08+00:00,,224.35474788754513,227.64620446328766,237.59114948882186
367,2011-10-19 18:45:11+00:00,218.95065958093753,216.9792251609398,,
368,2011-10-27 18:39:45+00:00,222.69240893872822,222.0831710531738,229.84453481222658,251.83509746117318
369,2011-11-04 18:45:16+00:00,204.6018247582122,,,
370,2011-11-12 18:39:23+00:00,215.51933493524564,211.62668471497506,217.5336321642875,242.83687520185305
371,2011-12-06 18:45:37+00:00,214.31580990344426,216.71878464857426,,
372,2011-12-22 18:45:46+00:00,206.07899137825407,208.72504665102377,212.81431523402935,
373,2012-01-07 18:45:53+00:00,198.3883809549976,205.2201037147867,217.38232330800332,243.34845359667784
374,2012-02-08 18:45:58+00:00,198.10146385010648,192.9974177606184,207.81165295688044,233.6627920352904
375,2012-02-15 18:52:10+00:00,211.48228595941472,215.89942032967048,194.54998515820887,212.87832690471373
376,2012-02-24 18:45:59+00:00,210.46744902157803,210.00731216865188,214.77349132364228,232.96889160484318
377,2012-03-02 18:52:09+00:00,,,,
378,2012-03-11 18:45:57+00:00,212.34256739948754,213.60402328736407,203.9877160900968,
379,2012-04-28 18:46:15+00:00,220.19514609029417,223.7772043990198,202.00509957947082,213.6625358483593
380,2012-05-30 18:46:19+00:00,218.38297810365208,214.06708775956258,197.7853596237155,206.63110280607845
381,2012-06-15 18:46:17+00:00,218.80286332038148,220.5323533033895,,
382,2012-08-18 18:47:01+00:00,226.00238245868275,226.66337143997777,227.2430541286109,236.41277785209198
383,2012-09-10 18:53:26+00:00,217.95177508634947,204.78118899914838,207.10573064221504,222.99238919961317
384,2012-10-28 18:53:52+00:00,,,227.1156830687048,240.38189945918162
385,2012-11-06 18:47:41+00:00,,,,230.46752283034627
386,2012-11-22 18:47:50+00:00,210.1777809484914,,,
387,2012-12-08 18:47:52+00:00,,,212.08797753907885,229.33831003046893
388,2012-12-24 18:48:00+00:00,,201.66848998397566,211.07236763977613,237.2555533861793
389,2013-01-16 18:54:11+00:00,210.78367974617709,209.60596622610623,211.14199464766975,219.61909003453445
390,2013-02-01 18:54:15+00:00,208.62209423126185,207.59737979805493,206.88460651656155,
391,2013-02-10 18:48:04+00:00,,,222.309944128518,248.35721229564234
392,2013-02-17 18:54:13+00:00,209.43363723048287,207.33862901927642,197.97128018767702,220.96358282772854
393,2013-02-26 18:47:59+00:00,,,214.54322773361397,234.98765569752243
394,2013-03-21 18:54:07+00:00,,,,222.65726129704532
395,2013-04-14 18:59:51+00:00,218.84122158224565,215.43541062859896,203.67988094393618,213.33497898411687
396,2013-04-15 18:47:50+00:00,213.489064732195,210.64016190142237,195.19483590556945,211.20316232948008
397,2013-04-22 18:53:57+00:00,205.2360127061767,202.48142198670337,,
398,2013-04-23 18:53:37+00:00,219.41790275312323,222.50898047922624,219.75807026879482,225.85213556545997
399,2013-05-01 18:47:46+00:00,223.4167150364043,222.79761169998892,205.49021580348614,208.04364068598147
400,2013-05-25 18:53:54+00:00,212.39337671719184,200.62847482012936,211.72074160166716,216.99387488466337
401,2013-06-18 18:47:30+00:00,225.67039187027427,219.57120248578576,220.46452661999948,
402,2013-07-04 18:47:20+00:00,217.53908539082383,214.87825724491498,211.471430127637,221.2484571956948
403,2013-08-13 18:53:51+00:00,214.39701637995918,217.7778920317334,208.91129405366956,219.43872317436364
404,2013-08-29 18:53:54+00:00,233.0900096751183,219.81596216400453,219.56889871061787,226.02852144186073
405,2013-09-05 19:00:04+00:00,,232.89120204574652,232.67888063612997,242.0814150790599
406,2013-09-06 18:47:25+00:00,232.1774700636344,234.4897075544381,231.90115916284856,240.1652157238399
407,2013-09-21 18:59:57+00:00,213.8894487272372,213.00889177278788,220.00066868940894,230.48894686581883
408,2013-10-08 18:47:47+00:00,221.43836786572126,226.70069936699477,232.9295403237707,
409,2013-10-15 18:54:03+00:00,216.42300769177197,219.00427851091257,,
410,2013-10-16 18:53:42+00:00,221.68837759907018,225.75852252860247,226.70136326928665,238.8072862364862
411,2013-10-31 18:54:06+00:00,219.00453783242187,225.93350533076156,231.25431136954776,248.86066135933595
412,2013-11-08 18:59:47+00:00,218.59164444470971,223.77468288676423,224.86008678884616,235.82253535379306
413,2013-11-09 18:48:01+00:00,214.50260245240364,221.15184278470636,219.09109661652434,234.1352822349161
414,2013-11-17 18:53:31+00:00,218.7635381151132,227.54417142474304,230.293699761452,246.08589355065135
415,2013-11-24 18:59:38+00:00,221.10476491373367,223.21767130349406,225.8870182689761,240.15335462097354
416,2013-11-25 18:48:06+00:00,216.91972293161132,219.17078969900717,226.29396911767162,244.92303422459682
417,2013-12-03 18:53:29+00:00,225.6252830115179,229.67664244456012,234.30639738386643,252.65247692106826
418,2013-12-10 18:59:37+00:00,227.17117877452554,217.47489229544252,221.62647939406102,236.30961004718975
419,2013-12-11 18:48:12+00:00,221.77294642973584,215.52903551249082,216.61722672504482,234.41652014602656
420,2013-12-19 18:53:19+00:00,206.07178730465674,211.56211805746398,217.99368241053463,244.8883069288275
421,2013-12-26 18:59:28+00:00,205.86216196817978,206.5077674989484,209.7241074698726,230.0571959150789
422,2014-01-12 18:48:22+00:00,200.81558115833187,202.16630387485384,205.99284283119135,236.95499665580996
423,2014-01-19 18:54:42+00:00,,,,
424,2014-01-20 18:53:00+00:00,202.4449186830123,204.3955673124382,212.120099006805,233.98785919095192
425,2014-02-21 18:52:38+00:00,219.63807778591018,209.71550228392917,200.3194782662361,220.5575418793876
426,2014-03-01 18:48:36+00:00,198.73143778219827,195.57370796154794,207.62164212653477,225.3464660517501
427,2014-03-17 18:48:44+00:00,199.24656760188958,208.4019750909976,210.04345255759907,223.953344997394
428,2014-03-24 18:54:57+00:00,,,,
429,2014-04-02 18:48:50+00:00,216.92095340924197,220.87034053068095,,
430,2014-04-17 18:57:57+00:00,210.2650870501514,206.49521898102006,206.43428754116744,220.9228469359913
431,2014-05-11 18:55:19+00:00,,,,
432,2014-05-12 18:51:26+00:00,214.69957819846505,214.20191666770853,206.91612520269933,214.06956701095822
433,2014-05-20 18:49:12+00:00,209.60216011406902,215.26577774644406,196.1248216238736,203.81589145278204
434,2014-05-27 18:55:24+00:00,,,,
435,2014-05-28 18:51:25+00:00,220.0306141732105,217.12383564834875,218.2197729301493,227.37656392958166
436,2014-06-13 18:51:33+00:00,219.32424131941173,227.12757020270786,220.71109595512814,233.26152479953572
437,2014-06-29 18:51:36+00:00,211.72257222158962,222.3268096078704,216.94216437797235,224.6260158962622
438,2014-07-14 18:55:33+00:00,,,,
439,2014-08-08 18:49:31+00:00,220.59920415015307,,,223.12451632504684
440,2014-08-31 18:55:40+00:00,217.3702831668945,207.94447360352058,209.36595327598204,219.4549941574925
441,2014-09-01 18:51:57+00:00,217.34782759802818,221.9213588207256,217.349485823268,225.34879077545634
442,2014-09-16 18:55:43+00:00,214.0445353394555,214.78439821903925,220.2140736908845,229.4602049505114
443,2014-09-17 18:51:59+00:00,215.91285742601815,218.19753302158114,220.318879604168,229.19430004501208
444,2014-10-02 18:55:55+00:00,,,,
445,2014-10-03 18:52:02+00:00,213.50503961852897,221.21787412359438,220.68554539236442,231.98519368977315
446,2014-10-10 18:58:14+00:00,231.3978101469369,223.57309640833628,237.0971867455117,248.12785949804044
447,2014-10-11 18:49:49+00:00,,230.17740216900074,233.19667391055867,245.66100965665282
448,2014-10-26 18:58:14+00:00,207.2521241398046,206.8583461886977,217.66254265485628,236.2497208153292
449,2014-10-27 18:49:58+00:00,222.95459163048565,224.58673431985616,232.31753998187997,249.34082680240255
450,2014-11-03 18:56:14+00:00,203.60098054474076,,,
451,2014-11-04 18:52:04+00:00,210.64400519506708,219.19233750517319,221.24095094431817,235.06187679952
452,2014-11-12 18:50:06+00:00,192.95243395141063,197.02814894684388,208.48171220581764,232.6234720483797
453,2014-12-06 18:52:00+00:00,205.14030907876506,207.3118356506356,222.67312667128894,242.19173684760608
454,2014-12-29 18:58:05+00:00,,213.65733247418154,212.02512026541922,234.5885789029278
455,2014-12-30 18:50:21+00:00,,215.00452673703336,209.68326510973694,239.2157291550805
456,2015-01-06 18:56:35+00:00,,,,
457,2015-01-07 18:51:54+00:00,201.83811403946615,215.79657492567318,225.52138852947368,250.57401477220992
458,2015-01-14 18:58:04+00:00,206.7181889412297,212.85820062678803,213.811878927816,231.10815971857897
459,2015-01-22 18:56:36+00:00,,224.96216374618166,234.90093283633718,253.50084321238202
460,2015-01-23 18:51:48+00:00,200.5083460217399,209.70427548750865,219.56449511163265,242.08873501712824
461,2015-01-30 18:57:59+00:00,208.09023916094063,213.77436303469867,212.55004609343735,236.7352051832238
462,2015-01-31 18:50:32+00:00,198.31556548052149,209.45345848002495,216.2629556883673,236.61552229737768
463,2015-02-15 18:57:50+00:00,204.10987070254754,215.88503121061513,214.11390627458297,231.2838493195501
464,2015-02-23 18:56:51+00:00,,,,
465,2015-02-24 18:51:39+00:00,217.06009602255403,215.50313865372118,208.86473619830159,222.018856256626
466,2015-03-04 18:50:44+00:00,207.900473015607,216.16175100787325,223.580869748078,242.5394651573355
467,2015-03-19 18:57:37+00:00,212.27784993383565,206.0608981045078,214.79583756633875,229.27314232048124
468,2015-03-28 18:51:20+00:00,214.75968218973364,211.3257113910975,195.90971662490153,211.20211200594844
469,2015-04-04 18:57:25+00:00,222.4605338838587,223.76665231265935,226.51253289482952,235.505541927494
470,2015-04-05 18:50:59+00:00,211.8780159296101,233.28053320922376,214.6015680403227,
471,2015-04-12 18:57:14+00:00,205.0820019593793,201.57986498979994,183.74792424047007,
472,2015-04-13 18:51:14+00:00,216.96916242866624,213.95026986556178,200.6454781871793,210.53509512121718
473,2015-04-28 18:57:20+00:00,200.4394065106077,196.31191329584598,189.20220192746015,
474,2015-04-29 18:51:06+00:00,212.57462220678516,209.61212867045697,202.8429395423045,217.60140796292967
475,2015-05-06 18:57:09+00:00,211.08268902512987,204.22867433341432,202.574761940022,210.53579075483233
476,2015-05-07 18:51:13+00:00,205.92446204766006,,,215.46540063368002
477,2015-05-23 18:51:19+00:00,222.44211818913647,226.1370649245507,202.57377360048628,208.9359128575192
478,2015-06-24 18:51:27+00:00,217.93710076406626,219.45044901827015,,
479,2015-07-02 18:51:16+00:00,221.52767350691963,207.39704049411432,217.32876242192478,216.62977478087453
480,2015-07-18 18:51:25+00:00,208.1647592510214,213.03784246154356,208.83407852522492,212.59171417265944
481,2015-07-26 18:51:36+00:00,,221.06137559939944,221.25677064456573,228.43388838861193
482,2015-08-10 18:57:42+00:00,209.58046671776933,214.90746057649503,224.21537004239016,240.22684046258806
483,2015-08-26 18:57:49+00:00,221.47573563858538,224.45629160128794,220.75673606559383,229.9576313982472
484,2015-08-27 18:51:42+00:00,215.05820310628164,219.25315588879695,217.69543396668064,222.88358755382703
485,2015-09-03 18:57:53+00:00,,,,
486,2015-09-04 18:51:41+00:00,214.2925718497074,217.23649999684994,212.78630949812174,225.2838746241289
487,2015-09-19 18:57:59+00:00,215.17098472887045,217.77259344785443,220.42884238365505,233.84706815491697
488,2015-09-20 18:51:49+00:00,215.89708794560636,216.47906639599086,215.00953009451362,223.04315825256697
489,2015-09-27 18:58:02+00:00,224.40316886211616,227.37549467868277,232.54513870968802,246.1765033960954
490,2015-10-05 18:58:02+00:00,,223.16557214542956,225.17643134238133,229.32679047780888
491,2015-10-06 18:51:52+00:00,213.3382141915169,212.48524711882408,213.95576839683335,223.34959321230772
492,2015-10-13 18:58:02+00:00,219.69527484990056,219.52003701674832,229.11533067004402,244.94066218195343
493,2015-10-21 18:58:21+00:00,211.01263955355194,210.57063698069683,211.1651266396256,
494,2015-10-22 18:51:55+00:00,209.30638677716297,213.76896582778267,210.85226051142212,224.50183279009994
495,2015-10-29 18:58:08+00:00,222.36265760779534,213.2299683314308,230.42496180602603,250.21015348548931
496,2015-10-30 18:52:17+00:00,221.274664894071,227.0552760218578,235.3751878196238,244.1698345431548
497,2015-11-06 18:58:35+00:00,,227.30847723363132,230.84271790369215,242.18894438166265
498,2015-11-07 18:51:58+00:00,207.60225727150214,214.6677802781559,217.056377733927,235.2719742648685
499,2015-11-15 18:52:34+00:00,201.05369582747502,202.74722170106094,210.300909410791,231.96349521972684
500,2015-11-23 18:52:00+00:00,208.28595551027027,209.5583368918387,220.14119345908296,238.94221423160232
501,2015-12-01 18:52:46+00:00,208.91779089504507,214.9507193173989,216.90459699941988,233.64215223915946
502,2015-12-16 18:58:10+00:00,205.055715249727,213.11988384781867,215.24342220104052,238.6442307915899
503,2015-12-25 18:51:59+00:00,206.00353222587216,208.0293674702023,222.6939410898306,246.75868175576736
504,2016-01-01 18:58:08+00:00,199.87317635590972,215.4343429917038,217.98916153286518,236.80911007059495
505,2016-01-10 18:51:55+00:00,196.99237422776304,196.25523982080102,220.49312598995797,246.4313524628025
506,2016-02-02 18:58:05+00:00,,217.48328910346248,205.62419076951605,226.07777655787007
507,2016-02-11 18:51:50+00:00,193.86786871145458,198.0509596809968,210.79751032326664,227.37702973016167
508,2016-02-27 18:51:45+00:00,185.46580610982258,189.70048185550115,195.728256386564,205.81785360580542
509,2016-03-14 18:51:41+00:00,202.68787394439963,209.9051176049659,188.0831347160828,201.16836601831994
510,2016-03-22 18:53:59+00:00,203.1100155517302,201.1603571641741,216.44009122420636,222.256378967821
511,2016-03-29 19:00:12+00:00,,,,219.08094553049645
512,2016-04-06 18:57:40+00:00,232.99516214720137,234.0253169820145,233.30556570347684,243.47647252020536
513,2016-04-15 18:51:26+00:00,210.73488742643843,211.98341165631751,197.00680369083506,209.5375361570371
514,2016-04-23 18:54:11+00:00,200.2057835671239,199.6308076575053,202.2170699005991,204.00815514412878
515,2016-04-30 19:00:24+00:00,216.79688715851046,214.1492006614256,190.7492669401944,198.08068987584474
516,2016-05-01 18:51:28+00:00,214.85062885599916,218.2846030742647,205.60063723651623,211.90668445506125
517,2016-05-09 18:54:15+00:00,219.1680906659428,,,
518,2016-05-16 19:00:26+00:00,,,,
519,2016-05-17 18:51:26+00:00,219.39729958608638,216.18511580293088,214.0356990215822,219.86516754899665
520,2016-05-25 18:54:19+00:00,246.28614090363664,,,
521,2016-06-02 18:51:31+00:00,218.0866075738275,212.16799684540686,217.7232425910094,226.4760495830643
522,2016-06-10 18:54:24+00:00,217.79420938260375,219.7008941628579,198.3240860125648,206.43364741285248
523,2016-06-18 18:51:34+00:00,207.67765659523275,200.9082607869854,208.31505243157173,211.36837369153352
524,2016-07-12 18:54:24+00:00,221.31543893429372,214.6959618368224,201.98597661878605,207.0059578862583
525,2016-08-12 18:58:04+00:00,228.10273510288647,226.81915291211735,222.56306802775234,224.13574768812003
526,2016-08-13 18:54:28+00:00,219.5535213622466,218.82716311306507,215.94711075155632,221.66617003725065
527,2016-08-20 19:00:40+00:00,231.65869657156355,233.2891174555882,251.2289000836468,241.6885036459027
528,2016-09-05 19:00:44+00:00,206.1427198642952,,,
529,2016-09-06 18:52:04+00:00,221.19846519784753,222.96248586116573,217.56531294487561,231.84939211474943
530,2016-09-13 18:58:16+00:00,224.02534633927516,224.86169932861503,224.4145415880306,233.00101466363793
531,2016-09-14 18:54:34+00:00,221.79803790095679,220.4018357422886,224.3692601822089,233.31480549592925
532,2016-09-21 19:00:46+00:00,,,,
533,2016-09-22 18:52:05+00:00,226.473818276737,230.60131096197148,221.05432376610452,237.78585647563412
534,2016-10-07 19:00:47+00:00,,226.5507788270881,225.389114539842,228.27045021996557
535,2016-10-08 18:52:09+00:00,216.73725811582966,215.31597837077103,215.78258167352888,230.08637214498188
536,2016-11-01 18:54:31+00:00,,,220.98803340871842,235.23858002367967
537,2016-11-08 19:00:38+00:00,,,,
538,2016-11-09 18:52:11+00:00,200.21383465264157,199.74333508517768,198.88117915869734,217.435455185698
539,2016-11-16 18:58:22+00:00,221.46222307503038,224.1863495659908,231.90824201623727,254.52892633887535
540,2016-11-17 18:54:23+00:00,,224.84000835055545,230.68304506265108,254.83919446117233
541,2016-12-18 18:58:17+00:00,212.58844170507538,221.8788212039756,228.8408660649689,242.99235562524026
542,2016-12-19 18:54:16+00:00,206.96107155360275,217.60351537593203,224.2032314384021,240.01399569969956
543,2016-12-26 19:00:23+00:00,217.84195808549444,222.43404392547538,229.62611219091363,244.6573619100416
544,2016-12-27 18:52:05+00:00,203.10379404743406,206.0502723899875,218.388830688766,242.9787888754255
545,2017-01-12 18:52:01+00:00,194.8397664624101,199.0764385008238,215.35776219027287,247.30863893110939
546,2017-01-27 19:00:03+00:00,203.19114364539558,203.98083512173253,219.69088442854272,245.33170845513888
547,2017-01-28 18:51:55+00:00,203.49383621844467,206.40570357302124,221.6609239071131,245.55423908188124
548,2017-02-28 19:00:07+00:00,206.08869915081954,204.87771701186392,217.11175961186316,231.59789376087264
549,2017-03-01 18:51:42+00:00,211.62270503870894,212.9075093727759,214.46855976486148,232.26444112865389
550,2017-03-08 18:57:49+00:00,211.97470053851285,213.6914019058199,211.69919961678994,224.692789824825
551,2017-03-17 18:51:33+00:00,211.27773203078675,212.9623492268374,212.93001401032018,227.16486758987423
552,2017-03-25 18:54:05+00:00,197.26096010445843,194.32319017715795,215.99486092204972,231.00081646939435
553,2017-04-02 18:51:25+00:00,217.86966169859213,216.51463830712498,196.81520011764428,210.36878804360094
554,2017-04-09 18:57:32+00:00,211.27385534019206,205.6456956365651,218.4305369365237,233.73875865524184
555,2017-04-10 18:54:10+00:00,200.0252743372238,198.0977904310891,212.74282197992747,224.22167996646854
556,2017-04-18 18:51:16+00:00,217.8300915130004,218.41257367118823,201.68442078471716,212.83585560706007
557,2017-05-03 19:00:29+00:00,212.95528458772483,215.58327747675742,189.9411906092619,200.97681597727305
558,2017-05-12 18:54:20+00:00,207.60773958888643,,,
559,2017-05-19 19:00:32+00:00,215.31457329985543,217.5780777431124,195.4810128916933,210.16162464770457
560,2017-05-20 18:51:21+00:00,218.37632602018314,214.66189482536186,204.96873291521717,215.99120034393232
561,2017-06-05 18:51:30+00:00,211.51335228704212,211.84141262470197,207.24877771355187,213.830021532031
562,2017-06-13 18:54:28+00:00,217.97489044924887,213.88717816578105,,
563,2017-06-20 19:00:40+00:00,,202.29552840096252,196.67324613142466,206.09871768150305
564,2017-06-21 18:51:36+00:00,206.69958411405082,201.7829585449704,205.65220065881445,209.4453490559922
565,2017-07-07 18:51:39+00:00,222.09797375282264,213.24369392013895,219.76546136856763,225.63004521101368
566,2017-07-15 18:54:31+00:00,220.72309028667217,213.2925673540714,,
567,2017-07-22 19:00:41+00:00,,,,
568,2017-08-23 19:00:39+00:00,,,217.0166455228053,229.2194289746187
569,2017-08-31 18:58:08+00:00,215.9773987299757,219.80301572925754,220.094262315787,225.36076536793357
570,2017-09-01 18:54:28+00:00,219.6659734634785,217.5418236202565,217.50783156550057,227.16069069553174
571,2017-09-09 18:51:58+00:00,215.52375646110085,222.678952855749,220.83154936736778,232.84985426419524
572,2017-09-17 18:54:25+00:00,219.1011510476963,,,
573,2017-09-24 19:00:37+00:00,229.38609544816416,230.6950352464391,229.76189791424088,226.7111268358591
574,2017-09-25 18:52:03+00:00,219.18046929301792,221.43746778777447,219.22359408805806,232.96938196137637
575,2017-10-02 18:58:17+00:00,225.27714486681188,225.75151754691498,224.3252573085265,238.03584372154103
576,2017-10-03 18:54:27+00:00,228.13945469165054,226.41456372811078,232.36427954921174,247.06291014387583
577,2017-10-10 19:00:39+00:00,221.08518778617443,219.58250491471017,,
578,2017-10-11 18:52:08+00:00,217.96934666937025,216.6978749099493,216.43839979814615,233.4768015824454
579,2017-10-26 19:00:40+00:00,,,,
580,2017-11-04 18:54:29+00:00,232.74581427550183,230.37901644956725,235.66086751960452,251.5519186954928
581,2017-12-05 18:58:11+00:00,227.91123695753456,229.86096908020394,236.06840049168704,260.18834103288293
582,2017-12-06 18:54:18+00:00,220.76528575301086,224.9590031493674,232.58171272362907,
583,2017-12-14 18:52:01+00:00,204.08068555619076,208.13710484050642,213.75405165091018,237.5626397566706
584,2017-12-21 18:58:14+00:00,213.715277981821,225.3896160370519,225.08230850330315,251.81290352131373
585,2017-12-29 19:00:14+00:00,,,,
586,2018-01-06 18:58:09+00:00,203.81516442342112,216.69927244605586,217.35592574834968,241.95486159922478
587,2018-01-31 18:51:44+00:00,206.00613192482123,209.57236720321578,222.1886125136275,247.3843865419151
588,2018-02-07 18:57:53+00:00,218.4020442140069,211.87165519184165,209.5092837096565,229.36256221178354
589,2018-02-08 18:53:26+00:00,,207.64111063761914,207.0177392826422,228.06934670358115
590,2018-02-15 18:59:33+00:00,220.0345706133174,208.56963098135324,222.36002133906405,238.41587343460003
591,2018-02-16 18:51:39+00:00,212.364724322349,208.22669330952158,219.6616176066948,236.99306731593774
592,2018-02-23 18:57:47+00:00,220.67627711081843,216.99941205491058,204.99528574940265,220.50390097982827
593,2018-03-04 18:51:31+00:00,208.8653712525512,218.517431915734,215.5693582587519,230.31414369467356
594,2018-03-27 18:57:31+00:00,213.80362320111203,211.75260884958126,201.26008095691859,214.27959632950822
595,2018-03-28 18:52:52+00:00,220.57844123866224,217.06069743131027,219.30003013043617,
596,2018-04-12 18:57:22+00:00,208.72787768367104,203.8237910310914,203.22313871206902,210.85472815035604
597,2018-04-13 18:52:37+00:00,211.8690733134859,209.0039069356691,210.72237612794288,218.54802772392478
598,2018-04-20 18:58:41+00:00,,,,213.8279309178835
599,2018-04-21 18:51:06+00:00,221.229607367356,216.4258219699618,196.37092871217942,210.30079374202708
600,2018-04-29 18:52:20+00:00,211.4029526073209,211.8403724231229,218.28902232194952,226.03170303532698
601,2018-05-07 18:50:57+00:00,219.24710776790644,210.2005517823074,195.71479583212695,206.04718056836728
602,2018-05-30 18:56:50+00:00,222.03502841513017,213.21139388003547,211.2638994857487,219.0450242058819
603,2018-05-31 18:51:49+00:00,,,204.03000556856452,211.0492289797159
604,2018-06-07 18:57:52+00:00,,,,
605,2018-06-08 18:50:40+00:00,212.78678191196758,210.4382992764258,199.4185310476558,208.77091448459274
606,2018-06-15 18:56:56+00:00,210.97972403180157,210.2423264019756,206.46770698205148,212.02076132955753
607,2018-06-16 18:51:32+00:00,212.7088123939438,211.17552295844953,207.696248096266,211.96758688345432
608,2018-07-02 18:51:13+00:00,213.4460864039885,,,
609,2018-07-10 18:50:59+00:00,210.50032472792725,206.68620634267128,206.588852143697,213.9042840584135
610,2018-08-02 18:57:21+00:00,227.480050576674,218.17055809547753,208.48846702190198,215.12118322732846
611,2018-08-03 18:50:38+00:00,224.70710435688508,218.7793471541309,,
612,2018-08-11 18:51:15+00:00,225.06916267198898,220.40404418310368,222.6027981567879,227.89311233090191
613,2018-09-11 18:56:02+00:00,222.4845277806151,221.74056671475128,224.85978242867537,
614,2018-09-12 18:51:28+00:00,218.306472784832,217.58926736327243,221.92243187406314,233.12509800230296
615,2018-09-19 18:57:40+00:00,218.12414419012543,215.89302630246968,210.1562986541318,225.63214473621198
616,2018-09-20 18:49:39+00:00,,215.90638624536763,213.81086806629412,219.55356767464494
617,2018-10-05 18:57:48+00:00,207.82661532853717,217.88845360810993,218.2775680752209,228.75300562710134
618,2018-10-06 18:49:16+00:00,,216.02743788898871,224.06832691763128,237.68778721746622
619,2018-10-13 18:55:16+00:00,,222.21700047622767,234.34068604175945,244.74953179199304
620,2018-10-14 18:51:41+00:00,209.5243505402607,224.0309729012239,246.30753945637613,235.4245755483774
621,2018-10-30 18:51:46+00:00,212.7424270620802,217.592057761446,218.88530593046173,233.71436822488394
622,2018-11-06 18:57:58+00:00,219.40192035140734,225.78758295367285,231.43482205481797,243.15154215167604
623,2018-11-07 18:48:32+00:00,223.31066411050048,222.75189754334068,237.1580024822144,250.30678336256375
624,2018-11-14 18:54:33+00:00,,,,242.982530399363
625,2018-11-15 18:51:47+00:00,212.34486953212522,217.6722746784347,221.00307471678178,237.6621557308477
626,2018-11-30 18:54:09+00:00,,,,
627,2018-12-08 18:57:55+00:00,216.63859930141268,221.09940400815347,230.92544510715925,250.11137024213596
628,2018-12-25 18:47:16+00:00,200.99814794788352,202.20343699923438,216.3510336933843,239.08784596234025
629,2019-01-02 18:51:43+00:00,205.8227258730257,210.51232476950366,214.75175582600272,237.9736258406769
630,2019-01-25 18:57:49+00:00,201.84439035606965,212.5276093377167,213.02817286637924,234.23193067256383
631,2019-02-18 18:51:45+00:00,221.5454295781429,215.8012483448054,229.88605093788848,244.75275381203704
632,2019-02-19 18:51:35+00:00,206.86731835901597,204.92725079720887,218.62700178949842,245.86494164589172
633,2019-03-14 18:57:38+00:00,,219.97062353315818,209.95997280122782,219.9564261915312
634,2019-03-15 18:44:47+00:00,,222.52153694222315,216.9205881403053,220.0401905964627
635,2019-03-23 18:51:26+00:00,195.79017799922812,196.12748714874192,202.93782583811796,215.19143803272718
636,2019-03-30 18:57:35+00:00,209.9345894807947,212.48929744633747,209.99036724150358,219.78468942099218
637,2019-03-31 18:44:15+00:00,215.84309029181406,214.43942401081677,224.8006471328321,233.36951520960247
638,2019-04-16 18:43:40+00:00,197.3723029472707,191.73009501923366,197.36626303277353,219.22130852128402
639,2019-04-24 18:51:15+00:00,218.2022841412599,211.59031819054255,200.05573637563077,212.13074716404824
640,2019-05-01 18:57:28+00:00,215.1767694284465,217.55760584443823,222.82756943886756,233.7517129213519
641,2019-05-02 18:43:05+00:00,218.71179542682398,216.22656988116938,221.55474697785598,
642,2019-05-10 18:51:23+00:00,219.425081669575,215.8290950307117,205.21556916880868,211.44463535425973
643,2019-05-17 18:57:38+00:00,204.88624491243473,193.08343346875665,202.26302574803108,214.50097491405862
644,2019-05-25 18:48:22+00:00,,,,
645,2019-06-03 18:41:53+00:00,214.13012478899827,211.2376070232646,215.8626526437313,226.26655568352948
646,2019-06-11 18:51:39+00:00,219.200270347503,218.54329871364556,209.59356169918684,217.29485872793657
647,2019-06-27 18:51:45+00:00,222.40857242371325,219.1026901584234,214.23956016540959,223.7351436698349
648,2019-07-05 18:40:42+00:00,213.96158228588712,212.61798735677573,219.17077491221625,223.962535289005
649,2019-08-06 18:39:25+00:00,,,207.6798700737453,213.7842500249664
650,2019-08-14 18:51:59+00:00,222.9397628929892,221.63255655201323,223.37726346245154,227.70496576151822
651,2019-08-21 18:58:12+00:00,216.26848793924182,214.01410905901585,217.99116865584256,225.75289424781036
652,2019-08-30 18:52:03+00:00,220.06953281989502,218.14538232442067,223.09693467289128,232.90295250312911
653,2019-09-06 18:58:15+00:00,215.6189903820918,220.06341558208126,215.079050912302,222.13603147470118
654,2019-09-14 18:43:56+00:00,,,,
655,2019-09-15 18:52:08+00:00,224.90981522765577,222.6857547981847,224.8594137092669,235.63258129879577
656,2019-09-23 18:37:21+00:00,215.69351507062834,208.76886020001143,213.0176567384333,231.0283998109865
657,2019-10-01 18:52:13+00:00,219.26751479861844,225.1233767768573,227.24964542488487,237.2961453734978
658,2019-10-09 18:36:41+00:00,214.88101034826377,220.5028172950085,220.97664031259808,229.02381683834588
659,2019-10-24 18:58:26+00:00,217.95918297804025,222.52184595046276,223.362304495202,234.63895403595708
660,2019-10-25 18:36:00+00:00,227.03943533588716,229.54053512924997,232.85239719608398,244.70670858892683
661,2019-11-02 18:52:14+00:00,219.68483174306732,222.76612969897548,224.1960590350347,238.29446656214992
662,2019-11-09 18:58:24+00:00,227.464459245877,226.50412641444038,228.5793344754341,247.23429455789378
663,2019-11-10 18:35:17+00:00,224.01757352634033,229.79396139676817,,
664,2019-11-18 18:52:11+00:00,199.7098500451663,208.22081952503257,213.61676838480034,231.74099882260816
665,2019-11-25 18:58:21+00:00,223.9116233366908,229.3937750925116,236.56066548514966,254.68637867269612
666,2019-12-27 18:58:17+00:00,204.90377771378328,209.82678581610315,222.10580095514487,247.47403805105583
667,2019-12-28 18:32:55+00:00,,,,247.74283848838863
668,2020-02-06 18:51:55+00:00,205.34327384823362,214.02419935472227,214.92415171620453,236.16434045187987
669,2020-02-14 18:30:30+00:00,207.6290178469741,213.2599369719674,206.21646175448916,226.62534179204997
670,2020-02-29 18:58:00+00:00,214.2318948569163,212.70309188484205,202.43103234690474,219.2983364294537
671,2020-03-01 18:29:39+00:00,217.816515514211,214.11459828038244,202.71745952689102,209.7585455019532
672,2020-03-25 18:51:37+00:00,210.90311039828896,,,
673,2020-04-01 18:57:43+00:00,223.18996509430414,225.97544612554017,206.57101432539514,212.9574895905351
674,2020-04-02 18:27:53+00:00,,,205.0301866936047,214.41171339347687
675,2020-05-03 18:57:28+00:00,215.40212313629735,214.5975348443921,199.30794427687474,211.38906341909433
676,2020-05-04 18:26:00+00:00,,215.41260105851134,214.0935033821915,216.4671262904613
677,2020-05-20 18:25:01+00:00,212.11992652188513,212.78560269210564,204.8435270027887,
678,2020-06-04 18:57:34+00:00,,,,
679,2020-06-29 18:51:37+00:00,216.0529942079689,215.6786333697893,198.22111476774205,207.40505643366507
680,2020-07-06 18:57:51+00:00,221.08435865499257,220.21254697528818,219.29173418781397,227.37904965697183
681,2020-07-07 18:22:11+00:00,216.88213579505637,219.9036917722093,202.9405059312244,203.47171864820936
682,2020-07-23 18:21:12+00:00,219.02510627368665,,,
683,2020-08-07 18:58:00+00:00,229.55882165185872,227.86528539409903,222.48195607078597,227.8245532502181
684,2020-08-23 18:58:07+00:00,217.50849534810843,220.73725987660723,218.29322138133335,225.92763017291466
685,2020-09-08 18:58:14+00:00,219.07472646836203,221.16356359055928,218.50603754518087,229.2236934757383
686,2020-09-24 18:58:19+00:00,217.19170192299433,224.82263792890822,220.47325712797823,231.23593228723064
687,2020-09-25 18:17:04+00:00,214.14827381940447,216.47191012791876,,
688,2020-10-11 18:16:03+00:00,220.13525871988605,226.61558377025318,230.69843209243493,234.63092659403685
689,2020-10-19 18:52:11+00:00,225.27551059617736,227.55246748065687,231.3853477608236,247.39607313660542
690,2020-10-26 18:58:22+00:00,229.310310872535,228.1792599961123,229.76004821677265,237.70061375140835
691,2020-10-27 18:15:00+00:00,224.96908416311823,227.29652036133402,233.41016242600344,238.7437799698357
692,2020-11-12 18:13:55+00:00,219.14003474344855,229.34111456677036,226.90701589791885,243.31817710578767
693,2020-11-20 18:52:10+00:00,201.35256154125173,205.69626137862124,209.127742296194,
694,2020-11-27 18:58:22+00:00,223.00021578395018,229.89905871964004,230.10879977220833,242.42572141850195
695,2020-11-28 18:12:47+00:00,220.95579995136478,227.12758666185545,231.1475516576118,247.01545885732693
696,2020-12-06 18:52:12+00:00,208.94192942905312,215.50276706866353,217.45073737042972,234.40787755958092
697,2020-12-14 18:11:35+00:00,,192.5961317205116,213.88103460525627,244.5116895878177
698,2020-12-22 18:52:11+00:00,205.40347704277272,206.84763878767671,206.2723265059553,229.19707405299184
699,2021-01-23 18:52:00+00:00,200.55191061502617,209.88664049200233,207.21117522402645,229.3023238399936
700,2021-02-24 18:51:52+00:00,210.19349270502065,209.2345608463922,208.50621426105323,225.07000161081254
701,2021-03-03 18:58:00+00:00,206.6060046838966,210.9179258192256,202.41444025635877,218.47169795347452
702,2021-03-12 18:51:44+00:00,219.67714041062936,215.99157901733545,218.21067943500066,236.08351184833384
703,2021-03-19 18:57:51+00:00,205.3335523156126,210.89417136331724,196.49855758707727,204.76600468270868
704,2021-03-20 18:04:28+00:00,201.42817978854308,194.71962433176432,185.283156967136,206.4830447265482
705,2021-04-13 18:51:33+00:00,212.83635803288482,209.72570973703435,206.12369016394413,214.9400723315176
706,2021-04-21 18:01:49+00:00,208.76358982612734,211.2751129597027,197.80885649506902,
707,2021-05-07 18:00:28+00:00,216.26360859682484,219.8496539526655,201.1398110781672,
708,2021-05-15 18:51:27+00:00,212.8566146084367,211.43962657437896,199.83297461542983,202.59036287795493
709,2021-05-22 18:57:42+00:00,,,,
710,2021-05-23 17:59:07+00:00,228.49618969188415,229.1846694236106,236.3111277018849,207.40446265397037
711,2021-05-31 18:51:36+00:00,223.32527043687352,217.62694227977343,193.29052392310587,203.43974360337083
712,2021-06-07 18:57:49+00:00,,,,
713,2021-06-16 18:51:42+00:00,216.103486409907,217.35889272792713,192.97088558807158,207.1813147010152
714,2021-07-10 17:55:07+00:00,211.6775575289637,215.8945364222391,,
715,2021-07-18 18:51:48+00:00,212.13016917436607,211.1897602599184,198.3565229611291,205.08537285216607
716,2021-08-03 18:51:56+00:00,224.81768558143327,,231.67385498082993,219.01728278743585
717,2021-08-26 18:58:14+00:00,219.74582384444201,229.0339971019488,225.1372342645731,233.51743049087852
718,2021-08-27 17:50:56+00:00,,193.67603675169502,,
719,2021-09-11 18:58:18+00:00,224.28137818224744,231.07198281731155,229.09141005684106,237.71166009391345
720,2021-09-12 17:49:32+00:00,216.31661584443327,221.43697819374682,217.84910199099812,225.04831150759082
721,2021-09-20 18:52:09+00:00,220.0325336159158,220.9548533453292,226.0871757648286,237.752000742305
722,2021-09-28 17:48:05+00:00,187.5246696997015,205.1219963039254,194.10734480575388,210.26455717206204
723,2021-10-13 18:58:27+00:00,232.01264026718013,226.51263378467758,230.94943435466462,235.83997779121353
724,2021-10-14 17:46:41+00:00,210.70960753711444,212.4260204197522,218.97343472384782,229.8265258840398
725,2021-10-22 18:52:17+00:00,198.32515987417565,194.63240277586945,196.80922392281954,211.42123039744322
726,2021-11-07 18:52:15+00:00,210.4150823936903,213.360664559629,229.6860187123658,244.30227976892013
727,2021-11-30 18:58:24+00:00,213.82483101151684,217.3760771771676,216.12299353486335,239.6237173957561
728,2021-12-01 17:42:10+00:00,184.2847795461832,205.25739936250696,202.43574336272331,
729,2021-12-09 18:52:13+00:00,211.83485130264492,213.2182857923598,214.41098112037798,235.26380544532935
730,2021-12-17 17:40:39+00:00,,195.36702083375167,203.9427476078157,246.36080243499282
