dates,nzd0195-0000,nzd0195-0001,nzd0195-0002,nzd0195-0003,nzd0195-0004,nzd0195-0005,satname
1999-07-18 21:58:49+00:00,328.4478947368421,337.43333333333334,339.1108695652174,361.83,355.40444444444444,352.83,L7
1999-08-12 21:52:44+00:00,341.32947368421054,345.04,355.0804347826087,360.13,359.49,,L7
1999-09-13 21:52:41+00:00,326.95526315789476,328.71666666666664,336.8556521739131,354.7,357.0855555555555,342.06,L7
1999-09-29 21:52:52+00:00,352.33473684210526,356.0733333333334,375.28391304347826,382.38,381.28444444444443,371.2085714285714,L7
1999-10-15 21:52:49+00:00,333.8926315789473,332.38,347.75391304347824,359.48,356.1433333333333,353.4871428571428,L7
1999-10-22 21:58:52+00:00,342.35789473684207,341.7033333333333,357.1178260869565,359.71,353.90777777777777,349.5242857142857,L7
1999-11-23 21:58:47+00:00,331.4221052631579,345.21666666666664,359.4156521739131,360.08,360.0288888888889,352.48285714285714,L7
1999-12-02 21:52:40+00:00,351.04578947368424,355.66,375.5743478260869,373.67,369.66,362.67571428571426,L7
2000-01-19 21:52:37+00:00,,,362.23304347826087,363.65000000000003,357.54777777777775,341.17571428571426,L7
2000-02-04 21:52:37+00:00,351.57684210526315,355.98333333333335,372.1886956521739,379.49,379.05777777777774,373.15,L7
2000-03-14 21:58:35+00:00,350.9563157894737,358.68,371.15043478260867,375.21999999999997,371.5733333333333,354.1657142857143,L7
2000-03-30 21:58:33+00:00,356.7636842105263,368.09666666666664,367.7008695652174,367.13,357.84222222222223,343.2571428571428,L7
2000-05-01 21:58:18+00:00,347.10842105263157,353.16,369.0517391304348,370.2,365.56,355.87,L7
2000-05-26 21:51:48+00:00,329.0368421052632,360.37,365.61652173913046,364.67,365.4566666666667,364.5257142857143,L7
2000-06-18 21:57:51+00:00,361.7242105263158,378.4266666666667,376.1434782608696,381.51,382.29888888888894,372.74,L7
2000-07-29 21:51:02+00:00,351.61157894736846,354.5466666666667,366.23304347826087,372.36,361.1222222222222,342.5,L7
2000-08-05 21:57:08+00:00,327.06842105263155,342.73,334.8947826086956,344.93,344.3966666666667,328.67571428571426,L7
2000-08-14 21:50:56+00:00,338.1173684210527,347.2766666666667,361.8004347826087,367.66,358.0388888888889,338.3614285714286,L7
2000-10-17 21:50:01+00:00,339.25842105263155,357.4166666666667,366.8891304347826,375.40999999999997,372.2588888888889,364.50428571428574,L7
2000-11-09 21:56:21+00:00,,368.97333333333336,361.91130434782605,358.81,363.3411111111111,345.91857142857145,L7
2001-01-05 21:50:16+00:00,347.68684210526317,350.8333333333333,363.2921739130435,373.05,368.52444444444444,363.3871428571428,L7
2001-03-10 21:50:10+00:00,332.95526315789476,345.36333333333334,353.2834782608696,355.57,353.46444444444444,342.6657142857143,L7
2001-03-26 21:50:01+00:00,360.63473684210527,360.13666666666666,358.46956521739133,367.07000000000005,353.15222222222224,338.45,L7
2001-06-05 21:55:40+00:00,329.48473684210524,341.31333333333333,355.7308695652174,360.44,,,L7
2001-06-21 21:55:29+00:00,344.8721052631579,370.3233333333334,384.19347826086954,380.41999999999996,375.27777777777777,358.15857142857146,L7
2001-06-30 21:49:12+00:00,345.74105263157895,352.14,371.6891304347826,367.74,356.48,338.12428571428575,L7
2001-09-09 21:54:36+00:00,329.46473684210525,348.0833333333333,361.7473913043478,367.45,353.7811111111111,339.9457142857143,L7
2001-09-25 21:54:28+00:00,338.68789473684205,355.88,369.6021739130435,371.99,375.56,351.6828571428572,L7
2001-10-11 21:54:09+00:00,329.24052631578945,341.14,362.46956521739133,362.63,353.4,347.35714285714283,L7
2002-01-24 21:48:42+00:00,347.31842105263155,353.10333333333335,365.66391304347826,375.34000000000003,373.38111111111107,358.2342857142857,L7
2002-01-31 21:54:50+00:00,324.99789473684206,333.7233333333333,349.7673913043478,369.32000000000005,361.5077777777778,349.7528571428572,L7
2002-02-25 21:48:47+00:00,349.3836842105263,354.88666666666666,371.59086956521736,377.32,370.8622222222222,354.1271428571428,L7
2002-06-01 21:48:28+00:00,342.641052631579,360.09666666666664,367.73,374.12,368.96555555555557,356.9057142857143,L7
2002-08-20 21:47:58+00:00,,,371.28043478260867,376.10999999999996,372.22777777777776,356.69,L7
2002-08-27 21:54:00+00:00,368.5257894736842,383.98,394.6173913043478,394.37,387.0566666666667,383.51142857142855,L7
2002-10-07 21:47:33+00:00,338.9921052631579,346.86333333333334,355.87,361.71000000000004,362.5911111111111,355.68142857142857,L7
2002-10-14 21:53:43+00:00,353.7768421052632,354.94666666666666,365.40434782608696,371.65999999999997,357.7055555555555,349.69142857142856,L7
2002-10-23 21:47:39+00:00,347.9305263157895,353.9866666666667,358.2904347826087,365.0,357.52555555555557,352.56857142857143,L7
2002-10-30 21:53:49+00:00,353.8421052631579,363.63,373.64130434782606,376.48,375.4566666666667,368.4242857142857,L7
2003-01-02 21:54:22+00:00,339.2026315789473,347.5733333333333,362.3895652173913,356.85,351.4011111111111,346.84857142857146,L7
2003-01-18 21:54:30+00:00,356.6926315789473,354.2966666666667,364.2517391304348,373.03,357.9222222222222,349.1128571428572,L7
2003-03-23 21:54:40+00:00,336.73578947368424,343.89,345.8073913043478,354.32,353.5766666666667,340.25142857142856,L7
2003-04-01 21:48:34+00:00,312.1594736842105,315.63666666666666,335.3082608695652,349.0,345.1388888888889,339.27857142857147,L7
2003-04-24 21:54:46+00:00,328.94105263157894,344.26666666666665,357.68347826086955,366.95000000000005,370.46222222222224,347.3628571428572,L7
2003-05-03 21:48:37+00:00,326.42315789473685,335.1566666666667,338.81782608695653,351.12,355.8355555555555,337.96285714285716,L7
2003-05-10 21:54:46+00:00,316.031052631579,338.4966666666666,350.94347826086954,361.5,356.8622222222222,336.33285714285716,L7
2003-05-26 21:54:43+00:00,318.1584210526316,323.12,325.5117391304348,343.05,348.07,,L7
2003-07-21 21:42:33+00:00,340.4294736842105,348.81,363.19391304347823,373.94,372.4166666666667,355.33,L5
2003-08-06 21:42:51+00:00,312.1278947368421,329.9666666666667,,,,,L5
2003-08-15 21:36:48+00:00,312.4636842105263,330.83666666666664,343.3339130434783,348.22,329.9788888888889,,L5
2003-08-23 21:48:14+00:00,318.89473684210526,332.24666666666667,346.2365217391304,,,,L7
2003-10-17 21:54:15+00:00,333.2815789473684,348.4633333333333,359.10391304347826,,,,L7
2003-10-18 21:37:48+00:00,348.24,352.97,362.62,369.38,350.41,325.17,L5
2003-10-25 21:44:04+00:00,312.0521052631579,322.8666666666667,337.7956521739131,345.36,344.3488888888889,334.8228571428572,L5
2003-10-26 21:48:14+00:00,300.62157894736845,331.24666666666667,338.32608695652175,344.14,340.2088888888889,,L7
2003-12-04 21:54:43+00:00,332.37157894736845,343.90999999999997,359.65521739130435,,,,L7
2004-01-05 21:54:57+00:00,322.35052631578947,,,,,338.76142857142855,L7
2004-01-21 21:55:02+00:00,323.0957894736842,334.28999999999996,352.1408695652174,359.23,343.25333333333333,325.67857142857144,L7
2004-02-22 21:55:07+00:00,,338.58333333333337,365.65956521739133,386.64,378.92777777777775,364.73571428571427,L7
2004-03-09 21:55:15+00:00,307.5268421052632,324.6166666666667,334.0773913043478,355.55,347.7322222222222,326.9371428571428,L7
2004-03-17 21:45:08+00:00,329.70473684210526,332.91666666666663,357.2165217391304,365.78,354.30555555555554,336.4942857142857,L5
2004-03-18 21:49:07+00:00,,342.3566666666666,363.2408695652174,374.57,362.8722222222222,343.39714285714285,L7
2004-03-25 21:55:18+00:00,,326.32666666666665,358.54304347826087,374.90000000000003,360.50555555555553,343.2842857142857,L7
2004-04-18 21:45:49+00:00,321.00210526315794,327.0033333333334,353.66347826086957,373.9,359.8377777777778,334.12857142857143,L5
2004-05-20 21:46:44+00:00,322.3042105263158,330.4066666666667,343.31347826086954,366.92,351.86888888888893,331.02,L5
2004-05-28 21:55:11+00:00,327.0463157894737,336.79,348.1204347826087,361.25,343.80333333333334,319.5057142857143,L7
2004-06-06 21:48:56+00:00,,,,385.94,376.04,359.13142857142856,L7
2004-06-29 21:55:03+00:00,316.5368421052632,330.8666666666667,353.31782608695653,363.69,345.57222222222225,,L7
2004-07-07 21:48:09+00:00,339.2878947368421,362.71333333333337,392.15086956521736,393.33,381.6044444444445,363.15,L5
2004-07-23 21:48:33+00:00,333.91526315789474,344.44,362.95130434782607,376.15,359.1633333333333,338.75142857142856,L5
2004-07-24 21:48:45+00:00,,353.65,367.9752173913044,382.2,358.57,347.33142857142855,L7
2004-08-16 21:54:50+00:00,328.5736842105263,334.1166666666667,358.1573913043478,376.89,,,L7
2004-08-25 21:48:37+00:00,354.2336842105263,363.83333333333337,372.84869565217394,379.5,,,L7
2004-09-25 21:50:07+00:00,334.2105263157895,340.2233333333333,365.6752173913044,371.95000000000005,364.5677777777778,336.2085714285714,L5
2004-10-04 21:44:07+00:00,335.2263157894737,347.55333333333334,369.34913043478264,374.18,360.6977777777778,335.09285714285716,L5
2004-10-11 21:50:27+00:00,338.4115789473684,339.43,365.08521739130435,378.75,369.3333333333333,345.4842857142857,L5
2004-10-20 21:44:28+00:00,348.7757894736842,360.91333333333336,374.55304347826086,385.52,378.9244444444445,359.0628571428572,L5
2004-10-27 21:50:47+00:00,334.2778947368421,350.90333333333336,366.12434782608693,374.56,376.94111111111107,356.1171428571428,L5
2004-12-07 21:45:24+00:00,350.5931578947368,351.42,368.94695652173914,375.97,370.22,350.07142857142856,L5
2005-01-15 21:52:09+00:00,348.31842105263155,369.81333333333333,374.3369565217391,376.36,370.71777777777777,365.61,L5
2005-01-16 21:49:15+00:00,330.8742105263158,361.5966666666667,381.9634782608696,380.16,380.8888888888889,381.02,L7
2005-01-24 21:46:06+00:00,342.6578947368421,358.06666666666666,374.58652173913043,377.90000000000003,376.58222222222224,363.41142857142853,L5
2005-02-08 21:55:35+00:00,,,,362.78999999999996,335.8888888888889,,L7
2005-02-09 21:46:19+00:00,327.2078947368421,325.2633333333334,342.5108695652174,353.09,349.80444444444447,341.82,L5
2005-02-17 21:49:28+00:00,347.56315789473683,348.12333333333333,367.6291304347826,,,,L7
2005-02-24 21:55:41+00:00,,,,,359.25555555555553,347.40142857142854,L7
2005-02-25 21:46:35+00:00,334.13473684210527,348.45666666666665,366.7995652173913,375.17,371.82222222222225,355.35,L5
2005-03-04 21:52:52+00:00,347.3757894736842,363.8466666666667,375.47869565217394,379.90999999999997,374.6122222222222,364.1642857142857,L5
2005-03-05 21:49:32+00:00,341.93842105263155,,,,,,L7
2005-03-12 21:55:44+00:00,317.3563157894737,330.46000000000004,342.43347826086955,357.38,359.16,346.20142857142855,L7
2005-03-29 21:46:54+00:00,342.77526315789476,362.75666666666666,375.62565217391307,382.13,371.25555555555553,361.04,L5
2005-04-06 21:49:28+00:00,,,,,,350.20285714285717,L7
2005-04-21 21:53:10+00:00,345.67263157894735,362.58333333333337,381.93304347826086,381.42,369.84777777777776,352.67571428571426,L5
2005-04-29 21:55:36+00:00,,365.35,376.32652173913044,382.49,364.9033333333333,352.45285714285717,L7
2005-05-07 21:53:16+00:00,326.22526315789474,345.23,357.29478260869564,362.89,349.59,331.54857142857145,L5
2005-05-08 21:49:28+00:00,,,,,357.03222222222223,347.76142857142855,L7
2005-05-23 21:53:24+00:00,346.5915789473684,356.9866666666667,365.1695652173913,373.15999999999997,359.47555555555556,351.41285714285715,L5
2005-05-24 21:49:26+00:00,327.7605263157895,345.7,354.46608695652174,360.91,353.4833333333333,345.65,L7
2005-06-08 21:53:33+00:00,350.94473684210527,366.43333333333334,373.2173913043478,377.21,376.0811111111111,372.60571428571427,L5
2005-06-09 21:49:20+00:00,,,375.8578260869565,374.94,369.79555555555555,,L7
2005-07-19 21:47:39+00:00,324.2705263157895,339.9433333333333,352.5552173913044,362.70000000000005,352.3977777777778,330.53857142857146,L5
2005-08-03 21:55:25+00:00,343.8047368421053,350.95,361.79869565217393,365.79,360.0466666666667,342.12857142857143,L7
2005-08-19 21:55:20+00:00,344.11789473684206,355.46999999999997,362.3821739130435,364.56,349.94,331.04285714285714,L7
2005-08-28 21:49:05+00:00,361.1036842105263,,,,,,L7
2005-09-29 21:48:55+00:00,,,,371.47999999999996,363.9811111111111,349.66857142857145,L7
2005-10-06 21:55:01+00:00,348.8878947368421,365.6166666666667,,,,,L7
2005-10-30 21:54:03+00:00,335.08421052631576,350.24333333333334,356.2047826086956,373.84999999999997,372.6044444444445,362.8628571428572,L5
2005-10-31 21:49:11+00:00,352.7031578947368,358.72333333333336,,,,,L7
2005-11-24 21:48:28+00:00,347.10789473684207,356.6933333333333,368.2543478260869,361.99,360.4311111111111,360.53714285714284,L5
2005-12-25 21:55:43+00:00,349.58947368421053,,,,,374.02,L7
2006-02-04 21:49:52+00:00,332.61,351.95666666666665,363.80434782608694,352.76,,,L7
2006-02-11 21:56:04+00:00,,,,349.97,345.68666666666667,329.9657142857143,L7
2006-02-20 21:49:55+00:00,,342.21333333333337,353.5147826086956,352.96000000000004,353.0311111111111,343.03,L7
2006-02-28 21:50:40+00:00,380.1963157894737,384.04333333333335,376.46913043478264,375.32,370.1477777777778,351.6828571428572,L5
2006-03-31 21:56:06+00:00,,,,,363.7077777777778,355.85571428571427,L7
2006-04-08 21:57:36+00:00,359.9873684210527,370.79,373.9860869565218,367.19,361.8966666666667,352.92285714285714,L5
2006-05-11 21:49:55+00:00,358.1163157894737,376.34000000000003,,,,,L7
2006-05-27 21:49:54+00:00,341.0568421052632,349.6333333333333,363.67869565217393,367.42,356.42777777777775,,L7
2006-06-27 21:58:48+00:00,353.22,362.4866666666667,355.05434782608694,348.26,344.7422222222222,334.00857142857143,L5
2006-07-05 21:55:54+00:00,351.17894736842106,361.57,363.1478260869565,356.14,341.80333333333334,,L7
2006-07-13 21:59:02+00:00,365.75210526315794,374.8266666666667,377.6121739130435,368.11,352.83222222222224,349.0357142857143,L5
2006-07-21 21:55:45+00:00,,346.5,354.2482608695652,344.26,,,L7
2006-08-15 21:49:31+00:00,360.3673684210527,,,,,,L7
2006-08-22 21:55:41+00:00,,,358.47043478260866,354.32,352.5933333333333,344.60571428571427,L7
2006-08-23 21:53:23+00:00,358.658947368421,359.6166666666666,365.6521739130435,372.39000000000004,367.42555555555555,359.40857142857146,L5
2006-08-31 21:49:28+00:00,352.5636842105263,354.1766666666667,365.0973913043478,368.29999999999995,370.36555555555555,361.5,L7
2006-09-15 21:59:51+00:00,351.90526315789475,360.72,365.8747826086956,372.65,,,L5
2006-09-23 21:55:30+00:00,344.69736842105266,350.61333333333334,363.0747826086956,361.17,353.3111111111111,347.97,L7
2006-10-10 21:53:56+00:00,359.8757894736842,371.56666666666666,374.2117391304348,377.82,374.7488888888889,364.2,L5
2006-11-03 21:49:38+00:00,,,,,,354.87142857142857,L7
2006-11-10 21:55:54+00:00,,348.48,343.7717391304348,366.06,371.7733333333333,377.12428571428575,L7
2006-11-26 21:56:05+00:00,328.3878947368421,339.7366666666667,340.6430434782609,357.45,361.1455555555555,363.2342857142857,L7
2006-12-05 21:49:58+00:00,358.13842105263154,,,,,,L7
2006-12-13 21:54:31+00:00,352.23157894736846,364.3666666666667,369.8795652173913,374.8,386.42555555555555,370.79285714285714,L5
2006-12-21 21:50:03+00:00,340.69210526315794,,,,,,L7
2007-01-06 21:50:04+00:00,352.44736842105266,357.5733333333333,370.73130434782604,379.46,378.4144444444445,372.39285714285717,L7
2007-03-02 21:56:31+00:00,331.7563157894737,342.7733333333333,356.5826086956522,359.96000000000004,353.6044444444445,341.07,L7
2007-04-19 21:56:31+00:00,338.23894736842107,356.06,373.6208695652174,,,,L7
2007-05-05 21:56:27+00:00,332.14842105263153,353.12,368.53478260869565,379.73,374.9766666666667,,L7
2007-06-15 21:50:07+00:00,336.9763157894737,344.8366666666667,356.7547826086956,361.54,357.92555555555555,344.0842857142857,L7
2007-08-09 21:56:06+00:00,347.9947368421053,360.31333333333333,368.28434782608696,365.82,358.06444444444446,332.34,L7
2007-08-18 21:49:52+00:00,321.2931578947368,337.0766666666667,336.5978260869565,355.89,,,L7
2007-09-26 21:55:47+00:00,339.9736842105263,344.08,360.2830434782609,364.66,364.0433333333333,,L7
2007-10-28 21:55:58+00:00,352.51736842105265,354.62333333333333,373.16130434782605,375.05,369.46444444444444,361.40285714285716,L7
2007-11-22 21:50:02+00:00,349.4678947368421,,,,,,L7
2008-01-25 21:50:11+00:00,316.8742105263158,,,,,,L7
2008-02-01 21:56:21+00:00,326.24736842105267,339.61333333333334,353.5282608695652,353.63,357.41777777777776,345.7571428571428,L7
2008-05-16 21:49:50+00:00,,,,,,364.45285714285717,L7
2008-06-01 21:49:42+00:00,360.9684210526316,370.95666666666665,389.5195652173913,401.03000000000003,,,L7
2008-07-03 21:49:23+00:00,,353.25666666666666,348.6947826086956,370.52,378.00555555555553,370.6642857142857,L7
2008-08-27 21:55:06+00:00,335.13421052631577,336.78666666666663,353.5004347826087,355.18,349.15222222222224,,L7
2008-09-05 21:48:50+00:00,329.2936842105263,339.5733333333333,338.9817391304348,,,,L7
2008-10-14 21:54:42+00:00,,,,367.39,354.1666666666667,347.3857142857143,L7
2008-11-08 21:48:55+00:00,,,,,346.25444444444446,341.77285714285716,L7
2009-01-11 21:49:32+00:00,323.24894736842106,330.0133333333334,327.4165217391304,,,,L7
2009-02-11 21:51:49+00:00,346.9273684210527,356.6633333333333,366.02130434782606,380.1,381.56444444444446,366.34285714285716,L5
2009-03-23 21:56:15+00:00,339.74789473684206,343.7866666666667,360.38,369.59999999999997,361.3488888888889,,L7
2009-04-01 21:50:07+00:00,,,,,,354.32714285714286,L7
2009-04-08 21:56:20+00:00,,329.04,345.40130434782606,359.4,360.9066666666667,344.4042857142857,L7
2009-05-03 21:50:16+00:00,325.60052631578947,331.43666666666667,356.38739130434783,,,,L7
2009-05-10 21:56:27+00:00,314.4578947368421,327.57,344.51869565217396,359.81,,,L7
2009-06-04 21:50:17+00:00,,365.56,,,,,L7
2009-06-20 21:50:16+00:00,,,366.8904347826087,359.20000000000005,350.22222222222223,337.68428571428575,L7
2009-07-13 21:56:21+00:00,300.7757894736842,325.69666666666666,,,,,L7
2009-08-30 21:56:12+00:00,,,,368.07,354.0511111111111,346.1385714285714,L7
2009-09-15 21:56:11+00:00,,334.28666666666663,347.5504347826087,343.28000000000003,,342.8642857142857,L7
2009-10-10 21:49:54+00:00,,,,,359.8411111111111,355.0414285714286,L7
2009-11-11 21:50:25+00:00,349.8326315789473,345.98333333333335,361.5730434782609,360.85,354.15777777777777,340.1457142857143,L7
2009-11-26 21:56:28+00:00,353.38473684210527,354.87333333333333,367.3808695652174,363.78,354.5077777777778,343.0028571428572,L5
2009-12-12 21:56:37+00:00,,,377.24652173913046,368.53,359.30555555555554,345.0842857142857,L5
2010-01-05 21:57:24+00:00,359.01894736842104,362.7733333333333,374.3830434782609,371.46000000000004,359.76111111111106,354.92,L7
2010-01-13 21:56:49+00:00,332.78473684210525,342.2133333333333,357.8908695652174,367.04,357.67777777777775,346.35285714285715,L5
2010-01-14 21:51:21+00:00,341.2821052631579,343.7966666666667,360.08565217391305,362.18,,,L7
2010-03-03 21:51:54+00:00,345.11105263157896,360.3,367.73869565217393,370.67999999999995,,,L7
2010-03-26 21:58:13+00:00,,,,367.6,364.87,351.51428571428573,L7
2010-04-20 21:52:03+00:00,361.98526315789474,365.32,368.65130434782606,374.37,,,L7
2010-04-27 21:58:13+00:00,340.4342105263158,341.86333333333334,362.10478260869564,,,,L7
2010-05-29 21:58:09+00:00,365.788947368421,381.43333333333334,,,,379.03714285714284,L7
2010-06-14 21:58:10+00:00,,383.67,390.14565217391305,389.28999999999996,386.46,386.4642857142857,L7
2010-06-30 21:58:13+00:00,342.16526315789474,364.02333333333337,367.86347826086956,361.89,355.01444444444445,353.5257142857143,L7
2010-07-09 21:52:03+00:00,351.37105263157895,361.85999999999996,373.6091304347826,370.95,,,L7
2010-08-10 21:52:03+00:00,359.51157894736843,376.12,387.9517391304348,,,,L7
2010-09-02 21:58:18+00:00,354.0431578947368,356.7866666666667,367.2513043478261,377.5,376.90222222222224,363.78,L7
2010-09-18 21:58:19+00:00,,358.24333333333334,363.7004347826087,372.31,371.0677777777778,357.96,L7
2010-10-04 21:58:17+00:00,334.92473684210523,326.2633333333333,339.9543478260869,346.62,352.00444444444446,348.78,L7
2010-10-13 21:52:13+00:00,347.57894736842104,346.32666666666665,352.1386956521739,353.87,,,L7
2010-10-28 21:55:51+00:00,349.168947368421,356.57000000000005,368.1708695652174,380.21,370.02,359.4457142857143,L5
2010-11-05 21:58:37+00:00,,368.3233333333333,366.2073913043478,366.03000000000003,361.28444444444443,355.16857142857145,L7
2010-11-21 21:58:50+00:00,353.9005263157895,350.56666666666666,333.79391304347826,,,,L7
2010-12-31 21:55:56+00:00,344.9842105263158,351.5,365.4226086956522,374.26,370.4833333333333,358.11857142857144,L5
2011-01-01 21:53:02+00:00,,348.84333333333336,364.8813043478261,372.14,369.1011111111111,365.30857142857144,L7
2011-01-16 21:55:58+00:00,348.02736842105264,349.17,362.44608695652175,370.61,366.9266666666667,348.85285714285715,L5
2011-01-25 21:49:47+00:00,342.94,349.26000000000005,362.6065217391304,372.52,370.7033333333333,358.73285714285714,L5
2011-02-01 21:55:59+00:00,356.3694736842105,357.82,363.61391304347825,374.19,373.8266666666667,368.56,L5
2011-02-17 21:56:00+00:00,354.478947368421,343.8833333333333,356.12,364.59,368.32444444444445,357.2242857142857,L5
2011-02-18 21:53:18+00:00,356.6563157894737,347.65999999999997,349.1169565217391,361.5,364.94666666666666,346.4585714285714,L7
2011-02-25 21:59:32+00:00,356.82947368421054,354.31333333333333,353.34608695652173,358.63,358.6277777777778,,L7
2011-03-06 21:53:24+00:00,358.97,370.53000000000003,362.57652173913044,363.27,364.4233333333333,,L7
2011-03-13 21:59:35+00:00,,368.1433333333334,365.45608695652174,362.61,365.61777777777775,348.89428571428573,L7
2011-06-26 21:53:22+00:00,342.39421052631576,364.59,375.2026086956522,379.79,,,L7
2011-08-04 21:59:28+00:00,332.86578947368423,340.6933333333334,346.84956521739133,362.53999999999996,,,L7
2011-08-20 21:59:26+00:00,356.2842105263158,369.93666666666667,380.7134782608696,383.06,368.11888888888893,,L7
2011-09-05 21:59:22+00:00,351.8926315789473,363.53000000000003,369.4673913043478,371.74,352.56,341.50428571428574,L7
2011-10-23 21:59:23+00:00,343.43105263157895,346.25,,,,,L7
2011-10-24 21:47:48+00:00,354.0052631578947,362.44,377.3382608695652,380.23,380.0766666666667,363.05571428571426,L5
2011-11-01 21:53:12+00:00,329.95947368421054,344.31333333333333,,,,,L7
2012-01-20 21:53:51+00:00,345.6794736842105,352.0733333333333,,,,,L7
2012-01-27 22:00:03+00:00,348.89736842105265,357.50333333333333,369.3813043478261,376.92,367.90444444444444,366.5628571428572,L7
2012-03-08 21:53:55+00:00,,,,359.90000000000003,348.45,,L7
2012-03-15 22:00:09+00:00,357.61894736842106,361.21666666666664,,,,347.87857142857143,L7
2012-03-24 21:53:58+00:00,,,,,,354.2157142857143,L7
2012-05-02 22:00:31+00:00,350.71473684210525,360.91333333333336,374.92434782608694,377.3,372.40444444444444,355.45,L7
2012-05-18 22:00:44+00:00,355.4863157894737,,,,,374.49142857142857,L7
2012-06-03 22:00:23+00:00,360.89,369.41999999999996,,,,,L7
2012-06-12 21:54:14+00:00,,358.21,369.34956521739133,375.06,368.07,364.26714285714286,L7
2012-08-06 22:01:04+00:00,322.5994736842105,337.38666666666666,351.36478260869563,,,,L7
2012-08-22 22:01:14+00:00,338.85105263157897,352.4166666666667,356.55652173913046,371.78,358.8388888888889,346.3885714285714,L7
2012-09-07 22:01:25+00:00,,361.1533333333333,367.4856521739131,372.55,369.45444444444445,354.98857142857145,L7
2012-10-25 22:01:51+00:00,326.79842105263157,335.17,353.2717391304348,358.52,356.51,354.4,L7
2012-11-03 21:55:41+00:00,327.5736842105263,338.25666666666666,354.24391304347824,376.05,378.3788888888889,367.8728571428572,L7
2012-11-26 22:02:01+00:00,,,362.0334782608696,367.90000000000003,364.9922222222222,353.2428571428572,L7
2012-12-28 22:02:11+00:00,317.23578947368424,318.56333333333333,336.3330434782609,361.0,360.2944444444445,351.85285714285715,L7
2013-01-06 21:56:01+00:00,333.6742105263158,324.0566666666667,331.8669565217391,358.6,,,L7
2013-01-22 21:56:02+00:00,,,,368.64000000000004,363.0011111111111,347.9842857142857,L7
2013-02-07 21:56:04+00:00,,,353.4169565217391,364.59,359.0444444444445,345.54571428571427,L7
2013-02-23 21:56:00+00:00,,,,373.01000000000005,365.6822222222222,352.54285714285714,L7
2013-03-11 21:55:59+00:00,332.75,343.43,358.2,365.85,359.21,341.59,L7
2013-04-11 22:08:15+00:00,361.9778947368421,368.15,372.66869565217394,376.54,355.2033333333333,349.4757142857143,L8
2013-05-29 22:08:05+00:00,337.6063157894737,358.19,377.94347826086954,388.48,391.06,377.08142857142855,L8
2013-05-30 21:55:36+00:00,,,,,408.15444444444444,,L7
2013-06-22 22:01:38+00:00,338.9694736842105,364.37333333333333,374.77956521739134,369.36,,,L7
2013-06-23 22:01:46+00:00,356.04052631578946,372.79333333333335,375.1917391304348,379.27000000000004,378.1211111111111,376.0414285714286,L8
2013-06-30 22:08:00+00:00,352.64473684210526,375.39666666666665,370.81304347826085,379.06,372.7888888888889,365.09714285714284,L8
2013-07-01 21:55:22+00:00,348.92526315789473,358.95666666666665,372.1626086956522,371.6,366.9388888888889,353.70428571428573,L7
2013-07-08 22:01:27+00:00,332.5957894736842,,,,,354.31857142857143,L7
2013-07-09 22:01:50+00:00,323.06684210526316,346.51666666666665,368.54086956521735,374.44,,,L8
2013-07-16 22:08:00+00:00,356.0205263157895,378.72666666666663,377.60391304347826,378.13,378.69222222222226,370.55571428571426,L8
2013-07-17 21:55:13+00:00,,380.03999999999996,,,,,L7
2013-07-25 22:01:49+00:00,331.6668421052632,363.74666666666667,367.8973913043478,358.17,364.5422222222222,357.39714285714285,L8
2013-08-18 21:55:10+00:00,342.76684210526315,347.5566666666667,359.0378260869565,368.7,360.77222222222224,347.5185714285714,L7
2013-08-25 22:01:25+00:00,,,369.5834782608696,364.93,360.66,358.08142857142855,L7
2013-09-02 22:08:04+00:00,347.47473684210524,349.5566666666667,361.0465217391304,355.13,348.35555555555555,335.95428571428573,L8
2013-09-27 22:01:43+00:00,337.55,344.73,360.52,370.6,364.79,350.25,L8
2013-10-04 22:07:55+00:00,329.3536842105263,335.61,353.79304347826087,364.06,360.2133333333333,341.52142857142854,L8
2013-10-20 22:07:50+00:00,360.60105263157897,360.25,374.4021739130435,381.52,377.4766666666667,357.12,L8
2013-10-28 22:02:06+00:00,,,366.4,371.09,371.14444444444445,359.5842857142857,L7
2013-10-29 22:01:34+00:00,355.6094736842105,360.5966666666667,367.1017391304348,374.47,372.0155555555555,360.98571428571427,L8
2013-11-05 22:07:46+00:00,320.1221052631579,334.37666666666667,341.7921739130435,356.71,354.78222222222223,335.43571428571425,L8
2013-11-14 22:01:33+00:00,351.93315789473684,353.43666666666667,360.9347826086956,367.99,363.2088888888889,338.21714285714285,L8
2013-11-21 22:07:37+00:00,333.35052631578947,341.15,353.4626086956522,354.79,357.2266666666667,349.5028571428572,L8
2013-11-22 21:56:04+00:00,325.9694736842105,328.5566666666667,337.5647826086956,349.27,,,L7
2013-12-31 22:02:28+00:00,332.37105263157895,340.81666666666666,344.99347826086955,354.03000000000003,,,L7
2014-01-01 22:01:14+00:00,342.99684210526317,347.8233333333333,362.8786956521739,370.84,361.0877777777778,352.01,L8
2014-01-09 21:56:17+00:00,337.74894736842106,345.0733333333333,359.96,,,,L7
2014-01-17 22:00:59+00:00,346.8536842105263,362.40333333333336,373.3017391304348,385.9,378.5677777777778,368.00857142857143,L8
2014-01-24 22:07:09+00:00,325.3542105263158,338.6633333333333,350.78130434782605,372.65000000000003,363.6377777777778,353.7257142857143,L8
2014-02-01 22:02:54+00:00,,,,,315.28777777777776,301.3457142857143,L7
2014-02-09 22:06:57+00:00,353.6842105263158,353.72333333333336,363.84478260869565,367.75,351.59444444444443,339.7428571428572,L8
2014-02-25 22:06:44+00:00,325.1478947368421,332.99333333333334,353.7178260869565,362.08,359.09777777777776,339.8342857142857,L8
2014-02-26 21:56:34+00:00,,,,371.07,,,L7
2014-03-05 22:02:49+00:00,340.9784210526316,353.12666666666667,356.2591304347826,365.94,360.8888888888889,350.20428571428573,L7
2014-03-06 22:00:25+00:00,340.42263157894735,343.55333333333334,350.4260869565218,359.47999999999996,357.55444444444447,346.0414285714286,L8
2014-03-29 22:06:15+00:00,351.0968421052632,362.37333333333333,362.9221739130435,366.11,356.32444444444445,347.4371428571428,L8
2014-04-22 22:03:12+00:00,329.25947368421055,336.37333333333333,347.6660869565217,352.18,,,L7
2014-04-23 21:59:43+00:00,349.96,347.5733333333333,357.14565217391305,352.45,343.85777777777776,336.47142857142853,L8
2014-04-30 22:05:46+00:00,343.7336842105263,349.95,371.4995652173913,376.18,360.4766666666667,349.94428571428574,L8
2014-05-09 21:59:27+00:00,342.4115789473684,344.28,363.14521739130436,362.96999999999997,346.0433333333333,329.50428571428574,L8
2014-05-16 22:05:33+00:00,349.0868421052632,356.59,374.0730434782609,378.32,358.48,347.06857142857143,L8
2014-05-17 21:57:11+00:00,,360.9,375.18173913043483,380.62,361.0433333333333,354.81428571428575,L7
2014-06-17 22:05:44+00:00,,341.6433333333333,355.84043478260867,347.61,,,L8
2014-07-12 21:59:43+00:00,323.30578947368423,332.50666666666666,335.46869565217395,356.46,348.3722222222222,332.0542857142857,L8
2014-07-20 21:57:24+00:00,,349.6333333333334,359.91478260869565,363.91999999999996,346.88444444444445,330.89285714285717,L7
2014-07-27 22:03:38+00:00,343.24315789473684,357.32000000000005,370.3334782608696,379.0,358.5833333333333,347.5542857142857,L7
2014-07-28 21:59:47+00:00,329.3442105263158,353.8566666666667,368.29347826086956,374.38,355.7588888888889,339.55,L8
2014-08-12 22:03:41+00:00,335.3363157894737,,,,,,L7
2014-08-13 21:59:54+00:00,328.8036842105263,342.04,348.51608695652175,365.27,358.37,350.3771428571428,L8
2014-08-20 22:06:06+00:00,322.2994736842105,330.6533333333333,354.2295652173913,359.79,351.6044444444445,337.72142857142853,L8
2014-08-21 21:57:28+00:00,341.60789473684207,348.7733333333333,365.1078260869565,366.94,360.73777777777775,340.6742857142857,L7
2014-09-06 21:57:30+00:00,,,,,,333.50142857142856,L7
2014-09-14 21:59:59+00:00,329.6668421052632,342.7633333333334,352.9952173913044,363.7,347.5611111111111,342.1328571428572,L8
2014-09-22 21:57:35+00:00,331.2605263157895,349.17,351.4495652173913,366.89,357.52,,L7
2014-09-30 22:00:00+00:00,315.8647368421053,332.00666666666666,331.9295652173913,334.83000000000004,324.0622222222222,319.99,L8
2014-10-24 21:57:57+00:00,320.1805263157895,332.29,347.70608695652174,,,,L7
2014-11-01 22:00:02+00:00,351.82684210526315,355.6066666666667,368.3943478260869,370.29999999999995,356.8355555555555,342.47142857142853,L8
2014-11-08 22:06:16+00:00,330.20842105263154,345.5,352.9447826086956,364.66,354.6566666666667,345.60571428571427,L8
2014-11-24 22:06:13+00:00,329.9615789473684,337.23999999999995,342.5982608695652,360.11,356.33,350.49,L8
2014-12-02 22:04:24+00:00,,,,350.87,340.88444444444445,331.4157142857143,L7
2014-12-18 22:04:33+00:00,310.5963157894737,325.1766666666667,350.8982608695652,358.56,341.33222222222224,319.74142857142857,L7
2015-01-12 21:58:25+00:00,330.99842105263156,344.74666666666667,353.7026086956522,358.0,,,L7
2015-01-19 22:04:34+00:00,,336.62,344.6913043478261,,,,L7
2015-02-05 21:59:46+00:00,335.41,350.66,368.42652173913046,369.43,357.12333333333333,353.6128571428572,L8
2015-02-28 22:05:48+00:00,345.9821052631579,365.56666666666666,370.8191304347826,374.92,364.34555555555556,340.25,L8
2015-03-01 21:58:43+00:00,,,,370.67,352.13222222222225,336.82142857142856,L7
2015-03-09 21:59:30+00:00,318.9336842105263,335.3666666666666,341.00391304347824,351.28000000000003,354.3888888888889,332.0128571428572,L8
2015-03-16 22:05:37+00:00,313.42315789473685,327.77666666666664,354.2147826086956,356.0,338.6888888888889,316.02714285714285,L8
2015-03-24 22:05:04+00:00,,,,,326.03222222222223,318.14285714285717,L7
2015-04-02 21:58:56+00:00,311.78736842105263,351.42333333333335,365.4182608695652,372.09000000000003,,,L7
2015-04-10 21:59:13+00:00,325.7778947368421,337.6433333333334,347.15086956521736,352.56,342.74444444444447,333.06,L8
2015-04-18 21:59:04+00:00,,,348.76652173913044,353.71000000000004,345.5266666666667,329.1657142857143,L7
2015-04-25 22:05:18+00:00,298.7342105263158,320.8333333333333,327.1813043478261,324.5,,,L7
2015-05-12 21:58:53+00:00,333.04052631578946,342.31,363.7395652173913,373.19,356.19,343.32714285714286,L8
2015-05-19 22:05:04+00:00,318.4894736842105,335.90000000000003,342.03043478260867,355.34000000000003,349.39,338.10285714285715,L8
2015-05-20 21:59:18+00:00,337.27263157894737,352.1933333333333,,,,,L7
2015-05-27 22:05:30+00:00,328.358947368421,351.81,366.4478260869565,372.58,,,L7
2015-05-28 21:58:55+00:00,327.26473684210526,354.49666666666667,364.8565217391304,369.08,348.61555555555555,347.6642857142857,L8
2015-06-04 22:05:12+00:00,328.98105263157896,343.17,351.2421739130435,362.84999999999997,355.0766666666667,339.22,L8
2015-07-22 22:05:37+00:00,328.07473684210527,346.7033333333333,351.3073913043478,370.47999999999996,354.4011111111111,341.1357142857143,L8
2015-07-31 21:59:28+00:00,331.6615789473684,348.65666666666664,347.8995652173913,361.06,352.25555555555553,339.8128571428572,L8
2015-08-08 21:59:40+00:00,,,,364.75,358.45444444444445,336.17285714285714,L7
2015-08-15 22:05:52+00:00,322.73894736842107,331.97,337.24434782608694,,,,L7
2015-08-23 22:05:48+00:00,338.00842105263155,348.65,367.7382608695652,358.15999999999997,359.55333333333334,335.8128571428572,L8
2015-09-01 21:59:39+00:00,329.20947368421054,341.73999999999995,344.5469565217391,348.28000000000003,342.93333333333334,336.79571428571427,L8
2015-09-16 22:05:58+00:00,,,370.60130434782604,370.68,364.5688888888889,353.29714285714283,L7
2015-09-25 21:59:49+00:00,,,,363.16,354.30888888888893,333.8457142857143,L7
2015-11-04 21:59:58+00:00,351.6863157894737,354.9733333333333,367.7326086956522,365.84000000000003,355.25444444444446,343.34,L8
2015-11-12 22:00:31+00:00,338.17315789473685,348.4533333333333,,,,,L7
2015-12-05 22:07:02+00:00,,,363.03043478260867,366.31,354.80333333333334,,L7
2015-12-13 22:06:09+00:00,359.8415789473684,369.92999999999995,372.0882608695652,379.47,367.66,352.48,L8
2015-12-21 22:07:18+00:00,349.2026315789473,355.03,365.6808695652174,367.01,355.7666666666667,336.8014285714286,L7
2015-12-29 22:06:09+00:00,336.7836842105263,353.33,373.2260869565217,374.12,360.23,347.1271428571428,L8
2016-01-15 22:01:29+00:00,330.7542105263158,352.60333333333335,,,,,L7
2016-01-22 22:07:45+00:00,309.41526315789474,327.82666666666665,336.0926086956522,,,,L7
2016-01-23 21:59:56+00:00,319.8147368421053,334.89666666666665,343.86304347826086,355.48999999999995,352.7688888888889,345.32714285714286,L8
2016-02-24 21:59:45+00:00,324.3363157894737,336.43666666666667,354.51130434782607,355.89,354.67888888888893,345.8671428571428,L8
2016-03-02 22:05:55+00:00,315.39473684210526,328.64666666666665,364.18304347826086,359.03999999999996,346.9588888888889,347.65714285714284,L8
2016-03-03 22:01:50+00:00,338.67315789473685,346.27333333333337,,,,,L7
2016-03-11 21:59:42+00:00,320.86578947368423,340.02666666666664,348.5817391304348,357.5,350.0688888888889,350.97,L8
2016-05-06 22:02:14+00:00,318.46526315789475,326.17,,,,,L7
2016-05-13 22:08:26+00:00,342.51210526315793,354.2866666666667,365.1756521739131,377.38,373.23888888888894,368.96285714285716,L7
2016-05-14 21:59:24+00:00,335.8278947368421,354.60999999999996,363.7321739130435,375.68,376.9,374.02285714285716,L8
2016-05-21 22:05:38+00:00,320.45736842105265,332.6566666666667,349.4204347826087,369.42,366.6288888888889,364.91142857142853,L8
2016-06-23 22:02:25+00:00,,,,,357.02777777777777,345.50428571428574,L7
2016-06-30 22:08:35+00:00,296.4236842105263,,,,352.18,341.71857142857147,L7
2016-07-01 21:59:42+00:00,320.091052631579,344.06666666666666,355.2369565217391,359.84,359.98888888888894,350.25,L8
2016-07-16 22:08:36+00:00,355.42789473684206,355.9033333333333,367.6878260869565,,,,L7
2016-07-24 22:06:01+00:00,364.3705263157895,365.23999999999995,375.2626086956522,376.85,363.7266666666667,356.28285714285715,L8
2016-08-01 22:08:38+00:00,,,364.50565217391306,369.32,361.51222222222225,348.0257142857143,L7
2016-08-17 22:08:39+00:00,331.92894736842106,328.39,345.2478260869565,346.66,339.7633333333333,325.03,L7
2016-08-18 21:59:57+00:00,346.38842105263154,343.93,346.2482608695652,351.23999999999995,348.8233333333333,335.58285714285716,L8
2016-08-26 22:02:31+00:00,364.0652631578947,370.95666666666665,,,,,L7
2016-09-10 22:06:15+00:00,359.6363157894737,360.61333333333334,363.1926086956522,351.92,350.21444444444444,343.85,L8
2016-09-18 22:08:45+00:00,366.76421052631576,363.52,365.9856521739131,362.33,355.76,,L7
2016-10-04 22:08:47+00:00,347.73315789473685,335.86,339.88,344.23999999999995,350.4866666666667,343.9371428571428,L7
2016-10-20 22:08:45+00:00,356.8063157894737,359.6533333333333,352.97565217391303,348.71,362.2911111111111,364.36571428571426,L7
2016-10-21 22:00:12+00:00,360.60842105263157,355.6433333333333,347.9169565217391,348.92,365.0077777777778,360.23,L8
2016-10-29 22:02:31+00:00,,,316.56391304347824,322.89,,,L7
2016-11-21 22:08:33+00:00,341.92473684210523,350.65,338.9152173913044,339.61,352.02,348.16142857142853,L7
2016-11-22 22:00:11+00:00,356.3647368421053,349.0433333333333,363.40086956521736,349.31,361.1377777777778,356.7628571428572,L8
2016-11-30 22:02:21+00:00,,353.6133333333333,346.68826086956517,355.04,369.15444444444444,359.01428571428573,L7
2016-12-16 22:02:16+00:00,351.73578947368424,354.7966666666667,358.64173913043476,,,,L7
2017-01-16 22:06:11+00:00,347.92,352.4066666666667,353.4908695652174,382.54,371.65555555555557,357.5514285714286,L8
2017-01-25 21:59:56+00:00,344.12157894736845,342.48333333333335,357.2773913043478,369.41,366.63444444444445,358.62857142857143,L8
2017-02-09 22:07:55+00:00,,,341.7078260869565,356.78000000000003,353.87333333333333,340.04,L7
2017-02-10 21:59:48+00:00,340.1247368421053,341.93666666666667,357.3930434782609,363.48999999999995,362.6888888888889,346.8071428571428,L8
2017-02-25 22:08:05+00:00,352.08473684210526,347.6733333333333,361.7008695652174,368.23,361.7077777777778,342.0628571428572,L7
2017-03-05 22:05:50+00:00,362.59473684210525,370.65999999999997,373.26521739130436,380.03000000000003,381.47,354.63142857142856,L8
2017-03-30 21:59:26+00:00,348.24315789473684,353.81333333333333,361.1921739130435,367.45,363.9577777777778,347.4814285714286,L8
2017-04-06 22:05:33+00:00,354.38842105263154,350.06,365.7917391304348,366.59,361.76,344.39,L8
2017-04-07 22:02:08+00:00,344.4426315789473,343.47999999999996,358.6208695652174,358.03999999999996,359.8066666666667,339.51142857142855,L7
2017-04-15 21:59:18+00:00,332.4021052631579,337.4866666666667,340.2221739130435,342.88,339.52222222222224,331.73571428571427,L8
2017-04-23 22:02:15+00:00,,,,,,333.2471428571428,L7
2017-04-30 22:08:28+00:00,362.24842105263156,368.49666666666667,372.96913043478264,366.31,358.98888888888894,351.8342857142857,L7
2017-05-01 21:59:07+00:00,365.24105263157895,381.8433333333333,376.0143478260869,374.35,361.05777777777774,353.82428571428574,L8
2017-05-08 22:05:23+00:00,360.2157894736842,369.74,372.74434782608694,370.43,358.35,344.56571428571425,L8
2017-05-24 22:05:34+00:00,355.0573684210527,363.57666666666665,373.22391304347826,371.47,370.37555555555554,359.37857142857143,L8
2017-06-09 22:05:42+00:00,346.2136842105263,,,,,,L8
2017-06-10 22:02:27+00:00,352.6063157894737,358.12,370.2969565217391,380.81,,,L7
2017-06-17 22:08:39+00:00,357.73105263157896,360.7033333333334,369.8478260869565,380.22999999999996,371.3644444444445,,L7
2017-06-25 22:05:47+00:00,333.7105263157895,338.1133333333333,342.5382608695652,367.66,358.31444444444446,354.9042857142857,L8
2017-06-26 22:02:30+00:00,334.40526315789475,340.82666666666665,358.22565217391303,361.47999999999996,359.3855555555555,349.82,L7
2017-07-03 22:08:41+00:00,349.86,353.01,,401.89,,340.3071428571428,L7
2017-07-11 22:05:50+00:00,360.9963157894737,361.6433333333334,372.2391304347826,376.32,366.8377777777778,355.22285714285715,L8
2017-07-12 22:02:30+00:00,,,,,359.1144444444445,350.87571428571425,L7
2017-07-28 22:02:29+00:00,,355.81,353.8673913043478,358.58,356.7766666666667,354.32142857142856,L7
2017-08-21 21:59:55+00:00,355.5994736842105,351.34999999999997,358.5139130434782,358.84999999999997,356.5366666666667,346.6,L8
2017-08-28 22:06:08+00:00,,,,,318.2133333333333,313.7757142857143,L8
2017-09-14 22:02:26+00:00,342.2368421052632,369.6766666666667,366.96434782608696,372.9,372.84555555555556,,L7
2017-09-22 22:00:01+00:00,361.4121052631579,365.5166666666667,355.6221739130435,364.32,368.20222222222225,357.35571428571427,L8
2017-10-23 22:08:40+00:00,347.77,362.23333333333335,,,,358.9371428571428,L7
2017-11-08 22:08:39+00:00,,361.0466666666666,356.1426086956522,366.90000000000003,370.6022222222222,363.65857142857146,L7
2017-12-02 22:06:10+00:00,345.3468421052632,352.3933333333333,364.9221739130435,372.29,357.40444444444444,341.4471428571428,L8
2017-12-03 22:02:19+00:00,354.29842105263157,356.56,370.8382608695652,,,,L7
2017-12-11 22:00:00+00:00,338.0536842105263,347.86,362.7830434782609,368.87,355.37333333333333,348.31142857142856,L8
2017-12-19 22:02:10+00:00,358.99789473684206,364.5033333333334,379.5508695652174,,,,L7
2017-12-27 22:00:01+00:00,360.6457894736842,364.63666666666666,369.67869565217393,368.77,363.21222222222224,344.7842857142857,L8
2018-01-28 21:59:46+00:00,342.2963157894737,345.28333333333336,360.7360869565218,367.92999999999995,361.07111111111107,345.9871428571428,L8
2018-03-08 22:05:39+00:00,331.89421052631576,340.2366666666667,358.7134782608696,356.69,354.4088888888889,348.59,L8
2018-03-09 22:01:07+00:00,,341.15999999999997,357.6108695652174,355.86,351.8833333333333,345.8285714285714,L7
2018-03-17 21:59:24+00:00,354.67473684210523,339.83,360.6052173913044,355.3,353.01,347.26142857142855,L8
2018-04-01 22:06:59+00:00,,375.7733333333333,373.1382608695652,378.3,378.53444444444443,356.62428571428575,L7
2018-04-10 22:00:40+00:00,354.0136842105263,361.4266666666667,365.16086956521735,375.84,377.28222222222223,361.5571428571428,L7
2018-04-25 22:05:14+00:00,355.44684210526316,367.16,371.88,372.91,371.4633333333333,349.8028571428572,L8
2018-05-03 22:06:26+00:00,,,,371.61,361.39444444444445,350.9214285714286,L7
2018-05-20 21:58:47+00:00,363.9605263157895,383.0966666666667,377.3304347826087,387.96999999999997,386.0755555555555,377.47857142857146,L8
2018-06-05 21:58:37+00:00,354.1147368421053,376.21999999999997,370.89521739130436,382.48,368.76,355.16142857142853,L8
2018-06-12 22:04:53+00:00,337.5494736842105,344.9533333333333,362.9595652173913,363.83000000000004,355.14444444444445,338.1714285714286,L8
2018-06-13 21:59:35+00:00,353.50842105263155,360.6166666666667,372.4760869565217,,,,L7
2018-06-21 21:58:49+00:00,339.37,347.11333333333334,364.45565217391305,359.56,354.0077777777778,338.3614285714286,L8
2018-06-28 22:05:04+00:00,359.94,369.13,376.41,377.73,365.23,344.18,L8
2018-06-29 21:59:16+00:00,344.16263157894736,355.68666666666667,362.6917391304348,360.72999999999996,358.84222222222223,346.3128571428572,L7
2018-07-15 21:58:58+00:00,321.6557894736842,336.08333333333337,335.34956521739133,341.10999999999996,,,L7
2018-07-23 21:59:04+00:00,351.9068421052632,357.53000000000003,370.45,373.21000000000004,360.6033333333333,352.59285714285716,L8
2018-08-08 21:59:13+00:00,330.9715789473684,336.4133333333333,352.2408695652174,349.0,349.8011111111111,334.1457142857143,L8
2018-08-23 22:04:25+00:00,354.61526315789473,355.99333333333334,365.8104347826087,373.56,359.7477777777778,348.49,L7
2018-08-24 21:59:21+00:00,361.70894736842104,369.58,372.4878260869565,376.66,377.5933333333333,362.3,L8
2018-08-31 22:05:35+00:00,328.71263157894737,336.66333333333336,339.99608695652176,346.59,356.81444444444446,338.72142857142853,L8
2018-09-08 22:04:05+00:00,339.4842105263158,,,,362.1033333333333,338.35857142857145,L7
2018-09-24 22:03:43+00:00,359.6668421052632,361.85999999999996,368.01652173913044,377.07,370.9666666666667,,L7
2018-09-25 21:59:32+00:00,361.31842105263155,364.30333333333334,372.7104347826087,376.2,373.1144444444445,358.7371428571428,L8
2018-10-02 22:05:47+00:00,368.6352631578947,381.4566666666667,378.6991304347826,384.56,384.78222222222223,380.72714285714284,L8
2018-10-18 22:05:53+00:00,358.15736842105264,353.10333333333335,364.0582608695652,372.6,370.0177777777778,360.8771428571428,L8
2018-10-19 21:56:56+00:00,,360.99333333333334,367.7030434782609,374.65000000000003,373.4577777777778,360.68571428571425,L7
2018-12-06 21:55:48+00:00,,,368.8934782608696,373.21,371.40777777777777,362.17857142857144,L7
2018-12-29 22:01:19+00:00,348.29842105263157,353.2633333333333,366.65043478260867,370.29,,,L7
2019-01-07 21:54:52+00:00,361.531052631579,359.24333333333334,371.6443478260869,368.3,379.1277777777778,371.9242857142857,L7
2019-01-14 22:00:49+00:00,357.51684210526315,361.2133333333333,371.04869565217393,363.15999999999997,367.3277777777778,,L7
2019-02-15 21:59:50+00:00,,,372.30434782608694,369.64000000000004,364.78,342.85571428571427,L7
2019-02-16 21:59:35+00:00,325.15263157894736,334.53,360.9508695652174,364.65999999999997,358.5466666666667,338.52142857142854,L8
2019-03-03 21:59:20+00:00,351.16,357.53333333333336,365.1756521739131,370.71,362.61777777777775,,L7
2019-03-04 21:59:30+00:00,358.70421052631576,372.5366666666667,369.37695652173915,378.08,376.1355555555555,359.65714285714284,L8
2019-03-11 22:05:38+00:00,337.92842105263156,348.0133333333333,366.32695652173913,369.48,363.7577777777778,355.3,L8
2019-04-12 22:05:30+00:00,357.79,362.7033333333334,371.0221739130435,376.39,370.70111111111106,351.6042857142857,L8
2019-04-13 21:51:46+00:00,351.3431578947368,365.30333333333334,370.40913043478264,371.19,362.94111111111107,351.5257142857143,L7
2019-04-20 21:57:42+00:00,,,,376.69,366.1211111111111,356.2314285714286,L7
2019-04-29 21:51:11+00:00,,,,,368.45222222222225,350.32142857142856,L7
2019-05-06 21:57:06+00:00,,,,381.41,376.01,364.37857142857143,L7
2019-05-22 21:56:28+00:00,359.9131578947368,370.25,373.52,381.34,372.0266666666667,359.4271428571428,L7
2019-05-31 21:49:58+00:00,358.69947368421055,371.3433333333333,386.0595652173913,,,,L7
2019-06-08 21:59:38+00:00,361.93,378.31,378.42652173913046,385.11,386.2933333333333,379.5128571428572,L8
2019-06-15 22:05:51+00:00,351.57842105263154,366.5,373.5017391304348,376.11,376.61,369.45,L8
2019-06-24 21:59:43+00:00,347.49736842105267,362.14,369.86260869565217,372.51,374.93,364.2157142857143,L8
2019-07-09 21:54:42+00:00,341.0078947368421,348.78333333333336,363.66434782608695,370.40999999999997,357.9211111111111,351.35714285714283,L7
2019-07-10 21:59:47+00:00,351.07526315789477,359.0466666666667,368.7126086956522,376.69,374.1388888888889,358.26428571428573,L8
2019-07-17 22:05:59+00:00,359.56157894736845,377.96000000000004,379.1617391304348,384.82000000000005,384.3866666666667,379.09714285714284,L8
2019-08-02 22:06:05+00:00,366.56,383.4766666666667,380.2643478260869,385.92,383.88222222222225,373.77857142857147,L8
2019-08-26 21:52:45+00:00,,,369.5330434782609,370.4,,,L7
2019-08-27 22:00:02+00:00,352.5536842105263,380.67,389.61652173913046,,375.47,361.1985714285714,L8
2019-09-04 21:46:11+00:00,318.7768421052632,349.27333333333337,366.83521739130435,,,,L7
2019-09-19 22:06:20+00:00,362.2763157894737,383.49666666666667,383.8713043478261,386.28,371.4488888888889,365.5071428571428,L8
2019-09-20 21:45:28+00:00,347.87157894736845,361.13666666666666,370.9760869565217,,,,L7
2019-10-21 22:06:25+00:00,354.7057894736842,378.87333333333333,388.2030434782609,385.18,376.14444444444445,369.6928571428572,L8
2019-10-29 21:50:00+00:00,346.37105263157895,369.4433333333333,387.30434782608694,384.09000000000003,,,L7
2019-11-07 21:43:25+00:00,347.70157894736843,354.3,,,,,L7
2019-11-22 22:06:21+00:00,345.06315789473683,362.77666666666664,374.99478260869563,372.41,367.7088888888889,360.15714285714284,L8
2019-12-08 22:06:20+00:00,347.25736842105266,361.88,376.14608695652174,375.57,369.3466666666667,361.0128571428572,L8
2019-12-09 21:41:53+00:00,350.74052631578945,368.84999999999997,378.34956521739133,376.15,378.44,363.09714285714284,L7
2020-01-01 21:46:53+00:00,342.901052631579,,,,,,L7
2020-01-09 22:06:13+00:00,355.12263157894733,367.96666666666664,381.8652173913044,375.38,376.3988888888889,360.15,L8
2020-01-10 21:40:14+00:00,371.04,378.58333333333337,393.8721739130435,384.10999999999996,382.8011111111111,370.9942857142857,L7
2020-01-18 22:00:00+00:00,356.57,360.9966666666666,376.7278260869565,374.08000000000004,366.7588888888889,352.54571428571427,L8
2020-01-25 22:06:09+00:00,359.978947368421,377.2033333333334,375.00652173913045,379.66999999999996,367.6477777777778,355.0671428571428,L8
2020-02-02 21:45:17+00:00,351.0636842105263,370.8333333333333,379.40521739130435,377.1,364.13444444444445,353.2557142857143,L7
2020-02-03 21:59:55+00:00,359.77473684210526,381.3533333333333,381.66086956521735,376.98,371.8177777777778,352.66285714285715,L8
2020-02-10 22:06:04+00:00,341.0605263157895,376.1566666666667,372.4304347826087,382.60999999999996,370.59555555555556,358.84857142857146,L8
2020-02-11 21:38:38+00:00,369.47736842105263,,,,,,L7
2020-02-19 21:59:52+00:00,339.45105263157893,356.55333333333334,366.58130434782606,371.37,367.1211111111111,348.96857142857147,L8
2020-02-26 22:06:00+00:00,345.39894736842103,362.11,368.79086956521735,367.38,365.6,354.8857142857143,L8
2020-02-27 21:37:48+00:00,348.7894736842105,359.20666666666665,370.65478260869565,372.47999999999996,,,L7
2020-03-13 22:05:54+00:00,359.7115789473684,369.91666666666663,368.4826086956522,374.48,364.47222222222223,352.50857142857143,L8
2020-03-14 21:36:56+00:00,364.53736842105263,371.61,372.77913043478264,370.90000000000003,,,L7
2020-03-21 21:42:43+00:00,355.5821052631579,,,364.06,357.9066666666667,,L7
2020-03-30 21:36:02+00:00,,,,,374.5733333333333,353.8014285714286,L7
2020-04-06 21:41:49+00:00,356.01947368421054,365.69666666666666,372.3517391304348,370.39,363.68555555555554,,L7
2020-04-23 21:59:23+00:00,360.10105263157897,380.20666666666665,374.71,377.94,376.61555555555555,363.60571428571427,L8
2020-06-02 21:32:14+00:00,374.3278947368421,370.31,377.18565217391307,,,,L7
2020-06-09 21:38:00+00:00,,,,372.58,355.3366666666667,345.9971428571428,L7
2020-06-10 21:59:27+00:00,357.47526315789474,,,,,,L8
2020-07-04 21:30:21+00:00,363.85157894736847,375.77666666666664,374.7395652173913,376.71999999999997,,,L7
2020-08-12 21:34:06+00:00,338.0315789473684,,,372.91,362.38444444444445,345.41857142857145,L7
2020-08-21 21:27:21+00:00,,,,,361.31444444444446,351.9328571428572,L7
2020-08-28 21:33:04+00:00,345.22578947368424,353.07666666666665,360.4121739130435,367.47999999999996,363.2488888888889,362.14142857142855,L7
2020-09-21 22:06:18+00:00,367.3105263157895,375.86333333333334,373.4447826086956,384.78999999999996,365.6977777777778,360.4971428571428,L8
2020-09-30 22:00:10+00:00,356.93736842105267,364.54333333333335,368.06826086956517,375.52000000000004,364.30777777777774,361.14714285714285,L8
2020-10-16 22:00:11+00:00,334.1142105263158,342.25666666666666,352.13695652173914,361.17,350.2055555555555,340.39714285714285,L8
2020-11-16 21:27:48+00:00,361.93,367.06333333333333,374.70869565217396,383.23,373.88444444444445,363.89714285714285,L7
2020-12-03 22:00:12+00:00,371.6742105263158,382.59333333333336,380.1078260869565,387.71000000000004,384.7111111111111,367.53857142857146,L8
2020-12-11 21:19:48+00:00,351.9268421052632,356.24,363.68,368.33000000000004,367.4633333333333,356.21285714285716,L7
2020-12-27 21:18:37+00:00,,,,,374.49,362.8885714285714,L7
2021-01-04 22:00:06+00:00,364.1042105263158,362.72333333333336,374.2878260869565,379.41,379.3611111111111,361.30857142857144,L8
2021-01-11 22:06:14+00:00,,,357.92304347826087,,,,L8
2021-01-19 21:23:11+00:00,363.61052631578946,360.94,370.4760869565217,375.3,363.4033333333333,362.17,L7
2021-01-20 21:59:59+00:00,365.07947368421054,374.44666666666666,373.1782608695652,381.9,377.54888888888894,365.91857142857145,L8
2021-02-12 22:06:07+00:00,346.91526315789474,341.62,362.17130434782604,359.98999999999995,360.68333333333334,351.68142857142857,L8
2021-02-20 21:20:49+00:00,,366.11333333333334,,,,,L7
2021-03-24 21:18:18+00:00,351.39210526315793,363.78666666666663,377.0791304347826,370.23,,348.32,L7
2021-04-01 22:05:48+00:00,355.04,354.4566666666667,375.83086956521737,378.36,372.06555555555553,360.14142857142855,L8
2021-04-02 21:11:23+00:00,345.05263157894734,345.96,364.81391304347824,370.31,366.24333333333334,349.8071428571428,L7
2021-04-17 22:05:42+00:00,362.6631578947368,365.6166666666667,374.7478260869565,382.51,373.91555555555556,354.9428571428572,L8
2021-04-25 21:15:38+00:00,351.19684210526316,356.06666666666666,370.03434782608696,,,,L7
2021-05-03 22:05:32+00:00,360.9636842105263,364.5566666666667,376.4973913043478,379.47999999999996,380.27555555555557,362.4,L8
2021-05-19 22:05:40+00:00,358.7321052631579,374.94666666666666,376.8056521739131,384.42,381.8788888888889,376.6128571428572,L8
2021-06-04 22:05:48+00:00,,,371.55434782608694,372.05,358.38,337.2657142857143,L8
2021-06-12 21:11:37+00:00,344.95894736842104,351.6666666666667,366.9386956521739,,356.05888888888893,344.27142857142854,L7
2021-06-20 22:05:53+00:00,324.1615789473684,336.87666666666667,356.29304347826087,348.45,347.32222222222225,337.87,L8
2021-06-29 21:59:44+00:00,366.7505263157895,,380.1404347826087,387.21999999999997,387.0855555555555,379.60857142857145,L8
2021-07-31 21:59:54+00:00,347.1094736842105,344.15333333333336,350.13608695652175,355.18,354.84777777777776,348.3042857142857,L8
2021-08-15 21:06:07+00:00,367.41526315789474,371.91,379.28478260869565,377.42,,353.34857142857146,L7
2021-08-16 22:00:00+00:00,365.63421052631577,373.2366666666667,375.5269565217391,378.99,377.5855555555555,365.27714285714285,L8
2021-09-01 22:00:05+00:00,340.45894736842104,341.47999999999996,361.5378260869565,362.74,357.0933333333333,343.54,L8
2021-09-17 22:00:08+00:00,332.42052631578946,338.3933333333333,357.09521739130435,359.44,359.2677777777778,346.24857142857144,L8
2021-09-24 22:06:20+00:00,330.9736842105263,341.58666666666664,352.8239130434782,363.53000000000003,365.85888888888894,361.5728571428572,L8
2021-11-20 22:00:11+00:00,337.641052631579,352.45000000000005,348.3421739130435,359.52,362.8466666666667,355.58,L8
2021-12-29 22:06:17+00:00,326.4021052631579,339.33666666666664,350.64913043478265,364.31,363.86555555555555,355.0,L8
2021-12-30 22:00:08+00:00,344.3573684210527,348.82666666666665,358.44391304347823,370.35,372.18555555555554,363.73857142857145,L9
2022-01-07 22:00:05+00:00,331.82157894736844,341.86333333333334,343.91043478260866,359.78,361.7911111111111,358.2942857142857,L8
2022-01-15 22:00:05+00:00,318.4084210526316,325.0166666666667,327.1760869565218,350.47,350.02222222222224,339.31857142857143,L9
2022-01-22 20:51:18+00:00,332.08526315789476,339.48333333333335,335.93347826086955,351.23,355.40444444444444,,L7
2022-01-22 22:06:18+00:00,329.211052631579,338.0766666666667,335.4665217391304,351.18,356.1588888888889,336.86857142857144,L9
2022-01-30 22:06:10+00:00,317.2821052631579,330.46666666666664,329.65913043478264,351.73,352.35555555555555,336.19,L8
2022-02-15 22:06:06+00:00,328.48315789473685,343.2366666666667,342.97130434782605,362.46000000000004,361.13222222222225,355.9,L8
2022-02-16 22:00:02+00:00,333.54052631578946,346.66,347.26608695652175,361.55,367.37333333333333,362.88,L9
2022-02-23 20:48:07+00:00,315.4115789473684,325.27666666666664,333.5095652173913,349.22999999999996,348.98555555555555,343.2428571428572,L7
2022-02-23 22:06:08+00:00,316.1142105263158,331.4566666666667,337.81347826086954,352.8,353.0788888888889,343.5,L9
2022-02-24 21:59:52+00:00,319.8436842105263,330.2233333333333,342.6052173913044,350.51,347.63444444444445,345.2257142857143,L8
2022-03-04 21:59:52+00:00,328.0642105263158,340.50333333333333,337.5978260869565,351.12,350.64111111111106,343.37857142857143,L9
2022-03-11 20:46:32+00:00,,,317.1926086956522,326.2,,,L7
2022-03-11 22:06:03+00:00,309.7463157894737,324.80333333333334,329.99260869565217,340.51000000000005,345.95444444444445,324.51,L9
2022-03-28 21:59:36+00:00,346.2931578947368,336.0466666666666,338.5147826086956,368.53000000000003,347.67888888888893,333.10714285714283,L8
2022-04-13 21:59:41+00:00,339.0757894736842,337.74,355.24434782608694,373.59000000000003,347.24,328.06571428571425,L8
2022-05-07 21:59:32+00:00,328.67578947368423,337.29333333333335,356.5230434782609,364.61,361.26444444444445,339.04285714285714,L9
2022-05-18 20:38:47+00:00,349.0878947368421,358.96000000000004,367.8052173913044,381.21,,,L7
2022-05-23 21:59:21+00:00,355.52263157894737,371.87666666666667,367.4752173913044,377.96999999999997,373.7888888888889,345.88,L9
2022-06-07 22:06:07+00:00,340.29,348.37,358.6,365.97,367.4,343.84,L8
2022-06-21 20:36:59+00:00,,,,360.39,,,L7
2022-06-24 21:59:44+00:00,338.88684210526316,351.44,366.79,374.97,371.7033333333333,342.59285714285716,L9
2022-07-01 22:05:54+00:00,344.35526315789474,352.72999999999996,371.3013043478261,382.89,368.31333333333333,350.6714285714286,L9
2022-07-02 22:00:06+00:00,361.2931578947368,361.81666666666666,371.8678260869565,384.39,370.52555555555557,354.58285714285716,L8
2022-07-08 20:35:50+00:00,379.8468421052632,,,,,,L7
2022-07-09 22:06:16+00:00,342.87315789473683,349.09666666666664,362.09478260869565,369.96000000000004,368.7288888888889,347.07714285714286,L8
2022-07-20 20:29:08+00:00,,,,367.77000000000004,368.61555555555555,350.67,L7
2022-07-25 20:34:33+00:00,320.89210526315793,,345.45130434782607,357.44,,,L7
2022-07-25 22:06:23+00:00,315.9836842105263,324.77333333333337,332.39869565217396,355.73,346.6811111111111,325.64285714285717,L8
2022-07-26 21:59:51+00:00,320.82736842105265,334.57000000000005,351.43608695652176,360.24,359.4866666666667,338.15285714285716,L9
2022-08-02 22:06:07+00:00,335.36526315789473,352.06333333333333,371.9034782608696,383.65000000000003,386.39444444444445,358.18571428571425,L9
2022-08-03 22:00:18+00:00,336.6978947368421,352.6433333333334,372.15086956521736,377.77,385.02444444444444,359.35,L8
2022-08-10 22:06:32+00:00,306.92526315789473,322.74,335.7182608695652,356.98,345.00666666666666,332.31571428571425,L8
2022-08-11 20:33:07+00:00,321.3021052631579,332.82000000000005,352.4178260869565,363.28999999999996,,,L7
2022-08-11 22:00:01+00:00,335.17,345.68333333333334,363.22565217391303,370.12,360.3977777777778,343.03142857142853,L9
2022-08-27 22:00:05+00:00,344.581052631579,349.62333333333333,365.3878260869565,377.45,370.1044444444445,357.7914285714286,L9
2022-08-28 20:31:34+00:00,,341.6066666666667,354.3704347826087,362.59,,,L7
2022-09-14 20:29:54+00:00,353.62894736842105,345.12666666666667,364.4386956521739,373.90000000000003,366.98888888888894,353.7914285714286,L7
2022-09-19 22:06:21+00:00,357.10789473684207,354.21999999999997,363.1321739130435,364.39,358.72,346.59285714285716,L9
2022-10-06 22:00:26+00:00,349.58526315789476,361.82,362.9882608695652,371.43,370.3966666666667,362.37571428571425,L8
2022-10-21 22:06:29+00:00,354.4863157894737,348.99666666666667,361.6582608695652,360.3,352.47222222222223,352.14142857142855,L9
2022-10-22 22:00:27+00:00,357.61105263157896,354.36333333333334,363.16130434782605,366.01,357.3411111111111,351.35857142857145,L8
2022-11-21 20:21:18+00:00,352.4563157894737,372.7633333333333,366.7926086956522,364.06,362.24444444444447,353.16,L7
2022-11-23 22:00:24+00:00,310.3315789473684,322.46666666666664,,,,,L8
2022-12-24 22:06:26+00:00,330.05263157894734,338.40999999999997,341.29391304347826,358.47,366.1733333333333,364.6371428571428,L9
2023-02-18 22:06:13+00:00,343.0963157894737,337.70666666666665,360.6482608695652,355.54,340.3722222222222,330.76142857142855,L8
2023-02-19 22:00:13+00:00,354.66105263157897,344.64,365.95565217391305,354.67,341.99333333333334,331.2471428571428,L9
2023-03-07 22:00:01+00:00,324.0763157894737,334.82,339.6069565217391,338.82,329.93666666666667,326.7685714285714,L9
2023-03-08 20:06:28+00:00,335.89,342.2133333333333,347.07869565217396,353.23,339.03444444444443,345.3871428571428,L7
2023-03-13 20:10:53+00:00,357.6594736842105,357.91333333333336,366.28608695652173,360.12,347.02777777777777,337.9242857142857,L7
2023-03-14 22:06:11+00:00,362.17894736842106,357.18333333333334,369.3565217391304,357.34,351.9477777777778,343.8071428571428,L9
2023-03-15 21:59:48+00:00,360.20947368421054,371.97333333333336,367.43608695652176,374.38,349.3977777777778,343.2442857142857,L8
2023-03-23 21:59:55+00:00,334.83421052631576,345.86333333333334,343.2778260869565,346.09000000000003,342.9111111111111,339.08857142857147,L9
2023-03-30 20:05:48+00:00,335.11842105263156,341.4033333333333,359.23391304347825,372.27000000000004,340.9111111111111,334.8642857142857,L7
2023-03-30 22:05:59+00:00,345.6236842105263,347.98,362.24304347826086,353.03000000000003,348.18333333333334,341.44142857142856,L9
2023-04-04 20:10:01+00:00,,,,,,356.5057142857143,L7
2023-04-08 21:59:46+00:00,333.6263157894737,341.66666666666663,342.21130434782606,346.59999999999997,342.0988888888889,335.8671428571428,L9
2023-04-24 21:59:40+00:00,322.6121052631579,336.9766666666667,334.8821739130435,341.65,335.07222222222225,335.0057142857143,L9
2023-05-09 22:05:22+00:00,350.11894736842106,364.83000000000004,369.78086956521736,,,,L8
2023-05-25 22:05:20+00:00,332.16473684210524,341.1433333333333,350.1073913043478,341.53,342.7811111111111,338.5057142857143,L8
2023-06-10 22:05:27+00:00,337.3442105263158,357.8333333333333,346.1213043478261,350.27000000000004,335.6377777777778,334.2657142857143,L8
2023-06-11 21:59:13+00:00,356.5878947368421,360.64,366.8621739130435,359.99,345.98,342.65285714285716,L9
2023-06-18 22:05:21+00:00,328.598947368421,347.39666666666665,351.4921739130435,348.95000000000005,329.1355555555555,331.52857142857147,L9
2023-06-19 21:59:19+00:00,334.7368421052632,350.38666666666666,333.8108695652174,335.25,329.0388888888889,333.5542857142857,L8
2023-06-27 21:59:14+00:00,338.12157894736845,342.8233333333333,334.4773913043478,335.48,337.14444444444445,330.4485714285714,L9
2023-07-28 22:05:50+00:00,354.47473684210524,355.44666666666666,365.58652173913043,353.33,350.2055555555555,342.9642857142857,L8
2023-07-29 21:59:31+00:00,352.39473684210526,358.77333333333337,365.3343478260869,352.40000000000003,353.31444444444446,343.3,L9
2023-08-05 22:05:47+00:00,346.6031578947368,358.40333333333336,375.7421739130435,354.35,352.2477777777778,348.66142857142853,L9
2023-08-13 22:05:56+00:00,351.5542105263158,351.98,361.8926086956522,349.49,345.4533333333333,339.3985714285715,L8
2023-08-14 21:59:37+00:00,353.3636842105263,354.7966666666666,356.1108695652174,334.88,343.58222222222224,336.8071428571428,L9
2023-08-21 22:05:52+00:00,350.66,355.49,367.2165217391304,358.65999999999997,353.5933333333333,356.16285714285715,L9
2023-08-22 21:59:50+00:00,349.89210526315793,,,,,,L8
2023-08-30 21:59:47+00:00,359.36,354.4433333333333,365.4256521739131,358.93,351.8977777777778,350.95142857142855,L9
2023-09-07 21:59:49+00:00,352.8931578947368,353.25666666666666,343.0013043478261,352.8,354.76222222222225,361.85,L8
2023-09-15 21:59:56+00:00,345.2636842105263,348.50666666666666,349.6773913043478,362.79999999999995,360.72555555555556,356.96,L9
2023-09-30 22:06:09+00:00,331.29789473684207,350.42,338.66869565217394,357.23,358.9533333333333,360.61571428571426,L8
2023-10-01 21:59:55+00:00,343.19894736842105,351.91,347.1408695652174,357.59999999999997,367.05,361.93571428571425,L9
2023-10-07 19:46:10+00:00,353.8747368421053,364.7966666666666,,,,367.8342857142857,L7
2023-10-08 22:06:10+00:00,338.49684210526317,333.1766666666667,334.0143478260869,349.34,353.56555555555553,345.53142857142853,L9
2023-10-16 22:06:11+00:00,,,,351.75,362.5966666666667,355.14,L8
2023-11-01 22:06:14+00:00,317.9526315789473,332.52666666666664,330.9482608695652,331.09000000000003,338.81555555555553,332.73571428571427,L8
2023-11-09 22:06:12+00:00,327.7121052631579,333.7466666666666,350.22913043478263,349.40000000000003,344.31555555555553,337.52,L9
2023-11-10 21:59:59+00:00,338.5831578947368,339.51,361.6169565217391,356.89,345.46,336.4814285714286,L8
2023-11-25 22:06:20+00:00,325.6205263157895,333.8566666666667,346.9073913043478,353.92,,,L9
2023-11-26 22:00:05+00:00,332.9142105263158,339.3666666666667,359.4169565217391,349.77000000000004,345.06555555555553,334.28714285714284,L8
2023-11-30 19:36:47+00:00,333.75,356.04,355.11652173913046,355.09999999999997,344.99333333333334,,L7
2023-12-11 22:06:18+00:00,326.7215789473684,334.24333333333334,351.2973913043478,351.52000000000004,345.5444444444445,332.3885714285714,L9
2023-12-20 22:00:11+00:00,340.36789473684206,345.97333333333336,367.0143478260869,366.36,358.9711111111111,346.66714285714284,L9
2024-01-01 19:32:46+00:00,,,,368.37,367.73777777777775,358.81857142857143,L7
2024-01-12 22:06:18+00:00,318.97736842105263,333.03666666666663,341.19695652173914,354.46,349.9122222222222,354.3542857142857,L9
2024-01-13 21:59:59+00:00,326.66263157894736,339.32666666666665,349.0882608695652,353.33000000000004,355.10555555555555,355.5857142857143,L8
2024-01-29 21:59:53+00:00,321.1252631578947,334.3566666666666,336.64565217391305,342.8,345.60555555555555,334.69,L8
2024-02-05 22:06:08+00:00,355.5605263157895,353.17,361.1695652173913,366.78999999999996,359.47,351.6771428571428,L8
2024-02-06 22:00:10+00:00,353.0215789473684,353.15999999999997,361.20521739130436,361.04999999999995,354.7333333333333,347.38428571428574,L9
2024-02-13 22:06:17+00:00,336.84263157894736,346.34,343.9404347826087,353.71,359.31666666666666,344.92,L9
2024-02-14 21:59:55+00:00,342.1631578947368,348.52333333333337,346.6221739130435,354.5,354.78777777777776,348.24142857142857,L8
2024-02-29 22:06:11+00:00,366.3021052631579,382.5466666666667,378.7721739130435,385.99,383.47222222222223,368.6357142857143,L9
2024-03-08 22:05:53+00:00,355.41526315789474,367.42333333333335,370.2904347826087,372.08,371.2477777777778,367.66,L8
2024-03-09 22:00:02+00:00,353.9242105263158,357.25666666666666,365.7969565217391,366.98,360.1355555555555,351.3871428571428,L9
2024-03-16 22:06:11+00:00,363.6042105263158,370.6366666666667,375.0234782608696,381.32,380.1888888888889,370.41,L9
2024-03-24 22:05:42+00:00,363.7542105263158,360.71000000000004,367.5591304347826,369.89,359.4266666666667,345.7914285714286,L8
2024-04-01 22:06:02+00:00,389.8421052631579,382.57000000000005,375.2378260869565,381.56,367.14,358.3171428571428,L9
2024-04-02 21:59:28+00:00,384.9342105263158,376.45000000000005,371.7491304347826,379.14,369.5266666666667,348.16142857142853,L8
2024-04-09 22:05:37+00:00,364.8421052631579,364.18,368.8978260869565,364.58,356.74,345.6771428571428,L8
2024-04-26 21:59:28+00:00,367.1036842105263,364.61333333333334,370.18173913043483,375.61,376.0877777777778,356.8285714285714,L9
2024-05-03 22:05:38+00:00,354.08473684210526,358.33666666666664,364.07652173913044,371.15999999999997,365.16555555555556,351.95428571428573,L9
2024-05-11 22:05:15+00:00,355.39842105263153,358.18333333333334,353.7769565217391,360.47,358.5177777777778,349.34,L8
2024-05-12 21:59:25+00:00,365.29157894736846,360.4,371.6382608695652,369.83,362.84,357.65,L9
2024-05-27 22:05:04+00:00,349.1563157894737,353.4266666666667,368.26130434782607,377.14,368.1988888888889,357.1271428571428,L8
2024-06-28 22:05:19+00:00,358.591052631579,358.9266666666667,367.5,367.01,356.06555555555553,348.2857142857143,L8
2024-07-06 22:05:21+00:00,,,,,353.9388888888889,348.1371428571428,L9
2024-07-07 21:59:13+00:00,366.0936842105263,376.19,373.9295652173913,379.32,374.1766666666667,360.7442857142857,L8
2024-07-22 22:05:28+00:00,360.3047368421053,355.83,368.3152173913044,363.57,361.95,,L9
2024-07-23 21:59:27+00:00,364.8152631578947,366.96333333333337,369.17347826086956,373.74,366.34444444444443,359.62571428571425,L8
2024-07-30 22:05:39+00:00,354.21421052631575,363.44,367.31260869565216,370.77,366.18333333333334,356.7685714285714,L8
2024-08-08 21:59:24+00:00,,360.8333333333333,352.52434782608697,357.98,350.6877777777778,345.18428571428575,L8
2024-08-31 22:05:51+00:00,323.3594736842105,345.0333333333333,361.9195652173913,367.56,370.88444444444445,354.02142857142854,L8
2024-09-01 21:59:36+00:00,340.37,342.84333333333336,363.63565217391306,369.2,374.1377777777778,355.0414285714286,L9
2024-09-08 22:05:48+00:00,361.5,355.90000000000003,373.74652173913046,383.64,387.6333333333333,366.84285714285716,L9
2024-09-24 22:05:49+00:00,361.6836842105263,358.75,375.96956521739133,383.38,386.6466666666667,373.0542857142857,L9
2024-09-25 21:59:43+00:00,355.2878947368421,361.0733333333333,367.80434782608694,378.72999999999996,380.0811111111111,370.91714285714284,L8
2024-10-03 21:59:47+00:00,336.7563157894737,336.74,353.43695652173915,358.66999999999996,366.2366666666667,346.87857142857143,L9
