dates,satname,sar0296-0000,sar0296-0001,sar0296-0002,sar0296-0003,sar0296-0004,sar0296-0005,sar0296-0006,sar0296-0007
1984-05-13 09:39:51+00:00,L5,194.32,154.23,,206.04,400.66,172.10,172.42,213.94
1984-06-07 09:34:18+00:00,L5,197.20,159.47,156.40,402.76,260.04,226.15,190.06,227.22
1984-06-14 09:40:36+00:00,L5,202.18,163.49,156.77,417.39,260.40,232.73,198.93,230.30
1984-06-30 09:40:49+00:00,L5,188.17,153.04,143.42,405.01,175.92,224.22,174.02,209.32
1984-09-11 09:36:14+00:00,L5,,,,,213.33,171.13,189.83,232.73
1984-10-29 09:36:08+00:00,L5,204.55,172.58,,405.82,325.76,228.51,185.23,209.39
1984-12-07 09:42:19+00:00,L5,192.41,157.10,150.67,185.17,133.19,132.60,169.51,
1985-01-17 09:36:29+00:00,L5,204.21,164.11,155.75,183.25,121.64,136.69,,
1985-06-17 09:42:24+00:00,L5,189.14,146.21,140.94,223.21,228.13,171.62,172.36,222.28
1985-07-03 09:42:19+00:00,L5,198.51,168.24,160.58,224.10,228.71,186.78,202.69,234.25
1985-07-12 09:36:05+00:00,L5,204.85,160.89,158.81,407.77,261.20,232.24,194.25,230.07
1985-07-28 09:35:58+00:00,L5,339.75,310.74,293.28,,437.84,333.16,,
1985-08-04 09:42:05+00:00,L5,200.16,162.14,155.26,234.48,245.48,159.58,168.98,209.04
1985-08-13 09:35:48+00:00,L5,209.17,175.31,181.29,416.03,325.74,231.99,199.28,240.85
1985-08-20 09:41:55+00:00,L5,198.53,159.81,152.22,404.72,183.30,230.45,171.68,217.89
1985-08-29 09:35:38+00:00,L5,,,272.26,,438.60,265.77,,
1985-09-05 09:41:43+00:00,L5,203.55,166.74,159.24,239.19,240.18,197.47,180.72,218.08
1985-09-14 09:35:25+00:00,L5,204.74,164.23,171.63,402.94,325.19,223.49,195.82,229.90
1985-09-21 09:41:31+00:00,L5,199.79,167.40,,405.38,326.59,226.20,178.73,219.09
1985-10-23 09:41:10+00:00,L5,197.03,172.50,,418.80,327.90,230.43,188.04,211.65
1985-12-03 09:34:19+00:00,L5,204.39,165.08,160.73,183.92,131.85,139.04,177.47,
1986-01-04 09:33:44+00:00,L5,203.65,166.51,149.91,188.23,131.68,141.87,173.44,
1986-01-20 09:33:24+00:00,L5,204.12,,245.09,242.56,423.41,123.38,,203.32
1986-03-25 09:32:01+00:00,L5,219.54,179.35,162.75,188.98,170.96,171.00,197.58,235.83
1986-05-12 09:30:53+00:00,L5,199.55,163.90,,410.57,327.47,224.32,201.17,242.59
1986-05-28 09:30:26+00:00,L5,194.46,154.52,153.77,412.20,244.83,229.34,196.84,232.22
1986-07-15 09:28:53+00:00,L5,200.01,160.70,159.84,405.90,262.11,225.85,195.14,233.58
1986-09-17 09:26:37+00:00,L5,200.15,165.67,,409.25,325.93,233.83,196.98,230.11
1986-12-22 09:25:09+00:00,L5,204.46,165.42,162.60,206.46,212.30,,,
1987-01-23 09:26:04+00:00,L5,201.69,162.10,159.72,176.75,116.24,134.15,,
1987-03-03 09:33:44+00:00,L5,,,,,,,,
1987-03-19 09:34:19+00:00,L5,197.21,148.79,141.98,177.73,147.27,133.27,167.37,208.63
1987-03-28 09:28:28+00:00,L5,,,,600.41,404.32,316.05,,
1987-04-20 09:35:25+00:00,L5,202.25,162.41,,408.88,327.83,232.93,187.96,224.76
1987-05-06 09:35:53+00:00,L5,,,,222.84,227.90,156.99,174.64,221.09
1987-05-22 09:36:18+00:00,L5,198.91,156.47,144.42,221.46,211.67,160.73,175.65,214.56
1987-06-07 09:36:42+00:00,L5,195.68,160.67,154.85,411.00,260.06,232.45,185.91,228.97
1987-06-16 09:30:43+00:00,L5,,,,368.12,261.30,187.97,190.57,234.18
1987-06-23 09:37:03+00:00,L5,193.25,156.06,145.14,392.47,245.14,213.10,167.37,219.27
1987-07-09 09:37:22+00:00,L5,199.08,156.56,153.38,405.49,246.83,226.93,179.52,226.80
1987-07-18 09:31:20+00:00,L5,202.68,159.83,154.48,409.12,260.77,224.88,199.22,229.49
1987-07-25 09:37:42+00:00,L5,201.58,157.49,155.52,173.07,141.28,126.62,,230.37
1987-08-10 09:38:13+00:00,L5,200.74,158.67,155.09,403.70,244.52,221.50,163.37,219.56
1987-08-19 09:32:18+00:00,L5,199.97,161.85,154.72,396.59,260.13,226.53,186.04,229.51
1987-08-26 09:38:40+00:00,L5,197.88,164.73,151.27,405.57,182.58,223.16,179.49,222.66
1987-09-04 09:32:43+00:00,L5,204.31,162.27,,404.32,324.55,229.74,188.80,232.22
1987-09-11 09:39:04+00:00,L5,202.67,163.93,,408.35,328.14,227.41,188.11,226.61
1987-09-20 09:33:05+00:00,L5,210.42,179.36,,424.40,329.10,244.12,209.05,241.99
1987-10-13 09:39:44+00:00,L5,196.36,165.08,152.95,177.46,162.14,155.72,188.69,212.09
1988-01-01 09:41:07+00:00,L5,192.01,150.07,149.50,162.63,120.86,119.20,,
1988-01-10 09:35:05+00:00,L5,212.74,158.79,157.92,183.05,118.48,137.20,,
1988-02-02 09:41:43+00:00,L5,195.32,149.71,151.92,159.91,128.00,130.61,161.54,
1988-02-11 09:35:41+00:00,L5,207.73,178.56,171.54,185.24,146.69,157.71,182.95,
1988-03-14 09:36:03+00:00,L5,206.77,164.60,156.73,407.59,166.84,231.70,183.73,214.48
1988-04-15 09:36:14+00:00,L5,196.88,160.56,179.48,403.21,309.15,223.28,190.86,224.43
1988-04-22 09:42:28+00:00,L5,206.66,168.16,188.63,413.35,328.00,233.62,195.48,231.60
1988-05-01 09:36:21+00:00,L5,197.22,155.82,154.66,404.18,265.29,217.65,203.85,235.56
1988-06-02 09:36:38+00:00,L5,,,,294.47,248.73,186.10,193.76,235.77
1988-06-18 09:36:43+00:00,L5,203.43,163.80,163.44,406.01,262.32,228.84,194.28,236.48
1988-07-04 09:36:48+00:00,L5,195.10,154.75,145.81,391.04,246.06,218.59,186.19,227.97
1988-07-11 09:43:00+00:00,L5,191.45,142.72,140.44,390.74,176.75,214.07,165.88,217.38
1988-07-20 09:36:51+00:00,L5,207.32,163.31,169.18,403.75,263.52,202.47,195.15,232.71
1988-07-27 09:43:03+00:00,L5,200.25,160.55,153.28,405.75,244.88,229.17,164.69,220.59
1988-08-12 09:43:01+00:00,L5,206.71,165.65,161.35,405.06,246.61,228.95,181.30,225.62
1988-08-28 09:43:07+00:00,L5,200.56,178.19,,411.16,341.72,231.11,195.69,235.08
1988-09-06 09:36:55+00:00,L5,209.76,185.33,192.38,406.22,327.50,228.82,199.90,238.94
1988-09-22 09:36:50+00:00,L5,208.51,179.05,,409.52,340.80,225.06,204.07,231.09
1988-12-11 09:36:33+00:00,L5,207.28,178.79,172.78,189.00,139.34,160.08,185.05,
1988-12-27 09:36:27+00:00,L5,204.35,158.28,156.23,175.09,129.84,141.56,167.07,
1989-01-03 09:42:37+00:00,L5,195.46,152.22,147.79,166.33,121.52,132.67,,208.03
1989-01-12 09:36:20+00:00,L5,197.81,162.90,156.81,177.09,126.22,138.21,175.39,
1989-01-28 09:36:07+00:00,L5,203.60,157.97,153.65,173.55,118.65,127.35,,
1989-03-24 09:41:14+00:00,L5,,,,,157.63,147.90,171.24,215.22
1989-06-21 09:33:55+00:00,L5,206.88,174.10,183.85,416.20,270.54,221.15,203.45,234.66
1989-07-23 09:33:21+00:00,L5,205.37,158.93,157.30,408.60,245.16,221.49,197.52,224.61
1989-08-24 09:32:39+00:00,L5,198.49,158.21,161.50,404.03,186.56,222.75,192.61,229.29
1989-09-09 09:32:15+00:00,L5,202.03,165.44,161.74,406.12,194.13,218.78,198.84,235.43
1989-09-25 09:31:52+00:00,L5,204.17,175.64,,420.71,340.94,234.90,200.93,235.25
1989-10-18 09:37:18+00:00,L5,198.41,173.92,,405.69,328.37,227.18,184.74,214.28
1989-10-27 09:30:51+00:00,L5,216.36,181.81,,416.33,341.71,220.30,185.59,209.32
1989-11-12 09:30:31+00:00,L5,203.98,176.99,,180.82,342.73,153.64,182.52,
1989-11-28 09:30:04+00:00,L5,319.54,,175.47,463.27,309.58,269.73,307.23,332.86
1989-12-14 09:29:38+00:00,L5,202.73,144.65,,189.89,135.27,138.16,173.32,
1989-12-30 09:29:08+00:00,L5,197.00,154.21,155.54,170.05,124.15,134.34,,207.66
1990-01-31 09:28:06+00:00,L5,208.35,162.14,155.56,193.42,124.88,140.06,179.07,
1990-02-16 09:27:35+00:00,L5,204.68,163.67,153.87,182.31,134.01,141.11,178.19,208.82
1990-03-04 09:27:02+00:00,L5,218.97,178.90,170.98,186.30,149.14,152.08,186.56,
1990-04-12 09:32:31+00:00,L5,198.43,154.65,141.32,188.44,173.41,139.88,164.10,216.51
1990-04-21 09:26:22+00:00,L5,208.41,169.48,169.24,406.48,262.60,225.76,192.69,232.23
1990-05-07 09:26:19+00:00,L5,197.82,155.69,167.77,402.92,244.93,226.01,188.64,219.83
1990-05-14 09:32:35+00:00,L5,,162.16,161.57,416.66,262.22,246.70,192.99,235.62
1990-05-23 09:26:20+00:00,L5,206.69,164.49,163.15,409.53,262.43,223.17,192.66,225.95
1990-06-15 09:32:28+00:00,L5,193.45,150.67,144.65,404.55,212.02,223.51,,215.52
1990-06-24 09:26:18+00:00,L5,199.71,160.59,150.91,408.21,245.86,227.53,193.46,228.78
1990-07-10 09:26:16+00:00,L5,204.01,160.60,153.53,408.61,245.11,224.37,249.45,
1990-07-26 09:26:12+00:00,L5,204.28,160.05,157.95,408.64,247.65,230.88,195.44,235.78
1990-08-02 09:32:19+00:00,L5,196.18,156.83,148.36,392.20,229.83,218.14,168.65,212.73
1990-08-11 09:26:07+00:00,L5,199.90,164.43,158.80,408.33,245.77,228.67,184.34,223.95
1990-08-18 09:32:16+00:00,L5,203.60,161.35,154.92,226.08,229.98,150.78,187.89,229.31
1990-09-03 09:32:09+00:00,L5,199.30,155.29,152.94,404.36,183.47,233.63,175.37,219.36
1990-09-12 09:25:59+00:00,L5,203.77,160.04,,417.25,309.31,232.03,199.67,235.95
1990-10-14 09:25:44+00:00,L5,202.48,170.77,162.04,396.13,176.31,213.83,188.62,218.39
1990-11-15 09:25:37+00:00,L5,193.35,166.77,168.19,176.27,161.38,154.13,185.01,207.94
1990-12-08 09:31:36+00:00,L5,189.85,152.94,152.98,182.17,133.79,137.84,171.05,209.57
1991-01-25 09:32:50+00:00,L5,197.01,145.64,144.55,173.34,120.26,131.87,,207.78
1991-02-26 09:33:21+00:00,L5,198.41,161.42,150.38,184.19,132.13,134.13,165.61,212.57
1991-03-23 09:27:43+00:00,L5,195.78,160.38,155.53,403.59,176.04,222.75,182.66,215.30
1991-03-30 09:33:54+00:00,L5,204.06,159.04,152.04,413.68,173.36,232.59,178.25,220.17
1991-05-26 09:28:46+00:00,L5,199.66,164.55,168.17,410.68,267.12,223.05,200.90,238.54
1991-06-11 09:28:57+00:00,L5,197.08,161.15,155.19,390.42,245.77,213.55,187.54,233.47
1991-06-18 09:35:13+00:00,L5,198.13,159.79,142.10,228.63,245.25,166.33,183.64,222.20
1991-06-27 09:29:13+00:00,L5,207.53,177.79,167.44,421.81,266.64,243.98,203.54,247.74
1991-07-20 09:35:42+00:00,L5,,,,423.57,261.93,232.15,194.12,232.81
1991-07-29 09:29:36+00:00,L5,203.72,162.82,157.52,405.44,260.03,223.97,193.30,226.74
1991-08-05 09:35:48+00:00,L5,192.71,157.17,145.45,404.84,175.43,229.06,156.10,208.48
1991-08-14 09:29:39+00:00,L5,199.25,160.46,155.30,412.37,245.91,234.74,197.56,236.75
1991-08-30 09:29:49+00:00,L5,196.14,158.53,158.00,404.27,180.05,214.44,178.40,216.13
1991-09-22 09:36:17+00:00,L5,198.42,161.84,,409.57,326.71,234.02,186.80,218.20
1991-10-01 09:30:07+00:00,L5,,,,,,,,
1991-10-17 09:30:18+00:00,L5,196.27,167.70,189.83,407.82,328.38,231.48,190.18,213.87
1991-10-24 09:36:27+00:00,L5,200.61,173.25,,408.31,341.32,230.05,180.57,212.63
1991-11-02 09:30:16+00:00,L5,197.27,168.46,,403.90,340.78,217.69,184.58,
1991-11-25 09:36:36+00:00,L5,,,,,,,,
1991-12-04 09:30:36+00:00,L5,203.82,160.34,155.30,185.32,130.61,143.89,173.46,
1992-02-22 09:30:17+00:00,L5,203.13,165.63,161.82,182.22,142.09,141.05,168.68,
1992-03-09 09:30:19+00:00,L5,186.69,157.02,152.50,164.09,141.32,134.72,166.06,209.37
1992-04-26 09:29:58+00:00,L5,193.84,154.19,165.92,406.20,227.76,226.16,198.34,234.22
1992-05-12 09:29:51+00:00,L5,,,,403.13,245.93,221.04,198.31,230.54
1992-05-28 09:29:42+00:00,L5,221.30,180.73,184.64,421.68,278.48,231.31,209.73,248.33
1992-06-13 09:29:31+00:00,L5,192.09,158.60,155.32,402.91,262.38,224.20,197.30,234.47
1992-06-29 09:29:20+00:00,L5,193.14,160.95,159.51,406.12,262.12,231.36,190.06,230.71
1992-07-15 09:29:08+00:00,L5,201.99,160.70,157.93,416.10,260.49,230.27,204.54,238.68
1992-08-16 09:28:41+00:00,L5,190.09,149.33,145.37,391.41,227.62,217.00,185.87,227.60
1992-09-01 09:28:26+00:00,L5,197.83,155.32,148.22,223.29,243.93,159.08,189.43,227.88
1992-09-17 09:28:12+00:00,L5,210.73,179.34,,410.07,325.05,232.00,195.25,221.19
1992-11-20 09:27:06+00:00,L5,201.38,167.99,172.59,186.87,152.33,155.42,188.54,207.92
1992-11-27 09:33:22+00:00,L5,196.60,153.38,158.02,182.50,131.15,130.16,168.46,209.20
1992-12-29 09:33:45+00:00,L5,204.49,161.96,168.87,174.19,120.10,126.23,,
1993-01-14 09:33:56+00:00,L5,198.38,152.72,146.15,183.31,106.19,129.81,,207.46
1993-02-08 09:28:02+00:00,L5,205.48,172.95,165.02,196.78,204.17,144.74,200.79,243.96
1993-02-24 09:28:05+00:00,L5,203.96,160.37,158.13,185.23,136.32,141.70,184.57,222.37
1993-03-12 09:28:18+00:00,L5,198.89,162.03,154.43,415.89,150.02,235.28,186.51,222.55
1993-03-28 09:28:20+00:00,L5,204.18,162.32,155.62,203.67,174.03,156.37,190.47,227.96
1993-04-20 09:34:42+00:00,L5,206.88,159.86,,406.09,328.35,233.00,185.26,222.82
1993-05-31 09:28:40+00:00,L5,199.34,159.11,160.48,404.96,245.93,228.75,189.30,223.56
1993-06-07 09:34:51+00:00,L5,201.26,159.67,154.58,406.90,261.53,229.15,198.94,230.50
1993-07-09 09:34:43+00:00,L5,194.50,154.90,147.23,408.94,245.31,228.25,174.60,215.05
1993-07-18 09:28:32+00:00,L5,207.64,160.46,161.14,413.13,263.09,234.80,199.44,237.30
1993-07-25 09:34:42+00:00,L5,199.41,162.33,150.20,408.52,233.50,234.72,182.93,223.72
1993-08-03 09:28:32+00:00,L5,201.79,169.54,161.14,412.25,261.47,229.60,189.80,229.64
1993-08-19 09:28:32+00:00,L5,204.18,161.91,166.93,408.57,308.62,230.84,191.49,231.07
1993-09-27 09:34:35+00:00,L5,197.10,160.13,,405.64,326.25,233.89,189.99,223.95
1993-10-06 09:28:23+00:00,L5,204.44,170.18,165.13,403.56,180.38,197.77,196.34,215.03
1993-10-13 09:34:31+00:00,L5,202.05,170.19,170.43,390.68,309.54,213.02,176.27,212.21
1993-10-29 09:34:25+00:00,L5,198.62,166.11,,403.38,327.88,222.24,177.46,208.30
1993-11-14 09:34:16+00:00,L5,200.49,161.57,,181.56,329.58,142.60,178.82,207.57
1994-01-26 09:27:23+00:00,L5,213.67,147.81,148.51,225.18,229.40,129.48,166.40,226.96
1994-02-27 09:26:59+00:00,L5,201.08,165.62,158.52,173.33,133.87,141.57,184.62,214.01
1994-03-06 09:33:04+00:00,L5,199.77,152.62,154.97,190.23,149.03,147.84,171.40,217.76
1994-03-31 09:26:30+00:00,L5,211.83,172.04,167.43,407.67,309.34,232.62,192.22,239.31
1994-07-21 09:24:07+00:00,L5,198.32,159.49,153.57,387.27,245.94,209.05,183.46,228.31
1994-08-22 09:23:17+00:00,L5,205.62,160.77,158.69,413.32,245.35,232.83,198.20,231.56
1994-09-07 09:22:53+00:00,L5,207.08,160.67,159.73,409.51,227.94,233.81,196.66,235.67
1994-10-25 09:21:28+00:00,L5,209.18,178.63,171.53,410.83,309.09,229.39,197.49,
1994-11-10 09:20:54+00:00,L5,210.65,180.96,177.62,201.54,309.97,171.85,214.24,279.06
1994-12-12 09:19:52+00:00,L5,,,,,541.26,,,
1995-01-04 09:25:17+00:00,L5,,,,,,,,
1995-01-13 09:18:46+00:00,L5,205.00,162.21,159.78,185.66,122.31,139.98,171.00,206.70
1995-01-29 09:18:10+00:00,L5,204.91,164.05,158.72,176.44,123.46,141.88,,
1995-02-05 09:24:04+00:00,L5,,150.24,146.91,184.49,132.78,135.33,167.83,
1995-02-21 09:23:26+00:00,L5,,,152.07,185.65,139.13,141.22,172.52,208.29
1995-04-19 09:14:54+00:00,L5,211.69,165.00,160.76,413.47,245.78,232.93,199.16,233.72
1995-05-05 09:14:11+00:00,L5,204.79,164.14,162.29,407.73,262.61,230.51,187.07,233.07
1995-05-21 09:13:28+00:00,L5,199.22,160.33,153.09,396.79,261.72,222.13,185.23,229.03
1995-06-06 09:12:43+00:00,L5,199.91,160.88,155.31,408.19,246.00,233.70,189.83,233.56
1995-06-22 09:12:01+00:00,L5,204.46,163.63,158.37,407.96,261.89,229.63,195.42,229.89
1995-07-24 09:10:32+00:00,L5,210.29,165.00,158.92,407.12,263.47,232.20,184.12,232.55
1995-09-10 09:08:19+00:00,L5,204.18,163.14,162.36,210.62,162.98,152.73,189.18,228.53
1996-01-16 09:09:29+00:00,L5,197.72,159.43,145.73,187.39,115.69,137.77,,
1996-04-05 09:14:50+00:00,L5,204.21,167.91,152.44,407.95,165.01,228.92,190.55,229.90
1996-05-23 09:17:41+00:00,L5,202.89,167.57,162.38,417.76,267.70,233.88,204.42,237.91
1996-05-30 09:24:15+00:00,L5,194.21,152.29,141.75,406.96,179.70,228.33,176.04,219.34
1996-06-08 09:18:34+00:00,L5,202.31,164.10,160.64,408.64,262.77,230.22,199.39,240.04
1996-07-10 09:20:15+00:00,L5,207.17,163.21,158.81,369.06,259.85,202.39,188.41,239.09
1996-07-17 09:26:49+00:00,L5,202.36,157.70,155.05,410.65,260.41,223.05,185.33,226.60
1996-07-26 09:21:07+00:00,L5,204.22,163.87,159.39,408.26,262.17,229.40,202.37,236.03
1996-08-02 09:27:39+00:00,L5,201.29,163.06,155.62,417.33,261.63,233.00,196.72,235.44
1996-08-11 09:21:57+00:00,L5,204.42,161.94,158.96,409.84,261.43,234.79,200.50,236.03
1996-08-18 09:28:30+00:00,L5,198.09,159.21,151.33,408.46,243.85,229.44,168.00,225.91
1996-09-03 09:29:23+00:00,L5,200.74,159.19,152.84,403.39,174.03,224.73,173.82,219.24
1996-09-28 09:24:33+00:00,L5,197.75,167.64,155.50,205.82,187.42,180.14,189.39,225.41
1996-10-05 09:31:06+00:00,L5,198.37,164.17,,406.01,178.46,229.04,188.41,216.41
1996-11-15 09:26:56+00:00,L5,204.15,164.07,172.30,182.71,308.76,155.00,185.11,
1996-12-17 09:28:27+00:00,L5,204.31,156.06,163.57,181.84,130.85,139.26,171.26,
1997-02-03 09:30:40+00:00,L5,,,,,-68.26,,,
1997-02-19 09:31:22+00:00,L5,201.17,160.92,153.96,182.64,140.30,142.20,174.31,216.47
1997-03-23 09:32:37+00:00,L5,204.32,159.17,163.41,407.59,324.44,227.41,196.69,234.22
1997-03-30 09:39:04+00:00,L5,196.34,161.89,153.45,392.10,188.83,216.69,178.62,217.84
1997-04-24 09:33:46+00:00,L5,196.95,165.79,185.56,410.63,262.71,234.41,200.06,238.39
1997-05-01 09:40:11+00:00,L5,196.34,156.40,153.79,404.05,185.92,222.06,178.82,222.09
1997-05-10 09:34:19+00:00,L5,204.09,169.37,170.33,410.02,296.06,234.81,198.71,245.19
1997-07-13 09:36:33+00:00,L5,201.53,165.56,161.56,408.63,261.78,234.29,197.14,236.24
1997-08-14 09:37:35+00:00,L5,207.79,168.43,,411.53,327.62,223.85,197.99,234.86
1997-08-21 09:43:59+00:00,L5,194.61,157.98,156.22,410.26,228.49,225.54,184.35,223.42
1997-08-30 09:38:05+00:00,L5,199.08,176.60,165.13,404.01,260.23,226.04,201.84,224.44
1997-09-06 09:44:28+00:00,L5,200.77,163.90,,408.01,328.12,231.09,191.37,223.98
1997-09-15 09:38:32+00:00,L5,196.98,164.72,163.58,366.66,185.86,198.43,180.23,215.19
1997-10-01 09:39:00+00:00,L5,,,,406.98,188.93,231.49,193.54,222.46
1997-10-08 09:45:22+00:00,L5,202.41,182.17,184.52,412.34,330.39,235.45,199.00,224.34
1997-10-17 09:39:26+00:00,L5,205.57,184.72,198.67,420.76,341.04,263.93,216.81,237.99
1997-11-18 09:40:14+00:00,L5,208.57,181.14,,406.79,340.89,231.98,189.77,
1998-01-21 09:41:44+00:00,L5,208.56,166.16,167.67,206.25,149.20,152.89,188.59,
1998-01-28 09:48:05+00:00,L5,201.80,158.01,158.94,174.38,141.16,140.41,168.75,
1998-02-13 09:48:25+00:00,L5,198.21,158.32,,389.61,327.42,211.87,165.41,208.32
1998-03-01 09:48:41+00:00,L5,193.60,152.36,152.51,406.03,151.10,227.50,165.94,206.22
1998-03-10 09:42:39+00:00,L5,,,,296.41,228.37,181.66,198.46,233.55
1998-03-26 09:42:52+00:00,L5,203.74,167.25,171.15,406.38,244.33,232.95,196.34,228.25
1998-04-27 09:43:16+00:00,L5,198.50,159.67,170.02,405.42,265.50,224.26,209.08,246.77
1998-05-13 09:43:32+00:00,L5,209.93,188.77,200.77,409.13,341.14,235.84,212.33,244.51
1998-06-05 09:50:05+00:00,L5,189.11,154.43,,404.27,245.59,225.59,187.56,225.79
1998-06-21 09:50:15+00:00,L5,204.55,174.97,,411.36,340.54,232.98,197.42,235.52
1998-06-30 09:44:12+00:00,L5,,,,402.85,204.20,221.92,204.98,246.40
1998-07-07 09:50:29+00:00,L5,199.26,164.46,156.70,407.28,246.50,227.11,189.09,222.46
1998-07-16 09:44:23+00:00,L5,204.20,163.05,159.51,374.04,260.90,210.63,186.30,231.74
1998-07-23 09:50:37+00:00,L5,192.81,158.31,146.00,402.84,212.51,220.24,168.04,213.32
1998-08-01 09:44:28+00:00,L5,206.74,165.52,,408.36,309.43,234.68,199.89,238.95
1998-08-17 09:44:36+00:00,L5,203.52,174.10,,414.65,325.96,232.86,210.35,232.90
1998-08-24 09:50:53+00:00,L5,195.52,154.54,149.01,201.60,184.06,175.89,187.16,224.45
1998-09-02 09:44:48+00:00,L5,199.02,171.82,,412.58,310.46,228.22,203.86,242.82
1998-09-09 09:51:00+00:00,L5,199.37,168.60,157.47,391.72,228.54,202.77,186.41,221.64
1998-09-18 09:44:56+00:00,L5,210.76,181.31,169.98,395.71,314.30,226.31,198.69,238.10
1998-09-25 09:51:08+00:00,L5,193.75,186.95,185.02,412.96,328.60,231.71,197.22,224.43
1998-10-11 09:51:09+00:00,L5,199.53,188.85,193.41,407.64,341.06,227.20,211.14,224.41
1998-10-20 09:44:58+00:00,L5,188.74,174.94,170.14,219.22,308.87,172.34,199.25,
1998-10-27 09:51:11+00:00,L5,189.08,161.97,155.51,210.02,175.01,159.93,185.11,209.12
1998-12-23 09:45:11+00:00,L5,301.62,251.59,248.62,424.50,380.81,218.15,271.15,
1998-12-30 09:51:24+00:00,L5,194.14,144.42,151.22,200.08,297.41,132.64,,208.61
1999-02-25 09:45:23+00:00,L5,208.38,181.11,178.18,402.97,328.26,212.02,188.40,223.05
1999-03-13 09:45:10+00:00,L5,206.74,178.34,,404.47,326.76,225.38,190.76,228.52
1999-03-20 09:51:15+00:00,L5,193.67,154.45,153.35,184.77,181.93,155.98,178.21,212.74
1999-04-14 09:44:51+00:00,L5,196.51,159.97,154.84,226.17,244.48,162.58,192.48,225.41
1999-04-30 09:44:50+00:00,L5,209.43,166.44,180.65,409.81,326.42,231.27,203.36,234.13
1999-05-23 09:50:35+00:00,L5,187.22,152.06,140.80,207.42,211.99,163.44,187.25,222.52
1999-06-01 09:44:14+00:00,L5,204.76,173.45,170.49,403.09,260.61,227.17,198.07,234.37
1999-07-02 10:05:02+00:00,L7,181.92,154.63,,409.32,254.96,223.99,185.10,218.86
1999-07-03 09:43:56+00:00,L5,195.45,163.42,,409.14,261.68,231.57,204.21,243.68
1999-07-10 09:50:04+00:00,L5,193.98,153.54,143.96,405.94,245.63,225.11,178.77,217.37
1999-07-19 09:43:52+00:00,L5,217.07,174.60,,415.39,263.38,220.43,208.98,241.90
1999-08-03 10:05:13+00:00,L7,202.18,180.16,,415.29,349.22,228.54,203.83,233.29
1999-08-12 09:59:01+00:00,L7,198.96,165.21,163.64,393.98,235.92,219.03,193.44,230.79
1999-08-28 09:59:04+00:00,L7,202.78,175.56,192.53,411.01,318.56,223.23,203.37,231.69
1999-09-04 10:05:15+00:00,L7,200.48,180.63,192.44,413.59,333.85,228.61,194.57,223.16
1999-09-12 09:49:07+00:00,L5,196.71,174.94,183.12,406.49,328.48,230.68,186.67,223.13
1999-09-13 09:58:59+00:00,L7,202.51,200.36,201.61,413.73,344.09,231.08,202.97,230.33
1999-10-07 09:42:45+00:00,L5,215.93,186.74,200.35,409.17,342.14,223.26,195.83,219.61
1999-10-22 10:05:09+00:00,L7,210.15,185.72,173.16,396.04,304.47,175.30,208.17,222.62
1999-11-23 10:05:05+00:00,L7,194.69,179.47,177.79,206.43,316.78,162.16,193.53,216.06
1999-12-01 09:47:27+00:00,L5,197.12,166.08,,196.23,333.59,137.95,167.10,208.68
1999-12-02 09:58:56+00:00,L7,349.40,,254.70,402.92,399.18,221.23,190.16,
1999-12-18 09:59:04+00:00,L7,197.36,169.87,,409.41,338.30,239.21,174.97,
2000-01-03 09:58:57+00:00,L7,195.69,169.12,,184.23,336.71,149.04,177.19,
2000-01-10 10:05:09+00:00,L7,201.20,170.03,,184.90,347.49,142.26,174.85,
2000-01-19 09:58:54+00:00,L7,196.88,162.87,162.08,181.31,142.98,138.54,176.62,
2000-01-26 10:05:07+00:00,L7,205.65,176.74,,192.06,340.85,146.70,181.23,213.11
2000-02-04 09:58:54+00:00,L7,195.71,169.17,172.78,179.60,156.39,152.89,175.93,
2000-02-27 10:04:57+00:00,L7,200.96,168.69,,413.76,347.97,235.72,184.95,215.16
2000-03-06 09:45:39+00:00,L5,202.01,160.29,156.37,406.71,161.75,222.06,174.03,214.84
2000-03-07 09:58:42+00:00,L7,200.86,174.73,,413.52,348.95,229.46,192.10,225.49
2000-04-24 09:58:27+00:00,L7,202.02,161.22,162.08,234.41,237.92,175.56,190.05,230.25
2000-05-01 10:04:36+00:00,L7,195.02,172.65,,415.91,335.33,222.94,190.14,226.94
2000-05-17 10:04:25+00:00,L7,205.93,180.79,,416.64,349.10,237.67,206.39,243.52
2000-05-25 09:48:12+00:00,L5,193.28,154.62,153.99,389.20,243.89,199.70,179.66,220.31
2000-06-02 10:04:13+00:00,L7,204.45,171.95,194.32,414.98,334.47,226.41,214.50,235.25
2000-06-18 10:04:09+00:00,L7,,,,412.96,,225.71,186.33,
2000-06-19 09:42:35+00:00,L5,212.70,175.40,196.17,410.59,269.03,234.60,213.72,244.65
2000-06-27 09:57:49+00:00,L7,201.80,170.46,177.35,411.97,319.08,222.80,205.15,234.40
2000-07-04 10:03:56+00:00,L7,194.92,164.51,160.54,396.55,253.15,220.34,189.77,221.51
2000-07-13 09:57:37+00:00,L7,,,,,210.17,172.18,184.93,231.38
2000-07-20 10:03:41+00:00,L7,202.36,172.94,162.20,416.48,256.31,227.72,195.29,229.53
2000-07-28 09:49:27+00:00,L5,192.27,160.70,150.69,407.25,228.96,225.70,181.95,224.21
2000-07-29 09:57:19+00:00,L7,,,,,237.99,167.44,192.66,229.05
2000-08-05 10:03:26+00:00,L7,200.12,169.24,160.14,253.26,260.01,176.90,187.60,224.61
2000-08-14 09:57:13+00:00,L7,199.72,167.78,182.36,413.17,320.84,225.30,192.69,228.12
2000-08-22 09:43:52+00:00,L5,198.23,172.78,185.57,409.79,308.86,228.22,212.08,247.22
2000-08-30 09:57:02+00:00,L7,200.69,180.03,192.14,407.89,320.18,223.44,195.26,232.69
2000-09-06 10:03:04+00:00,L7,204.36,181.15,193.10,416.39,332.73,231.02,198.40,229.01
2000-09-14 09:50:32+00:00,L5,194.20,161.23,,405.47,327.63,227.27,186.42,214.75
2000-09-15 09:56:43+00:00,L7,202.00,182.22,207.47,414.28,349.78,234.94,206.07,241.48
2000-09-22 10:02:46+00:00,L7,200.40,183.48,174.45,384.89,317.04,207.71,195.90,221.23
2000-11-02 09:56:30+00:00,L7,198.25,176.78,175.33,396.08,177.73,219.83,190.92,
2000-12-11 10:02:41+00:00,L7,201.84,178.29,192.23,223.23,338.58,138.61,175.31,215.65
2000-12-20 09:56:33+00:00,L7,199.39,168.47,,185.02,333.56,139.25,,
2001-01-21 09:56:39+00:00,L7,202.31,173.12,168.46,173.43,150.81,148.22,174.76,
2001-03-17 10:02:34+00:00,L7,,,,413.48,178.86,223.35,184.91,219.07
2001-05-05 09:46:21+00:00,L5,195.10,160.46,159.76,394.41,246.47,224.58,,
2001-05-12 09:52:29+00:00,L5,192.57,157.34,156.58,402.41,245.50,225.69,178.66,219.15
2001-05-13 09:56:03+00:00,L7,201.42,182.56,190.87,412.33,334.23,213.76,203.95,234.75
2001-05-28 09:52:36+00:00,L5,201.38,173.29,,407.17,329.83,234.89,201.08,236.08
2001-05-29 09:55:55+00:00,L7,209.73,186.56,207.16,417.50,349.06,236.40,217.61,251.18
2001-06-05 10:01:58+00:00,L7,197.47,161.99,155.07,411.76,237.52,221.23,188.43,225.28
2001-06-06 09:46:30+00:00,L5,204.41,165.62,178.01,404.83,324.64,221.63,192.92,232.53
2001-06-30 09:55:29+00:00,L7,201.99,168.05,177.62,409.86,269.02,225.71,206.73,230.04
2001-08-01 09:55:16+00:00,L7,207.30,173.71,195.29,414.96,334.27,221.01,211.28,245.97
2001-08-08 10:01:18+00:00,L7,200.75,171.79,164.77,399.02,220.86,208.67,176.89,215.02
2001-08-17 09:54:57+00:00,L7,201.92,175.53,178.51,412.40,255.40,224.38,201.08,238.45
2001-08-24 10:01:06+00:00,L7,203.70,179.82,205.15,415.81,349.48,232.38,201.67,230.06
2001-08-25 09:46:22+00:00,L5,204.19,174.32,,409.67,326.31,232.12,195.37,229.47
2001-09-02 09:54:47+00:00,L7,206.79,167.79,163.83,251.28,223.56,177.42,201.12,241.91
2001-09-09 10:00:54+00:00,L7,198.16,168.50,148.13,157.43,153.24,118.67,,199.30
2001-09-18 09:54:35+00:00,L7,202.40,168.70,177.24,398.26,318.00,223.02,199.12,238.27
2001-10-11 10:00:28+00:00,L7,207.96,195.34,198.88,404.60,340.69,235.72,193.67,
2001-10-19 09:52:14+00:00,L5,,,,,,,,
2001-10-27 10:00:37+00:00,L7,201.98,193.72,207.03,414.51,349.06,235.87,201.09,221.21
2001-11-20 09:51:49+00:00,L5,184.02,155.79,151.27,499.24,149.83,143.29,,
2001-12-07 09:54:41+00:00,L7,199.89,175.43,180.69,186.67,301.35,145.62,184.16,
2002-01-08 09:54:52+00:00,L7,200.30,173.49,179.42,183.19,320.65,141.33,,
2002-01-15 10:01:04+00:00,L7,201.37,163.55,,182.42,333.32,141.94,176.44,215.44
2002-01-24 09:55:00+00:00,L7,202.57,167.11,162.72,249.27,223.03,145.69,178.48,216.39
2002-02-09 09:55:02+00:00,L7,200.79,151.87,177.32,384.80,317.11,219.74,,
2002-02-16 10:01:11+00:00,L7,200.85,170.34,179.92,408.51,323.35,228.32,180.20,218.24
2002-02-17 09:44:36+00:00,L5,193.51,161.26,154.36,180.23,147.02,137.78,168.24,207.55
2002-02-24 09:50:38+00:00,L5,206.59,159.28,149.07,177.83,149.44,144.42,166.57,212.31
2002-03-04 10:01:15+00:00,L7,203.27,169.56,,414.07,325.39,235.76,187.16,216.54
2002-03-12 09:50:23+00:00,L5,204.18,172.19,,413.58,340.98,235.37,196.19,229.73
2002-03-13 09:55:01+00:00,L7,203.78,170.43,197.73,411.93,340.21,231.22,199.02,223.55
2002-03-21 09:44:11+00:00,L5,204.36,162.92,151.98,367.96,195.74,200.59,192.50,225.50
2002-04-21 10:01:05+00:00,L7,200.69,166.92,163.06,382.55,251.82,212.05,188.92,233.07
2002-04-30 09:54:58+00:00,L7,200.98,173.57,182.52,404.89,317.98,212.46,196.55,237.37
2002-06-01 09:54:45+00:00,L7,204.09,181.01,199.76,414.22,346.94,215.57,212.90,247.16
2002-06-16 09:48:29+00:00,L5,,,,,,,,
2002-06-17 09:54:38+00:00,L7,206.91,181.61,199.03,414.44,342.22,222.20,213.91,248.41
2002-06-24 10:00:45+00:00,L7,190.77,150.96,148.61,408.94,236.00,221.90,174.28,217.99
2002-06-25 09:42:07+00:00,L5,199.83,157.00,156.10,393.22,246.12,215.63,189.19,236.76
2002-07-03 09:54:34+00:00,L7,202.55,163.84,162.47,401.21,268.41,222.40,193.22,230.25
2002-08-04 09:54:19+00:00,L7,200.58,169.46,179.19,408.77,270.48,226.68,197.91,234.64
2002-08-20 09:54:16+00:00,L7,203.84,180.25,206.85,414.26,348.72,230.59,207.52,246.38
2002-08-27 10:00:17+00:00,L7,204.70,180.61,188.01,414.83,324.05,213.77,201.63,234.10
2002-09-05 09:54:07+00:00,L7,195.10,165.68,173.20,403.93,236.11,232.06,192.34,228.31
2002-09-12 10:00:13+00:00,L7,202.25,,196.60,406.72,341.06,221.51,,
2002-09-21 09:53:54+00:00,L7,206.82,187.07,207.88,413.53,350.27,237.54,209.07,238.85
2002-09-28 10:00:04+00:00,L7,,,,,,,,
2002-10-07 09:53:50+00:00,L7,201.76,194.72,174.41,398.57,316.86,223.08,202.59,220.90
2002-10-14 10:00:00+00:00,L7,203.42,184.47,192.09,413.88,319.19,228.62,206.10,230.27
2002-10-23 09:53:55+00:00,L7,198.53,170.15,172.41,197.44,186.65,176.30,206.13,231.41
2002-10-30 10:00:05+00:00,L7,205.23,184.56,195.91,414.05,332.76,224.34,202.66,222.69
2003-01-11 09:54:30+00:00,L7,201.00,168.27,162.65,186.68,156.48,151.39,198.42,
2003-01-18 10:00:46+00:00,L7,203.61,169.84,,213.13,334.10,147.89,,189.70
2003-01-27 09:54:37+00:00,L7,200.69,164.30,162.50,175.19,151.17,143.81,173.45,
2003-02-03 10:00:54+00:00,L7,199.81,162.87,163.46,174.36,154.71,145.02,166.07,215.41
2003-02-12 09:54:48+00:00,L7,203.03,171.00,,404.87,332.57,237.75,178.67,
2003-02-19 10:00:59+00:00,L7,202.09,169.43,,415.88,342.01,236.81,184.94,217.13
2003-03-16 09:54:51+00:00,L7,227.80,197.46,223.64,415.99,387.43,236.42,202.04,234.42
2003-03-23 10:00:58+00:00,L7,199.28,174.18,,414.25,341.09,223.94,188.65,223.18
2003-04-01 09:54:51+00:00,L7,205.59,185.82,203.94,418.32,349.63,242.23,211.04,243.59
2003-04-08 10:01:04+00:00,L7,201.92,187.90,,418.67,350.24,234.53,200.96,235.91
2003-04-17 09:54:53+00:00,L7,202.96,183.59,198.47,416.86,334.52,236.17,200.60,242.15
2003-05-03 09:54:54+00:00,L7,201.06,175.40,190.44,405.74,316.91,222.64,198.89,232.13
2003-05-19 09:54:48+00:00,L7,207.72,190.39,205.57,422.02,349.65,245.50,214.00,251.74
2003-05-26 10:01:00+00:00,L7,,,,,238.26,173.93,193.51,229.57
2003-06-28 09:42:14+00:00,L5,195.91,158.36,149.58,391.31,260.27,216.33,193.60,233.87
2003-07-14 09:42:31+00:00,L5,205.10,166.51,168.59,406.82,262.05,228.51,204.14,236.00
2003-07-21 09:48:49+00:00,L5,200.82,162.25,160.77,407.07,260.11,230.58,189.88,229.32
2003-07-30 09:42:49+00:00,L5,199.63,166.49,151.16,369.57,245.86,199.56,189.08,226.52
2003-08-06 09:49:08+00:00,L5,187.61,158.96,147.63,408.13,227.99,226.65,180.64,221.26
2003-08-30 10:00:40+00:00,L7,199.84,173.37,162.65,381.76,236.25,210.73,186.46,
2003-08-31 09:43:23+00:00,L5,201.32,166.46,171.36,407.55,310.27,230.05,199.92,239.61
2003-09-07 09:49:41+00:00,L5,195.16,176.05,,410.63,327.45,234.71,197.05,230.28
2003-09-16 09:43:40+00:00,L5,203.29,186.07,197.77,421.20,329.15,235.40,203.94,237.18
2003-09-23 09:49:56+00:00,L5,204.10,183.74,200.45,407.96,341.75,228.59,196.63,227.09
2003-10-10 09:54:11+00:00,L7,,,,384.22,190.56,207.50,202.94,232.57
2003-11-02 10:00:43+00:00,L7,201.30,179.09,170.16,,,,,
2003-11-18 10:00:56+00:00,L7,,179.28,180.09,398.40,322.11,221.05,193.96,216.16
2003-12-13 09:54:54+00:00,L7,204.72,174.48,199.19,412.03,337.75,251.88,179.72,
2003-12-20 10:01:08+00:00,L7,,,,,,,180.65,
2004-01-30 09:55:12+00:00,L7,201.32,166.52,176.96,179.89,302.57,,,
2004-02-23 09:45:06+00:00,L5,206.80,169.93,160.29,392.72,156.17,218.93,186.51,214.42
2004-03-01 09:51:18+00:00,L5,204.11,166.05,169.69,184.00,143.38,150.60,184.63,220.12
2004-03-09 10:01:32+00:00,L7,,,,,,,200.31,238.08
2004-03-26 09:45:14+00:00,L5,173.59,125.19,129.42,150.88,126.97,125.64,,238.43
2004-04-02 09:51:35+00:00,L5,200.11,184.15,,420.88,342.58,244.29,204.88,238.35
2004-04-27 09:46:10+00:00,L5,206.92,184.08,200.92,415.21,343.04,224.31,206.23,242.76
2004-05-20 09:53:00+00:00,L5,227.65,199.78,200.26,411.53,326.98,232.07,214.38,238.21
2004-06-05 09:53:28+00:00,L5,,,,,212.38,196.57,184.01,222.73
2004-06-06 09:55:14+00:00,L7,200.04,169.33,167.17,407.38,268.05,224.93,201.48,239.54
2004-06-30 09:48:01+00:00,L5,199.85,161.35,169.72,408.69,261.53,229.17,200.67,240.63
2004-07-16 09:48:28+00:00,L5,207.00,176.91,189.21,410.81,326.34,230.74,208.93,245.62
2004-07-23 09:54:49+00:00,L5,204.35,168.43,194.37,408.23,326.35,230.55,201.99,235.77
2004-08-08 09:55:08+00:00,L5,201.85,175.57,,406.44,326.69,229.91,197.69,229.76
2004-08-16 10:01:07+00:00,L7,,,,,,,,232.76
2004-08-17 09:49:12+00:00,L5,203.68,176.20,,417.14,326.22,235.68,208.55,242.67
2004-08-24 09:55:35+00:00,L5,199.86,180.98,,406.56,326.71,229.02,191.68,223.95
2004-09-02 09:49:38+00:00,L5,206.12,180.89,189.89,410.83,325.41,234.31,200.27,235.08
2004-09-09 09:56:00+00:00,L5,198.78,189.38,198.56,423.45,342.06,231.70,199.73,234.30
2004-09-18 09:50:02+00:00,L5,204.95,187.97,194.40,413.05,327.05,230.32,205.60,237.19
2004-10-03 10:00:52+00:00,L7,,186.23,197.56,409.86,339.40,223.47,192.46,
2004-11-04 10:01:12+00:00,L7,198.85,186.00,,,,,,
2004-11-05 09:51:03+00:00,L5,196.27,181.74,189.08,404.46,329.87,227.12,193.15,207.54
2004-11-20 10:01:18+00:00,L7,206.61,179.20,178.61,211.27,302.26,,,
2004-12-14 09:58:00+00:00,L5,202.51,175.71,,203.94,327.91,138.49,166.32,209.42
2005-01-15 09:58:25+00:00,L5,196.22,164.06,,188.05,324.74,137.44,170.17,208.43
2005-01-31 09:58:37+00:00,L5,186.86,152.62,155.02,176.11,151.03,145.81,173.04,209.55
2005-02-16 09:58:53+00:00,L5,193.29,163.16,155.94,390.16,156.27,212.46,175.48,202.72
2005-03-12 10:02:01+00:00,L7,204.14,,,416.91,350.80,239.67,,
2005-03-21 09:55:50+00:00,L7,202.54,,,414.93,,232.13,200.00,230.00
2005-03-28 10:01:59+00:00,L7,,,163.02,379.04,192.89,206.25,190.63,221.12
2005-04-06 09:55:46+00:00,L7,203.79,195.06,,415.40,,,205.58,239.77
2005-04-29 10:01:53+00:00,L7,,,201.60,413.57,348.66,227.28,191.04,222.48
2005-06-08 09:59:48+00:00,L5,189.58,152.45,143.99,224.96,229.26,196.96,178.02,214.27
2005-06-24 09:59:54+00:00,L5,200.41,182.16,200.57,408.72,341.40,231.33,214.97,238.12
2005-07-03 09:53:45+00:00,L5,204.27,168.46,167.98,410.26,267.35,234.93,201.85,243.41
2005-07-19 09:53:56+00:00,L5,,,,233.12,245.31,181.01,185.29,232.46
2005-08-27 10:00:25+00:00,L5,198.89,169.57,185.44,405.25,244.73,221.43,194.07,233.05
2005-09-04 10:01:28+00:00,L7,,,,417.05,257.02,236.57,201.84,235.64
2005-09-05 09:54:15+00:00,L5,203.43,182.96,185.49,413.98,309.80,232.51,206.02,238.64
2005-10-22 10:01:32+00:00,L7,,,,,,,199.10,225.04
2005-10-30 10:00:20+00:00,L5,199.99,185.27,195.08,407.79,329.76,231.02,199.54,219.11
2005-10-31 09:55:28+00:00,L7,,,193.88,413.76,337.96,236.10,195.15,
2005-11-08 09:54:22+00:00,L5,206.65,187.53,212.11,414.33,357.25,233.29,204.55,227.35
2005-12-18 09:55:45+00:00,L7,194.85,172.70,181.82,180.81,316.72,144.24,176.57,
2006-01-10 10:02:09+00:00,L7,,,,172.45,292.73,140.28,,
2006-01-19 09:56:03+00:00,L7,,,175.07,181.57,151.38,148.98,177.80,
2006-02-12 09:56:36+00:00,L5,202.14,174.50,,407.00,340.72,229.39,191.04,
2006-02-20 09:56:12+00:00,L7,195.04,167.39,154.46,393.42,166.26,210.20,179.00,216.17
2006-05-10 10:04:21+00:00,L5,188.76,157.65,152.08,238.94,245.06,167.33,187.90,225.99
2006-05-26 10:04:33+00:00,L5,186.35,160.64,159.89,391.39,244.12,213.32,189.51,234.63
2006-06-04 09:58:32+00:00,L5,202.67,166.41,163.01,387.59,263.19,199.70,196.66,239.02
2006-06-12 09:56:09+00:00,L7,205.65,172.81,194.77,413.56,334.67,222.91,213.68,245.27
2006-07-14 09:55:56+00:00,L7,,173.36,193.29,417.23,333.40,231.73,210.03,245.69
2006-08-14 10:05:44+00:00,L5,192.25,170.55,170.71,391.25,245.12,213.62,188.76,223.40
2006-08-23 09:59:39+00:00,L5,204.15,185.49,177.66,407.68,324.41,233.85,205.83,240.53
2006-10-10 10:00:13+00:00,L5,208.14,195.92,210.95,412.95,356.82,232.15,206.30,236.35
2006-10-26 10:00:24+00:00,L5,201.06,187.78,199.77,406.01,325.78,230.46,203.19,227.12
2006-11-03 09:55:55+00:00,L7,202.38,193.92,,412.47,,,201.26,219.83
2006-11-18 10:06:47+00:00,L5,197.69,174.99,185.32,409.14,327.50,213.67,206.09,218.04
2006-12-12 10:02:28+00:00,L7,201.16,173.54,,215.81,349.10,,,
2006-12-13 10:00:47+00:00,L5,214.45,180.34,200.75,405.30,343.95,229.55,216.44,244.27
2006-12-20 10:07:01+00:00,L5,,,,153.93,132.32,102.38,,179.33
2006-12-29 10:00:54+00:00,L5,,,,130.47,77.01,72.00,,207.51
2007-01-06 09:56:21+00:00,L7,201.14,170.96,160.89,,,,178.25,
2007-01-30 10:01:05+00:00,L5,203.20,182.20,,395.80,340.60,224.87,179.52,
2007-03-27 09:56:40+00:00,L7,203.69,180.89,201.57,323.23,348.69,,,
2007-05-13 10:06:51+00:00,L5,,,,,,,,
2007-05-30 09:56:23+00:00,L7,211.26,171.70,165.02,249.17,268.76,171.78,201.36,243.58
2007-06-23 10:00:02+00:00,L5,204.28,164.41,157.63,392.04,244.11,216.81,192.45,230.39
2007-06-30 10:06:06+00:00,L5,195.71,160.61,153.69,394.66,212.99,209.77,176.43,213.34
2007-07-01 09:56:22+00:00,L7,204.51,174.16,194.20,416.94,336.74,236.82,213.29,
2007-07-08 10:02:32+00:00,L7,,,,413.16,253.26,222.56,,225.16
2007-07-09 09:59:51+00:00,L5,204.12,178.45,184.90,408.56,324.79,230.68,215.43,246.17
2007-07-16 10:05:58+00:00,L5,209.68,173.61,185.24,406.43,326.33,225.13,208.23,234.03
2007-07-17 09:56:19+00:00,L7,202.44,170.29,177.79,,,,205.36,236.05
2007-07-25 09:59:43+00:00,L5,195.53,165.26,155.46,240.83,260.81,183.53,192.34,232.76
2007-08-01 10:05:49+00:00,L5,188.73,168.76,167.44,405.01,244.36,221.93,189.15,222.58
2007-08-02 09:56:15+00:00,L7,204.35,172.60,193.01,,333.87,,200.01,234.76
2007-08-17 10:05:39+00:00,L5,193.47,158.00,143.51,223.97,228.62,168.27,184.27,221.67
2007-09-02 10:05:29+00:00,L5,193.10,166.79,175.82,406.31,310.83,225.17,195.31,223.61
2007-09-18 10:05:23+00:00,L5,197.90,176.63,179.15,408.08,326.36,225.66,199.90,224.90
2007-10-04 10:05:14+00:00,L5,201.11,181.06,187.85,407.83,327.06,217.54,200.08,226.66
2007-10-28 10:02:15+00:00,L7,201.68,196.37,197.91,218.01,337.69,,,
2007-12-24 09:56:28+00:00,L7,,175.02,,188.92,332.99,151.64,193.41,
2008-01-25 09:56:28+00:00,L7,195.59,164.07,,178.50,321.25,149.48,176.41,
2008-02-10 09:56:26+00:00,L7,206.12,169.78,,413.05,342.42,239.83,187.20,
2008-02-17 10:02:35+00:00,L7,,,,,,,,
2008-02-26 09:56:21+00:00,L7,,172.78,,413.06,348.84,229.08,187.65,215.28
2008-03-05 09:56:22+00:00,L5,204.28,164.96,155.02,188.21,179.07,163.86,194.13,226.63
2008-03-13 09:56:16+00:00,L7,199.44,163.51,152.69,175.82,,,,213.79
2008-03-28 10:02:03+00:00,L5,191.04,161.19,151.11,213.95,181.32,159.16,189.43,223.09
2008-04-05 10:02:27+00:00,L7,,,,424.98,252.31,237.79,199.06,218.82
2008-04-06 09:55:39+00:00,L5,203.49,175.55,161.43,393.30,243.86,220.71,197.97,233.49
2008-05-15 10:00:50+00:00,L5,,,,404.80,313.61,222.88,187.52,221.63
2008-06-09 09:53:59+00:00,L5,203.32,163.75,174.25,394.85,261.14,216.65,193.71,232.26
2008-06-16 09:59:58+00:00,L5,196.27,163.61,168.00,409.66,261.48,230.38,203.35,227.30
2008-06-25 09:53:32+00:00,L5,212.46,180.61,188.80,406.73,326.62,229.64,212.58,247.60
2008-07-02 09:59:31+00:00,L5,184.09,145.83,152.74,403.37,246.15,220.87,190.06,224.04
2008-07-11 09:53:05+00:00,L5,199.73,177.32,185.49,404.38,261.21,222.40,199.28,232.53
2008-08-04 09:55:22+00:00,L7,201.43,173.91,,,,,197.86,227.73
2008-09-04 09:57:41+00:00,L5,224.94,188.57,187.24,390.05,327.78,188.51,217.62,258.84
2008-09-28 10:01:05+00:00,L7,,,,,,,,243.40
2008-10-14 10:00:58+00:00,L7,202.46,161.63,,,,,,231.46
2008-11-08 09:55:12+00:00,L7,205.25,189.56,202.43,585.07,344.02,240.56,,
2009-01-11 09:55:48+00:00,L7,,161.28,177.48,174.83,317.07,139.08,174.02,
2009-02-04 09:51:44+00:00,L5,204.22,166.39,171.01,478.68,309.45,187.48,,219.77
2009-02-28 09:56:10+00:00,L7,207.79,182.06,,416.94,,,190.97,
2009-03-07 10:02:24+00:00,L7,,,,,,172.75,189.72,228.54
2009-03-08 09:52:31+00:00,L5,196.60,157.55,150.63,179.88,181.91,161.58,191.43,
2009-03-23 10:02:32+00:00,L7,,,201.93,412.40,348.67,230.44,187.21,219.76
2009-04-16 09:59:31+00:00,L5,193.75,170.29,184.69,402.55,228.06,227.82,186.18,219.79
2009-05-02 09:59:49+00:00,L5,178.01,147.80,152.67,370.55,179.19,204.87,181.99,214.51
2009-05-03 09:56:32+00:00,L7,195.26,176.22,182.15,403.90,320.00,223.64,,
2009-05-11 09:53:49+00:00,L5,206.06,186.72,190.02,416.96,328.72,232.21,214.24,242.08
2009-05-19 09:56:34+00:00,L7,198.15,183.62,193.12,415.53,337.63,212.30,,
2009-06-03 10:00:24+00:00,L5,190.35,158.47,154.65,393.91,244.29,222.08,183.10,219.44
2009-06-04 09:56:34+00:00,L7,200.76,169.10,164.44,240.16,267.16,,,227.62
2009-06-12 09:54:24+00:00,L5,200.28,165.50,162.74,395.22,261.36,224.03,189.39,232.89
2009-06-19 10:00:42+00:00,L5,193.24,157.08,165.33,403.64,245.77,225.69,184.39,226.61
2009-06-27 10:02:42+00:00,L7,,157.98,152.96,384.22,258.72,206.92,184.38,219.45
2009-06-28 09:54:41+00:00,L5,199.96,158.96,158.92,393.49,246.24,220.64,199.66,238.96
2009-07-05 10:00:59+00:00,L5,188.97,153.99,,405.89,246.39,227.77,185.62,223.03
2009-07-21 10:01:15+00:00,L5,191.94,167.22,,406.12,325.29,228.61,191.77,223.20
2009-07-30 09:55:12+00:00,L5,195.33,166.12,184.09,406.88,326.80,228.53,203.02,237.44
2009-08-06 10:01:29+00:00,L5,192.50,156.81,172.41,403.92,326.94,225.33,181.08,215.30
2009-08-15 09:55:27+00:00,L5,199.98,180.08,186.09,409.31,329.64,233.68,199.14,240.19
2009-08-22 10:01:44+00:00,L5,195.56,186.38,186.50,415.46,327.92,231.49,198.72,232.80
2009-08-31 09:55:41+00:00,L5,204.42,184.77,186.62,412.64,327.23,234.65,205.96,236.02
2009-09-07 10:01:58+00:00,L5,195.31,187.27,200.70,420.74,342.66,231.61,198.60,227.98
2009-09-16 09:55:55+00:00,L5,202.64,183.42,174.75,390.33,207.76,234.50,186.95,230.77
2009-10-02 09:56:06+00:00,L5,201.62,186.09,177.34,404.55,310.64,214.41,197.05,222.55
2009-10-26 09:56:27+00:00,L7,200.90,187.13,200.86,202.67,340.89,,,217.43
2009-11-19 09:56:30+00:00,L5,199.09,184.28,196.06,413.61,341.31,244.74,201.91,220.51
2009-12-05 09:56:39+00:00,L5,186.57,174.79,174.68,181.66,308.44,144.41,184.38,
2009-12-12 10:02:54+00:00,L5,183.63,166.26,,207.44,328.28,146.13,187.63,227.15
2010-02-06 10:04:07+00:00,L7,202.09,170.62,170.95,171.81,156.92,156.61,173.70,
2010-02-23 09:57:04+00:00,L5,200.64,167.63,161.05,405.99,164.19,232.43,189.96,208.81
2010-03-02 10:03:15+00:00,L5,,,,388.89,174.28,199.46,197.22,225.26
2010-05-21 10:03:04+00:00,L5,184.76,151.32,157.75,404.68,229.40,219.10,189.15,218.95
2010-05-22 09:58:14+00:00,L7,203.64,187.75,195.56,417.89,319.54,240.37,212.87,250.06
2010-06-06 10:02:59+00:00,L5,206.38,189.83,200.72,423.64,343.06,221.35,218.12,247.15
2010-06-23 09:58:18+00:00,L7,205.95,170.44,178.05,271.45,317.47,,,
2010-06-30 10:04:30+00:00,L7,195.41,161.97,,408.81,220.86,223.00,177.38,
2010-07-08 10:02:50+00:00,L5,193.25,152.69,152.23,392.04,245.45,218.08,177.15,215.37
2010-08-09 10:02:40+00:00,L5,200.98,185.32,200.34,408.03,341.71,231.49,195.75,233.84
2010-09-10 10:02:32+00:00,L5,197.84,156.95,149.29,208.13,183.05,157.24,187.67,218.63
2010-11-06 09:55:56+00:00,L5,209.20,192.11,210.46,423.01,348.09,232.55,203.41,217.29
2010-12-15 10:02:10+00:00,L5,199.12,165.07,170.65,203.71,324.47,134.57,174.20,
2010-12-31 10:02:14+00:00,L5,198.90,163.31,,202.08,329.97,137.94,171.40,216.18
2011-01-16 10:02:15+00:00,L5,194.88,159.79,,191.24,331.06,140.67,173.59,214.95
2011-01-24 10:05:40+00:00,L7,,80.58,,156.38,343.89,140.41,175.16,
2011-01-25 09:56:04+00:00,L5,203.89,166.32,179.34,399.10,328.74,231.52,204.18,
2011-03-05 10:02:15+00:00,L5,191.82,161.40,,413.27,331.35,231.83,195.86,221.38
2011-03-14 09:56:02+00:00,L5,209.70,183.62,183.92,421.66,328.24,232.54,210.37,231.08
2011-03-30 09:55:57+00:00,L5,,,,410.30,227.88,230.35,200.60,224.90
2011-04-06 10:02:07+00:00,L5,196.91,183.84,198.86,425.00,341.76,230.01,206.64,233.10
2011-04-07 09:59:45+00:00,L7,,,202.74,413.64,344.15,227.94,204.75,248.41
2011-05-17 09:55:42+00:00,L5,202.73,175.54,187.72,409.61,293.31,235.14,210.94,247.27
2011-05-24 10:01:50+00:00,L5,183.73,155.19,152.49,394.21,211.98,221.66,186.34,214.11
2011-06-09 10:01:42+00:00,L5,,,,225.31,229.49,161.05,181.74,224.23
2011-08-13 09:59:32+00:00,L7,211.18,182.58,196.13,226.96,338.82,,,246.67
2011-08-20 10:05:42+00:00,L7,,,,,,,,231.03
2011-08-28 10:01:02+00:00,L5,194.91,164.02,149.70,223.16,228.10,176.97,186.48,223.33
2011-08-29 09:59:30+00:00,L7,199.64,178.81,187.77,415.26,333.46,232.44,209.68,244.65
2011-09-06 09:54:45+00:00,L5,195.97,158.98,152.73,386.72,202.78,214.71,192.40,229.78
2011-09-13 10:00:51+00:00,L5,198.47,184.74,184.37,408.18,329.25,235.77,197.66,226.41
2011-09-14 09:59:24+00:00,L7,,,,415.20,286.21,229.46,203.93,234.74
2011-09-22 09:54:31+00:00,L5,203.29,187.72,202.28,410.67,342.75,234.17,210.28,243.87
2011-09-29 10:00:33+00:00,L5,188.49,185.51,185.31,408.73,329.99,235.09,194.47,226.43
2011-09-30 09:59:23+00:00,L7,201.25,192.05,206.94,210.34,348.86,,,223.96
2011-11-24 10:05:59+00:00,L7,198.77,192.06,207.83,414.11,349.85,241.99,,
2011-12-26 10:06:16+00:00,L7,201.59,181.32,,,349.48,,,
2012-01-11 10:06:20+00:00,L7,200.48,168.00,,188.58,344.82,,,
2012-02-21 10:00:16+00:00,L7,201.79,173.62,183.15,409.40,317.30,228.40,197.01,
2012-02-28 10:06:26+00:00,L7,,,,418.21,185.87,240.72,189.50,215.55
2012-04-09 10:00:11+00:00,L7,200.22,164.47,159.23,,,,,231.93
2012-04-25 10:00:26+00:00,L7,201.07,169.30,172.01,,304.30,,194.87,229.90
2012-05-11 10:00:49+00:00,L7,194.80,179.62,206.17,414.33,347.10,238.49,204.60,
2012-08-15 10:01:16+00:00,L7,,,,414.87,271.60,229.92,213.28,250.05
2012-08-22 10:07:31+00:00,L7,198.69,182.32,192.82,417.02,332.93,225.23,202.09,226.69
2012-09-07 10:07:41+00:00,L7,,,,411.97,349.98,235.89,197.11,222.49
2012-09-16 10:01:34+00:00,L7,203.84,196.46,188.10,339.09,332.77,,,
2012-09-23 10:07:50+00:00,L7,195.15,186.60,190.56,205.93,335.74,,,
2012-10-02 10:01:45+00:00,L7,,,,401.46,333.05,225.30,201.12,225.55
2013-01-29 10:08:31+00:00,L7,,,,,,163.65,186.14,
2013-02-14 10:08:31+00:00,L7,,,171.10,381.72,161.99,208.36,188.33,210.70
2013-04-03 10:08:21+00:00,L7,,,,232.69,236.53,173.92,192.09,220.80
2013-06-07 10:08:10+00:00,L8,203.25,184.00,204.54,413.40,340.01,212.44,214.86,234.20
2013-06-14 10:14:18+00:00,L8,212.85,196.87,207.53,414.70,349.38,230.90,237.04,254.75
2013-06-15 10:01:47+00:00,L7,,,,415.74,333.40,212.61,210.80,246.54
2013-06-23 10:08:03+00:00,L8,,,,394.38,241.13,218.28,206.28,244.95
2013-07-09 10:08:07+00:00,L8,202.96,185.41,196.11,413.74,337.62,227.72,212.40,248.98
2013-07-25 10:08:06+00:00,L8,202.72,179.11,198.82,414.12,339.31,213.20,213.15,249.48
2013-08-01 10:14:19+00:00,L8,191.57,156.99,,402.05,238.26,222.27,188.27,216.87
2013-08-02 10:01:23+00:00,L7,201.54,177.87,199.42,417.11,349.31,233.79,211.17,248.27
2013-08-10 10:08:08+00:00,L8,,,,251.84,269.20,168.66,199.69,234.68
2013-08-17 10:14:19+00:00,L8,199.18,170.46,193.46,412.86,339.17,227.25,195.26,222.65
2013-08-18 10:01:27+00:00,L7,,,,413.67,270.22,227.68,206.98,248.24
2013-09-03 10:01:39+00:00,L7,203.15,185.40,206.75,,348.64,,,237.28
2013-09-11 10:08:08+00:00,L8,200.62,176.66,176.30,384.95,306.48,268.26,,
2013-09-19 10:01:49+00:00,L7,202.77,171.58,,,,185.92,194.72,229.34
2013-09-26 10:08:03+00:00,L7,,,,415.44,,,203.70,239.52
2013-09-27 10:08:00+00:00,L8,203.02,203.21,207.38,414.28,349.44,229.31,210.43,242.18
2013-11-06 10:02:16+00:00,L7,,180.83,162.60,193.94,176.81,168.58,207.17,
2013-11-13 10:08:29+00:00,L7,,,199.89,410.95,340.24,229.29,194.77,
2013-11-14 10:07:50+00:00,L8,198.98,192.30,188.67,403.24,335.26,231.12,199.17,215.51
2013-11-29 10:08:36+00:00,L7,,,,421.75,339.51,241.79,200.10,217.10
2013-12-16 10:07:39+00:00,L8,192.96,170.90,203.52,412.98,345.66,232.61,188.75,
2013-12-23 10:13:46+00:00,L8,222.42,176.33,182.52,556.59,320.43,213.16,,
2013-12-31 10:08:45+00:00,L7,,407.39,,,,,220.27,280.52
2014-01-09 10:02:34+00:00,L7,196.93,169.07,,410.67,349.35,236.82,,
2014-01-16 10:08:55+00:00,L7,,,,211.58,275.26,155.13,174.23,217.68
2014-01-25 10:02:54+00:00,L7,,,,,157.03,148.01,178.83,
2014-02-09 10:13:15+00:00,L8,196.05,169.54,161.75,394.47,307.91,188.62,,216.58
2014-03-06 10:06:42+00:00,L8,195.31,174.14,180.77,408.27,319.11,226.22,199.05,216.57
2014-03-13 10:12:50+00:00,L8,202.32,191.82,207.14,414.69,349.16,228.71,197.84,222.41
2014-03-14 10:02:59+00:00,L7,203.48,183.10,189.28,,320.65,,206.14,238.24
2014-03-21 10:09:13+00:00,L7,193.97,183.45,192.51,194.63,332.70,,,
2014-03-22 10:06:31+00:00,L8,199.52,179.83,200.31,411.90,340.14,228.71,202.10,226.02
2014-04-07 10:06:16+00:00,L8,201.49,184.59,191.47,402.09,324.34,226.25,204.18,231.73
2014-04-14 10:12:18+00:00,L8,193.10,196.47,190.00,413.43,332.69,225.58,199.05,220.92
2014-05-08 10:09:33+00:00,L7,205.27,187.15,,,,,,244.42
2014-05-09 10:05:44+00:00,L8,204.36,196.37,206.93,413.92,348.85,227.78,214.10,249.80
2014-05-17 10:03:28+00:00,L7,,,197.37,415.14,333.44,213.08,210.55,247.69
2014-05-24 10:09:41+00:00,L7,194.41,171.44,172.03,,,,,
2014-06-01 10:11:55+00:00,L8,,,,388.14,238.89,219.99,189.38,218.18
2014-06-09 10:09:43+00:00,L7,188.87,162.62,186.76,,318.77,,,
2014-06-10 10:05:49+00:00,L8,205.59,193.96,200.71,413.75,338.77,212.92,219.89,249.35
2014-07-03 10:12:06+00:00,L8,199.32,160.23,175.13,397.54,252.32,209.03,210.87,228.60
2014-07-12 10:06:00+00:00,L8,,,,382.75,241.45,212.38,201.45,242.32
2014-07-19 10:12:11+00:00,L8,199.39,170.03,184.77,401.79,334.28,221.66,202.88,225.47
2014-07-27 10:09:55+00:00,L7,,,,,,,,225.26
2014-07-28 10:06:03+00:00,L8,198.25,166.39,172.49,404.06,268.30,222.75,205.01,231.76
2014-08-04 10:12:19+00:00,L8,192.84,156.51,160.19,393.70,237.15,208.09,186.49,217.51
2014-08-21 10:03:46+00:00,L7,201.25,176.92,181.56,412.18,317.74,213.11,,
2014-08-29 10:06:12+00:00,L8,203.79,190.20,203.51,413.84,342.89,232.44,207.61,243.43
2014-09-05 10:12:26+00:00,L8,200.07,190.45,193.22,413.72,337.77,226.77,199.10,224.09
2014-09-13 10:09:57+00:00,L7,194.90,178.93,179.73,,,,,
2014-09-14 10:06:16+00:00,L8,203.30,203.26,200.60,413.33,341.45,230.63,211.05,240.92
2014-10-07 10:12:30+00:00,L8,198.15,192.29,187.31,413.43,328.39,223.97,205.22,219.09
2014-10-08 10:04:04+00:00,L7,,197.79,207.25,419.51,349.21,236.11,207.71,238.00
2014-10-24 10:04:13+00:00,L7,,178.54,177.30,382.60,186.60,212.13,201.52,
2014-10-31 10:10:28+00:00,L7,206.17,214.66,213.09,415.05,352.56,239.56,199.80,224.06
2014-11-01 10:06:19+00:00,L8,202.42,203.15,208.30,413.72,350.62,232.74,208.95,225.57
2014-11-08 10:12:33+00:00,L8,204.85,189.32,177.09,397.37,305.66,220.73,208.68,222.65
2014-11-16 10:10:33+00:00,L7,,,,,174.71,143.03,,
2014-12-02 10:10:41+00:00,L7,,,,,,,,
2014-12-11 10:04:33+00:00,L7,,,,,168.72,148.89,196.17,
2014-12-18 10:10:50+00:00,L7,,,,207.97,274.18,152.55,188.00,
2015-01-04 10:06:10+00:00,L8,200.49,170.74,177.23,196.83,302.66,146.32,179.46,
2015-01-11 10:12:22+00:00,L8,199.04,156.52,166.87,470.95,165.03,172.77,,367.83
2015-01-12 10:04:42+00:00,L7,195.00,171.73,168.42,186.38,173.22,158.44,187.42,
2015-01-28 10:04:46+00:00,L7,,,,,145.52,152.76,181.29,214.84
2015-02-12 10:12:08+00:00,L8,200.75,173.08,,414.46,344.89,226.62,193.97,216.62
2015-03-17 10:05:07+00:00,L7,,193.18,192.03,414.83,332.97,231.15,210.13,246.13
2015-04-01 10:11:43+00:00,L8,205.44,170.41,162.28,252.20,268.38,167.91,209.35,240.79
2015-04-02 10:05:13+00:00,L7,201.92,162.48,155.52,190.40,194.75,164.93,195.04,227.80
2015-04-09 10:11:29+00:00,L7,203.48,200.08,207.94,414.96,350.96,228.09,198.24,
2015-04-10 10:05:30+00:00,L8,203.37,192.98,208.03,414.40,350.07,231.89,208.05,241.75
2015-04-25 10:11:35+00:00,L7,,,,417.12,273.40,228.59,201.58,228.41
2015-05-03 10:11:30+00:00,L8,194.95,178.93,197.39,414.61,343.13,226.60,201.71,223.21
2015-05-11 10:11:43+00:00,L7,204.10,180.74,192.91,270.82,333.39,,,
2015-05-12 10:05:10+00:00,L8,202.78,184.91,207.15,413.95,349.23,227.31,213.35,248.49
2015-05-19 10:11:21+00:00,L8,193.31,158.83,176.44,399.02,320.09,222.39,202.08,217.91
2015-05-27 10:11:47+00:00,L7,,166.91,161.19,233.69,253.03,172.23,189.97,229.92
2015-05-28 10:05:12+00:00,L8,205.25,175.27,182.86,397.71,302.03,212.73,208.10,241.28
2015-06-05 10:05:41+00:00,L7,207.65,182.95,199.15,400.47,348.61,236.89,,
2015-06-21 10:05:44+00:00,L7,,,,378.00,240.19,190.20,192.88,237.62
2015-06-28 10:11:56+00:00,L7,,,,412.18,240.42,223.30,190.23,218.88
2015-06-29 10:05:31+00:00,L8,201.41,175.04,192.09,414.21,317.96,212.93,211.56,247.61
2015-07-07 10:05:50+00:00,L7,203.61,176.47,,412.17,,218.43,207.48,232.68
2015-07-14 10:12:03+00:00,L7,,,,385.27,236.79,208.29,186.69,219.44
2015-07-15 10:05:41+00:00,L8,202.84,173.16,185.67,412.03,318.01,225.94,211.45,247.25
2015-07-22 10:11:54+00:00,L8,198.31,170.34,192.10,402.05,323.77,226.30,198.46,223.94
2015-07-31 10:05:45+00:00,L8,200.79,166.89,171.78,396.11,268.73,226.23,201.07,239.57
2015-08-07 10:11:56+00:00,L8,198.05,171.48,,408.64,333.15,223.41,194.60,224.53
2015-08-08 10:05:57+00:00,L7,201.57,185.48,190.00,414.65,335.13,236.85,206.96,243.82
2015-08-16 10:05:51+00:00,L8,201.40,171.70,166.61,381.76,253.66,210.74,199.54,231.49
2015-08-23 10:12:05+00:00,L8,201.71,180.29,194.68,413.23,320.63,223.35,199.25,232.90
2015-08-31 10:12:09+00:00,L7,206.16,201.66,,,,,,
2015-09-01 10:05:56+00:00,L8,,,,,,,,
2015-09-08 10:12:11+00:00,L8,200.24,188.15,203.61,413.37,334.67,225.71,201.58,225.38
2015-09-24 10:12:18+00:00,L8,,,,283.85,239.92,171.34,201.12,218.77
2015-09-25 10:06:06+00:00,L7,199.67,182.69,176.26,383.25,253.37,212.57,,
2015-10-02 10:12:14+00:00,L7,201.35,194.30,178.80,220.72,316.64,,,
2015-10-03 10:06:09+00:00,L8,201.48,194.11,206.67,412.56,349.15,229.15,205.58,229.52
2015-10-11 10:06:15+00:00,L7,203.17,178.01,176.85,,,,199.39,221.85
2015-10-18 10:12:34+00:00,L7,,209.66,208.76,414.80,350.77,236.49,199.25,234.39
2015-10-19 10:06:10+00:00,L8,201.80,203.62,207.01,404.52,348.98,229.95,207.22,
2015-11-19 10:13:05+00:00,L7,,,,413.88,174.87,237.78,205.64,
2015-11-20 10:06:16+00:00,L8,199.84,176.62,174.85,233.02,303.42,175.87,212.23,218.26
2015-12-13 10:12:26+00:00,L8,226.97,188.51,,412.84,430.95,223.76,218.15,254.01
2015-12-21 10:13:35+00:00,L7,196.65,180.37,207.83,217.60,350.11,,,
2015-12-22 10:06:16+00:00,L8,195.27,173.29,200.83,408.27,349.67,232.10,177.48,
2016-01-14 10:12:24+00:00,L8,194.94,170.01,178.77,397.97,318.60,208.75,187.66,225.39
2016-02-08 10:06:08+00:00,L8,198.39,169.47,166.70,384.01,304.25,207.27,185.38,
2016-02-16 10:08:00+00:00,L7,,153.64,147.19,172.01,157.10,163.13,197.35,
2016-02-23 10:14:11+00:00,L7,196.26,171.11,,,,,,
2016-03-03 10:08:07+00:00,L7,199.69,158.38,156.34,232.98,268.36,158.80,202.80,255.55
2016-03-10 10:14:22+00:00,L7,,198.33,206.93,413.55,348.75,213.85,189.73,219.56
2016-03-11 10:05:59+00:00,L8,200.34,179.41,184.41,409.85,319.50,224.87,199.30,221.03
2016-03-18 10:12:07+00:00,L8,201.54,183.38,207.42,414.16,349.39,228.63,199.83,220.33
2016-03-19 10:08:15+00:00,L7,,,,435.54,289.25,267.00,228.60,252.57
2016-03-26 10:14:28+00:00,L7,202.18,181.52,177.24,396.09,317.95,187.12,199.00,233.87
2016-04-11 10:14:33+00:00,L7,,,,418.37,,229.28,208.86,242.00
2016-04-12 10:05:44+00:00,L8,199.23,175.23,191.88,406.49,318.95,222.08,207.86,241.55
2016-04-19 10:11:52+00:00,L8,196.68,173.91,167.24,383.05,268.67,208.98,194.10,215.93
2016-04-20 10:08:26+00:00,L7,212.94,193.57,208.68,,351.76,,209.26,247.82
2016-05-05 10:11:55+00:00,L8,198.52,191.92,191.52,410.61,333.91,224.93,214.66,225.11
2016-05-21 10:11:55+00:00,L8,193.82,160.05,172.74,399.31,238.68,221.42,192.35,214.39
2016-05-22 10:08:34+00:00,L7,211.99,194.32,207.46,322.30,349.61,,,
2016-05-30 10:05:47+00:00,L8,203.06,167.84,165.46,398.74,268.65,220.58,203.58,234.11
2016-06-06 10:11:59+00:00,L8,180.55,157.31,,397.21,252.17,221.03,188.45,215.21
2016-06-07 10:08:39+00:00,L7,,,,404.57,318.88,222.55,207.91,244.56
2016-06-15 10:05:50+00:00,L8,204.97,175.49,179.59,407.21,270.26,224.02,207.55,249.81
2016-06-22 10:12:04+00:00,L8,190.52,156.34,,400.53,238.39,221.98,,217.49
2016-06-23 10:08:42+00:00,L7,208.05,,,415.00,,212.44,213.84,245.91
2016-06-30 10:14:52+00:00,L7,,162.44,158.99,404.40,252.51,220.69,187.61,222.20
2016-07-01 10:05:59+00:00,L8,202.58,175.65,192.15,411.81,317.69,223.09,212.55,239.43
2016-07-08 10:12:13+00:00,L8,194.38,157.95,,397.93,237.59,220.83,189.41,217.53
2016-07-09 10:08:41+00:00,L7,,180.78,185.14,413.22,333.54,216.70,212.47,247.85
2016-07-17 10:06:06+00:00,L8,205.35,181.58,201.23,415.22,349.04,236.62,211.28,248.67
2016-07-25 10:08:44+00:00,L7,,,178.48,399.81,317.81,222.45,202.38,235.49
2016-08-01 10:14:55+00:00,L7,195.64,166.66,148.84,,,,,
2016-08-02 10:06:09+00:00,L8,200.62,169.02,162.84,383.90,268.81,218.28,206.11,240.99
2016-08-09 10:12:20+00:00,L8,198.86,172.26,190.72,411.03,320.39,222.88,193.61,220.22
2016-08-17 10:14:56+00:00,L7,201.95,,,,,,,234.07
2016-08-18 10:06:13+00:00,L8,202.55,190.91,194.73,413.04,336.54,214.75,211.35,247.26
2016-08-25 10:12:27+00:00,L8,202.96,202.34,207.06,414.23,349.02,218.02,205.99,229.27
2016-08-26 10:08:48+00:00,L7,,,207.73,415.94,350.27,234.62,214.27,249.43
2016-09-03 10:06:20+00:00,L8,203.35,197.93,207.51,413.65,349.56,230.88,207.12,241.11
2016-09-10 10:12:32+00:00,L8,198.23,193.20,191.76,411.57,334.55,223.18,193.93,218.28
2016-09-11 10:08:50+00:00,L7,,,198.55,411.99,340.84,225.17,206.32,236.03
2016-09-19 10:06:22+00:00,L8,202.32,174.76,166.72,286.57,268.84,176.28,205.58,237.14
2016-10-04 10:15:04+00:00,L7,200.51,197.96,,,,,,233.61
2016-10-05 10:06:24+00:00,L8,202.69,204.73,207.94,413.80,349.94,229.72,209.18,230.79
2016-10-12 10:12:38+00:00,L8,199.06,195.48,207.02,414.49,349.04,227.14,212.71,224.23
2016-10-28 10:12:40+00:00,L8,198.66,203.53,199.65,414.72,344.93,226.50,208.40,222.12
2016-10-29 10:08:49+00:00,L7,209.92,209.36,206.81,,336.95,,205.25,
2016-11-30 10:08:38+00:00,L7,,,,413.42,308.31,233.88,200.47,217.45
2016-12-07 10:14:48+00:00,L7,198.79,195.23,,417.09,351.47,239.97,,
2016-12-08 10:06:26+00:00,L8,198.72,186.46,208.02,412.63,350.54,232.50,194.33,
2016-12-15 10:12:35+00:00,L8,195.23,176.09,189.12,414.87,339.67,225.16,203.89,220.21
2016-12-24 10:06:22+00:00,L8,196.20,162.92,,179.78,318.95,162.59,192.91,199.60
2016-12-31 10:12:32+00:00,L8,196.61,172.43,190.58,204.59,340.04,140.10,184.34,216.14
2017-01-17 10:08:15+00:00,L7,,,173.40,217.95,164.01,196.20,192.22,
2017-01-24 10:14:21+00:00,L7,203.49,173.83,190.16,405.90,319.01,237.54,187.39,
2017-02-01 10:12:21+00:00,L8,201.64,172.41,,413.06,344.62,223.80,187.65,216.73
2017-02-10 10:06:05+00:00,L8,201.85,174.23,189.73,412.94,336.65,223.68,195.51,
2017-02-17 10:12:14+00:00,L8,199.86,172.07,199.97,413.51,348.39,225.11,188.88,215.63
2017-02-26 10:06:00+00:00,L8,201.21,178.53,,408.54,318.61,225.86,194.90,214.15
2017-03-14 10:05:52+00:00,L8,202.66,188.44,199.70,412.16,349.32,214.68,202.43,229.72
2017-03-29 10:14:33+00:00,L7,202.70,200.49,207.07,265.41,349.32,,,
2017-03-30 10:05:43+00:00,L8,201.57,195.10,196.85,412.77,343.06,229.65,210.94,245.73
2017-04-07 10:08:25+00:00,L7,202.18,189.92,207.89,421.91,350.23,237.18,,
2017-04-22 10:11:41+00:00,L8,198.64,183.14,202.18,411.58,342.32,223.10,198.66,232.92
2017-04-23 10:08:32+00:00,L7,205.61,192.16,192.92,,,,204.07,241.57
2017-04-30 10:14:45+00:00,L7,,,,415.36,,236.92,,235.83
2017-05-16 10:14:48+00:00,L7,,,190.06,399.08,332.75,220.84,192.10,220.84
2017-05-17 10:05:35+00:00,L8,204.88,197.15,207.18,414.62,349.38,213.58,215.17,248.61
2017-06-02 10:05:45+00:00,L8,205.55,178.54,205.29,413.56,348.65,214.60,215.92,249.37
2017-06-09 10:11:59+00:00,L8,190.56,158.83,,406.86,317.68,223.09,199.20,214.80
2017-06-18 10:05:51+00:00,L8,206.44,180.88,196.37,414.78,332.77,228.71,218.14,251.83
2017-06-25 10:12:04+00:00,L8,193.19,158.97,154.16,396.96,213.49,209.73,205.87,230.43
2017-06-26 10:08:47+00:00,L7,207.15,171.36,,389.75,,,205.57,243.67
2017-07-03 10:14:58+00:00,L7,,,,,,,188.18,233.44
2017-07-04 10:05:55+00:00,L8,204.69,172.30,178.10,406.51,300.49,226.39,210.11,250.15
2017-07-11 10:12:07+00:00,L8,193.88,152.67,160.33,399.22,237.35,221.29,189.57,215.21
2017-07-12 10:08:48+00:00,L7,205.48,178.54,202.82,378.70,348.85,193.92,,
2017-07-19 10:14:58+00:00,L7,,,192.26,414.49,333.25,223.18,199.55,230.64
2017-07-20 10:06:00+00:00,L8,202.49,175.42,188.77,414.01,318.83,213.14,212.98,248.27
2017-08-04 10:14:56+00:00,L7,203.27,186.97,195.97,397.54,333.66,212.35,,
2017-08-05 10:06:07+00:00,L8,201.95,170.26,192.13,267.61,333.97,,,
2017-08-13 10:08:44+00:00,L7,201.52,173.57,174.91,236.13,269.61,,,239.51
2017-08-21 10:06:12+00:00,L8,201.60,177.92,177.78,409.79,318.61,223.98,205.69,239.16
2017-08-29 10:08:45+00:00,L7,203.00,194.79,198.66,415.73,339.44,212.55,214.41,249.39
2017-09-05 10:14:55+00:00,L7,,,,419.47,,245.95,210.08,244.25
2017-09-14 10:08:43+00:00,L7,192.84,187.27,191.97,415.16,327.64,235.76,211.91,242.30
2017-09-21 10:14:53+00:00,L7,,,,411.56,322.77,237.12,202.05,228.07
2017-09-22 10:06:18+00:00,L8,203.32,203.89,207.24,412.89,349.24,231.63,213.32,241.66
2017-09-29 10:12:32+00:00,L8,202.38,202.84,206.88,414.85,348.80,230.61,206.74,227.13
2017-09-30 10:08:44+00:00,L7,,,,414.72,337.11,231.11,207.70,245.59
2017-10-07 10:14:55+00:00,L7,,184.51,176.64,208.49,301.99,177.49,203.49,238.96
2017-10-08 10:06:24+00:00,L8,242.64,157.44,161.80,407.99,202.41,222.05,199.82,218.50
2017-10-15 10:12:36+00:00,L8,199.50,203.76,204.95,414.59,347.56,227.70,209.22,221.71
2017-10-16 10:08:46+00:00,L7,,,,405.35,335.93,223.99,199.27,221.45
2017-10-24 10:06:26+00:00,L8,201.95,176.30,168.23,382.83,302.48,212.50,205.12,
2017-10-31 10:12:37+00:00,L8,197.88,194.21,186.73,412.55,319.48,223.52,205.80,221.28
2017-11-01 10:08:46+00:00,L7,199.84,203.77,206.75,416.44,348.65,244.01,209.67,
2017-11-16 10:12:33+00:00,L8,202.18,195.06,206.25,413.61,349.13,226.44,204.02,220.15
2017-11-17 10:08:43+00:00,L7,,,,,546.42,,,
2017-11-24 10:14:51+00:00,L7,,,,,,,209.97,
2017-12-03 10:08:36+00:00,L7,196.64,176.03,175.94,217.71,174.28,196.36,202.20,225.50
2018-01-04 10:08:15+00:00,L7,194.81,168.17,178.45,189.62,320.06,143.98,192.88,
2018-01-20 10:08:01+00:00,L7,203.55,175.60,175.78,186.38,170.44,158.97,,
2018-01-27 10:14:05+00:00,L7,214.49,192.13,181.32,,318.25,,,
2018-01-28 10:06:03+00:00,L8,198.66,173.32,200.56,183.01,349.59,157.67,177.02,
2018-02-04 10:12:10+00:00,L8,195.27,172.48,173.20,398.47,303.58,209.04,189.12,216.52
2018-03-09 10:07:24+00:00,L7,210.28,187.36,,412.32,,,206.61,234.28
2018-04-01 10:13:17+00:00,L7,195.83,170.65,159.87,,,,,
2018-04-02 10:05:34+00:00,L8,202.48,174.68,186.21,411.95,320.10,229.41,206.01,240.20
2018-04-18 10:05:25+00:00,L8,200.82,173.50,190.58,408.26,317.46,223.56,199.64,232.45
2018-05-12 10:06:23+00:00,L7,202.63,193.69,196.36,422.73,340.76,239.75,223.41,253.04
2018-05-19 10:12:28+00:00,L7,,,,418.49,,237.47,201.57,223.47
2018-05-20 10:05:05+00:00,L8,198.42,176.72,196.11,402.51,334.67,225.80,210.02,248.29
2018-06-05 10:04:54+00:00,L8,204.44,170.71,178.57,404.19,316.49,212.78,211.63,246.26
2018-06-12 10:11:10+00:00,L8,180.45,156.88,,384.16,237.92,209.20,193.46,214.75
2018-06-21 10:05:05+00:00,L8,207.42,191.97,207.02,414.91,348.99,212.88,220.14,250.59
2018-06-29 10:05:34+00:00,L7,,,,412.38,269.18,226.34,207.42,239.05
2018-07-07 10:05:14+00:00,L8,200.45,165.15,165.88,394.64,268.68,217.85,200.62,233.58
2018-07-15 10:05:15+00:00,L7,200.95,171.28,174.76,404.82,284.19,221.52,205.41,244.17
2018-07-22 10:11:19+00:00,L7,,,,383.84,256.92,207.11,188.49,221.77
2018-07-23 10:05:21+00:00,L8,200.57,164.11,162.77,382.13,268.63,211.35,198.47,234.37
2018-07-30 10:11:35+00:00,L8,184.99,153.91,,409.67,320.70,222.63,,214.47
2018-07-31 10:04:59+00:00,L7,,,,412.01,239.88,212.65,197.17,225.59
2018-08-07 10:11:02+00:00,L7,,185.43,,421.75,349.97,214.16,204.34,234.43
2018-08-08 10:05:30+00:00,L8,203.26,193.46,199.83,413.56,347.59,214.76,211.53,245.96
2018-08-23 10:10:43+00:00,L7,,,,414.38,289.37,227.16,192.25,224.21
2018-08-24 10:05:38+00:00,L8,199.92,176.49,192.00,561.11,332.77,226.67,,
2018-08-31 10:11:52+00:00,L8,194.72,174.39,180.69,401.27,318.88,221.37,195.12,220.80
2018-09-08 10:10:23+00:00,L7,198.21,181.89,181.36,413.54,265.64,235.88,195.88,
2018-09-09 10:05:44+00:00,L8,203.37,200.65,204.55,411.98,343.58,227.41,213.13,243.59
2018-09-16 10:11:56+00:00,L8,203.55,198.78,192.19,413.87,336.51,224.54,209.20,229.86
2018-09-24 10:10:01+00:00,L7,,,,229.45,208.91,,,
2018-10-02 10:12:03+00:00,L8,198.97,173.73,162.83,232.04,302.64,167.52,200.56,221.62
2018-10-11 10:05:57+00:00,L8,200.74,201.20,198.93,412.46,334.95,225.65,209.34,223.74
2018-10-19 10:03:14+00:00,L7,,,,413.25,293.64,225.31,200.50,216.84
2018-11-11 10:08:55+00:00,L7,,,,432.75,295.69,241.90,197.30,220.25
2018-11-20 10:02:31+00:00,L7,200.81,178.64,174.59,,,,204.46,
2018-11-28 10:06:03+00:00,L8,198.23,175.76,181.58,396.22,319.85,222.45,201.75,216.27
2018-12-05 10:12:13+00:00,L8,202.10,181.31,186.04,401.55,332.60,215.99,207.01,217.60
2019-01-15 10:05:58+00:00,L8,200.24,172.88,174.87,186.96,306.01,147.57,175.60,
2019-01-22 10:12:07+00:00,L8,227.85,178.54,178.54,278.08,317.17,175.37,226.45,262.37
2019-02-07 10:12:04+00:00,L8,,,205.32,269.04,347.60,,,
2019-02-15 10:06:08+00:00,L7,195.92,177.29,,182.35,349.62,,,
2019-02-16 10:05:52+00:00,L8,195.07,182.59,,412.49,350.12,229.35,192.91,215.02
2019-02-23 10:12:01+00:00,L8,204.18,182.24,191.48,225.15,341.07,71.16,,206.31
2019-02-24 09:59:41+00:00,L7,,,193.01,417.64,339.58,231.09,197.88,
2019-03-03 10:05:38+00:00,L7,,,,,,,,222.38
2019-03-12 09:59:10+00:00,L7,200.49,168.18,162.18,304.62,187.53,170.72,202.05,228.04
2019-03-20 10:05:43+00:00,L8,201.81,176.79,190.28,413.85,333.89,229.61,200.43,227.98
2019-03-27 10:11:52+00:00,L8,194.88,175.87,195.67,413.58,320.33,223.53,198.46,217.23
2019-03-28 09:58:38+00:00,L7,203.33,188.54,,,350.55,,203.73,244.47
2019-04-28 10:11:43+00:00,L8,,,,231.07,240.83,175.22,,233.10
2019-05-07 10:05:37+00:00,L8,201.78,174.14,178.85,394.58,316.52,222.04,201.25,238.09
2019-05-22 10:02:46+00:00,L7,194.49,157.66,170.39,235.42,,,,
2019-05-23 10:05:47+00:00,L8,203.90,182.89,194.73,412.28,319.35,227.09,213.16,233.53
2019-05-31 09:56:16+00:00,L7,204.42,,,393.30,199.17,216.46,192.54,224.98
2019-06-15 10:12:08+00:00,L8,,,,383.90,237.74,208.73,,217.07
2019-06-16 09:55:42+00:00,L7,,,,400.83,254.68,222.82,199.13,232.73
2019-06-24 10:06:00+00:00,L8,202.06,170.87,187.91,411.94,320.45,222.10,215.67,247.92
2019-07-02 09:55:06+00:00,L7,,167.94,192.86,414.61,318.53,229.28,205.77,244.97
2019-07-25 10:00:23+00:00,L7,,,,412.91,328.34,218.73,202.92,241.50
2019-07-26 10:06:09+00:00,L8,204.00,187.41,206.72,415.00,348.99,235.86,213.10,249.42
2019-08-02 10:12:22+00:00,L8,189.14,158.52,,401.18,318.51,220.28,190.18,219.29
2019-08-03 09:53:50+00:00,L7,195.13,166.75,162.30,,,,196.95,227.20
2019-08-10 09:59:43+00:00,L7,199.54,174.10,185.11,412.71,316.97,224.83,,
2019-08-11 10:06:15+00:00,L8,202.33,175.58,192.62,412.11,318.16,222.80,203.62,233.86
2019-08-18 10:12:28+00:00,L8,199.47,180.53,206.73,413.22,349.14,223.88,199.80,229.23
2019-08-19 09:53:10+00:00,L7,,,,412.21,321.92,215.82,195.79,241.07
2019-08-26 09:59:03+00:00,L7,203.14,193.59,,252.00,340.17,,,
2019-08-27 10:06:19+00:00,L8,202.50,192.37,191.90,410.24,333.94,223.74,211.09,241.67
2019-09-03 10:12:31+00:00,L8,,,,,238.64,172.01,193.59,222.40
2019-09-04 09:52:29+00:00,L7,202.94,180.96,189.77,412.60,332.63,214.12,204.69,240.42
2019-09-12 10:06:23+00:00,L8,202.57,196.62,206.75,413.55,348.78,215.61,207.70,241.82
2019-09-19 10:12:37+00:00,L8,195.73,190.64,188.16,412.65,334.05,222.72,191.34,221.20
2019-09-20 09:51:46+00:00,L7,,,196.13,414.32,332.66,225.93,193.21,223.70
2019-09-27 09:57:39+00:00,L7,,196.39,246.37,,398.63,,,
2019-10-05 10:12:41+00:00,L8,200.73,178.84,177.98,393.52,302.99,213.97,199.81,218.90
2019-10-14 10:06:31+00:00,L8,202.53,201.99,207.26,412.86,349.34,228.58,205.86,224.45
2019-10-21 10:12:42+00:00,L8,204.67,188.05,187.74,402.12,319.42,221.72,210.27,229.89
2019-11-06 10:12:41+00:00,L8,,,,451.51,567.06,,,
2019-11-14 09:55:35+00:00,L7,,184.34,182.53,394.40,318.99,207.60,,216.98
2019-11-30 09:54:49+00:00,L7,196.53,172.59,,179.01,304.72,,,
2019-12-09 09:48:11+00:00,L7,195.39,166.08,172.60,197.84,318.58,167.41,196.13,
2019-12-25 09:47:22+00:00,L7,194.47,168.09,168.24,173.69,154.88,146.15,,
2020-01-01 09:53:11+00:00,L7,196.93,,,,,,,
2020-01-02 10:06:21+00:00,L8,199.80,175.36,206.86,406.00,348.79,250.12,212.00,
2020-01-09 10:12:30+00:00,L8,193.95,173.44,,203.32,345.39,140.63,175.85,216.66
2020-01-10 09:46:33+00:00,L7,,154.55,157.64,175.12,134.89,140.03,,
2020-01-17 09:52:23+00:00,L7,,170.39,174.51,174.55,330.44,137.94,,209.54
2020-01-26 09:45:46+00:00,L7,200.65,,,,145.74,139.28,171.53,
2020-02-27 09:44:06+00:00,L7,,,149.03,185.67,153.28,198.66,178.26,214.40
2020-03-13 10:12:11+00:00,L8,199.92,175.28,192.53,413.92,332.95,221.79,194.22,216.66
2020-03-29 10:12:02+00:00,L8,200.82,181.71,201.72,413.37,340.36,222.88,199.27,223.55
2020-04-06 09:48:08+00:00,L7,,,,398.85,,221.75,188.81,217.63
2020-04-07 10:05:47+00:00,L8,198.60,195.96,206.87,413.41,348.79,229.32,204.04,232.42
2020-04-14 10:11:55+00:00,L8,201.66,182.03,194.84,412.28,334.40,222.97,201.05,226.77
2020-04-15 09:41:26+00:00,L7,203.67,172.30,206.49,390.41,349.92,221.40,,
2020-04-23 10:05:40+00:00,L8,201.46,172.77,174.85,407.41,317.29,225.12,205.11,235.46
2020-05-17 09:39:30+00:00,L7,,,175.20,401.27,265.63,211.66,197.68,230.20
2020-05-25 10:05:35+00:00,L8,203.50,172.89,180.80,406.85,270.86,213.24,209.49,245.70
2020-06-18 09:37:37+00:00,L7,199.32,167.02,159.26,404.62,268.94,225.68,196.15,
2020-06-25 09:43:23+00:00,L7,189.28,152.00,141.04,,,,,
2020-06-26 10:05:52+00:00,L8,206.95,181.12,206.96,415.26,348.95,220.64,214.26,251.98
2020-07-11 09:42:25+00:00,L7,,,,,,,,
2020-07-12 10:05:59+00:00,L8,200.69,171.93,171.36,396.70,255.81,210.59,199.87,233.29
2020-07-19 10:12:12+00:00,L8,182.75,153.01,163.13,404.13,191.27,221.52,,214.10
2020-07-20 09:35:41+00:00,L7,200.52,159.26,161.56,413.34,268.06,238.31,191.37,240.68
2020-07-27 09:41:26+00:00,L7,,,,,,,,
2020-07-28 10:06:04+00:00,L8,203.33,178.43,192.55,413.43,332.75,212.71,211.98,246.45
2020-08-05 09:34:41+00:00,L7,,157.50,150.31,375.64,237.05,184.64,193.46,234.43
2020-08-12 09:40:25+00:00,L7,,,,,,,,
2020-08-13 10:06:07+00:00,L8,203.61,183.59,192.51,412.40,319.58,223.68,208.60,245.00
2020-08-20 10:12:22+00:00,L8,203.23,190.74,207.32,414.84,349.45,230.71,201.53,230.02
2020-08-21 09:33:40+00:00,L7,199.96,168.92,175.98,412.91,318.26,224.04,,
2020-08-28 09:39:23+00:00,L7,,,,412.33,,226.08,182.38,221.20
2020-08-29 10:06:16+00:00,L8,202.31,173.52,182.06,412.85,319.41,223.23,202.46,235.14
2020-09-05 10:12:30+00:00,L8,202.00,201.70,206.78,413.80,348.68,229.72,206.74,228.83
2020-09-06 09:32:37+00:00,L7,202.44,164.91,,415.89,320.70,239.42,195.25,236.07
2020-09-13 09:38:20+00:00,L7,201.45,166.98,,402.06,345.29,222.80,177.37,
2020-09-14 10:06:22+00:00,L8,199.90,198.13,206.93,412.86,348.87,229.32,202.78,229.15
2020-09-21 10:12:35+00:00,L8,199.55,191.10,191.49,411.70,332.87,225.12,198.70,223.08
2020-09-22 09:31:33+00:00,L7,,,,,131.48,174.60,203.41,245.06
2020-09-30 10:06:26+00:00,L8,200.43,190.86,200.17,410.58,341.43,229.72,207.61,239.19
2020-10-08 09:30:33+00:00,L7,201.91,170.78,163.80,375.93,182.79,183.46,,
2020-10-23 10:12:39+00:00,L8,202.23,192.24,189.40,411.90,332.70,209.50,203.00,232.06
2020-10-24 09:29:30+00:00,L7,198.45,167.46,175.50,405.41,318.79,225.57,183.82,
2020-11-01 10:06:27+00:00,L8,201.00,202.57,208.40,412.82,350.61,225.52,206.90,217.94
2020-11-08 10:12:36+00:00,L8,200.19,192.22,191.82,414.15,341.63,225.94,204.05,217.40
2020-12-27 09:24:56+00:00,L7,,161.27,153.77,161.97,196.72,181.82,,
2021-01-04 10:06:23+00:00,L8,200.29,194.91,208.50,,343.44,304.09,,
2021-01-20 10:06:16+00:00,L8,198.42,171.27,194.02,402.56,334.65,222.67,179.23,
2021-02-05 10:06:15+00:00,L8,202.87,179.14,194.82,403.81,334.25,221.46,202.09,232.69
2021-02-12 10:12:24+00:00,L8,242.59,255.24,176.07,230.04,221.60,157.95,,251.79
2021-02-21 10:06:10+00:00,L8,200.98,177.57,202.61,412.82,349.43,230.77,189.58,213.25
2021-03-01 09:20:16+00:00,L7,203.95,168.62,161.75,175.79,143.26,144.63,180.16,
2021-03-16 10:12:09+00:00,L8,201.24,170.28,162.82,217.99,268.74,171.78,191.61,226.22
2021-03-25 10:05:56+00:00,L8,200.87,196.24,206.33,412.59,347.85,228.39,203.91,226.83
2021-04-01 10:12:05+00:00,L8,198.71,196.52,207.38,415.11,349.48,228.59,200.11,226.47
2021-04-02 09:17:43+00:00,L7,197.95,157.07,158.14,413.05,166.59,229.65,183.18,229.20
2021-04-17 10:11:59+00:00,L8,200.67,195.21,191.58,410.21,335.77,224.20,211.52,229.47
2021-04-26 10:05:43+00:00,L8,202.91,176.70,189.80,396.04,319.09,219.77,208.27,245.01
2021-05-03 10:11:50+00:00,L8,190.24,157.77,173.19,397.13,317.39,220.84,192.56,216.41
2021-05-12 10:05:41+00:00,L8,200.46,164.28,162.17,251.85,268.11,171.21,188.76,245.50
2021-05-20 09:13:41+00:00,L7,,,,227.94,240.18,162.32,,
2021-06-05 09:12:19+00:00,L7,204.02,168.25,159.93,216.19,,,185.90,219.28
2021-06-13 10:05:57+00:00,L8,209.63,191.46,207.52,414.55,349.73,236.51,230.14,251.99
2021-06-21 09:11:01+00:00,L7,,156.15,150.53,377.11,258.52,203.06,201.46,227.98
2021-06-29 10:06:01+00:00,L8,200.84,174.48,184.36,409.99,319.58,222.69,211.74,236.87
2021-07-06 10:12:13+00:00,L8,201.70,169.70,182.83,401.00,320.60,222.89,213.50,233.28
2021-07-07 09:09:41+00:00,L7,201.86,160.41,156.37,413.82,268.67,236.19,189.64,232.14
2021-07-22 10:12:17+00:00,L8,201.94,182.46,197.87,414.08,334.48,227.09,210.67,231.36
2021-07-23 09:08:18+00:00,L7,196.93,157.63,151.35,418.05,266.18,236.21,187.34,233.22
2021-07-31 10:06:11+00:00,L8,203.73,175.74,191.99,402.72,333.40,226.07,215.34,246.65
2021-08-07 10:12:25+00:00,L8,204.60,198.31,206.01,414.42,347.88,230.01,215.59,233.96
2021-08-23 10:12:30+00:00,L8,192.83,167.27,179.90,397.05,318.42,220.08,190.91,215.83
2021-08-24 09:05:30+00:00,L7,199.74,157.16,154.58,208.95,,,178.08,233.10
2021-09-01 10:06:22+00:00,L8,205.24,199.57,190.52,412.12,333.38,226.05,208.67,239.19
2021-09-24 10:12:37+00:00,L8,203.65,184.80,188.51,404.36,326.02,215.81,208.02,232.20
2021-10-03 10:06:30+00:00,L8,201.98,198.26,207.90,412.95,350.17,236.10,204.58,226.26
2021-10-10 10:12:43+00:00,L8,200.34,200.96,206.93,415.10,348.89,229.11,204.60,223.34
2021-10-19 10:06:34+00:00,L8,201.62,205.72,206.58,413.03,350.55,232.53,201.70,227.65
2021-10-26 10:12:45+00:00,L8,201.62,193.52,201.19,413.56,344.51,224.20,204.93,221.93
2021-10-27 08:59:49+00:00,L7,202.88,,,,142.27,142.49,176.68,
2021-11-13 10:04:47+00:00,L9,195.22,193.89,195.25,412.02,330.34,228.90,206.56,
2021-11-18 10:07:15+00:00,L9,195.07,187.22,177.41,401.43,303.91,225.42,232.01,
2021-11-20 10:06:28+00:00,L8,200.99,203.06,,398.08,438.47,215.09,,368.12
2021-12-13 10:12:40+00:00,L8,195.97,173.62,187.99,413.96,337.23,226.75,201.04,216.79
2021-12-14 08:55:15+00:00,L7,174.03,,155.99,,126.60,132.02,,
2022-01-07 10:06:22+00:00,L8,194.37,172.15,185.20,184.01,319.02,144.68,176.97,
2022-01-14 10:12:32+00:00,L8,194.68,168.73,,207.10,344.16,139.01,177.29,216.35
2022-01-15 10:06:22+00:00,L9,199.08,170.56,201.54,401.88,348.22,233.23,196.22,232.97
2022-01-22 10:12:35+00:00,L9,196.05,166.05,178.44,200.53,316.53,141.54,177.43,215.47
2022-01-23 10:06:18+00:00,L8,195.26,169.47,196.22,178.08,337.79,147.17,178.18,201.90
2022-02-08 10:06:15+00:00,L8,195.27,170.73,176.32,395.39,319.24,220.46,178.16,208.67
2022-02-23 10:12:25+00:00,L9,201.15,177.27,172.71,394.66,304.11,177.37,189.45,217.43
2022-03-28 10:05:53+00:00,L8,195.31,179.97,186.24,403.61,323.28,221.78,202.50,228.90
2022-04-05 08:44:16+00:00,L7,203.93,176.97,164.24,397.36,152.64,220.22,182.17,213.65
2022-04-05 10:06:04+00:00,L9,201.03,178.87,192.88,412.76,333.86,213.32,206.73,240.34
2022-04-12 10:12:12+00:00,L9,200.62,193.25,202.97,413.47,341.51,226.40,209.88,231.07
2022-04-13 10:05:58+00:00,L8,199.71,174.49,178.68,401.32,303.27,220.26,201.08,232.79
2022-04-29 10:05:53+00:00,L8,203.25,199.65,206.57,414.29,348.34,231.86,209.81,233.98
2022-05-13 08:40:44+00:00,L7,202.31,,,413.30,256.01,232.39,178.10,226.25
2022-05-14 10:11:55+00:00,L9,210.05,200.95,207.04,414.66,349.00,218.55,224.87,243.93
2022-05-15 10:06:04+00:00,L8,203.86,200.02,207.55,414.21,349.77,213.18,216.60,246.11
2022-05-23 10:05:38+00:00,L9,205.01,181.10,199.96,413.85,348.79,220.48,218.03,250.75
2022-05-30 08:39:59+00:00,L7,205.35,165.04,161.80,303.17,268.28,147.12,177.41,225.48
2022-06-07 10:12:24+00:00,L8,185.16,155.41,,401.41,237.51,221.45,201.18,216.49
2022-06-08 10:05:40+00:00,L9,202.61,170.59,175.31,396.73,270.71,222.41,207.09,244.38
2022-06-16 08:39:03+00:00,L7,203.03,168.66,156.61,225.40,268.43,,,232.15
2022-06-16 10:06:19+00:00,L8,205.05,189.22,196.18,413.83,340.80,221.18,223.27,254.70
2022-07-09 10:12:33+00:00,L8,,,,,,,189.24,214.84
2022-07-10 10:05:57+00:00,L9,203.50,179.80,192.19,414.17,323.70,226.60,211.92,247.82
2022-07-15 08:31:18+00:00,L7,207.46,165.03,163.51,229.86,270.18,,,
2022-07-17 10:12:09+00:00,L9,199.18,172.93,192.31,412.03,333.54,223.28,215.86,230.39
2022-07-18 10:06:23+00:00,L8,204.86,195.59,206.91,415.23,348.84,213.21,216.19,249.97
2022-07-20 08:36:43+00:00,L7,201.03,159.75,154.00,213.61,256.17,,,
2022-07-26 10:06:07+00:00,L9,200.97,169.08,175.96,395.44,268.75,221.34,198.40,230.87
2022-08-01 08:29:56+00:00,L7,206.21,168.51,161.96,165.12,,,,
2022-08-02 10:12:24+00:00,L9,195.81,166.98,185.20,412.53,319.77,222.17,196.04,220.81
2022-08-03 10:06:35+00:00,L8,203.47,180.69,195.63,413.10,332.54,229.14,208.98,243.79
2022-08-06 08:35:20+00:00,L7,204.38,164.64,153.41,218.46,286.67,128.42,99.94,
2022-08-10 10:12:49+00:00,L8,184.87,162.69,186.02,411.59,321.60,223.00,190.05,214.95
2022-08-18 10:12:31+00:00,L9,200.03,167.48,166.83,381.14,238.04,209.71,192.08,225.18
2022-08-23 08:33:49+00:00,L7,196.24,148.92,,,125.57,138.85,,230.29
2022-08-26 10:12:51+00:00,L8,200.81,185.90,206.45,413.76,349.00,227.66,199.03,225.95
2022-09-04 08:26:53+00:00,L7,203.73,170.43,155.59,247.04,238.85,,,
2022-09-04 10:06:40+00:00,L8,203.28,174.31,182.27,407.49,317.35,223.86,201.45,234.16
2022-09-09 08:32:12+00:00,L7,200.62,163.54,,,,,,228.91
2022-09-11 10:12:55+00:00,L8,194.69,178.75,180.95,397.91,317.02,220.97,195.77,217.08
2022-09-12 10:06:23+00:00,L9,203.34,202.91,206.96,413.78,348.92,229.16,210.79,241.25
2022-09-27 10:12:57+00:00,L8,,,,443.29,333.18,320.61,222.11,260.62
2022-10-05 10:12:39+00:00,L9,201.36,198.35,202.31,413.96,349.65,229.46,206.39,226.05
2022-10-06 10:06:44+00:00,L8,202.58,199.10,208.57,414.53,350.91,222.66,204.12,229.34
2022-10-13 08:28:24+00:00,L7,204.94,149.03,154.89,184.07,121.51,137.96,,207.15
2022-10-29 10:12:57+00:00,L8,195.37,194.40,206.45,413.73,348.32,226.68,204.27,221.63
2022-10-30 08:26:15+00:00,L7,204.93,171.64,158.78,175.60,115.63,127.19,,209.32
2022-11-06 10:12:44+00:00,L9,199.39,182.39,176.66,397.47,317.22,209.44,205.79,229.28
2022-11-30 10:12:53+00:00,L8,161.96,165.14,171.06,391.30,286.14,252.28,,
2022-12-03 08:21:22+00:00,L7,,,151.43,416.32,558.75,222.02,,
2022-12-17 10:06:34+00:00,L9,200.27,178.75,197.93,403.51,333.67,230.45,187.91,
2023-01-01 10:12:44+00:00,L8,195.30,172.26,,214.93,336.96,137.99,180.07,216.93
2023-01-02 10:06:35+00:00,L9,194.44,173.71,200.25,189.41,348.93,147.68,177.41,
2023-02-03 10:06:37+00:00,L9,200.03,169.79,176.76,388.33,317.74,220.12,189.81,
2023-02-14 08:13:48+00:00,L7,,144.07,139.21,288.74,229.39,,,
2023-02-18 10:12:31+00:00,L8,195.36,172.76,195.21,414.57,342.55,224.51,199.51,218.16
2023-02-27 10:06:11+00:00,L8,199.45,167.61,166.85,393.37,185.59,209.15,197.68,219.95
2023-03-03 08:09:39+00:00,L7,,,,,122.67,128.09,,
2023-03-07 10:06:19+00:00,L9,200.65,180.03,177.59,404.82,317.48,225.18,197.86,218.60
2023-03-08 08:14:09+00:00,L7,,,,191.02,400.38,,,
2023-03-14 10:12:28+00:00,L9,194.44,177.26,178.79,401.82,302.85,221.63,193.41,215.36
2023-03-25 08:09:15+00:00,L7,204.85,168.25,155.86,174.59,116.44,132.59,,226.17
2023-03-30 08:13:30+00:00,L7,,,,192.05,122.15,123.34,,216.32
2023-04-11 08:03:49+00:00,L7,204.75,167.83,167.33,193.95,,,,
2023-04-15 10:12:09+00:00,L9,196.90,171.14,156.12,247.70,301.28,173.89,192.51,219.50
2023-04-16 10:05:40+00:00,L8,201.28,167.46,163.12,252.74,268.75,171.04,205.25,223.50
2023-04-23 10:11:50+00:00,L8,195.53,170.75,180.24,398.40,301.34,209.32,193.02,221.85
2023-04-24 10:05:57+00:00,L9,201.28,175.52,187.66,407.71,316.50,223.89,201.31,235.19
2023-05-03 08:01:55+00:00,L7,,,,215.20,262.39,137.58,,223.40
2023-05-09 10:11:40+00:00,L8,177.60,164.47,175.53,393.36,252.76,215.38,193.62,217.94
2023-05-10 10:05:47+00:00,L9,202.72,164.21,157.12,251.17,268.95,168.84,201.19,245.15
2023-05-18 10:05:23+00:00,L8,206.13,173.02,173.80,394.42,284.58,219.90,208.08,245.15
2023-05-25 07:59:20+00:00,L7,,,,,,,,220.51
2023-06-02 10:11:47+00:00,L9,202.21,178.64,195.28,415.03,334.30,231.07,227.60,233.98
2023-06-11 10:05:31+00:00,L9,202.16,173.41,186.39,414.18,323.17,226.94,212.26,248.25
2023-06-18 10:11:38+00:00,L9,203.57,183.44,205.74,414.49,348.67,213.50,220.17,231.75
2023-06-26 08:03:36+00:00,L7,201.80,163.84,160.40,220.48,,,,
2023-06-26 10:11:51+00:00,L8,187.59,156.03,,407.43,237.07,222.81,,216.12
2023-07-05 10:05:47+00:00,L8,203.13,171.88,194.83,413.35,316.60,226.83,212.37,239.69
2023-07-13 10:05:44+00:00,L9,201.58,171.10,179.91,408.54,254.46,222.50,207.73,235.30
2023-07-20 10:11:55+00:00,L9,179.16,131.63,120.50,394.87,181.94,212.07,198.18,224.02
2023-07-28 10:12:07+00:00,L8,194.22,156.84,176.50,404.56,238.16,222.14,187.86,217.60
2023-07-29 10:05:47+00:00,L9,202.73,178.46,192.77,413.68,318.15,212.89,207.92,233.64
2023-08-09 07:55:15+00:00,L7,,,,209.83,252.33,132.87,,232.14
2023-08-13 10:12:12+00:00,L8,200.98,190.62,207.18,414.18,349.55,228.09,208.86,232.07
2023-08-14 10:05:54+00:00,L9,203.71,200.07,206.83,414.61,348.75,213.59,213.16,247.40
2023-08-21 10:12:08+00:00,L9,195.40,180.63,190.08,412.38,334.81,226.01,195.11,221.83
2023-08-22 10:06:07+00:00,L8,201.74,199.47,198.12,413.98,344.71,228.97,211.42,245.93
2023-08-31 07:50:16+00:00,L7,,,,194.64,142.48,118.90,,297.12
2023-09-05 07:53:32+00:00,L7,,,,,123.11,126.32,,215.25
2023-09-06 10:12:19+00:00,L9,202.69,200.64,207.73,414.96,349.98,230.62,200.23,231.05
2023-09-07 10:06:06+00:00,L8,203.28,201.00,207.11,413.88,349.19,218.11,209.55,246.94
2023-09-15 10:06:13+00:00,L9,204.10,201.47,206.01,414.43,347.81,234.08,209.09,244.84
2023-09-23 10:06:12+00:00,L8,169.87,170.21,174.68,395.48,316.35,222.64,209.72,241.96
2023-09-27 07:47:51+00:00,L7,196.59,151.90,152.78,176.33,112.72,106.42,,215.01
2023-09-30 10:12:26+00:00,L8,200.26,199.95,207.00,414.31,349.06,227.15,205.07,224.37
2023-10-01 10:06:11+00:00,L9,203.27,202.18,207.43,413.94,349.50,232.32,206.91,230.03
2023-10-02 07:50:57+00:00,L7,,,,,107.75,97.64,,
2023-10-08 10:12:26+00:00,L9,199.89,203.50,201.54,414.58,345.35,230.26,206.00,220.80
2023-10-09 10:06:17+00:00,L8,201.09,201.41,207.96,413.97,350.19,214.93,205.65,232.13
2023-10-25 10:06:20+00:00,L8,200.21,,167.81,383.24,302.07,207.26,206.01,222.85
2023-10-29 07:47:06+00:00,L7,,,,512.87,610.24,,,
2023-11-17 10:12:32+00:00,L8,197.79,185.08,175.71,393.30,302.91,169.75,205.26,222.42
2023-11-18 10:06:21+00:00,L9,201.50,193.29,180.13,396.78,317.59,221.47,201.32,
2023-11-25 10:12:37+00:00,L9,199.91,181.10,173.85,240.27,303.23,164.69,202.03,216.87
2023-11-26 10:06:23+00:00,L8,,,,394.92,398.58,227.23,205.84,240.08
2023-12-11 10:12:35+00:00,L9,200.56,178.26,182.98,397.32,317.35,230.60,,
2023-12-12 10:06:17+00:00,L8,200.21,179.15,188.53,401.76,327.17,228.98,196.11,
2023-12-19 10:12:32+00:00,L8,193.92,180.65,,415.78,343.18,229.09,191.33,217.09
2023-12-27 10:12:39+00:00,L9,189.20,172.11,190.22,204.86,338.66,139.00,189.40,216.72
2023-12-28 10:06:19+00:00,L8,,,,313.32,626.24,337.29,,
2024-01-04 10:12:23+00:00,L8,195.19,168.83,,214.98,333.87,138.04,177.70,216.79
2024-01-21 10:06:22+00:00,L9,194.84,176.98,,183.25,334.32,152.80,177.79,
2024-01-28 10:12:34+00:00,L9,187.59,171.62,,194.52,339.35,143.39,178.70,216.08
2024-01-29 10:06:10+00:00,L8,194.86,169.15,,182.95,348.58,148.18,173.03,
2024-02-14 10:06:12+00:00,L8,198.36,168.94,185.01,408.24,326.44,225.84,187.98,213.50
2024-02-21 10:12:22+00:00,L8,199.25,181.27,181.94,412.76,317.69,226.05,190.88,217.52
2024-02-22 10:06:13+00:00,L9,203.81,178.59,182.08,405.11,318.84,222.55,204.70,235.77
2024-03-09 10:06:19+00:00,L9,203.86,184.50,167.31,394.93,236.13,208.74,193.44,217.80
2024-03-17 10:05:56+00:00,L8,200.53,175.45,179.68,405.74,317.49,224.81,198.13,216.53
2024-03-24 10:12:00+00:00,L8,196.02,173.34,169.00,380.02,302.19,207.87,196.99,221.67
2024-04-02 10:05:45+00:00,L8,200.72,,170.64,391.21,300.25,221.21,207.00,234.09
2024-05-03 10:11:54+00:00,L9,,,,241.15,238.93,176.23,197.86,219.64
2024-05-04 10:05:27+00:00,L8,202.67,175.86,177.42,399.29,317.30,223.00,207.11,239.73
2024-05-11 10:11:33+00:00,L8,191.99,160.84,192.19,409.51,320.36,223.41,207.83,217.32
2024-05-12 10:05:42+00:00,L9,206.24,199.48,202.35,414.30,345.14,226.41,224.46,250.99
2024-05-19 10:11:47+00:00,L9,202.60,177.27,180.01,408.72,318.85,221.36,213.54,235.57
2024-05-27 10:11:22+00:00,L8,245.23,,206.57,415.03,348.77,224.84,227.29,248.69
2024-05-28 10:05:29+00:00,L9,201.32,173.06,200.09,412.77,334.80,227.96,215.93,245.74
2024-06-05 10:05:13+00:00,L8,202.39,176.34,192.10,411.54,333.26,229.23,212.80,240.91
2024-06-13 10:05:24+00:00,L9,202.68,169.97,165.60,382.85,268.66,212.54,209.34,243.02
2024-07-06 10:11:37+00:00,L9,188.00,157.81,176.77,404.25,318.28,221.89,190.47,219.05
2024-07-14 10:11:46+00:00,L8,188.26,154.94,152.64,398.76,237.11,222.17,187.89,216.71
2024-07-15 10:05:34+00:00,L9,202.10,181.11,194.56,414.10,335.67,227.22,212.58,247.80
2024-07-30 10:11:56+00:00,L8,187.82,159.83,,401.65,238.20,221.17,187.86,215.03
2024-07-31 10:05:37+00:00,L9,203.03,182.37,192.54,413.16,334.00,213.83,212.71,246.20
2024-08-07 10:11:49+00:00,L9,193.57,162.59,,406.89,238.01,222.41,190.08,220.38
2024-08-08 10:05:40+00:00,L8,202.45,174.12,198.42,413.96,334.28,228.30,207.05,235.58
2024-08-16 10:05:44+00:00,L9,203.07,172.93,178.70,406.34,302.29,223.38,203.98,243.48
2024-08-23 10:12:04+00:00,L9,198.63,199.67,201.17,414.08,337.82,227.37,199.77,225.79
2024-08-24 10:05:53+00:00,L8,203.46,195.95,207.60,414.36,349.85,231.48,208.45,244.74
2024-09-01 10:05:53+00:00,L9,203.05,192.62,206.87,414.05,348.81,235.87,207.79,241.79
2024-09-24 10:12:05+00:00,L9,199.38,181.40,187.60,403.63,317.95,220.35,207.06,229.53
2024-09-25 10:06:00+00:00,L8,199.63,187.75,207.01,412.84,349.02,229.42,202.44,226.66
2024-10-02 10:12:10+00:00,L8,202.96,197.31,206.92,413.33,348.87,224.05,207.41,225.16
2024-10-11 10:06:07+00:00,L8,201.17,177.36,178.12,386.64,316.61,209.02,203.05,218.41
2024-10-18 10:12:23+00:00,L8,,,,,224.92,149.51,197.00,
2024-10-26 10:12:29+00:00,L9,,,,577.94,386.38,219.50,,
2024-10-27 10:06:09+00:00,L8,198.33,189.72,191.25,412.66,334.94,228.21,205.99,217.54
2024-11-11 10:12:21+00:00,L9,,,,541.09,302.89,334.91,,
2024-12-05 10:12:26+00:00,L8,198.05,180.42,180.59,398.50,304.75,222.11,202.97,222.00
2024-12-13 10:12:26+00:00,L9,195.16,178.11,190.32,415.75,339.89,228.40,195.87,217.09
2024-12-29 10:12:28+00:00,L9,195.37,168.50,,212.44,338.66,137.17,178.75,216.38
2024-12-30 10:06:11+00:00,L8,195.42,176.23,,414.91,350.24,231.16,,
2025-01-07 10:06:14+00:00,L9,190.76,160.15,164.27,394.86,161.12,208.97,192.33,
2025-01-14 10:12:29+00:00,L9,190.85,170.20,,203.37,339.52,139.83,175.18,216.70
2025-01-15 10:06:13+00:00,L8,194.79,171.18,192.40,405.06,337.73,236.82,179.73,
2025-02-07 10:12:22+00:00,L8,199.95,181.47,,415.96,349.71,230.07,186.62,216.32
2025-02-15 10:12:30+00:00,L9,203.26,172.41,175.16,212.11,303.61,135.03,177.64,218.87
2025-02-16 10:06:07+00:00,L8,255.70,196.94,207.34,412.97,349.34,244.40,177.77,230.30
2025-02-23 10:12:13+00:00,L8,210.57,184.94,196.41,414.48,343.07,226.21,206.80,237.01
2025-02-24 10:06:15+00:00,L9,200.62,169.09,189.79,410.09,333.84,228.65,196.36,222.04
2025-03-03 10:12:23+00:00,L9,201.58,176.75,199.06,413.88,340.33,223.99,200.53,218.64
2025-03-04 10:05:59+00:00,L8,201.36,181.40,197.02,413.01,337.84,229.12,197.90,224.20
2025-03-19 10:12:12+00:00,L9,203.97,181.21,199.25,414.31,342.73,229.25,212.93,228.80
2025-03-20 10:05:49+00:00,L8,200.50,183.34,199.89,413.28,348.74,226.60,207.41,229.66
2025-04-29 10:05:52+00:00,L9,201.55,198.33,203.44,414.99,345.77,225.89,215.42,248.59
2025-05-06 10:12:00+00:00,L9,188.82,158.46,165.99,383.27,252.07,214.19,196.63,217.51
2025-05-07 10:05:31+00:00,L8,199.99,171.45,177.08,393.66,301.59,220.73,207.08,230.49
2025-05-14 10:11:43+00:00,L8,199.53,172.93,184.17,413.72,323.31,223.35,212.80,223.93
2025-05-23 10:05:35+00:00,L8,201.40,167.88,159.51,251.13,268.34,170.57,199.77,245.71
2025-05-30 10:11:47+00:00,L8,186.99,160.94,,398.72,317.83,221.23,193.46,216.42
2025-05-31 10:05:34+00:00,L9,209.87,189.39,204.47,415.29,345.56,232.09,220.13,249.66
2025-06-08 10:05:39+00:00,L8,200.16,173.56,187.84,416.89,325.70,228.38,219.20,250.99
2025-06-24 10:05:51+00:00,L8,199.10,173.24,189.44,413.68,321.23,226.26,212.89,249.06
2025-07-02 10:05:51+00:00,L9,206.27,185.33,195.90,414.48,339.90,233.41,214.46,250.04
2025-07-10 10:05:54+00:00,L8,204.93,170.07,175.64,409.53,269.93,224.19,205.47,233.15
2025-07-18 10:05:57+00:00,L9,202.29,170.15,178.61,412.29,301.63,226.55,208.77,246.42
2025-07-25 10:12:11+00:00,L9,189.60,155.26,173.87,395.54,237.72,214.60,189.50,215.72
