,dates,aus0183-0000,aus0183-0001,aus0183-0002,aus0183-0003
0,1987-05-22 23:07:44+00:00,212.22837649265284,212.2697084799521,226.16943692386587,214.86579579795364
1,1987-09-11 23:10:29+00:00,203.32595519308845,201.39883375279925,206.88497757763037,193.87037520291688
2,1987-09-27 23:10:51+00:00,228.05379099075617,224.18056371848604,226.1382974054265,218.33495064316418
3,1987-10-13 23:11:09+00:00,199.16951770517943,207.0770911531879,208.25767513855524,198.00127340959506
4,1987-11-14 23:11:47+00:00,225.26301871204438,213.37694406521044,218.4277154518711,207.63177168837007
5,1988-02-18 23:13:23+00:00,199.28758535035774,194.2435882194817,201.07707623210092,192.2917331342462
6,1988-04-22 23:13:52+00:00,218.81766383466783,231.09576795233974,227.4786429648602,206.11192224999255
7,1988-06-09 23:14:15+00:00,222.0933668755166,220.76550798170254,215.91275210722443,227.61338594230213
8,1988-06-25 23:14:20+00:00,221.34667525546348,201.05498759102005,222.66821843431586,223.41526714255423
9,1988-07-27 23:14:26+00:00,209.03372430743275,205.17536484929064,217.60292034870326,206.4886769280053
10,1988-08-28 23:14:30+00:00,203.98964245397354,196.07214620606516,205.7138089088743,204.7489017984791
11,1988-09-13 23:14:28+00:00,198.3426336605125,196.38365869911024,210.60862931901954,195.74843551449854
12,1988-09-29 23:14:21+00:00,203.79160997587644,214.0354893367699,224.9625181836687,218.12290663256107
13,1988-10-15 23:14:16+00:00,207.10349647272588,217.87841798321128,223.10796224951548,214.12599815367713
14,1989-01-19 23:13:42+00:00,196.08389930382634,197.84237588761488,211.55081692298688,198.5600528666846
15,1989-02-20 23:13:39+00:00,186.39237523427562,183.47903211057567,200.70676059908456,167.7907480993134
16,1989-03-08 23:13:15+00:00,205.1362385769034,201.62271821442437,206.68526054809684,198.85086603420302
17,1989-04-09 23:12:51+00:00,242.11955111476817,214.94060022452265,217.90620548500414,218.7554060223703
18,1989-06-12 23:11:41+00:00,218.0078076188082,215.8706020636007,217.7997614662566,214.228714964431
19,1989-06-28 23:11:25+00:00,209.77733170187628,196.83735021730195,213.36078577624312,199.52847307960124
20,1989-07-30 23:10:47+00:00,208.45048530420038,216.2327144642672,225.64633504179693,196.73016360678992
21,1989-08-15 23:10:23+00:00,198.64844161368381,200.15583694545487,209.6496510442173,182.43363141050486
22,1989-09-16 23:09:32+00:00,195.7195945075277,203.73553433192353,205.208546244854,181.53233475285194
23,1989-10-02 23:09:23+00:00,194.3395425982221,197.22181180664847,196.99228722598883,167.63450597519744
24,1989-10-18 23:08:40+00:00,219.0714181721856,214.66132911451143,221.8973657709013,199.1754810183967
25,1989-11-19 23:07:42+00:00,209.2932762523447,220.98606376765193,222.36975830562528,224.48348179833607
26,1990-04-12 23:03:54+00:00,227.56750495336303,229.2594835326355,236.75452173528296,220.0049071691036
27,1990-05-14 23:03:59+00:00,214.2750121986338,213.2010419367265,223.17154383477458,202.44535945751315
28,1990-06-15 23:03:52+00:00,230.158676875501,225.278904072572,226.31275748352837,225.11332251277082
29,1990-07-01 23:03:52+00:00,245.77945891881507,240.76099269012752,228.14830974454006,229.1606713786349
30,1990-08-18 23:03:40+00:00,203.38364376370976,205.02214831436496,207.34831603703867,175.44255772892603
31,1990-09-03 23:03:33+00:00,198.49231882337756,202.15989042980172,205.10880472353853,172.35243863853992
32,1990-09-19 23:03:30+00:00,204.37797083638037,208.33642171928872,210.60728901300703,193.85816520514805
33,1990-11-06 23:03:11+00:00,206.10449671172836,210.58473782876962,215.40002145562838,193.413672241568
34,1991-01-09 23:03:46+00:00,225.0528095402849,224.47591967527086,221.70137313586955,223.3098405193184
35,1991-01-25 23:04:14+00:00,225.24149378324492,236.97303216602788,239.52177579491973,229.72598331265309
36,1991-03-14 23:05:04+00:00,214.80277067379046,217.74709950979124,209.14933558982514,193.46300182565238
37,1991-04-15 23:05:39+00:00,208.38240108022012,212.5900082767164,199.74940954868202,185.22614666055907
38,1991-07-04 23:06:55+00:00,219.99609280500528,222.90163300667513,215.10156506523342,215.25428474069105
39,1991-07-20 23:07:07+00:00,221.93193873201224,217.67901567197526,223.21550367301415,215.12669133394343
40,1991-08-05 23:07:13+00:00,229.73344824140844,231.31713737454174,232.96503511340342,231.36914587837475
41,1991-08-21 23:07:18+00:00,237.6650694795852,223.06658220573325,221.08730073520712,230.29793676842453
42,1991-09-06 23:07:32+00:00,227.2410228585702,221.11802506504506,227.46655959476294,223.7516317404379
43,1991-09-22 23:07:40+00:00,225.33197910611543,214.06471831386517,227.03407381023783,224.1742172232116
44,1991-10-08 23:07:46+00:00,229.09370497328572,213.25661400538723,218.2892456455157,219.27985285851398
45,1991-11-09 23:07:55+00:00,212.37880757000406,208.98825643121774,214.71107046075812,221.12341020262915
46,1991-12-27 23:08:02+00:00,236.0661915668623,235.12809246071805,242.18195362910873,227.55914084039256
47,1992-01-12 23:07:58+00:00,235.96263687302326,232.43474195168255,230.79321035747063,226.53699966859153
48,1992-02-29 23:07:53+00:00,220.31898206247797,220.98338900514915,216.24265683899242,206.73209780293848
49,1992-06-04 23:07:13+00:00,222.75087017328542,228.821377574782,223.12448403390442,215.72139121802914
50,1992-07-22 23:06:36+00:00,236.62088459796922,232.04533653565477,233.8295069364897,221.65500556953313
51,1992-08-23 23:06:08+00:00,249.40119841360757,233.71568510875943,230.04967201390306,235.86656243571906
52,1992-11-27 23:04:47+00:00,210.94260796855627,220.9912159911542,226.22322118865276,221.51852052374528
53,1992-12-13 23:05:00+00:00,207.3803210664176,209.71501349901038,212.18447209147962,207.84592481369748
54,1992-12-29 23:05:08+00:00,224.68678462500006,222.69271166858866,230.31799913155132,231.868405817504
55,1993-01-14 23:05:21+00:00,240.53287838551915,239.39495492836915,247.32328296560854,241.13800306042626
56,1993-01-30 23:05:32+00:00,232.23992629770277,237.16841046026724,238.87193451692377,234.78286213094506
57,1993-03-19 23:05:52+00:00,225.67555036018086,226.70459485719766,229.59741251683465,224.0937591765893
58,1993-04-04 23:05:57+00:00,230.8902744904737,226.56053867734977,239.22138726472303,234.28922115828797
59,1993-04-20 23:06:06+00:00,228.46747388265698,235.21634698045168,244.23994871121724,235.88452526972003
60,1993-05-22 23:06:14+00:00,227.25083275613846,232.43040517095312,237.35205476892594,230.27593443211362
61,1993-06-07 23:06:16+00:00,230.86508375041308,225.889438372766,233.41187187876847,228.17573570316813
62,1993-06-23 23:06:11+00:00,214.67664068744193,219.57212383057714,223.80652199838153,203.5361843880367
63,1993-07-25 23:06:05+00:00,235.30710701598196,244.61512506214103,257.09908565598283,231.53849081237087
64,1993-08-10 23:06:06+00:00,231.80142064833086,238.06054683985104,238.51968632185563,223.9972343746941
65,1993-09-11 23:06:04+00:00,232.54385651272798,229.59750508607277,229.22692663599122,225.5299337636652
66,1993-09-27 23:06:01+00:00,229.52092257438304,222.66087657850545,241.69195592769725,234.19083352112617
67,1993-10-13 23:05:55+00:00,216.3413540526571,208.59844877792415,229.32726859701788,223.62195465113416
68,1993-10-29 23:05:49+00:00,209.47666490059473,206.66244403647855,215.39400752634896,216.28471322051294
69,1993-11-14 23:05:39+00:00,204.7479133771311,207.01371551251702,218.2049812278501,208.57175774853323
70,1993-11-30 23:05:36+00:00,219.75455590512146,221.66450357306064,226.9760209949621,217.8219359282006
71,1994-01-17 23:05:03+00:00,241.29985799454826,227.75117853475982,246.65439245031735,236.8862724726232
72,1994-03-22 23:04:12+00:00,225.43473375077343,242.15718377348327,259.05635354654834,237.67226086587624
73,1994-04-23 23:03:38+00:00,215.7903398694541,214.18176281590243,227.5310646584304,215.78542769646174
74,1994-05-09 23:03:20+00:00,213.43128085836835,226.18708153137436,233.56597348687046,221.6098551025727
75,1994-06-10 23:02:44+00:00,203.07642708371873,200.82743841986849,214.9652242451906,192.34808957446134
76,1994-07-12 23:01:55+00:00,223.43461417337167,224.1602168282233,236.4337597230305,225.85780948493317
77,1994-07-28 23:01:28+00:00,231.72881358923306,230.54291767729336,235.609443239726,225.70455294942582
78,1994-08-13 23:01:04+00:00,238.65169789021883,232.31384943518526,232.92597003769984,230.71021574747436
79,1994-09-14 23:00:17+00:00,250.9784241147351,244.10267221262473,247.4868861785671,238.4590761447027
80,1994-10-16 22:59:19+00:00,236.39011335780555,238.66758413954625,248.5144367686146,233.2401113176121
81,1994-11-01 22:58:45+00:00,236.43527224567197,228.41930517281537,231.9537994564987,230.21050157571622
82,1994-12-19 22:57:13+00:00,223.1112518251163,218.6643063269666,224.84791903585648,224.78695886138803
83,1995-02-21 22:54:48+00:00,236.9750402690675,238.32211894705034,244.83353727572785,238.38824406207914
84,1995-04-10 22:52:51+00:00,219.64479816132015,207.00891818908121,213.51953245286757,194.61080996746236
85,1995-05-12 22:51:26+00:00,231.06916903714065,224.9524637958111,226.1168216891965,223.95983991763262
86,1995-06-29 22:49:14+00:00,199.66422718896376,206.6901893246402,218.59793031051902,200.33738213983247
87,1995-07-15 22:48:30+00:00,208.9386231826145,221.97688459962944,223.42611139782232,215.01888034484284
88,1995-08-16 22:47:04+00:00,237.87192073390128,238.47320292250527,241.055787095492,231.57547543981204
89,1995-10-19 22:43:49+00:00,234.73876345234657,222.9315818464906,226.1039297704862,219.04034919436376
90,1995-11-04 22:43:13+00:00,220.5432119005187,217.5871291655459,217.178604692992,206.0978984829116
91,1995-12-06 22:44:08+00:00,211.01885036720034,198.74263246952205,206.4307344016621,200.50241360103036
92,1996-03-27 22:51:53+00:00,228.59816086057745,236.91141218736647,229.59745944222408,220.45109604643574
93,1996-05-30 22:55:41+00:00,214.15990767840353,216.67799052271047,226.2554008974226,220.8338282972808
94,1996-07-17 22:58:14+00:00,203.1045112954282,209.103376593439,221.2477221622565,200.14391777676252
95,1996-08-02 22:59:05+00:00,223.83868037554276,226.73755901961346,228.82252132117634,231.2349961810432
96,1996-09-03 23:00:49+00:00,210.1119829162892,210.18710837671182,222.3727237503703,205.14128109157645
97,1996-12-08 23:05:38+00:00,230.10708848433177,220.90837389414185,220.5204321699326,224.0596827056806
98,1996-12-24 23:06:24+00:00,224.44623681603875,210.34481542148944,209.81293572584352,213.563701839102
99,1997-03-14 23:09:53+00:00,229.4360988032274,244.0474771341428,241.991779754113,234.09322097959364
100,1997-05-01 23:11:37+00:00,246.4125986440766,247.91121256626232,235.02311840826536,240.53406243157752
101,1997-07-20 23:14:23+00:00,203.43131306915893,204.39819579527972,199.64369877868376,196.17019633780347
102,1997-08-05 23:14:54+00:00,204.24225308803585,204.17661584283897,205.4246737631707,195.33856629784555
103,1997-08-21 23:15:25+00:00,214.44221311628854,219.24262431106115,211.5025164734372,210.60777994848468
104,1997-10-08 23:16:47+00:00,241.6793485036261,239.19074869974224,224.27548498909033,207.40502937418975
105,1997-11-09 23:17:37+00:00,215.62189571896295,215.65381924011027,218.37210456471956,201.6061109620229
106,1998-01-12 23:19:09+00:00,222.37231538020683,226.82430504364663,230.14048510287114,213.00130968035936
107,1998-01-28 23:19:29+00:00,207.40234410676015,209.1029972226498,215.9098026746367,205.4544183177951
108,1998-03-01 23:20:05+00:00,233.8182033297931,231.78636484196153,234.1975400587209,223.39832401455593
109,1998-04-02 23:20:33+00:00,216.32871661965765,218.8067263550509,223.77449902601703,215.2017620624037
110,1998-05-20 23:21:13+00:00,211.16216463250208,213.82579034840177,220.73629777795918,205.76576034936159
111,1998-10-11 23:22:32+00:00,224.6588777388398,222.17416088606643,228.98891850487735,220.97046856488123
112,1998-10-27 23:22:35+00:00,218.60216056284563,216.00039748866794,224.70331351355304,213.21234928097647
113,1999-01-15 23:22:41+00:00,221.30966400745308,229.94729670022843,220.2764934198008,212.24751930793292
114,1999-02-16 23:22:58+00:00,205.7158876447051,206.53522190155275,215.97247761146951,232.1817670365972
115,1999-07-10 23:21:28+00:00,210.31038474998752,202.01427641396646,206.60889784971303,200.84159934338038
116,1999-07-18 23:36:30+00:00,205.23362735999086,196.33396218372707,204.10529899593368,189.77137377173796
117,1999-08-11 23:21:21+00:00,211.11053345923153,205.48873854265415,212.4238565180712,199.192428083518
118,1999-08-19 23:36:34+00:00,221.1873200389554,211.58631128670646,227.1987606659999,203.7786592828176
119,1999-09-28 23:20:12+00:00,199.9153409203675,199.1547962287112,202.35483753523306,201.08605674259263
120,1999-10-06 23:36:45+00:00,208.70464715051253,204.07739987460332,204.13238661658613,205.3002883377124
121,2000-01-10 23:36:33+00:00,197.01088598350424,196.11206924262757,197.71696702831605,176.82407250473906
122,2000-02-27 23:36:21+00:00,211.88486948565605,221.4202442633864,225.500308564107,219.41144557896456
123,2000-03-30 23:36:14+00:00,226.22875446363088,220.3752004232082,231.77789769674877,217.20174345978398
124,2000-04-15 23:36:00+00:00,213.81247144455043,205.87423436101838,221.6713162394114,214.50439498526111
125,2000-06-02 23:35:36+00:00,185.51462265179256,177.53809967322297,187.8646202506047,177.20150025378683
126,2000-07-20 23:35:04+00:00,203.6349846214872,199.010801576049,214.2959110216804,197.30922931223492
127,2000-08-05 23:34:49+00:00,,,,
128,2000-08-21 23:34:43+00:00,218.29532982292884,220.88467954218697,227.38281744677496,213.42435236731203
129,2000-09-22 23:34:10+00:00,235.2985566922232,239.68301034921802,240.79805218019797,
130,2000-11-09 23:34:02+00:00,233.8621145077842,231.48160645083837,219.88590286670575,228.79789100709058
131,2000-11-25 23:34:04+00:00,229.72986867364332,227.33637489013,218.85520684145695,230.76449311375325
132,2000-12-11 23:34:06+00:00,228.79716026847854,223.1535129914938,216.11894787372268,223.26989706018665
133,2001-04-18 23:33:50+00:00,226.02480573927215,227.5081582891109,228.35177780092909,231.28579532544452
134,2001-05-04 23:33:46+00:00,221.56150550943278,203.30642002843527,225.29148992520624,213.22861319122035
135,2001-06-05 23:33:21+00:00,221.91244423779455,221.29361803944113,236.8411287517435,229.63308880851457
136,2001-06-21 23:33:10+00:00,203.09673572611604,203.59517309274645,220.84285522566591,214.41688108937487
137,2001-08-08 23:32:42+00:00,203.24912469035462,208.57992907996416,198.24804374704962,200.97015387896346
138,2001-08-24 23:32:29+00:00,198.90947140749623,196.52912301252988,194.83485363361922,194.660391090881
139,2001-09-09 23:32:17+00:00,215.1999969057697,220.53877230953145,219.30332353175558,213.85777289763473
140,2001-10-11 23:31:51+00:00,216.3226774024891,219.73476029247576,220.93938689412187,220.25482410825856
141,2001-10-27 23:32:01+00:00,216.90370900802836,215.0849797789296,223.51198268848543,222.43363243448016
142,2001-11-12 23:32:11+00:00,217.66615681579415,218.59546970049416,221.00214126871904,220.00328987771752
143,2001-11-28 23:32:16+00:00,204.41740275796457,204.48693380698148,209.13321527963228,197.36737400805197
144,2001-12-30 23:32:18+00:00,190.26042756815332,185.30000717949537,189.73036446515954,182.02502383111488
145,2002-03-20 23:32:29+00:00,210.50174221936203,223.29127355488453,224.98658332919908,220.84120546461935
146,2002-05-07 23:32:32+00:00,224.13748610086475,235.64174910116276,235.52295271300983,228.14575630520227
147,2002-06-08 23:32:16+00:00,215.8309342780939,215.5470340429806,214.42984023953687,205.71281367219078
148,2002-06-24 23:32:09+00:00,213.47344961418912,204.99774936828317,208.76078554128395,197.59463896909799
149,2002-07-10 23:32:06+00:00,193.18940325655302,196.77464664989387,193.844362396489,191.2103397393097
150,2002-08-11 23:31:53+00:00,209.3002241644292,207.47280757944543,220.4380132659838,200.7303102362901
151,2002-08-27 23:31:41+00:00,206.84316805119028,208.36325007497993,204.84755642933953,192.91925260807736
152,2002-09-12 23:31:36+00:00,219.608551966974,218.66599827574325,219.138573568649,214.80865413695201
153,2002-09-28 23:31:27+00:00,213.43373923274996,213.74089413288482,215.00220962364696,209.23786706002215
154,2002-10-14 23:31:25+00:00,229.76425075476973,227.68535326263407,225.03551348372918,217.89009376168104
155,2002-10-30 23:31:30+00:00,228.48330690061044,229.76468539398496,227.62313985571217,216.3961519592313
156,2002-12-01 23:31:58+00:00,214.7648628544618,218.39329344391862,221.18714178644828,205.43292693213812
157,2003-01-02 23:32:03+00:00,193.98597976153115,195.42898066528232,195.29512892017195,179.2642536475684
158,2003-04-08 23:32:28+00:00,228.24196840473377,224.0981522876666,230.86370068096497,215.22920843437316
159,2003-05-10 23:32:27+00:00,197.0304857322704,201.05028154091593,210.39600034790737,203.80381019863864
160,2003-05-26 23:32:25+00:00,189.92033156780357,187.0243057893248,191.44401779357565,192.4836967555459
161,2003-07-05 23:19:58+00:00,200.88484842302069,193.1879088580767,191.8293096058212,194.14885829915636
162,2003-07-29 23:32:10+00:00,220.40361296102253,220.48159346865117,212.07801513612708,202.1747605668433
163,2003-08-30 23:32:04+00:00,211.47052227390444,223.88274476622803,,211.82706970434958
164,2003-09-23 23:21:20+00:00,212.8870656387175,216.61964721803807,219.35222651215986,215.81150052446972
165,2003-10-09 23:21:32+00:00,208.2251597636564,207.8309780498197,215.34343518195112,207.97152240523104
166,2003-10-17 23:31:56+00:00,230.64940879862854,233.0319184425906,237.91941113114655,228.2209065870947
167,2003-11-02 23:32:07+00:00,220.62986590103168,225.95070897653727,234.10333831165855,228.2782886510298
168,2003-11-10 23:21:53+00:00,203.50760675536853,208.11658108526095,228.32354708078338,223.86377317957525
169,2003-11-26 23:22:12+00:00,191.8010352427048,201.63600080596217,214.87464503957932,204.93372678486844
170,2003-12-12 23:22:15+00:00,211.48083169254636,203.2478584688765,217.1072494795128,210.20759713627584
171,2003-12-28 23:22:26+00:00,218.8809086161007,220.7329013610548,230.18931290673618,230.09375099765742
172,2004-01-21 23:32:44+00:00,210.2234406205871,200.2845442337996,201.3420205284273,199.10632429551023
173,2004-01-29 23:22:34+00:00,236.6797243222616,234.91051264128097,245.41147799346408,238.7533553854421
174,2004-03-17 23:22:49+00:00,211.75715447481298,211.61222028671403,219.28358551658874,205.99894842018995
175,2004-03-25 23:32:59+00:00,222.99396491339,226.38294983930015,226.0717556339513,212.47733439713096
176,2004-04-02 23:23:00+00:00,209.91739493201112,214.42624072328027,219.14035257731655,212.3096063683611
177,2004-04-26 23:32:51+00:00,234.68989986560013,234.4276129047256,233.12393170169318,224.56547835551635
178,2004-05-12 23:32:54+00:00,210.8462427431666,207.81123426806843,,
179,2004-05-20 23:24:25+00:00,213.88733346005137,211.6809858514439,215.52558785589176,210.01162938137477
180,2004-05-28 23:32:52+00:00,,209.1522362956403,220.04396459548997,213.4414347424701
181,2004-06-05 23:24:54+00:00,214.54112089768086,206.12560598041438,219.55685927881945,212.66288166724667
182,2004-06-13 23:32:44+00:00,245.7391212299553,230.75542651637278,239.19538336968265,230.0366351551511
183,2004-06-21 23:25:21+00:00,213.46849162476903,207.54943603858334,218.06343232584118,220.76935257353654
184,2004-06-29 23:32:44+00:00,239.58689476662806,232.97249588545836,238.72521723745172,235.04701451700632
185,2004-07-07 23:25:50+00:00,226.82993648540673,221.10346286638662,227.50956576277392,224.92763090216056
186,2004-07-15 23:32:41+00:00,230.71541873463545,221.07353910219044,227.44379325273496,222.7126845120784
187,2004-07-31 23:32:33+00:00,,217.46213202015065,222.78727274534577,218.24987072666926
188,2004-08-08 23:26:32+00:00,219.70787748936732,227.15437876444713,224.87077155499776,218.82302930642237
189,2004-08-16 23:32:31+00:00,196.438699625237,195.0118560482702,201.91477668757852,195.6266704222771
190,2004-08-24 23:26:59+00:00,220.4239307036844,228.9412539143288,228.1424727832764,219.04032132440284
191,2004-09-01 23:32:27+00:00,193.10694697482728,,,192.20618487078013
192,2004-09-09 23:27:25+00:00,225.0136775681074,232.89333175928007,228.47463964102533,224.41377079951297
193,2004-09-17 23:32:20+00:00,208.9701209753826,213.7827265201224,218.86118843342314,
194,2004-09-25 23:27:48+00:00,219.9454360761338,224.9778222360984,235.20439083400905,225.80678232469842
195,2004-10-03 23:32:16+00:00,204.3018057901856,203.87698829809023,214.12342116172354,205.3426073357503
196,2004-10-11 23:28:08+00:00,219.83017812318914,219.1256392991755,221.27243529196542,215.93462885873336
197,2004-10-27 23:28:28+00:00,204.06002994195447,204.53906774548932,204.91604256412535,202.02373706396224
198,2004-11-12 23:28:44+00:00,193.94783018598838,195.82543668061004,194.2175432225623,192.8026352128247
199,2004-11-28 23:29:04+00:00,206.56120657805047,209.98518418983053,207.60774909469512,198.51141559032436
200,2005-01-31 23:30:02+00:00,219.91977784065728,210.3976570574784,209.32076613395515,209.4033129023856
201,2005-02-24 23:33:22+00:00,213.08178622495373,209.6978444079499,204.66137435618293,200.8237321028093
202,2005-03-12 23:33:25+00:00,224.79220554952175,222.49780219048296,,219.44270690900208
203,2005-04-13 23:33:17+00:00,,,225.04693296863772,227.35002143755457
204,2005-04-21 23:30:52+00:00,213.2840288026372,212.03417239268313,209.0959250416659,209.74564547170797
205,2005-04-29 23:33:18+00:00,,,,229.6392271710793
206,2005-05-31 23:33:16+00:00,200.26888536690936,199.63426537900745,211.11145079821407,200.34299816997944
207,2005-06-08 23:31:14+00:00,198.8893141189988,205.5638363343067,208.57710960514456,209.5265470697592
208,2005-07-02 23:33:07+00:00,,,209.8022215550765,209.1735858939981
209,2005-07-18 23:33:08+00:00,193.77673314583717,188.136309055564,,
210,2005-07-26 23:31:35+00:00,193.89200794997328,202.3362731399763,205.87136392136551,207.06259191208935
211,2005-08-27 23:31:49+00:00,210.505234807428,216.11700816565798,213.3094087263721,218.8111406988291
212,2005-09-12 23:31:51+00:00,225.89221793874378,224.237606695451,210.38563908181482,229.20771742494745
213,2005-09-20 23:32:47+00:00,,199.8417620695086,186.63943649420025,207.38882195244216
214,2005-10-22 23:32:57+00:00,224.2191233176149,219.82078637470372,212.41487690935884,202.02565232179006
215,2005-12-09 23:33:19+00:00,224.03166873572349,227.96402283480472,228.26358377526157,228.44151329844152
216,2005-12-25 23:33:24+00:00,222.57527783280125,232.3914160943774,224.48295029824754,229.4413798148767
217,2006-01-10 23:33:33+00:00,219.0129585913862,215.0921003265272,216.15887420221839,214.39389066360962
218,2006-01-26 23:33:41+00:00,227.1131567938238,215.31307059336575,219.79777807453974,221.555183962685
219,2006-02-11 23:33:46+00:00,214.8044730983633,211.29714935938216,217.2380254660858,221.26514604284648
220,2006-03-15 23:33:49+00:00,213.1179219462693,213.72497141410832,231.22550250542247,221.78531234839625
221,2006-03-31 23:33:47+00:00,,218.07326367017367,221.22344684206536,212.92032078139252
222,2006-04-08 23:35:17+00:00,195.7102494348022,196.56417743507842,200.59720226907916,193.95684715120913
223,2006-04-16 23:33:43+00:00,199.45598076727435,200.23947483421978,206.02015519404586,201.5919772033514
224,2006-05-02 23:33:46+00:00,211.88960262847198,215.6146974322178,216.43938217171427,218.09203433460232
225,2006-05-18 23:33:47+00:00,,245.47256843233686,235.53319900866362,237.0593309540752
226,2006-06-03 23:33:45+00:00,,,,
227,2006-06-11 23:36:15+00:00,198.85769854986407,189.18558275962272,190.6669231629187,194.98495303013124
228,2006-06-27 23:36:29+00:00,205.83584984826788,205.96658865894562,205.44665570597476,208.47091220235416
229,2006-07-05 23:33:35+00:00,214.31177213259753,215.52150439252915,216.71210939387618,218.4023393472243
230,2006-07-29 23:36:56+00:00,206.63922809266734,215.89553133752827,201.6224927069506,203.60815025444964
231,2006-08-22 23:33:22+00:00,207.9550740671666,216.75421001758184,220.1682189744726,
232,2006-08-30 23:37:20+00:00,212.44720660797037,221.73916017770586,224.9840936510176,213.96362692840694
233,2006-09-15 23:37:32+00:00,224.98431187588318,228.87208774135456,217.8295939475836,214.2525343279745
234,2006-09-23 23:33:11+00:00,195.60893425925917,,191.48178712572022,195.83770945998845
235,2006-10-09 23:33:06+00:00,180.5317329413389,182.49052476604902,173.44579891328357,182.4527843371657
236,2006-11-10 23:33:35+00:00,212.71999744505075,209.4283631240299,222.29630139222354,219.86764387700606
237,2006-11-18 23:38:10+00:00,213.52954032599456,219.12639944092825,223.98514765627107,219.90195238640436
238,2006-12-04 23:38:18+00:00,209.84899818121528,216.802790526769,211.44550060099832,201.0303982680623
239,2006-12-20 23:38:26+00:00,198.18223923110023,201.7507196767794,203.22879958562368,202.84707638984415
240,2006-12-28 23:33:55+00:00,211.2655745786738,219.02426984014102,222.0744704532421,214.42413482369392
241,2007-01-05 23:38:33+00:00,210.0331754400642,213.77359744581028,213.338768945062,210.02578784518846
242,2007-01-13 23:33:55+00:00,217.0179219269998,224.81321901897263,225.17299252793777,220.8605140787932
243,2007-01-21 23:38:38+00:00,208.6224557980152,211.673070766462,219.85452232976613,217.9725194898877
244,2007-01-29 23:34:02+00:00,212.81287287386394,213.418466840543,220.7923278068772,
245,2007-02-14 23:34:08+00:00,,220.236449712669,225.54832314939563,221.6972639776586
246,2007-03-10 23:38:39+00:00,220.15772239139747,226.48015996168624,233.11138888444827,224.61598474226005
247,2007-03-18 23:34:14+00:00,209.38813555529327,223.71891154763642,221.81050698664308,219.07353369532643
248,2007-05-05 23:34:08+00:00,229.74850743592057,230.01509642510018,234.37602655316647,233.38683577132255
249,2007-05-13 23:38:15+00:00,232.8934756545565,232.1606859963064,229.21982790491137,232.26788969242006
250,2007-05-21 23:34:02+00:00,245.14496724067345,254.2496864228059,243.32316701094518,233.9578453708084
251,2007-06-22 23:33:58+00:00,195.78953560469333,180.0429952898989,191.00383019819378,186.73492619766722
252,2007-06-30 23:37:28+00:00,197.889888770531,199.80385475139155,199.4172871398983,191.229498589304
253,2007-07-16 23:37:21+00:00,187.47527501748675,192.63660898382454,198.69728521525468,194.7091434068531
254,2007-07-24 23:33:52+00:00,206.3522121905218,202.23723170609242,204.88146802564685,208.41682496337737
255,2007-08-09 23:33:47+00:00,215.6835390136887,208.69279246381507,224.78229114820147,218.923060360964
256,2007-08-17 23:37:04+00:00,201.2698900331188,189.56537481077677,213.6792336501287,203.10199246792791
257,2007-08-25 23:33:40+00:00,209.40496453453454,194.06987002676868,214.02746251975816,204.6976145669846
258,2007-09-10 23:33:32+00:00,191.4375298050096,187.31890431250343,193.0249937826587,192.90788289112893
259,2007-09-18 23:36:47+00:00,205.0471272598161,196.25166883814208,207.25120770699905,205.39597957418442
260,2007-09-26 23:33:28+00:00,202.47910734560173,196.93755993177743,203.45078793701782,197.20531601855072
261,2007-10-04 23:36:37+00:00,222.159954855771,211.68524695419,225.5238701800461,213.99329867912536
262,2007-10-12 23:33:28+00:00,188.10136261916244,184.58661209533307,187.7833554038042,187.85351303228526
263,2007-11-13 23:33:49+00:00,212.59817602514835,207.04886256292127,214.16762206083433,206.00211879010988
264,2008-02-09 23:34:23+00:00,191.17322726844986,186.08565333532846,194.82926793281325,197.9448310522422
265,2008-02-25 23:34:06+00:00,199.03886746588603,195.54922698888075,202.81613625547732,205.01400326359453
266,2008-03-12 23:33:47+00:00,210.89591188815348,209.65710051152305,216.59414292573933,229.71339160075445
267,2008-05-07 23:33:45+00:00,208.76517537781655,213.5236552245114,225.8038370151947,212.74666898301263
268,2008-05-23 23:33:39+00:00,207.28649290772586,215.42360328212214,219.73460788600897,221.64374859814828
269,2008-06-08 23:33:31+00:00,203.67930960934382,207.28220926227897,213.92060873168685,207.93924301387005
270,2008-06-24 23:33:21+00:00,196.94574146082923,200.57350938734427,212.53555922071138,195.31314185814577
271,2008-07-10 23:33:10+00:00,,,242.83733540808075,233.075588849623
272,2008-07-26 23:32:59+00:00,209.56291251759848,207.90461875147332,207.41750843534282,195.10109701982395
273,2008-08-11 23:32:54+00:00,213.2981652560415,207.74157501248072,215.88989421356132,207.824940358398
274,2008-09-12 23:32:38+00:00,210.52764578704915,199.72169721243563,202.33589336140017,188.73779811197724
275,2008-09-20 23:28:35+00:00,213.54681459501995,207.2832437858877,202.52996232636076,191.41829591928618
276,2008-09-28 23:32:29+00:00,198.62228602522285,199.5693974057516,192.47942460819007,184.2752601021752
277,2008-10-06 23:28:04+00:00,222.16523286935933,219.1569280555614,204.62488506534754,201.11116599969634
278,2008-11-23 23:27:17+00:00,198.63117465954394,197.8493145078564,201.8226949318643,193.22808945254232
279,2008-12-01 23:33:04+00:00,202.1691212001973,211.20956736219577,208.1870704103114,201.27327007829473
280,2008-12-17 23:33:14+00:00,204.0444351013699,212.41184593527373,217.41516985728634,210.67761900297205
281,2009-01-10 23:28:39+00:00,206.90103348417904,214.17927785562873,213.88324448024676,195.22888818391516
282,2009-01-18 23:33:26+00:00,232.41153825997085,234.95808307232195,238.54798409822394,
283,2009-03-07 23:33:48+00:00,204.6887302369372,219.8778573590751,,
284,2009-03-23 23:33:56+00:00,208.5970464588333,209.43851364305104,214.81408869314077,198.6541295499462
285,2009-04-08 23:34:01+00:00,201.19871810891794,202.60828999501706,208.13479878000763,183.19323015476627
286,2009-04-16 23:30:56+00:00,215.15030034664653,217.4727945861769,223.63495995517317,212.13486392405
287,2009-04-24 23:34:06+00:00,186.04433880470344,172.248469638881,174.5858708809821,
288,2009-06-11 23:34:09+00:00,,,,
289,2009-06-27 23:34:06+00:00,210.7767544186607,206.97733542225689,212.39640986481916,208.64318713833518
290,2009-07-05 23:32:24+00:00,200.3300323708658,200.46016369261375,210.11652861505,196.9783364216406
291,2009-07-13 23:34:02+00:00,190.28602159943236,183.95955190990054,196.10020627065188,191.3328044005259
292,2009-07-29 23:33:57+00:00,207.85811708771598,204.8082335756574,221.15687382951887,213.95848503742005
293,2009-08-06 23:32:54+00:00,207.00801265827224,,,
294,2009-08-14 23:33:53+00:00,225.89936001862876,227.40857756839785,226.8722272394462,223.10205135627768
295,2009-08-30 23:33:53+00:00,224.21006710936086,229.8083637320342,234.39848356999724,226.3865203765752
296,2009-09-07 23:33:22+00:00,210.19624425541713,219.38876669914515,204.7587073650431,204.63344396508683
297,2009-09-23 23:33:34+00:00,189.4775350352403,189.94836288558113,193.60529512674051,188.8993184520062
298,2009-11-02 23:34:09+00:00,213.57779853407285,219.6556104325358,230.44398791588597,225.99229499907506
299,2009-11-10 23:34:03+00:00,222.38247348160542,240.03588944515076,240.16666380875606,232.22600020357595
300,2009-11-18 23:34:22+00:00,191.96014065224767,196.38361867384793,199.7484063224357,192.0667953834384
301,2009-11-26 23:34:09+00:00,220.63198497750835,223.47448694836436,229.07069063562597,224.84659459919544
302,2009-12-12 23:34:19+00:00,219.24562393458075,219.5826940722283,217.2930419949534,214.65456734308722
303,2010-01-05 23:35:05+00:00,232.86807505969423,223.58339889295095,228.72625265787175,231.4610093202628
304,2010-01-21 23:35:19+00:00,223.33289741991044,220.31651704553886,225.64356223229476,214.80747280969516
305,2010-02-22 23:35:42+00:00,234.60979083374912,236.84767175074114,234.53233761465458,225.65348188447206
306,2010-03-18 23:34:40+00:00,229.47873026622193,225.3050216977354,235.22390991857222,212.48271037444823
307,2010-04-03 23:34:38+00:00,,215.1105425005011,210.10449234433543,213.05111720220037
308,2010-04-11 23:35:56+00:00,224.32188204200713,227.7671947525071,230.07531711622158,231.28140007834614
309,2010-04-27 23:35:54+00:00,212.15327918498502,211.44727270540938,222.82362426842028,229.88781345727529
310,2010-05-05 23:34:31+00:00,223.0136654868932,211.14447105870897,232.48193750062018,233.50140005670337
311,2010-05-13 23:35:50+00:00,200.58929422224858,194.86174682348442,218.23164622133913,211.80739290409443
312,2010-05-29 23:35:50+00:00,205.66196661485986,,220.22516944592084,215.97499558205445
313,2010-06-14 23:35:51+00:00,202.85051356792832,207.01998611525642,215.2125261775481,206.9323760888559
314,2010-07-16 23:35:56+00:00,217.15441074307918,222.55268087540077,232.28191970638636,225.87454899843414
315,2010-08-01 23:35:56+00:00,238.567200739888,244.6388443999342,256.4786657622931,242.44668320460914
316,2010-08-17 23:35:57+00:00,222.26312844464127,228.37024651692582,229.9749023208169,220.19099770506102
317,2010-09-10 23:33:56+00:00,202.52456673078237,211.68975006946533,216.91889153378108,207.0393306669722
318,2010-10-20 23:36:09+00:00,219.96488376613684,233.78236416818157,229.4180699483361,220.72322046612862
319,2010-11-13 23:33:30+00:00,233.44941674968612,236.486533270166,229.10350782302135,228.00086181411757
320,2010-11-21 23:36:31+00:00,217.82983194669816,225.43047803678976,229.2808017058198,214.81119653022435
321,2010-12-07 23:36:41+00:00,219.43981952054747,225.8161114771969,223.2311198895619,202.37243169131463
322,2010-12-31 23:33:37+00:00,241.98202786084175,246.21293261866538,235.11554626982968,227.9744763118195
323,2011-01-08 23:36:57+00:00,230.05174375431397,239.00329618923965,234.90271637270828,222.1664026876862
324,2011-01-16 23:33:39+00:00,205.65228102932224,199.06907340494,204.5904273169501,189.74449746546478
325,2011-01-24 23:37:04+00:00,234.5046090994473,232.46490279548772,233.77588688616694,226.23013588017238
326,2011-02-01 23:33:40+00:00,235.2069858107528,227.32924303329094,233.04140344772082,228.22995278149156
327,2011-02-09 23:37:08+00:00,230.62255087536144,230.3596139932335,238.61979723288312,
328,2011-02-25 23:37:13+00:00,231.70578909192773,235.3438246671032,,
329,2011-03-21 23:33:33+00:00,206.50099333179216,210.01763706063247,218.57375104029538,200.9752342315131
330,2011-03-29 23:37:19+00:00,240.29587128487407,248.7578072940102,251.75386299580117,238.69291481699395
331,2011-04-30 23:37:20+00:00,213.80564661731574,,220.56629919271916,200.80938003745558
332,2011-05-16 23:37:16+00:00,203.27771019457956,207.4921338840639,216.7412124968817,
333,2011-06-01 23:37:19+00:00,194.9808625501016,186.3720288250108,197.72442148812846,
334,2011-06-17 23:37:17+00:00,,200.13298588931576,203.7058058204624,191.44452632016535
335,2011-08-04 23:37:09+00:00,204.26356823653853,,218.5145985622185,207.2043072821158
336,2011-08-20 23:37:07+00:00,209.04258950234873,202.7392730510303,,220.37003076350717
337,2011-08-28 23:32:26+00:00,203.2767108344618,195.379298366635,208.0543390304374,204.87492818314342
338,2011-09-05 23:37:03+00:00,224.38214346942692,225.13596020498284,229.98230038288224,230.2804649717671
339,2011-09-13 23:32:14+00:00,203.29047745747613,201.8344756737602,202.753767030997,208.8028584703465
340,2011-09-21 23:36:59+00:00,232.5930549416466,229.25197082964203,232.39236935377315,226.14978404890152
341,2011-10-15 23:31:44+00:00,206.89202062200042,206.93370864642426,210.1754331730671,201.47552009529483
342,2011-10-23 23:37:04+00:00,222.69724384507055,224.5779327640435,232.14487196860753,220.0181046951114
343,2011-12-10 23:37:29+00:00,211.78778300219523,203.63619952694515,212.68451221952876,190.50802009712322
344,2012-01-11 23:37:44+00:00,194.0056565777119,194.75502896290894,181.60773578830924,180.99418481794183
345,2012-03-15 23:37:50+00:00,231.29196707263753,223.06906457796146,,
346,2012-03-31 23:37:49+00:00,232.87358147192043,229.2700905154694,,
347,2012-06-03 23:38:04+00:00,202.4591881952515,186.81576255818172,203.9672427622498,191.12545457053514
348,2012-06-19 23:38:10+00:00,198.84424883971298,194.34523014743203,199.00309196596277,198.65728126019889
349,2012-08-06 23:38:45+00:00,195.8602008819217,203.0132332346073,206.027212333871,197.47597465700554
350,2012-08-22 23:38:55+00:00,213.48194082793572,219.6499063916245,201.3334020991369,201.11260699973855
351,2012-09-23 23:39:14+00:00,221.83116624029822,216.67342349059408,,
352,2012-10-09 23:39:21+00:00,216.52372680638285,209.080338862187,220.38808195878178,212.832270054446
353,2012-10-25 23:39:32+00:00,204.50555696810696,202.66045914013952,202.57993889514535,187.6140559148111
354,2012-11-10 23:39:36+00:00,212.95340175103172,211.0689155068214,216.72824522543996,201.96657622820106
355,2012-11-26 23:39:42+00:00,213.59409939570608,206.96338171771185,215.48851157578144,206.2981186970864
356,2012-12-12 23:39:46+00:00,214.47131663082746,208.58840163372895,210.85381648852717,200.08773465225377
357,2013-03-18 23:39:49+00:00,202.79011242229365,203.2804099955427,197.23034926760894,197.00136042842973
358,2013-03-27 23:48:16+00:00,199.57436987066473,203.4955176699844,197.88733391750225,198.21926541528995
359,2013-04-11 23:45:47+00:00,216.31137336263518,221.7359399272274,223.35229217756188,217.37669714680902
360,2013-04-27 23:45:28+00:00,194.37121372860673,199.28266692523982,201.14786242011033,196.93996986712884
361,2013-05-05 23:39:36+00:00,192.37412444060868,186.13194095689522,195.58883526466497,
362,2013-07-24 23:39:01+00:00,199.2486506104766,199.17356274500256,,198.63715570827685
363,2013-08-09 23:38:55+00:00,205.6180992132658,209.95049466866337,200.32462976331965,202.41862890047662
364,2013-08-17 23:45:44+00:00,231.61517117801188,235.353998345769,225.723839473107,220.87312321640854
365,2013-08-25 23:39:07+00:00,225.1807043569014,222.91170183750802,216.4959198318012,220.57731149011084
366,2013-09-02 23:45:45+00:00,238.88581771319383,235.4901756147546,225.42615911107464,231.39115194701094
367,2013-09-18 23:45:39+00:00,209.34119644229438,208.09348095210493,209.75625517949834,203.63437633408773
368,2013-09-26 23:39:28+00:00,230.9023173190544,224.4290826126194,,226.101615052158
369,2013-10-04 23:45:36+00:00,210.3217265730305,209.89941581691062,211.05000480659052,205.3112043254942
370,2013-10-12 23:39:42+00:00,234.64662049069196,229.1260938387925,227.92179325001183,226.1970275691788
371,2013-10-20 23:45:31+00:00,214.19977432181526,208.58750280539797,218.45935992341774,205.93251385226256
372,2013-11-05 23:45:27+00:00,196.7785853634456,194.7860626513844,189.00188805665522,194.19616268200252
373,2013-11-13 23:39:54+00:00,224.49301546959396,223.79541750237004,219.26311459797813,223.49255182763036
374,2013-12-07 23:45:19+00:00,191.16912466923753,193.37707865955022,177.65927135716532,184.90399063529645
375,2013-12-15 23:40:02+00:00,,212.27032833890206,205.71476240156272,209.0033681029541
376,2014-01-16 23:40:19+00:00,215.03940941748522,223.8936908976926,224.1892732798827,206.02774929700402
377,2014-01-24 23:44:50+00:00,225.4378525291159,234.9019734047605,237.5048541784352,231.006762865542
378,2014-02-01 23:40:35+00:00,210.07556251363218,208.26340791803887,210.71754716407122,204.83242785049947
379,2014-02-09 23:44:38+00:00,224.2009316312076,231.38977510016815,236.1179887929628,232.72192500132482
380,2014-03-13 23:44:14+00:00,230.30442948147953,237.81829096298742,248.1006831145914,240.73985736091416
381,2014-03-21 23:40:37+00:00,264.2799118089116,252.28470317326685,259.64235488227587,249.8563714415563
382,2014-03-29 23:43:57+00:00,217.85306361917722,228.9442957382658,228.26173628763075,230.68999545992853
383,2014-05-08 23:40:58+00:00,208.76888635171082,202.68302123132725,193.68835867650148,201.86260386842304
384,2014-05-16 23:43:14+00:00,220.94699595045853,217.78356775563452,216.88250131127052,212.31703278325713
385,2014-06-25 23:41:11+00:00,222.17475962972716,214.19040145064648,208.33556614425495,
386,2014-07-03 23:43:31+00:00,230.1470345627647,221.33940374050175,212.813277930955,227.12541958263057
387,2014-07-11 23:41:14+00:00,237.76020173194803,223.2325803764188,,
388,2014-07-19 23:43:35+00:00,,,,
389,2014-07-27 23:41:19+00:00,,,,
390,2014-08-04 23:43:43+00:00,232.11997987714648,231.86165409437,236.60627358270847,234.09802788276252
391,2014-08-28 23:41:20+00:00,206.89955995212654,199.6541803898703,,
392,2014-09-05 23:43:50+00:00,199.40773574233168,191.53816889800885,179.5598784496111,189.973149395345
393,2014-09-13 23:41:21+00:00,214.63635635935614,200.81018365789424,205.76552293924885,202.29695741113554
394,2014-09-21 23:43:49+00:00,196.47591598040947,188.81087495866865,180.10143598659766,191.83427148492456
395,2014-10-31 23:41:52+00:00,217.02744179170065,212.66231050088334,207.29232692664417,209.4910787410341
396,2014-11-08 23:43:57+00:00,204.52782674216388,198.001123111383,189.9823197070124,200.6091311297016
397,2014-11-16 23:41:57+00:00,211.58331021068193,211.33919107290023,,
398,2014-12-18 23:42:14+00:00,217.85512114640306,214.66548515386208,213.9533573985458,207.83667202793953
399,2015-01-03 23:42:15+00:00,220.78910412422948,221.04882068199774,,
400,2015-02-28 23:43:29+00:00,222.02588800398578,217.75304212433846,221.2373332930755,231.0934295467065
401,2015-03-24 23:42:45+00:00,214.5067552187427,205.02833032276226,227.40902550925972,217.51413356549915
402,2015-04-09 23:42:53+00:00,200.61359000693525,,205.5486487272259,200.16443923456458
403,2015-05-11 23:43:07+00:00,201.24797216775625,194.1917554926161,202.23237277504535,194.26760157346482
404,2015-05-27 23:43:11+00:00,202.7607767875578,197.6289828631337,203.2284219847404,204.2948393813682
405,2015-07-06 23:43:11+00:00,191.35447989662666,188.379030317709,199.50925822106558,197.47358601184814
406,2015-07-14 23:43:27+00:00,195.0420493423619,199.57205399129145,,204.27465343934395
407,2015-07-30 23:43:29+00:00,197.40429284734392,200.09480397422135,200.13930993519176,197.57992256325062
408,2015-08-07 23:43:21+00:00,201.7346304132397,203.08691177905018,206.61322194323571,196.3984103377282
409,2015-08-15 23:43:33+00:00,,203.55723472514342,209.65679232789103,199.42715278263123
410,2015-08-31 23:43:33+00:00,180.59785264072596,190.5891045457678,170.9127024047823,178.97108532348557
411,2015-09-08 23:43:35+00:00,202.77537598180803,210.62692187712827,207.51839622324616,201.64793882634768
412,2015-10-02 23:43:39+00:00,203.89470760941293,202.47759502514816,208.37598920852815,204.09750703830386
413,2015-10-18 23:43:59+00:00,214.46032492652003,213.5492009114769,220.5698443518445,213.51583891754896
414,2015-11-11 23:43:49+00:00,196.7864479098356,195.10976805636756,199.47375478474976,197.8009748882443
415,2015-11-19 23:44:30+00:00,219.5722527547759,223.70117166867755,228.53405142944698,217.05065997801125
416,2015-12-05 23:44:43+00:00,221.11506149072844,222.0724158105378,215.54518355893535,209.4441761220387
417,2015-12-29 23:43:50+00:00,219.20342191073377,211.7160639302184,214.8521658532331,227.2760571762747
418,2016-01-30 23:43:46+00:00,222.73217013193272,211.6279853193356,214.7722898902511,224.93342754285786
419,2016-02-15 23:43:38+00:00,222.32471389040796,210.2832889943577,222.22358998912762,224.20336102780985
420,2016-02-23 23:45:35+00:00,203.7208642891604,193.93821048429078,205.22257897962413,
421,2016-03-02 23:43:36+00:00,221.54968845034887,219.28823829351035,227.68509457652647,228.00417987608492
422,2016-03-10 23:45:46+00:00,200.6829126621547,199.96501691094346,206.10305416124564,212.11588363305708
423,2016-03-18 23:43:31+00:00,223.08848622273575,211.45399759694163,225.53923504649032,230.63325143273516
424,2016-03-26 23:45:52+00:00,201.6110324911237,198.46552549698853,217.3878598450941,212.6194361974557
425,2016-04-03 23:43:21+00:00,217.76557376902105,209.75463910704454,227.80919982219248,228.7746586588709
426,2016-04-19 23:43:16+00:00,212.5184077622959,214.0279406871872,227.03975756257188,223.4405002729713
427,2016-05-05 23:43:19+00:00,205.0098546838019,205.9440716266207,223.34678232773737,216.28875509401078
428,2016-05-13 23:46:07+00:00,226.81800628841165,,242.32027300410655,240.2631535589598
429,2016-05-21 23:43:19+00:00,202.25507925469853,201.05303512926764,219.55907147749662,203.01593085798558
430,2016-05-29 23:46:12+00:00,217.3333772840072,214.15810146849012,227.34105051787503,222.0414259793373
431,2016-06-22 23:43:29+00:00,206.63565775725692,206.9119024144549,200.25964777496253,183.91940132238904
432,2016-06-30 23:46:17+00:00,224.82844316109654,227.85306363764306,224.53728651796217,202.0785541322211
433,2016-07-24 23:43:43+00:00,188.6402292514892,185.087736590515,171.55556501773975,182.3151152557635
434,2016-08-09 23:43:44+00:00,221.73158479412876,217.52860006530773,209.8124751497075,200.76718074803918
435,2016-08-17 23:46:20+00:00,226.8124037312375,220.0138643258963,214.11548038461507,211.78765387445736
436,2016-09-10 23:43:56+00:00,236.06762712682445,223.78234322016158,216.01867451202122,229.19784776754648
437,2016-09-18 23:46:26+00:00,212.08982149464933,203.44046743557016,193.6614314079805,193.2791214842323
438,2016-09-26 23:43:57+00:00,232.3311532711515,221.1465142752063,220.47367988120112,224.8803847531999
439,2016-10-04 23:46:28+00:00,221.89326195404453,218.28978429611942,222.86801571335712,217.4215346679497
440,2016-10-28 23:44:04+00:00,208.83435181381037,204.07895527796165,209.23306207677334,199.02813246934116
441,2016-11-05 23:46:20+00:00,206.81553337086265,209.01636526682904,212.80782230046464,
442,2016-11-13 23:44:03+00:00,210.40860640660193,209.59070247933045,217.00191239326284,210.61003921441988
443,2016-11-21 23:46:14+00:00,,224.7508197967275,226.3662746696733,211.44454798743607
444,2016-12-07 23:46:11+00:00,235.49788934615412,236.53623447690586,233.35828568507105,226.1400218443785
445,2017-01-16 23:43:52+00:00,219.073668448926,223.79240325597613,227.1996063405548,215.3551493125264
446,2017-02-01 23:43:45+00:00,221.00470942688457,223.19567369882367,228.29719379448804,213.60096182347758
447,2017-02-17 23:43:38+00:00,227.84275791304907,233.8330417311089,234.92789252453412,219.14998610041528
448,2017-04-14 23:46:03+00:00,209.50199850435496,201.94867234420306,214.67950611084737,
449,2017-04-22 23:43:05+00:00,229.15082232195624,229.5652540997148,238.88320330926038,232.03843744669402
450,2017-05-08 23:43:04+00:00,194.13354650234143,194.26277210680604,202.57462352215333,199.66538376127505
451,2017-05-16 23:46:12+00:00,224.31227283731965,222.50413811671984,223.86849834102378,217.18666436288288
452,2017-05-24 23:43:15+00:00,222.13028083447696,215.22496762396776,220.5082007659231,218.00019669875832
453,2017-06-01 23:46:16+00:00,219.86477288546808,217.35947546222175,221.25597752207256,217.53080045005677
454,2017-06-25 23:43:28+00:00,210.84990435124536,192.68034838053524,219.94157421166517,217.38845655339122
455,2017-07-03 23:46:22+00:00,234.49971590760902,215.13312657047072,239.25388861108254,231.06720484972783
456,2017-07-19 23:46:22+00:00,220.06546104543375,217.61436120516788,234.32818193390005,230.3591621316158
457,2017-08-04 23:46:20+00:00,223.4458535075438,222.70124133814235,227.32850320506938,220.69390633036699
458,2017-08-12 23:43:45+00:00,220.5228783769096,220.11138174021394,221.3822612308649,206.89115094907845
459,2017-09-05 23:46:19+00:00,212.05769423050128,,218.7742852560082,198.98398610878576
460,2017-09-13 23:43:49+00:00,211.7152041928854,224.6172101598213,219.58725416229674,205.01121796806427
461,2017-09-21 23:46:17+00:00,206.49351982663927,213.1532503255694,,
462,2017-10-23 23:46:21+00:00,212.37476626189718,215.44354512193144,221.94920596893166,210.2754120521322
463,2017-10-31 23:44:01+00:00,198.1733441615463,206.21655269655264,208.49816563082055,203.19965903210368
464,2017-11-08 23:46:20+00:00,201.30452210187678,198.86053277352494,203.1081074073023,193.32098002968638
465,2017-11-24 23:46:15+00:00,228.60734412808532,216.01834769648627,221.81799916363707,213.89138865759452
466,2017-12-10 23:46:07+00:00,236.45678116015986,223.1431919625869,223.99570425433012,234.20140620185924
467,2017-12-18 23:43:54+00:00,209.10079881161238,,,201.36211541520072
468,2018-01-19 23:43:43+00:00,201.62438044497458,196.5984577777748,203.48061353594483,200.56713140301144
469,2018-02-04 23:43:34+00:00,205.9140683540898,201.3002647065789,210.5078989629293,205.4411992145366
470,2018-02-12 23:45:15+00:00,210.7937852869608,214.75678324168348,220.77494744496772,213.82620753351398
471,2018-03-08 23:43:20+00:00,223.01153153367255,216.6466624648853,220.26445950670436,223.03475107932914
472,2018-03-16 23:44:54+00:00,203.93349051630696,196.23562420459734,198.50070815261512,209.96373039469051
473,2018-03-24 23:43:13+00:00,224.51822798107355,214.58040615646098,210.55241052209482,225.36514371909558
474,2018-04-01 23:44:40+00:00,213.69551049956164,202.17527439592948,201.66547417553463,209.46035465863207
475,2018-05-19 23:43:52+00:00,202.84885862258852,205.89120711375406,210.7886047132848,207.04755975566124
476,2018-05-27 23:42:33+00:00,194.13389990465987,190.21545904046246,196.9700647246737,194.55997051995044
477,2018-06-28 23:42:45+00:00,196.67197991687044,198.93642525632612,204.11911031329626,194.4310442886224
478,2018-07-06 23:42:59+00:00,218.19533882386094,220.411866163917,233.5307098064465,212.54048549568645
479,2018-07-14 23:42:53+00:00,183.4527846114966,180.2792204651686,187.95808438457024,183.4600715174404
480,2018-07-22 23:42:42+00:00,206.0632321734864,214.21246816918634,221.5480774074008,210.9006493157153
481,2018-07-30 23:43:00+00:00,201.69316885596112,211.8980640556433,218.75536473011172,204.84436188828306
482,2018-08-07 23:42:25+00:00,220.70674779347877,235.30222437920267,234.57823604261287,221.69654966256792
483,2018-08-15 23:43:09+00:00,209.6426115271177,217.09373560613975,221.15856756361816,208.7705360429187
484,2018-08-23 23:42:06+00:00,210.02103940665324,214.9926225003839,216.22730276381333,210.09440093192524
485,2018-08-31 23:43:16+00:00,213.2866545977059,216.05561909601664,218.9692510524055,209.07000758043063
486,2018-09-08 23:41:46+00:00,216.76748180681807,207.96745306270265,,215.29700995296537
487,2018-09-16 23:43:20+00:00,214.43170784295882,208.48962293214024,222.05893186765223,221.3393417016169
488,2018-10-18 23:43:34+00:00,226.17075173129257,224.4775329007652,231.4696509761758,215.20842206083978
489,2018-10-26 23:40:39+00:00,206.30029310302305,207.41446864957032,211.54966598712346,202.0187232936545
490,2018-11-11 23:40:18+00:00,224.01288701475076,225.1841124580526,220.4118609399767,215.74878299140596
491,2018-11-19 23:43:39+00:00,231.7556932799686,236.6083905533705,229.5458149819117,221.02390495227004
492,2018-12-05 23:43:37+00:00,216.69213926939184,221.38345373693022,214.41066315267824,203.05071606732452
493,2018-12-29 23:39:00+00:00,242.67292102287934,243.28615512058423,242.81834477652285,231.18100863455166
494,2019-01-14 23:38:30+00:00,231.84372250486336,241.2954268129852,241.47111052540168,230.93378368589208
495,2019-03-03 23:37:01+00:00,,236.55083305695194,239.7464878675974,229.4679534861687
496,2019-03-11 23:43:20+00:00,226.81481592833552,235.73537611764235,237.3749742866256,230.88477273744417
497,2019-03-19 23:36:30+00:00,210.40741347122594,216.35087421036334,217.29553711528706,212.8611536244183
498,2019-03-27 23:43:16+00:00,232.85351951348358,241.40848268832264,237.22704288373362,230.17644211393014
499,2019-04-20 23:35:23+00:00,234.43815931040814,241.29525158194846,234.13628188388384,228.85966393646365
500,2019-05-06 23:34:46+00:00,,,208.3121141074714,204.70988773185547
501,2019-05-14 23:43:17+00:00,238.78053328896942,237.81809104859536,238.01831045177374,230.7462653530473
502,2019-05-22 23:34:09+00:00,,,237.60283813225112,227.12048952020922
503,2019-05-30 23:43:26+00:00,224.03556960886544,229.6696521863644,226.01133403994294,219.52054856073596
504,2019-07-01 23:43:37+00:00,197.74250822309654,197.77559386126075,202.61102878428858,194.56906836751403
505,2019-07-09 23:32:23+00:00,224.1971881958524,234.4014826075222,234.14461779051095,
506,2019-07-17 23:43:40+00:00,206.67611653852424,215.277647561479,218.68174872175854,210.28481394118063
507,2019-08-02 23:43:47+00:00,207.22558738014226,211.6697550464287,215.04209071672497,209.17684421855506
508,2019-08-10 23:31:06+00:00,,,236.8864079100073,230.71983103588974
509,2019-08-18 23:43:52+00:00,229.01593783192982,230.58438832089234,234.2932821014962,227.48288482409393
510,2019-08-26 23:30:26+00:00,227.70155643074756,229.25052871994515,233.18395437569853,219.93927286980312
511,2019-09-03 23:43:55+00:00,213.7955946486232,211.78209754175262,221.64514556669764,199.04293017298232
512,2019-09-19 23:44:01+00:00,205.60106778365036,206.50117578491933,216.13875009046433,199.43135318428
513,2019-10-21 23:44:06+00:00,219.7060505525539,222.39786666668687,225.43182955840734,208.21582749403626
514,2019-11-06 23:44:05+00:00,221.03133390846207,224.2271700649245,232.40960285056036,215.09419198458033
515,2019-11-14 23:26:57+00:00,201.23472603635375,210.91336277326042,216.77648656878762,187.91807567752593
516,2019-12-16 23:25:23+00:00,231.41015668421397,229.54764611313004,232.72451858877486,217.9889126479208
517,2019-12-24 23:43:58+00:00,218.21504349508362,218.38460287412244,218.580648609039,198.7230628965824
518,2020-01-09 23:43:54+00:00,221.1477048325913,225.61400355848733,225.18654918833363,208.82393903027724
519,2020-01-25 23:43:50+00:00,227.1528729801469,230.51415481186694,225.73716631709323,210.58618514999074
520,2020-02-10 23:43:45+00:00,203.39228924598498,200.3918638901163,199.88429926026396,174.77195810594387
521,2020-02-18 23:22:08+00:00,225.50487563681008,222.25093429949314,220.71186252603815,204.6550848770021
522,2020-03-05 23:21:17+00:00,231.21414506669578,235.00671717115492,227.35383444805302,
523,2020-04-14 23:43:19+00:00,219.28996264562818,223.87883568647032,222.71788734446898,206.44742400976588
524,2020-04-22 23:18:34+00:00,225.1471147198127,225.25252822785046,224.12923167566512,209.79998048633132
525,2020-04-30 23:43:11+00:00,238.53553491426882,246.50684359173735,234.67587310077613,230.3205159473722
526,2020-05-08 23:17:36+00:00,,226.16997450947167,226.08006277149525,213.26437448038277
527,2020-05-16 23:43:08+00:00,221.62679236027574,233.8401841185609,224.2782881064349,223.4370451278878
528,2020-06-17 23:43:23+00:00,199.45049769522933,209.61903462218916,218.62458031743748,216.91157297910866
529,2020-06-25 23:14:45+00:00,192.61611779003692,215.4389910183965,215.63210588946828,
530,2020-07-03 23:43:31+00:00,205.4609985228406,224.7828835507938,226.17676137076424,224.14337923731466
531,2020-07-11 23:13:47+00:00,,231.0211830774487,226.27435911636965,230.08311321085296
532,2020-07-19 23:43:36+00:00,202.28217756209648,194.07662480438916,191.51910733700515,203.11273174224297
533,2020-08-04 23:43:40+00:00,188.1698541247526,191.13503029322771,174.51833137253897,184.92777422844003
534,2020-08-12 23:11:47+00:00,218.37829253059687,203.7133790265267,207.69742622525968,
535,2020-08-20 23:43:47+00:00,195.04525701028388,188.0604785351453,183.55080565516448,199.01727644676794
536,2020-08-28 23:10:45+00:00,205.46595064648,203.67058683308193,208.55817981025987,209.22456675350534
537,2020-09-05 23:43:54+00:00,,,,
538,2020-09-13 23:09:42+00:00,225.3431359276376,217.4191595814172,217.0108290099542,215.6905044286949
539,2020-09-21 23:43:59+00:00,207.91308102580277,196.13347350649389,207.7544722322861,204.78288684508908
540,2020-11-16 23:05:29+00:00,,,,
541,2020-11-24 23:44:03+00:00,213.2486564271478,211.08814553138163,210.6772755008541,213.7657967940812
542,2020-12-26 23:44:01+00:00,220.97413758538113,204.59705854803076,203.76866093939566,218.6470966953955
543,2021-01-11 23:43:55+00:00,217.7575385200047,197.7974333748002,199.50352232491852,215.58803428688518
544,2021-02-04 22:59:42+00:00,217.6462268128655,203.9351453979715,209.67050328776065,211.23636335222193
545,2021-02-20 22:58:30+00:00,217.6253989828764,,,226.43787137624298
546,2021-02-28 23:43:42+00:00,191.98657169832657,178.59808208248458,,198.25133216675488
547,2021-03-08 22:57:15+00:00,203.97206933834826,205.04878312845756,218.57167746586111,
548,2021-03-24 22:55:59+00:00,188.92069710991234,184.76020002673198,201.5646309296811,184.41943055721052
549,2021-04-17 23:43:23+00:00,209.10881470117948,201.25572553285923,206.04014128782347,201.38408539820563
550,2021-04-25 22:53:19+00:00,,,198.42343715877018,194.87829892717423
551,2021-05-19 23:43:21+00:00,204.83727319982833,206.1449871616506,217.07871580321145,200.59526238517594
552,2021-05-27 22:50:37+00:00,,207.41284819965404,211.19841482558704,195.41157020632983
553,2021-06-04 23:43:29+00:00,195.01098669660342,197.49143220773306,213.51102861504137,188.75728205112298
554,2021-06-12 22:49:17+00:00,217.91263492655833,,,208.7285704663225
555,2021-06-20 23:43:34+00:00,187.22262498064458,186.41819630220562,193.3783609044463,
556,2021-07-06 23:43:37+00:00,207.74256954297678,203.47065662674117,213.55999372261917,206.98202990181073
557,2021-08-15 22:43:48+00:00,212.0649553041908,220.871963807619,231.0948864238349,210.07657781176036
558,2021-08-31 22:42:25+00:00,216.41559630264726,220.28064522936353,,
559,2021-09-16 22:41:01+00:00,198.0124855195758,206.64766631273767,204.00142325463992,182.1215958833746
560,2021-09-24 23:44:01+00:00,191.5425227559577,198.79695978545288,195.56160438311903,180.7967373789081
561,2021-10-02 22:39:35+00:00,221.04179834975105,,,196.5935962358725
562,2021-10-18 22:38:10+00:00,206.1609398380113,229.4855275255902,212.06009156258315,187.59594649722706
563,2021-10-26 23:44:09+00:00,221.24382207459803,231.0537627190617,218.5953681035579,194.54725024978399
564,2021-11-11 23:44:05+00:00,208.3834356716281,229.33392165224285,219.88688154211434,176.09232795823684
565,2021-12-13 23:44:04+00:00,201.20174710438448,210.84335714093237,210.7856859099049,176.98060705749313
566,2021-12-29 23:43:58+00:00,217.62680983374082,223.22360041184243,223.78394463112517,208.8623692071296
567,2022-01-14 23:43:56+00:00,207.85981646506,208.66754894441735,210.37927628043067,191.42496955180331
568,2022-01-22 23:43:59+00:00,206.73616623066067,211.81906506189068,214.65779596371647,196.70134657078984
569,2022-01-30 23:43:51+00:00,203.30996536467106,201.70497237566678,206.68443970234773,199.9093704067655
570,2022-04-04 23:43:28+00:00,188.4045999804819,183.038499494844,169.3806624681117,188.18809766074594
571,2022-04-12 23:43:35+00:00,,,,
572,2022-04-20 23:43:32+00:00,187.68790848216864,184.40484615749847,187.77184512230667,189.07666686115078
573,2022-04-28 23:43:28+00:00,179.96473466039893,182.69048150322922,184.90073317935287,175.6933658639318
574,2022-05-06 23:43:34+00:00,197.39998588091694,195.44874486068414,211.73587967766406,203.1132713262714
575,2022-05-30 23:43:14+00:00,188.79523261686987,189.45774530697383,194.98121558861405,189.46090229295373
576,2022-06-07 23:43:48+00:00,202.0233022965492,200.01938162899899,213.26990542896948,198.61412845062233
577,2022-06-15 23:43:21+00:00,171.09812059939736,172.44771554988515,157.7062704943624,
578,2022-06-23 23:43:56+00:00,193.79903775170095,187.18726874780918,185.8156862336081,191.36898028767197
579,2022-07-17 23:43:34+00:00,184.28106223034757,175.0657039995928,184.23270593065072,
580,2022-09-11 23:44:19+00:00,175.45403492369297,178.43601168881932,184.22466679068057,173.80827497602382
581,2022-09-19 23:44:02+00:00,196.51302471728542,198.30444965506405,199.97168555991053,194.9425348894704
582,2022-09-27 23:44:21+00:00,173.74271003114973,177.00471815596782,176.32977305627418,161.13100111507197
583,2022-10-29 23:44:21+00:00,174.7351288835601,182.01042473758037,195.4864165716819,186.08917517206837
584,2022-11-22 23:44:10+00:00,177.67784673259405,189.2732898197549,189.08823213859353,180.1941780348621
585,2022-12-08 23:44:10+00:00,149.24426410991305,169.44781388579858,167.04945723064833,146.05185028323757
586,2022-12-24 23:44:07+00:00,177.52552526759786,176.53467794713117,185.12804480899769,159.4954293040454
587,2023-01-01 23:44:08+00:00,202.38517669080707,197.06524305205295,213.92419264714175,205.73081034307717
588,2023-01-09 23:44:09+00:00,180.0893873894509,183.174206290531,196.81870021971872,193.6554038878522
589,2023-01-17 23:43:59+00:00,206.6654647549903,208.52948794592368,218.51782016798677,218.74993864589428
590,2023-01-25 23:44:06+00:00,195.7248286992147,188.12497319895527,206.2324692558948,198.27925385281873
591,2023-02-02 23:44:06+00:00,191.47026135671513,188.1906106292932,201.31876760096497,193.26165883480144
592,2023-03-14 23:43:52+00:00,205.74443719006888,201.92317964600184,,
593,2023-03-30 23:43:40+00:00,209.7958288190111,218.22886810773403,208.31382061829666,219.5909162212006
594,2023-04-07 23:43:21+00:00,200.42658725385616,201.24777111017295,191.85327112825314,183.52028938158966
595,2023-04-23 23:43:14+00:00,197.76789694787874,189.8067343649788,201.59222207548856,182.9639795783459
596,2023-05-01 23:43:25+00:00,199.2243232173827,196.1417452269741,213.53985972013663,195.83647343246326
597,2023-05-09 23:43:03+00:00,167.61854309380482,172.2378445614936,162.1222923461965,173.61347248935394
598,2023-05-17 23:43:18+00:00,179.7212240341984,187.54987247185107,186.0601613760211,177.47179751903036
599,2023-05-25 23:43:01+00:00,188.30337485143522,200.51556100235854,203.65021669033095,194.19574629758193
600,2023-06-10 23:43:08+00:00,196.8870742886852,208.71865134641752,220.3193000085875,205.2436598784111
601,2023-06-18 23:43:02+00:00,191.76611961545836,203.95209983994113,219.9050967488771,197.01381780509175
602,2023-06-26 23:43:15+00:00,200.01326872602505,223.63213554786842,225.25274726545854,213.28994682999522
603,2023-07-04 23:43:14+00:00,178.97492281098687,189.97094390536034,185.7025067262964,185.5617099512496
604,2023-07-12 23:43:25+00:00,204.62554462839722,222.7133509370061,223.58476688241663,209.4352966674079
605,2023-08-13 23:43:37+00:00,200.82776962428707,205.22767413134227,206.89609041399578,179.22149627590846
606,2023-08-21 23:43:33+00:00,202.91795502201637,219.4545355057025,212.5886530868382,192.99639956545187
607,2023-08-29 23:43:43+00:00,221.5206479048315,231.50930261235487,224.86898007620337,198.28359540447622
608,2023-09-14 23:43:46+00:00,215.1881210734693,221.4175189695581,221.69356789335401,199.76908205240858
609,2023-09-30 23:43:50+00:00,199.60549290111243,211.84768366668663,,
610,2023-10-08 23:43:51+00:00,232.68651153202973,236.2866730384784,230.05329957607967,220.92582733770135
611,2023-10-24 23:43:57+00:00,,,,
612,2023-11-01 23:43:56+00:00,197.53996404435838,198.45353685391558,200.56334554331957,188.14842298357985
613,2023-11-17 23:43:56+00:00,195.44985557701378,199.627877294422,196.1842917760706,184.64927415642822
614,2023-11-25 23:44:01+00:00,204.0147524991969,219.12521272325273,216.55689523393886,199.1777033784565
615,2023-12-11 23:43:59+00:00,210.49232553657222,227.402273517725,228.49251368393283,202.78346118764813
616,2023-12-27 23:44:02+00:00,205.78625878040597,211.96683765838648,216.228773464111,202.7857861884307
617,2024-01-04 23:43:47+00:00,224.03973747866877,236.08010382743925,236.17042593970092,220.75021615604336
618,2024-01-12 23:44:00+00:00,198.33235970493115,201.13951408859546,203.03793211878798,196.1288485361614
619,2024-01-20 23:43:48+00:00,227.27797213471197,229.40695406092516,231.7972501633858,226.02800348899137
620,2024-01-28 23:43:59+00:00,199.8827749440403,202.2157192128513,213.1932554452406,204.2262280515713
621,2024-03-08 23:43:34+00:00,206.87023417092985,219.5552196702106,218.26284800595351,207.43298226588027
622,2024-03-24 23:43:23+00:00,214.84971425136845,220.33073323106117,226.05220591297817,224.46043329826952
623,2024-04-01 23:43:43+00:00,231.03896263502338,240.24228326475756,245.03245971952822,233.69077396488757
624,2024-04-09 23:43:18+00:00,155.87004404266463,163.8326346810117,,155.3977289584011
625,2024-05-27 23:42:46+00:00,192.88774527878604,201.2173745695893,213.84027232189382,191.58210612820545
626,2024-06-04 23:43:05+00:00,188.69617143818155,198.84531872209013,201.59103489046902,191.0245796973964
627,2024-06-20 23:42:47+00:00,187.6521082321257,189.4694885666101,187.29210944321633,190.90122271831567
628,2024-07-06 23:43:02+00:00,199.19708110874254,204.61678924205785,201.66177664684415,184.47427536292673
629,2024-07-14 23:43:11+00:00,196.48198965677705,200.34031621043283,200.65734966413754,190.15322023712372
630,2024-07-22 23:43:09+00:00,202.09277516774955,211.56187331992078,210.0349138202918,191.52829152913492
631,2024-07-30 23:43:20+00:00,158.98862275586646,165.13484951906224,160.41941188328434,163.95857109629043
632,2024-08-07 23:43:13+00:00,196.44401764111177,203.86789549020932,188.85390708047458,180.24096444450348
633,2024-08-31 23:43:32+00:00,201.40625614988087,209.9402894433023,205.33797592566057,189.876652193116
634,2024-09-16 23:43:38+00:00,180.6427203316225,185.88923312213342,173.87027459096925,170.3542670977812
635,2024-10-02 23:43:34+00:00,192.56195901377146,193.24106561825113,188.83686014998773,
636,2024-10-10 23:43:39+00:00,206.24276670158426,202.30020812351717,209.1610642473101,195.13878075643382
637,2024-10-26 23:43:53+00:00,193.65295160882522,189.55949784253,200.8966305879687,188.3150476969965
638,2024-11-19 23:43:49+00:00,194.62186236614758,199.26401063061206,208.52323116265453,194.22812539415554
639,2024-12-13 23:43:51+00:00,,186.17690078005907,193.7671262732022,
640,2025-01-14 23:43:54+00:00,195.75163348126839,203.28231733379005,205.93564128984613,164.52639085396063
641,2025-01-22 23:43:42+00:00,197.74901556860522,200.8486807731536,199.41727511134633,191.69760743134267
642,2025-02-07 23:43:46+00:00,221.7773792951138,224.84678121271833,220.75658505919662,216.5660448925105
643,2025-02-23 23:43:36+00:00,210.25234808748831,215.8866511246913,218.35805553375042,211.45593263897925
644,2025-03-19 23:43:35+00:00,200.03773439791541,212.34798705782617,220.42548915735227,204.61524762185655
645,2025-04-04 23:43:33+00:00,200.3613627514523,204.22909152410907,203.63043275052405,198.08154646894917
646,2025-04-28 23:43:08+00:00,166.17328533563523,175.27862855912525,170.35812190180656,172.33470505415
647,2025-05-06 23:43:23+00:00,193.62851179277334,202.0042366652899,203.66858773005725,195.31110690395906
