,dates,usa_HI_0020-0000,usa_HI_0020-0001,usa_HI_0020-0002,usa_HI_0020-0003,usa_HI_0020-0004,usa_HI_0020-0005,usa_HI_0020-0006,usa_HI_0020-0007,usa_HI_0020-0008,usa_HI_0020-0009
0,1999-07-10 20:53:01+00:00,195.27153569820194,213.48406062367758,205.57040566148237,178.99353012169047,183.29355405242154,200.17098067595686,209.32279105510364,215.5032190064378,222.60648055254438,222.65329219356624
1,1999-07-26 20:53:05+00:00,193.7779709358163,206.69642620481682,207.95780684206255,183.23265238323603,189.39779247502344,198.41075786356134,217.0879199920687,225.84697749408375,221.06597118678775,223.61308110073392
2,1999-08-11 20:53:07+00:00,196.12899883955657,,,,,,,,,
3,1999-11-15 20:53:07+00:00,194.14164838762,197.43164591032226,195.45029563504283,176.66018122147833,183.03600985741826,198.1039344295513,221.79876184512,218.95676850838032,215.21799704514285,211.64651987172977
4,2000-01-02 20:53:03+00:00,199.75466040572908,212.8685237946899,196.81525851320197,203.71095619111844,198.87909075059713,207.2951272696301,208.80330657305245,203.53048596776134,209.6790594360425,215.17233687605932
5,2000-01-18 20:53:00+00:00,189.8894796320977,,,,,,,,,
6,2000-02-19 20:52:54+00:00,199.53186579092943,213.3127383814419,196.14348967479577,201.21877238198743,193.34651411437096,203.05483333818506,207.26820525970368,209.27937805794681,207.64672892417008,210.7401125406647
7,2000-04-07 20:52:39+00:00,201.3342546870658,213.79023204900454,201.3008714272149,204.53259732664503,199.98569569812236,204.95545326916022,203.27233790830468,211.60860668701235,206.028557097351,216.19558919695305
8,2000-04-23 20:52:33+00:00,185.74308619315423,198.9532108216377,193.29683345386937,183.5543663527544,188.59118201742052,197.21500628435768,196.9679096026866,202.10757052621145,196.17462199337575,203.87455382273234
9,2000-05-25 20:52:12+00:00,191.8608706103375,199.6349075756643,197.05963671988928,176.9840138286468,180.5310556133321,194.26492777923386,206.116759626384,217.96009868102954,217.31933195687088,215.83817402860922
10,2000-06-26 20:51:56+00:00,188.70988838436773,196.8154589575402,192.95527911555658,167.15274399147407,175.43744925561356,184.36926508296455,201.6687301822617,205.06117236174606,202.04727857852131,194.9513293397274
11,2000-09-30 20:50:41+00:00,189.46978736006943,197.64203743276408,191.72677547132213,181.79787151233492,184.9454472072287,196.86515711953626,220.9208333144732,222.13652741758938,214.51103139409514,211.64197056003047
12,2000-11-17 20:50:34+00:00,185.86850274215806,183.98011398010937,186.04457206231513,183.90771007750075,182.89080923849906,207.16290911623327,214.7823968780148,208.69096114307803,212.29438468992618,218.6792431295607
13,2000-12-19 20:50:39+00:00,194.41054637660596,205.42806233428888,192.3612370540585,203.96926606810982,197.755599170984,203.44954327970493,202.78004869143888,204.23808350278654,203.25021408773236,215.1612243278679
14,2001-02-05 20:50:39+00:00,202.0224670515203,208.69003249489174,205.4422577950108,217.53647292066486,203.2797343526961,207.98331503269412,200.8917230770809,203.69765177917745,208.0530678214522,216.07147082205427
15,2001-03-09 20:50:34+00:00,196.25950936220835,208.89482336140358,198.85641158674002,195.173825991481,191.63768712676895,199.79723261151787,207.68577865831523,212.894089571498,207.9010903857789,216.4431656364962
16,2001-03-25 20:50:25+00:00,207.55363622644333,209.3148946827177,202.81040016438016,198.32808981653596,194.0115999039656,202.9871236338798,206.92817696058802,203.52271214890948,203.95569048675668,216.1418060266546
17,2001-09-01 20:48:54+00:00,194.03349394847692,203.84360460505974,191.8510745882453,182.65123682809462,182.12617188565713,191.89461169727682,211.97611874804113,220.71813784916355,215.7400135583344,225.13268212238364
18,2001-09-17 20:48:42+00:00,,182.45784353117827,,,,184.69156872288715,200.03759937416342,204.9808298936387,210.78937000206082,206.5532066196623
19,2001-12-22 20:48:56+00:00,185.74729214350458,196.74264792162063,193.3546890121409,203.02895105893776,202.40085019393098,204.06899191138103,210.44137981308546,210.7936201094508,197.44165662047425,213.55018812015248
20,2002-01-07 20:48:58+00:00,178.5605849152847,174.57081483007926,174.93132538373476,171.8024165369593,165.1090611334807,186.2390740387286,191.15771687139,192.91778359504855,183.80991551943845,188.7699727403944
21,2002-01-23 20:49:06+00:00,210.46287710210825,216.8895160015548,206.8459207141591,203.15274926539786,201.30495752436678,196.09995663980908,195.68859620061386,200.07041503626573,201.73129214724588,210.988218391948
22,2002-03-12 20:49:08+00:00,184.58856795699575,200.16086954617137,190.90561755653107,192.9356596312784,190.83659825349685,198.63115933517656,199.14527215324676,207.01348288185687,203.62410094833126,
23,2002-03-28 20:49:03+00:00,191.4191351455319,215.99232151038325,202.30786488546758,191.98625874334246,199.33345851203933,203.26490951226418,209.30883423494126,216.02658491831687,204.23753986083491,220.44627339025493
24,2002-06-16 20:48:45+00:00,197.25362244232392,209.61365708412086,200.4499135782072,181.91404762428579,182.91348960876059,200.42798906305939,203.2026734279506,219.93073589366037,217.413793600344,220.51598831426332
25,2002-09-20 20:48:01+00:00,200.45970170571883,208.36766901857064,206.81550588849603,180.77618663979302,178.31997128220888,206.56479847314142,213.32706480433887,227.81227338891324,222.90230257178644,228.03488062074922
26,2002-11-07 20:48:07+00:00,188.78159003105281,190.21305522085981,187.9419961327212,201.20371918118914,193.13322120291394,206.0450740057868,204.70479501518037,200.46538509598525,195.73112810847803,213.8877953799721
27,2002-11-23 20:48:24+00:00,188.7055180851849,189.49144918540952,185.88301105952564,198.61704339898637,192.9964050840918,206.0473312662115,205.8899913342613,199.23711128358326,195.37592636172755,196.9011634662821
28,2002-12-25 20:48:35+00:00,204.981767923351,209.01407015352316,199.05228360487484,203.4689719457555,199.21699537488618,202.01846788295234,192.84821169889943,,,
29,2003-01-10 20:48:36+00:00,186.84856813606513,179.1766202029239,172.76424656378177,178.83037986445055,181.5116721737446,187.86716600300792,188.17466013973302,194.77338505988126,188.36759213815384,190.86873818992908
30,2003-01-26 20:48:44+00:00,189.21527568912109,188.17554012784464,193.09299407711626,194.18378349024667,189.29626858942845,188.78477599573637,195.86196517558682,200.38098456052336,199.78676708009806,203.8049580077867
31,2003-03-31 20:48:57+00:00,190.76815311061688,203.64762938001377,189.24395614138703,186.52521792354244,186.18682446486525,193.75965755913694,199.984095685224,198.5295643421694,192.33885773945826,198.0345530661354
32,2003-08-06 20:48:37+00:00,192.29239548374065,200.9499482346806,196.98027650778937,174.83928484101727,179.87341431329028,191.45728497331135,207.73348382482098,218.25048923039608,216.3720458843543,216.98017192520325
33,2003-09-23 20:48:25+00:00,,,197.9552175785638,171.50866428680303,179.12414937466312,194.38286544781116,209.51332913253475,217.89853838535936,213.27968875923005,214.45126498768053
34,2003-10-25 20:48:36+00:00,,189.52429136294538,185.99170219484404,172.3691824350625,178.30226452511158,193.21623539866246,212.8114338337327,213.50480949564988,210.11476591192724,210.88791669516394
35,2003-11-10 20:48:45+00:00,191.01761193399824,204.92883599141527,,,202.49308325813286,213.05186583464172,220.84067415423397,223.69842680194455,213.8658009362711,218.97234039810337
36,2004-01-29 20:49:18+00:00,,,,195.9921610153683,195.18932623798906,195.89943647828449,189.73750489484854,197.51034135956377,190.71925387283602,200.77579965578948
37,2004-05-04 20:49:25+00:00,,194.08439365779367,193.50487225638398,188.02651839698126,184.21684963306905,192.46808373366193,201.90604520770557,203.82709330865748,192.14229995611691,203.9754208487815
38,2004-05-20 20:49:25+00:00,186.39529682947907,199.600765032615,197.43583057099517,178.36641746793754,178.44622035653646,190.43601014245274,192.34851674621444,203.42868647287696,210.22695774283932,
39,2004-06-05 20:49:20+00:00,,201.33250659607972,200.41928355197882,181.7857899934218,182.5130204659759,197.95328527913358,213.3697293433931,216.27478603538344,213.76168430637057,219.0566237653799
40,2004-07-07 20:49:14+00:00,155.489694649719,,,,,,,,,
41,2004-08-08 20:49:02+00:00,,,,,182.3752570678647,192.80082500906633,218.15666324249798,225.9024879496465,216.8591410250433,221.71171024970818
42,2004-08-24 20:49:01+00:00,190.13088214431957,189.66606501784946,184.5405451326207,163.04532144653373,167.53388397428077,185.5938882952799,,,,
43,2004-10-11 20:48:47+00:00,199.72810237728308,207.0450117809072,198.00113137999307,176.68370195465366,181.3692500246326,188.34054829845616,,,,
44,2004-11-12 20:49:10+00:00,190.75289885503463,197.80004361006195,193.47798607114828,183.45406060983012,,,,,,
45,2004-12-14 20:49:25+00:00,,,185.78339659757881,192.11993521051187,182.8131272463218,196.24277488024697,199.70679543335478,199.4041230428116,193.84308369194994,202.51084993143476
46,2005-03-04 20:49:56+00:00,,,185.565073561619,192.0432351756131,188.74612290136736,191.81340224935798,,,,
47,2005-03-20 20:49:56+00:00,206.72130744410066,205.1893334178332,187.18447398875418,190.6510157124037,182.42960856715945,193.5520454151299,197.38186648321206,,,
48,2005-04-05 20:49:52+00:00,,,,181.67138375634153,181.54178611663568,166.25144072769868,160.6664003355026,187.876464069669,186.72017300012507,194.5634612868936
49,2005-04-21 20:49:46+00:00,189.6909016549657,,,,,183.51964793502458,190.44846560093288,190.24875760956408,183.74762644741628,193.80550517345915
50,2005-05-07 20:49:51+00:00,,,,186.31833095799234,191.50381407536744,197.2712227497491,201.41315952123807,205.47756892281257,209.84583339571003,211.39001174103748
51,2005-07-10 20:49:40+00:00,188.5558185794261,185.24651842782058,190.5757524514733,160.66779894777687,164.17055552585748,190.32583369241803,204.4379006319277,213.29413200799257,215.40245295762008,211.98479132019028
52,2005-08-27 20:49:28+00:00,198.45806895583294,202.73552201797293,203.39545588884857,181.7384938452978,172.77467633167333,,,,,
53,2005-11-15 20:49:44+00:00,192.85515482052213,197.16876080340134,200.11591315324807,181.6519475148586,184.12103679162792,201.98352357683854,,218.52470169906917,216.77955491623155,214.47895317414833
54,2005-12-01 20:49:50+00:00,,198.5857327257809,197.6129174294929,201.58165136080814,192.20074473461167,199.4293033429322,211.91422716524596,210.99073990029484,205.82302417765064,213.62998419272753
55,2006-02-03 20:50:15+00:00,189.06738296807927,193.5178867249876,193.917898737303,198.56446056837842,184.15381429493158,192.30110709405724,189.90147778333613,195.09177123377958,190.5374063864469,
56,2006-03-07 20:50:20+00:00,200.8889752762899,215.03428988656736,205.28535907801083,190.27552439167326,,,,,,
57,2006-05-10 20:50:18+00:00,193.00153723613508,,,,,192.03010828311642,201.87642046331896,213.3499329276006,200.67563029267808,210.89638609329222
58,2006-05-26 20:50:18+00:00,179.91494048400693,199.40932061128856,198.4861727006156,173.7278825402676,179.9288409661848,190.00415338163623,201.7085442395765,,,
59,2006-07-29 20:49:56+00:00,187.86608242903856,206.20607974907858,193.44810755572064,178.42216193229558,178.1310721388758,189.25688804354596,204.60277653536787,216.39655519404312,214.0565462212864,207.20127784322813
60,2006-11-18 20:50:12+00:00,,,189.17289107572253,177.37143056304666,179.76450989942595,194.95094645961484,206.33490433420556,215.24206655611607,206.54504037885863,214.5843473250863
61,2007-01-21 20:50:30+00:00,,199.8373776596507,194.10992579484451,196.64560289771273,199.1929053022397,204.5717877763944,205.7799610128089,213.8411750128913,202.81088194784388,214.02059450003406
62,2007-02-06 20:50:37+00:00,,,,,,,,,,
63,2007-03-26 20:50:46+00:00,194.52378654430373,207.09174393902788,198.74298507368314,198.70399349521398,199.9698318956767,203.38274090836774,207.19854782378496,209.89940879871733,201.4730325792457,208.47978384069424
64,2007-04-11 20:50:45+00:00,,,,143.29049843476042,,169.46232491958577,172.490775556709,181.55434957371364,200.38138684098965,210.30209997438584
65,2007-05-29 20:50:29+00:00,,,,,,199.5767089469145,201.9677191606904,213.48558549293796,216.0109938339795,213.22287008855454
66,2007-06-30 20:50:29+00:00,189.30381471333308,197.3408138617207,188.11870619686664,,,,,,,206.68831856682323
67,2007-08-17 20:50:15+00:00,193.85487662855812,194.17594448291743,196.48725327384577,170.98560405549802,175.7473047583063,,,,,
68,2007-09-02 20:50:08+00:00,,,,,,,,,192.59241461200628,194.52141024719276
69,2007-10-04 20:49:52+00:00,,,198.531719556425,176.50902096084798,178.1678962623641,192.03783942800973,199.54721030897093,213.98438605526005,211.3270337367328,215.87250911188482
70,2008-01-08 20:50:35+00:00,193.6632347057286,202.4916070962794,196.42625118892295,196.82123106897566,194.18989658422427,201.1287536081183,,,,
71,2008-01-24 20:50:35+00:00,200.6175903756821,213.5945084454392,200.8239803417375,205.93397887443382,201.5695860672587,200.10943887172505,204.03259843201585,203.25233531960612,197.18490940309448,208.62965471556618
72,2008-02-25 20:50:28+00:00,184.4778358533826,193.49591878094037,,,,,199.16015255234836,201.0679399506568,194.4993811004647,203.11012005692118
73,2008-03-12 20:50:22+00:00,183.53738479801018,194.3301984504581,182.68206897774093,184.8420801888992,183.90551139914007,191.27933253381764,196.88865846779916,191.28931707048503,189.36323629047683,
74,2008-04-29 20:50:19+00:00,,206.47578461118306,186.11428520150906,,,,,202.4864580214061,197.87233372050488,198.69670242304923
75,2008-05-15 20:50:13+00:00,190.3064804028765,201.76445746182185,196.67314938669935,178.70155870782065,183.37375695034808,195.51866806515233,206.58551629058564,214.60047637845193,205.87459649749613,
76,2008-06-16 20:49:58+00:00,183.64256167252245,187.7189466784306,188.04202811625714,166.38909630348678,,,,,,
77,2008-10-22 20:49:02+00:00,,,,,192.1996298291593,202.88357696532853,218.19687870483483,223.70240356422073,217.62745292150657,217.07684824501308
78,2008-11-07 20:49:17+00:00,187.24913509662247,190.8840648436044,188.4101454491896,,,,,,211.86829470647928,215.8121554151748
79,2008-12-09 20:49:41+00:00,190.83979889743966,196.27148380606667,191.0580976527669,201.64700685622145,,,,,,215.94023153694445
80,2008-12-25 20:49:49+00:00,183.63292817940967,195.10967217161377,,,,,,224.01603547317194,213.24357962843823,220.7942479934577
81,2009-02-11 20:50:06+00:00,203.16440758996356,215.48210161696562,197.99469834072477,200.84248454741405,197.63475928413823,196.72549889897374,200.13021660197893,206.42334614792765,194.67739119522471,200.9363190608065
82,2009-02-27 20:50:16+00:00,199.56169364973059,207.96080788487149,195.74910876496767,198.87544183155222,194.7483848464802,199.05539666558985,199.94739289297155,,,
83,2009-05-02 20:50:39+00:00,190.2184361995226,189.75260272902045,187.07260395636348,179.57118328431983,184.8405748805502,191.3621584614677,,,,
84,2009-07-05 20:50:36+00:00,,,,,,,,,,
85,2009-10-09 20:50:17+00:00,190.12064927864725,196.60989734706155,193.56347055690304,171.37089196416076,173.11730057188282,185.86048962278213,200.07549613181945,,,
86,2009-10-25 20:50:33+00:00,191.17896287355654,195.5441066341124,192.53439381033715,,,,,224.98035132849532,215.98325546507965,216.401553895059
87,2009-12-12 20:51:11+00:00,178.59839104285533,,,,,206.53809549663555,198.88568769493486,202.26577343564037,198.17562045105393,209.37567339934446
88,2009-12-28 20:51:28+00:00,,,196.0173037949971,195.0813285453793,199.22008720281693,200.38815896855456,198.7489847262734,200.98047938899333,195.00832190839395,208.49288417044323
89,2010-01-13 20:51:44+00:00,,,,204.9836774331843,193.10308922855066,194.37075556322702,194.82008477500216,198.94188098601518,200.64264622982637,196.15258258926545
90,2010-01-29 20:51:57+00:00,212.41352228484544,204.372675689775,199.59119036682108,198.90025971032424,195.54649301946114,194.30636973514635,195.20492196258098,198.14314018767243,192.7454841228708,198.507178511056
91,2010-02-14 20:52:09+00:00,201.57452303643677,204.26481902055272,194.25873528538972,196.9448986769992,,,,,,214.38452639303458
92,2010-03-18 20:52:23+00:00,212.81181105957037,218.05992661640113,210.49913633394755,203.62836932867486,198.8133836247747,199.8597660583453,203.94162149785228,203.2792485771015,201.46056448143565,211.2373460527346
93,2010-05-05 20:52:24+00:00,193.07245891087058,199.70494300493772,193.08681062571702,175.7808281697472,162.31639973568488,,,,,
94,2010-06-22 20:52:24+00:00,,,,,178.5063769169997,184.789218968948,201.06830603207888,201.9729016620322,202.71890612234725,
95,2010-11-29 20:53:08+00:00,202.02507408726655,216.7175997025249,205.68919534701473,203.55550176830658,196.30458049893514,211.81408389624926,219.91201904331518,218.0876928324447,,
96,2010-12-15 20:53:16+00:00,185.46423143274507,,,,,205.63405027136898,219.81970997598563,219.66800211166458,211.70815173390977,218.075862537182
97,2010-12-31 20:53:24+00:00,196.1645914325796,208.07936983691116,197.40216097784287,184.92204194244357,193.02666892575513,205.34277697212855,217.54249690240928,,,
98,2011-02-01 20:53:38+00:00,188.361735814184,,,,,197.47941738200637,194.71833297018583,199.54531517648405,195.70134149626904,204.92643902704344
99,2011-02-17 20:53:41+00:00,,,,189.77165548904955,197.41250531742378,196.35212161952927,196.18161876493366,203.27044854343825,196.1622968775941,202.2615573243494
100,2011-05-24 20:53:49+00:00,187.11795278064946,,,,180.05423634158527,181.89976097752987,198.31732394067075,,,
101,2011-07-11 20:53:46+00:00,,,,,,,208.56031476259977,214.88822503800532,212.12676625385615,
102,2011-08-12 20:53:39+00:00,,195.98421704319532,195.4769763454162,169.58308739900338,170.4542238998443,187.12457381618324,201.2174098867015,213.76018533042102,213.96469980954117,218.0875828926075
103,2011-10-15 20:53:31+00:00,,,,,191.8137592509018,206.92369778833722,221.96413682412788,224.26232065229732,214.81142997125556,222.74349142467696
104,2011-11-16 20:53:49+00:00,179.69638952144058,182.34899152802953,,,,,206.745657844724,,,
105,2012-01-03 20:54:15+00:00,,,206.729810187366,206.30881236138043,202.62439302414109,210.95444051013172,216.54492504183168,214.72798225977033,210.70825347301178,215.7478378641046
106,2012-01-19 20:54:15+00:00,194.0015363060797,206.83596088951626,205.91994292667513,203.03577510881374,199.85156460232437,203.29120713398666,208.01231276972197,203.68675217164213,200.3908474951723,209.84528179931584
107,2012-02-20 20:54:23+00:00,209.05116681040818,214.60564213504873,197.8467055661788,204.95184930812312,197.9356264020464,202.7316390045994,199.40973382171603,206.97799669317368,207.85243872748504,215.90663301010514
108,2012-03-23 20:54:22+00:00,196.79288835338028,200.77041635046933,201.01392584481815,188.50559948669456,,,,,,213.18931827471346
109,2012-05-26 20:54:47+00:00,187.01824095172844,192.77714636342924,190.11445617820416,,,,,,,216.88501706227316
110,2012-06-27 20:54:45+00:00,197.30520828472066,202.65670065199043,196.50722861307517,170.25017320345378,179.0256114241389,192.14077710090157,197.02164754731416,212.72295091168485,207.44553169542755,
111,2012-11-02 20:56:05+00:00,201.5712287462672,212.16321094857068,201.3812474822204,198.64804056465056,192.9374294248888,,,,,
112,2012-11-18 20:56:13+00:00,,,,201.88477491423112,203.42103011553064,209.61217071064814,220.45891921943627,216.94316657909638,201.44143294368234,207.26895803092884
113,2012-12-20 20:56:22+00:00,189.68636556263607,,,,,,209.4356279587007,219.28905771598806,205.99955615986954,215.84675927411155
114,2013-01-05 20:56:24+00:00,195.4775972985606,200.46441324120414,183.26759006231524,199.65292945063004,192.267952175194,197.75886091612696,205.29370920356536,201.28917918717943,190.18045506504546,
115,2013-01-21 20:56:25+00:00,195.5729371472451,204.5948026203701,196.41423427426946,195.20350889818593,190.24226218731076,200.81803652318436,190.04210217271986,198.78020848759195,192.73264562992918,
116,2013-02-06 20:56:27+00:00,186.36647362212966,189.2034669904604,,,,,200.38989927344198,199.8847888497699,201.3013512665106,207.3613971145044
117,2013-04-27 20:56:09+00:00,192.01885047122298,203.0228854566721,192.92480379902742,185.4803270815852,183.20014639753782,189.84265738640153,200.17295267496098,195.78809785449326,,
118,2013-05-29 20:56:00+00:00,186.708824940063,187.04869784823586,191.63564870787516,177.38925020321383,176.69355880008868,,,,,
119,2013-08-17 20:55:33+00:00,200.98554118068205,209.3690883595938,202.24039694763823,178.05278804031246,178.65069530114494,195.68939917764945,206.97409541320746,218.59134288167522,216.8731951546721,214.57128628582052
120,2013-09-26 21:02:06+00:00,199.02166186669282,214.91567099018476,198.78749250434444,179.36400682012282,179.28754397208172,187.84668193458663,199.26528513156035,,,
121,2013-11-13 21:01:57+00:00,189.70261934291523,188.2505599792318,191.05370594204015,185.5231964389476,182.99398194101866,200.33743445954974,214.08157009183043,209.2648328161124,202.39906832945775,211.13424480826376
122,2013-12-31 21:01:38+00:00,185.17142228269987,193.78617294402102,202.7785276137216,204.50690416026592,201.31477529448836,202.62172474305729,196.99424822318906,197.24126626479278,201.60158613174107,215.89938380975775
123,2014-03-05 21:00:48+00:00,184.7619052351293,182.6260327345788,188.65143962073003,192.34367487203386,182.14619302791155,188.19305243553697,183.52349379469786,196.35070138070628,193.00416168960004,206.60246650211627
124,2014-03-21 21:00:38+00:00,194.01560899107372,202.06851816424984,188.44669982668822,198.18608512063713,186.6964711551284,190.21683543619093,188.92652450599627,206.50735649574716,200.7114184883101,210.03807813503488
125,2014-06-09 20:59:55+00:00,,,,,176.99841671187184,177.43671012008997,199.46486235958162,206.43169696828377,201.98821877369488,198.7901133593944
126,2014-06-25 20:59:57+00:00,184.00732439933375,202.34350729387626,199.3731171805997,173.90634251140528,171.24416269634963,187.18191637704592,203.70862390638092,216.50951971314012,213.51623746124798,216.62827905842732
127,2014-08-12 21:00:17+00:00,180.84762063976154,188.82899295081165,190.4611263705147,169.05712787418702,169.08408549767904,188.88008356928884,207.63282163511008,213.1641140327124,213.78134259148126,216.99663833761178
128,2014-08-28 21:00:18+00:00,,152.4131608379227,,159.85414956113985,166.22379040133708,190.25575511263838,204.3550461632157,218.2562431767798,215.27262062401124,215.8968690970908
129,2014-11-16 21:00:26+00:00,196.12626113816196,198.77038212909218,200.57159317491494,210.9506567484002,198.52893064072006,209.3166074362788,212.60048397869093,201.22529225277538,205.59225305864368,213.51742999401398
130,2014-12-02 21:00:25+00:00,194.32676173805385,209.56545802560095,193.72246916386413,203.34465183709682,198.5090429718548,210.2673356332346,206.52058542427176,212.76713247009144,202.35903153659729,215.9943598426109
131,2015-01-03 21:00:17+00:00,194.48543853376398,202.91777582371145,191.07330086094527,187.3630049902651,178.90645419457644,193.27496104221953,193.18513935334101,201.23686067016604,203.0817558620535,208.92124260030184
132,2015-01-19 21:00:13+00:00,217.73605681055074,216.6828559957479,205.82235559487717,200.33478854797926,199.43867990529674,198.78484067783754,203.58883439826985,207.78247639061897,209.2879182942238,219.1883128500379
133,2015-02-04 21:00:10+00:00,203.62635918998282,204.4791748740105,200.9156757166029,192.4443488209767,185.2226488290533,191.61855749821495,191.55197876525384,199.33557778944595,193.18855837583092,210.08041315756586
134,2015-03-16 20:59:13+00:00,212.60079131840374,213.63765213290088,189.92907676863715,194.5172267869762,188.45508756674485,191.97923447630595,,,,
135,2015-03-24 20:59:46+00:00,209.7761600097779,215.37383376826614,202.0739904259204,194.4408001138842,194.69644689682312,193.47023903601053,195.6111675749401,202.46080288967403,201.59717299116204,212.23831591230598
136,2015-04-01 20:59:19+00:00,192.42381780001313,212.17173774027248,196.88002517902058,,,,,201.21852670239,208.4735126871231,210.60384848102188
137,2015-04-09 20:59:36+00:00,187.0387928713056,210.30169031555045,197.94884871435949,183.7951146107717,189.69273039592505,189.40143025963243,205.63104634686164,207.71300767002901,206.55360725451015,216.01558297664513
138,2015-04-17 20:59:28+00:00,196.58903869582196,202.67858571005178,193.118867891443,182.15967215715204,185.34264918525633,190.44349086430768,202.05983675083425,201.35925952420465,201.65134486122054,208.5079078181921
139,2015-04-25 20:59:33+00:00,178.4800958531682,182.33030781036777,191.2554116000213,167.24148686757562,178.34164217941066,181.44970165123584,197.2528930351555,198.6503897122334,195.32267852204876,195.95809559073496
140,2015-05-03 20:59:34+00:00,193.1571744077062,200.30701994429234,193.9955930489161,180.23602313365598,,,,,,216.0777835841354
141,2015-05-19 20:59:42+00:00,,,,177.87905465006008,185.89690057905028,201.34665063557372,208.00792250631895,220.43655389944996,209.40444167819413,220.2448908689154
142,2015-08-07 21:00:03+00:00,,,195.49536204820188,173.88594731929595,,,,,,
143,2015-08-15 20:59:57+00:00,191.09677501709615,199.76590281603936,200.84685813791398,171.43438375310177,179.65733744209328,193.02755813835768,206.56705558595286,219.67943647766293,218.1110833065333,219.7390397138999
144,2015-08-31 21:00:03+00:00,186.40510219574364,198.54121150139,194.22216230178742,172.7643957108178,176.54972985496005,195.49384096578837,207.51143117541568,212.29974876313287,205.66388428593314,217.47377748255326
145,2015-09-08 21:00:08+00:00,185.84357569536292,188.7036408917588,191.55815518084543,,,,,,208.98814169543192,215.94710985251893
146,2015-09-16 21:00:11+00:00,,,,,,186.67593666549925,204.41389644846993,215.15322025409608,214.7992820178036,216.8958829951199
147,2015-10-10 21:00:21+00:00,185.26612031104253,190.0187549751854,189.69210513956543,165.4864677978416,174.7114445061519,,,,,
148,2015-11-03 21:00:21+00:00,176.35286521636556,175.78704165521123,186.72941564687335,171.79523454119834,187.00267351943853,202.23190965413323,212.58532425754413,216.5645239557016,204.48704446810183,207.5933245913484
149,2015-11-11 21:00:53+00:00,191.46387150185095,199.97886847126534,184.38414308734565,177.82524340972398,182.91537353886372,197.4438249360544,213.57969223473933,211.81240809244528,208.9326747165826,207.9345322293704
150,2015-12-05 21:00:22+00:00,,,206.1451926920204,202.61665501231482,198.36358754105305,209.32312261045766,223.6372062221384,217.56195578498864,213.15293025181603,216.646767841246
151,2015-12-21 21:00:23+00:00,196.7954991150458,207.3977668423869,206.15795368158533,207.24410500469037,203.48073857325537,210.3237971437273,213.02382504495733,223.39344672053207,210.78498985175668,222.24429388596917
152,2015-12-29 21:01:36+00:00,,,192.58101475673385,190.64984316515688,199.2052698850573,196.79735301989712,205.72880854652794,199.33834603722656,198.36950493435398,200.86436067263753
153,2016-01-06 21:00:18+00:00,188.03119016912422,190.5783542850305,189.17859683564126,205.26705798400022,195.45489662774995,200.73617106446693,197.61707832440095,201.6821925412649,203.2031592599139,205.9800270017778
154,2016-01-14 21:01:52+00:00,192.80577799532404,191.17849624517584,,,,,,199.97680615615815,197.3113577090544,204.36838622517382
155,2016-01-30 21:02:02+00:00,192.3587921499631,198.1759116742727,192.27736450793026,196.22825312822687,192.0435883112561,194.15773702435615,196.59648707845423,197.86550244929532,194.65272682864543,199.15913950621598
156,2016-02-15 21:02:07+00:00,197.8388807524293,199.77237151195408,186.40146074450035,,,,,198.11957484594336,195.6722789943022,204.84081259172945
157,2016-02-23 21:00:08+00:00,186.3782507007076,189.94735877239646,197.7486265996306,194.33796239648848,182.94234266835215,191.4586152161981,194.35429540987337,200.2042017393691,196.2297366784061,208.88022958213617
158,2016-03-10 21:00:06+00:00,209.56272629197707,202.7148238706812,193.58982063007764,193.1857441700766,191.71855800520103,190.98553085748983,196.3454217863898,201.2212626479572,200.8589724719825,213.53541624191777
159,2016-03-26 20:59:57+00:00,200.37409768145423,221.55747713060913,210.13480051584602,196.867228152184,200.65467989780532,198.04097503808885,207.77661074482023,211.23755781166045,207.422837280796,217.19654594763176
160,2016-04-19 21:02:32+00:00,210.81331882397504,214.37882385764982,197.8770738988071,197.6825719656737,189.38316199694387,190.09940936135,193.7689626461234,195.67385874655488,190.045127994832,204.82830323817848
161,2016-05-05 21:02:37+00:00,190.01166500432603,199.65996556840628,188.56564412564123,176.9078047277382,179.4766624744103,,,,,
162,2016-05-29 20:59:53+00:00,177.41587677421694,203.0961740285931,198.4322191129562,172.45496806698415,178.43540118339473,182.5364554116574,198.92279859460305,204.634772201413,198.18538528315696,194.65359163438563
163,2016-06-14 20:59:56+00:00,178.983735765099,182.70675142094274,193.96840941764512,161.87006217832877,174.72243540598794,180.03964211424633,192.04684759973992,196.01098562211402,194.12347090836414,195.6644256702742
164,2016-08-09 21:02:51+00:00,,,198.47388428426177,168.04587732658354,177.0251370299796,188.666931734002,202.02931249990525,216.86516111206876,212.35117991503466,213.31241398734744
165,2016-08-17 21:00:19+00:00,181.5217914112211,204.70218739270803,195.309625254122,,,,,,217.94412239785729,226.8278780318155
166,2016-08-25 21:02:54+00:00,,,,,,,,,213.26335110051235,219.52626143882912
167,2016-09-02 21:00:26+00:00,178.07975963006697,186.72944133448738,188.8661502368394,164.3378189138623,169.06272466703354,192.89094037416177,212.39655441118288,218.11962428678004,218.72095111116892,218.88423981944098
168,2016-10-12 21:02:59+00:00,198.40432090339928,196.08139211622097,191.77589021318425,180.9890008912701,182.7413394906191,198.25225050343653,219.31737803061583,220.27192468021553,214.1262416903386,213.81609077995154
169,2016-10-28 21:02:55+00:00,195.52584624973048,208.91825444331437,204.50502134396908,183.22469530249174,189.5053246729587,202.62395148760405,214.50507909229935,222.75421421948846,213.38523969768391,
170,2016-11-13 21:02:47+00:00,210.75496769584285,217.48078243311681,205.63609066355684,205.6629263034141,191.52500986089672,192.70302812809166,183.85924024996638,,,
171,2016-12-07 21:00:33+00:00,174.88991914551616,180.33919264772723,174.56658881147996,180.02259328189007,179.12278954360897,188.4681271110429,197.41481758757016,197.20914093251534,196.71775713796717,201.83661472475183
172,2016-12-31 21:02:33+00:00,,,,,202.61515267703317,210.67198510173017,209.01418864103414,209.0853957754038,210.3956761355639,212.5581092812846
173,2017-02-09 21:00:12+00:00,205.25473938596673,199.59809012226407,197.29429329669057,201.71445891800835,193.74535766055678,195.40469661888352,197.2234464444689,201.89280324509235,201.8170242113207,212.5706892976986
174,2017-02-17 21:02:13+00:00,206.08084881868126,205.4058029428601,192.99024232272524,194.40228252713183,186.32747368741585,187.37668132646394,190.09577171666058,194.28999080402076,184.75130447838737,
175,2017-03-05 21:02:21+00:00,186.08895983481852,204.68192431530832,192.72946275575345,192.82240176348972,188.7901405224475,192.71435842369726,198.04080308294164,193.24221753437908,187.49055858602316,196.55299171924915
176,2017-03-13 20:59:58+00:00,195.480119093133,202.51896535079092,198.69195072732245,201.7501760421969,198.07158738770278,201.12797703974496,202.15444412579745,201.20911729858085,205.9221440275655,213.07222099522875
177,2017-03-21 21:02:27+00:00,,,,,199.0524695273585,203.0182534528106,210.554759067075,205.39736357824125,206.42080037292283,208.00063927270946
178,2017-04-06 21:02:31+00:00,219.0924970086894,197.0963814008816,185.53901114087932,176.08153593148023,170.40711865426786,183.73531748418273,190.65743074117336,,,
179,2017-07-11 21:02:54+00:00,188.37465746640152,197.26384128107287,197.117141740679,170.98945608652366,177.56548448587859,187.19843109992792,,,,
180,2017-07-27 21:02:53+00:00,,,206.67423942020594,177.5073231528287,180.8770855733214,195.3736177974446,207.12319824489884,217.34909165463807,219.4122373636222,219.29048542879966
181,2017-08-04 21:00:13+00:00,,,,,177.080426129136,190.37496616177702,206.57632762690037,216.62188619141654,218.6255874299273,217.21362240573893
182,2017-08-12 21:02:50+00:00,189.92755148094471,191.66343700004103,,,,,,,,
183,2017-08-20 21:00:19+00:00,154.17841255482108,,,,142.8528285638223,204.95725447376176,218.07794845833888,225.14948966777627,221.93140896852123,224.91232565237476
184,2017-08-28 21:02:51+00:00,,,202.48251789991846,174.0396385362963,178.0816612058818,191.38666873801355,205.3887940603874,218.22546664329184,214.05469271287285,222.2779847531571
185,2017-09-05 21:00:21+00:00,195.8422439465808,203.22792655620117,197.00893271023156,171.6520229579789,179.63625910956827,189.1225428596732,197.26259968916335,218.2816387862988,213.3899004264851,213.56179283849735
186,2017-11-08 21:00:31+00:00,190.30094590838013,214.6094913885305,204.10061529351935,201.15064645698345,202.90226009888093,203.75726657738915,215.50769132434294,216.13004873452485,203.99463204630428,216.30416518324796
187,2017-11-16 21:02:49+00:00,,,,,203.6187035724169,208.2417182823728,221.37088500241427,217.0767646826573,210.89923633262444,210.38695730603868
188,2017-11-24 21:00:25+00:00,212.70563297617298,199.3340557329328,194.92562058757017,212.5814479374928,200.66122601368463,215.7266727065053,214.9414207987084,207.77405549138672,201.1825548762775,210.8739510403558
189,2017-12-18 21:02:34+00:00,210.90361811435793,203.57521745486588,193.64223865286868,204.4754746122336,192.78899040515068,198.60334243709764,197.63877960335375,204.29763331359402,200.00677000750008,
190,2017-12-26 21:00:25+00:00,205.01234448953159,212.57890798303504,198.4921658281674,205.47866082687975,194.10920540277766,192.57531629353946,185.9947226868644,184.92328961742467,181.9150231245314,195.25762583112987
191,2018-02-12 21:00:03+00:00,214.41901815876037,206.08052182770598,193.4365362630821,204.71265622033718,195.36423185038905,206.8665186783879,202.5319471261185,209.52251804105038,209.91522755144015,209.0321556659244
192,2018-02-20 21:01:42+00:00,,218.8665637578316,202.6777242209324,202.272887615937,196.94203870541668,194.77289341515848,197.1415448661145,206.2031294658016,197.67912399999875,210.49029534685127
193,2018-04-09 21:01:04+00:00,202.85914009306515,192.79648171539128,190.98001985107376,184.31875809078295,183.5342135607063,194.58010622628478,194.98537771874982,,,
194,2018-06-20 20:59:11+00:00,186.62148050821028,192.49615908874569,196.3577707081936,178.0265205992225,182.83364158290198,189.38032020064975,212.3469356382335,215.6655804041029,211.4975146272553,211.66285449842294
195,2018-08-15 20:58:48+00:00,187.13424748354262,184.35243768943494,,,,,192.07861292593705,206.5138363105907,217.87957957946094,227.1134442731193
196,2018-09-08 20:59:50+00:00,195.4431458390236,216.21797018529554,201.11333417708764,,182.87849502599934,192.66651078544905,203.77420251289294,219.76933626543985,217.26180062086718,232.3824009774699
197,2018-11-11 21:00:10+00:00,182.37567035937585,192.66753813947295,197.2379030892054,185.07430015535215,184.32180682744655,200.9523502552323,217.82000687796267,220.58001722808802,207.90144547345378,213.1605476041997
198,2018-11-27 21:00:10+00:00,184.48278810446078,183.41649533221508,178.82370403040335,179.39903117777462,181.93595821679986,197.16050109801301,202.43494937811167,191.47107314803094,188.4178398208271,196.80571696099588
199,2018-12-05 20:56:13+00:00,,,174.53124879677887,182.79058053064932,186.12377603508003,196.28768143586962,204.25270509120926,198.885971535846,195.59203120657196,200.3245179124894
200,2018-12-21 20:55:46+00:00,210.24065585498812,197.81866434130154,198.65125775112352,204.09155466309744,193.9605549113357,201.02090397868625,196.31994053490422,190.4813469901622,,
201,2019-01-06 20:55:17+00:00,,,,,,,,,,
202,2019-01-22 20:54:46+00:00,186.3023390418877,,,,,202.13369434882793,205.2786894670915,210.4266270424722,202.45030771747628,211.2132739061666
203,2019-02-07 20:54:17+00:00,189.874165275537,198.21989246332424,188.27826736276216,193.5675278757578,,,,,,197.9061072038083
204,2019-02-23 20:53:48+00:00,,,,,201.89897886020813,205.52541531584143,202.2810276224438,212.58377937910814,204.92951496893852,211.1611776066112
205,2019-03-03 20:59:54+00:00,218.12780833012056,205.98320160978125,207.1815202964053,207.62417281222565,197.48988162625113,203.94044318352235,204.67657845563937,200.1494405342136,211.0224466175074,211.7512679553106
206,2019-03-11 20:53:18+00:00,200.7938047988883,217.11668349769965,,,,,198.45638991401609,198.9541786959071,207.80273145258073,209.9266898766816
207,2019-03-27 20:52:46+00:00,219.3544791479307,215.00508774648554,197.1161417584347,201.75812870981423,191.80149870939687,190.55056929093632,191.31047827223375,194.10781929579088,197.97575697546904,203.1136725120234
208,2019-04-04 20:59:46+00:00,207.65926321365907,215.22316159270432,202.47834938980017,198.80715644282347,197.14796098336438,194.29403629015934,199.43074276888518,197.42775155091243,208.6246869457018,215.71205899964912
209,2019-04-20 20:59:39+00:00,,,,,,,,,,
210,2019-05-06 20:59:43+00:00,183.802346034096,195.97014838053047,192.18020130315244,187.83991571667784,182.05159828580474,190.9662547686281,202.65347342029708,197.7062491368152,204.87735467847742,213.3486525911378
211,2019-07-25 21:00:15+00:00,180.60755441478543,195.35108842656143,204.9063692207396,,179.7629506445595,184.60146534453844,197.3526202323922,208.96428313171992,195.01583365261223,209.36090384782875
212,2019-08-02 20:47:58+00:00,197.99949070141395,199.93420991472462,198.18166824104816,178.134843049588,182.97976803620122,193.2871583538748,194.02123703789857,,,
213,2019-08-10 21:00:21+00:00,191.90954720778223,198.37358907636454,195.30288455672,165.00522399337436,173.9490203180443,188.73468302245107,194.4809240151505,206.0329991038466,212.78584772791376,218.38760560380746
214,2019-08-26 21:00:25+00:00,187.30660776942722,198.4563430726955,197.1822565623242,,179.01382873171175,184.83099650974506,205.39483019695638,213.94906881261275,212.96737714674776,210.14307877256127
215,2019-10-29 21:00:38+00:00,170.12347883623752,179.52636025233807,179.10018188843299,171.41227818386915,167.34832855861487,193.80539592713,209.00497658481046,207.0362874098069,202.39041046334285,
216,2019-11-14 21:00:35+00:00,183.86288429550171,193.36925030309237,191.7231029703137,183.7588123417798,190.54604202953624,200.26724095104305,219.13548037821477,215.78855114931326,212.8659053792838,210.7170616415648
217,2019-12-08 20:42:19+00:00,,,,,207.67203181851187,213.7995526686987,215.6479879860524,221.65205623924595,202.03484293244537,206.7651504979105
218,2019-12-16 21:00:32+00:00,186.01873428045576,195.07256089652327,199.95746883887426,203.26297962610505,198.76295637709654,204.00288575005703,200.73584688764404,207.80464052429687,198.3734226903795,209.79022347901326
219,2020-01-01 21:00:27+00:00,179.39834183406464,189.18903846197983,180.77416391634097,182.58772377710682,186.842088724494,196.87571334712453,202.87354953197172,204.25193112084662,193.78572107725103,205.3727897779528
220,2020-01-09 20:40:41+00:00,,,,199.74989436249177,196.69905203089536,198.22678581867774,203.04219921043898,203.73662930674215,200.6037262212463,207.37606040204162
221,2020-01-25 20:39:54+00:00,179.43718564629052,176.88617104383698,173.82542631549384,178.21429314859023,183.5762164462013,195.2415096372835,195.63223198334344,194.45429540455126,192.18846719509554,186.8246488765025
222,2020-02-02 21:00:19+00:00,197.00553519396442,196.82755389664217,205.05822093871697,211.289249911934,202.05267025304948,200.02256800141924,199.7632978411663,203.42273380751584,200.99366621131014,213.11312331382902
223,2020-03-05 21:00:10+00:00,211.35490741516145,217.90165218325745,207.72078461497443,200.5735324683809,193.97317747598805,198.56746044282357,194.67723754765407,204.12769226495095,197.99080926732609,215.17827083936862
224,2020-03-29 20:36:29+00:00,179.83702128337856,192.1627659066101,195.79752125969583,172.15755084122247,182.41510307305305,185.29901924905528,182.07986153331427,,,
225,2020-04-22 20:59:47+00:00,178.2684419644858,169.15296561550824,158.56302756743742,182.42528144708592,183.71177718903692,189.36769320178996,200.1784533882712,197.73672704130888,193.2070033905194,202.86982336918106
226,2020-04-30 20:34:37+00:00,203.08720191336823,197.5240327204151,199.88558194514982,199.67399914758198,187.59254524815128,196.64330002820083,,,,
227,2020-05-08 20:59:37+00:00,194.18830131800402,212.1519518954863,208.06033863282272,201.62163164844486,196.00264715012077,195.47668872009234,204.5158503174634,206.9611569160267,197.90038293928413,211.37723147943603
228,2020-05-16 20:33:38+00:00,193.39180590183997,189.92742418217745,183.0714846529624,185.4434800578108,175.98306511322085,188.33089438437472,,,,
229,2020-06-01 20:32:41+00:00,,217.3218177775376,208.89332461585187,182.1483404551889,183.49430528874603,191.42226481762748,202.2318199493576,211.5846728626943,207.3829512075366,212.2049540711526
230,2020-06-17 20:31:45+00:00,,,,,181.84455208190712,189.52989298501961,203.9009802932949,205.37381675814265,214.74649596486591,215.6033514553818
231,2020-07-03 20:30:48+00:00,178.25114744331475,,,,,201.54089106676358,208.08514174732517,222.33612230212603,221.1307830981739,222.99106837652843
232,2020-08-12 21:00:13+00:00,,,163.97354113301853,,157.6467524203676,175.3189472899915,201.52057279913086,214.04569018327686,215.32211644930544,219.06639217413039
233,2020-08-20 20:27:48+00:00,198.80769611221058,204.417487931508,165.0254549891244,141.82447902732127,165.7774732629203,196.17656115426746,201.64198217952648,217.81609521507374,,
234,2020-09-29 21:00:33+00:00,195.53198012882825,204.3279084234211,203.64672414204546,169.00929665749715,172.44924289403986,195.15015873091482,203.40948810785267,220.04449131924383,213.88871198550257,225.84996775346195
235,2020-10-15 21:00:34+00:00,184.0076069374233,196.5673409300739,200.3245256997646,178.2352180124371,179.24980819303238,194.9339738910781,205.4501603929876,219.29250685315935,213.8564682966258,221.27737706760308
236,2020-10-31 21:00:33+00:00,189.19401270802666,206.6461478096069,205.25936523466606,196.67267315254819,190.7209644732244,204.9097600637363,220.8311594969764,216.953685029187,212.8766631180381,222.20308365293494
237,2020-11-08 20:22:34+00:00,176.0834150996962,,,,,204.93462876813115,219.01621159766447,224.0737731551917,209.11041170443264,207.0161680471844
238,2020-11-16 21:00:32+00:00,199.34278517773345,217.01961183278533,208.70439843875903,196.7111994228473,195.12853732363746,208.6145185709977,220.17993650146275,228.67065994167214,223.5168768310884,228.37515356614014
239,2020-11-17 20:15:46+00:00,,,,,,,,,,
240,2020-12-02 21:00:35+00:00,189.48761448328554,184.23107601754074,174.38720716448128,172.2112580624192,180.64365749467885,203.77796345859198,214.86631581967686,211.82143929652844,202.7023100558299,197.77690923097435
241,2020-12-10 20:20:16+00:00,,,,202.75601096060637,198.0325058317618,200.1810312256338,209.7537892571164,204.62623984581307,196.25583524645947,200.05023869078917
242,2020-12-18 21:00:34+00:00,185.87430427514494,194.04118604596403,193.04681097593428,201.00828496750717,197.53260282074257,204.23355654797064,213.30437101659396,205.65139015125968,207.47733498853182,202.66932170014036
243,2021-01-11 20:17:58+00:00,214.32564547603025,207.83269679650775,196.8657531007197,208.77303313042404,190.07118074580328,186.96395353731165,196.44437071817327,203.44113221616192,205.03040590362662,199.4718200311062
244,2021-01-27 20:16:49+00:00,,,,,,,193.66970397799943,199.3521469858627,196.87743299898295,201.52469524117657
245,2021-02-05 20:09:59+00:00,,,,,,,,,,
246,2021-02-12 20:15:38+00:00,218.47292865490348,214.0782260739996,198.71332597783092,199.03983161126538,190.20933673931353,196.79747583408061,194.3693907078354,201.91181282295918,197.42840692025425,
247,2021-03-25 20:06:15+00:00,,,,,,,,,,
248,2021-04-01 20:11:52+00:00,,,,194.39079653954155,193.78903683633712,200.59574270630725,206.76911439325193,209.40708238133158,196.43259004554312,206.1789644513964
249,2021-04-09 20:59:58+00:00,202.31330927844976,215.42236992650427,202.510822227483,196.45460235060057,188.97455260331503,195.880179986268,202.57239731542563,209.9551578127819,200.42495036391887,208.54745913607564
250,2021-04-10 20:04:56+00:00,,,,,,,,,,
251,2021-04-25 20:59:50+00:00,191.40583978958364,207.1421096814675,197.80083464488382,181.20894215975824,182.26451644440007,184.64013814764746,201.41732314113244,200.50993104720584,196.23464851092743,193.2067025088183
252,2021-05-11 20:59:47+00:00,179.0417991935185,203.11135558685726,199.41372907814826,177.29659003095244,180.85265110467805,187.6380248134688,194.0797159192456,204.62926344784864,200.2505388157678,208.53416671778518
253,2021-06-12 21:00:04+00:00,177.655467261584,201.2656713166804,201.05145866598613,172.77665359756514,181.82263284259943,193.87839315225364,207.96459495079043,212.2764540116707,210.79672255616669,211.72580895616636
254,2021-09-08 19:58:16+00:00,,,,185.20429554986134,184.73795825583048,198.21258867773668,204.16505990104548,219.52139618955664,218.9822238593241,226.50788304348544
255,2021-10-19 19:48:26+00:00,,,,,,,,,,
256,2021-10-26 19:53:58+00:00,,,,,,200.37536593862194,225.4198214624715,226.38294249876623,218.423823259514,213.3616094162084
257,2021-11-04 19:46:57+00:00,,,,,,,,,,
258,2021-11-07 20:58:11+00:00,203.71531077059453,,,,,,,,,222.24782797441006
259,2021-11-11 19:52:27+00:00,,216.1384258105794,205.16329924165885,196.8461147357845,189.96339128847134,199.57636729630653,214.23712862238727,214.63624980787375,206.98217027947427,209.7520598370915
260,2021-11-12 21:00:39+00:00,181.00433818913046,194.57876536925767,195.6058575866137,184.62829045216156,183.20904106602939,199.89164651672934,213.25682830727663,218.9910508085818,207.90759022947375,210.84006478387352
261,2021-11-27 19:50:55+00:00,181.59197019602294,184.26535675027924,186.35339115569363,197.62132276316814,186.2978056275125,182.58326915331133,,,,
262,2021-12-13 19:49:24+00:00,192.10777146928103,203.65922077958146,198.46102953879418,194.6774044494062,196.4878378970078,202.2404413811807,187.50052203305611,,,
263,2021-12-13 21:00:32+00:00,190.03916657295665,218.57765164285883,208.88841995991635,198.0694896569907,206.723136434756,213.62433853032826,219.83838501173176,224.5976235380304,222.4150211557755,220.61918876623417
264,2022-01-06 21:00:29+00:00,180.09903608610927,185.4640121617006,184.21546519367956,184.9484919144675,184.39905227878182,197.81192053436973,207.44564374634894,204.09261250254792,197.27373614495707,203.31258618632805
265,2022-01-14 21:00:28+00:00,195.8455863176136,187.90734865111523,198.68294764978768,200.7316397264861,198.2830924643673,196.84186745212946,197.60547755480337,201.51811459521477,201.06128180492573,207.8402348326544
266,2022-02-07 21:00:21+00:00,186.15039871360227,203.9574715103234,167.08051371344465,172.2477055732769,187.74789274726325,201.61139424868804,201.7928161058834,205.80737547376413,201.47264923940048,208.49385155518732
267,2022-02-23 21:00:16+00:00,221.04743608154604,217.4073518400711,198.08359371899252,208.24096385063854,199.6176873390733,206.3241976003353,197.5361409161747,206.1352424704985,205.28643475539894,216.76862786454177
268,2022-03-03 21:00:15+00:00,216.71465256813363,214.9154630326014,205.64542284318844,204.68722750874488,203.75184947802532,202.55250098932154,203.2084504084121,208.88364003878053,211.3015824719101,221.351515222178
269,2022-03-11 21:00:12+00:00,206.10565374785384,217.42349602958456,200.37320421429516,200.08214725752273,192.5738882686597,200.03116804577283,201.30179326379746,202.64345029288853,207.39789494553747,216.16078219303296
270,2022-04-20 21:00:00+00:00,,,,187.85415732502372,193.76006139898,200.45597378528234,214.21876654654375,220.31556339020895,222.70014156455574,217.47155582560487
271,2022-05-06 20:59:56+00:00,178.0468627671164,194.56533666875447,198.75531066585285,163.7759366198764,185.48361294839492,189.04400104761763,202.65089165067957,207.89550182582744,198.03370373400236,202.7728359218089
272,2022-05-14 21:00:10+00:00,,,197.85745100525017,173.2308184641072,182.91592572762698,191.14512268796562,201.90889798370563,211.04120504388015,203.6074922782235,209.67516378419958
273,2022-05-30 21:00:13+00:00,,,,,,,,,,
274,2022-06-15 21:00:25+00:00,,,,,177.51978250443057,198.44237973481347,208.20258176583982,221.4496072591196,218.07958911757586,232.84039679361456
275,2022-07-17 21:00:29+00:00,175.0850244789955,190.09116520586895,175.57563175737488,156.46693952880537,150.78244359085187,173.78264883118425,180.5753122755146,183.64148814105215,182.35492428679987,
276,2022-07-25 21:00:13+00:00,184.65750814979032,205.94968601891236,197.21968516171097,176.67249234880776,175.22869155471835,186.296803465111,194.14638566481415,210.72900955369676,216.4687493836027,222.55806209956273
277,2022-08-10 21:00:24+00:00,191.0072434628538,208.20179615167098,204.0255627633682,184.21327367457337,178.77445261510417,190.42136574612067,202.61587659625943,218.23837158509855,217.19349272638428,224.43259798306454
278,2022-09-27 21:00:36+00:00,185.5867455868428,209.87843095051966,206.51972855674998,185.2268377465937,178.39298371557766,189.59755023714587,204.2400043562698,221.2864472387216,222.13521466163473,228.13822141147742
279,2022-10-05 21:00:50+00:00,,,,,177.6978943555207,184.7960141589083,206.16954516480314,216.29452768382797,214.1335922338546,217.70085813962217
280,2022-10-13 21:00:40+00:00,197.46611126697354,199.30249041676865,200.92684377902881,178.32382699800633,180.7863056294197,194.37602752872493,210.0832079819857,221.0448640197485,212.78559547337892,218.74632471372485
281,2022-10-21 21:00:49+00:00,176.6509297501027,,,,,,211.53015402099558,202.62314799036673,199.27669592465205,
282,2022-10-29 21:00:40+00:00,,214.93881843741943,208.03523276462943,196.61629040445808,183.67660320849023,199.1976837020328,205.88630833868086,214.80340435536561,,
283,2022-11-14 21:00:43+00:00,194.7111266784917,192.68392619913115,183.4887089159707,157.35519110633436,162.75574779413742,186.4314541145813,220.77720893828314,225.10922307809798,221.50693880789714,216.87225757474891
284,2022-11-22 21:00:47+00:00,198.77299972313682,204.9747576476382,208.42210628055483,201.27846300024825,196.71755700673978,212.87211708811816,227.57462078520663,222.1327108796754,215.05861182114165,222.9363953155871
285,2022-11-30 21:00:39+00:00,183.92589540121193,188.39377597844035,191.05102757520422,191.82310532817775,184.94916584401938,195.51768937030482,212.50108887532093,207.46722556014078,202.5626497833519,215.94797166934106
286,2023-01-17 21:00:34+00:00,198.35866530939245,197.99464657415737,192.740436166273,199.84405924713153,190.85432451598257,196.09205889965386,194.5267542462281,204.23646467914358,197.72385134448717,206.46370629673783
287,2023-02-10 21:00:33+00:00,196.90853615962277,216.70070243275626,200.7961175449242,200.47579624533086,194.59055861737698,192.7605518021458,202.25402631282952,201.0983580580641,202.89214714393114,211.52582445427925
288,2023-04-23 21:00:04+00:00,181.57256373729308,198.7061326780609,192.24054392357743,181.88323899046577,178.84155606282872,192.47402220905929,196.46358094065187,206.52333470453027,199.94865242497764,209.90335730252488
289,2023-05-01 20:59:42+00:00,,,,178.50228091527737,174.37872002989985,188.4561955239721,200.42473640335808,203.03104611182897,200.72942682260634,197.50629614009864
290,2023-07-04 20:59:53+00:00,187.22488935535665,216.90562998645143,207.39891305524057,181.8090816453601,183.32387188013888,201.98832622845006,216.67292834087027,223.56308889954795,219.3533758136631,235.02674449320227
291,2023-07-20 20:59:56+00:00,186.42399799764135,197.80487131858845,204.49426777745012,176.16330482695133,181.78059428447264,194.698708150764,203.26621620070026,220.7385930105671,214.4959862146802,224.21363910517942
292,2023-08-21 21:00:13+00:00,188.5264785456773,208.31278295472663,200.9548559786286,182.44718546267728,179.64555828733,188.83976147797733,201.33204359564843,221.522651358226,218.94815019695866,220.06608821197125
293,2023-08-29 21:00:10+00:00,186.70876750488722,199.758829513545,194.5699001980343,173.86670485605003,169.9605304978049,185.38838702119153,205.9202392972694,218.19220160908293,213.47090550194838,217.7018288911354
294,2023-09-06 21:00:12+00:00,185.08974418135836,194.42635427110972,189.572557496613,168.97445377842675,163.68963393432608,186.08175739024927,195.93018612088548,214.02449977158534,213.45988241073343,206.253393820456
295,2023-09-22 21:00:18+00:00,187.98215585926803,201.724880876353,201.51579983057783,184.9517376864881,181.877994465605,189.94953910610394,205.26672731623904,223.59944605885926,219.09812092192078,221.56237418227713
296,2023-09-30 21:00:17+00:00,191.14284749625727,210.4643322133824,206.67847934896798,185.28708902707513,188.6344102878669,197.46194364059986,204.91999926227365,220.86293525765717,218.43051807462382,228.12621993252776
297,2023-10-08 21:00:23+00:00,185.94589275110675,204.99442766796295,201.95800753944377,178.5827638648887,182.9964718901857,197.00682666497212,211.00008875222662,217.64829394918428,220.23834756511707,219.45167479663132
298,2023-10-24 21:00:26+00:00,184.68859157729605,185.90087556469578,190.54705411934793,177.77176284101586,180.02626303950512,194.483603415247,207.769821256228,208.46920322164314,196.48322522158782,200.49662533648905
299,2023-12-03 21:00:31+00:00,182.35760628515618,187.1545982408693,189.35986169025628,192.4282894232599,194.70242028527196,186.81526910706123,203.6474567302292,202.50320716007826,192.0754643617764,203.4321122510932
300,2023-12-11 21:00:23+00:00,213.61436407144149,203.00356955123235,205.89465015345166,214.41422328316818,209.50551595975588,209.37050444494614,212.8962253127945,209.46489225490512,209.2029592968379,211.7246728901315
301,2023-12-27 21:00:25+00:00,177.21981082545605,180.93170054419517,179.33812815881407,191.22839565645336,180.95012696782737,202.39279239077192,195.83750855710554,193.74294534619105,191.9121140149798,199.78941994806388
302,2024-01-20 21:00:29+00:00,205.7280240246306,202.19571509054842,198.118697706744,193.39646631445976,188.9169115053827,190.45484235967427,198.38981283323795,200.25934284239673,200.68940989288205,207.4854403716649
303,2024-02-05 21:00:33+00:00,196.1502691589526,199.51337740314034,188.33676142978987,191.1110635087259,184.24492475514646,193.7434635306447,193.21150823390326,200.29044199465562,200.18969671236812,208.75487663632344
304,2024-02-29 21:00:13+00:00,213.3257269453332,221.53852308500262,209.78704781329265,201.66055177229674,201.56984524766034,198.70344812807164,199.3886577186276,202.85358292418604,207.63706754876387,211.00631577374708
305,2024-03-16 21:00:03+00:00,207.06313896184128,201.42417098340545,194.00000985932286,196.9769900343403,189.47557225338733,195.30201147887274,197.68313933849015,201.27545045558756,204.1535571457387,212.104987718675
306,2024-04-17 20:59:43+00:00,183.80623037854951,198.9440185230335,184.65084473631487,184.44071553089788,183.60969322253305,184.50121712580062,200.89842252934554,195.97590333425285,191.83537124315234,196.23982698353407
307,2024-04-25 20:59:52+00:00,181.8696237323964,199.630157310852,194.93397506551793,176.6503025744609,181.46408963214066,187.52489958624255,198.83843532315683,203.02785386492823,194.82136926048383,201.21444771508612
308,2024-05-03 20:59:34+00:00,180.84087766594166,206.3818498209762,200.31348172018465,182.818325267406,184.2023111012082,190.9101970247646,198.8939820478143,211.20976157429183,201.56303635348422,211.81071012450636
309,2024-05-27 20:59:36+00:00,178.96450602560463,200.59085499007202,196.58895998857514,173.68299260541585,179.13860212173114,191.08362154628296,200.60820683442597,218.26368928957217,214.10253475532386,219.4868742104311
310,2024-06-28 20:59:20+00:00,182.50747747789114,175.94894058559328,192.07698070827809,,163.12113352625227,182.54498189209383,201.32210115850896,209.20168935985043,212.4476404834962,212.1412997664118
311,2024-08-07 20:59:46+00:00,194.79575871509854,212.27361283261058,195.6141372636701,176.84597590786655,181.58627869362482,175.13730866123663,206.19484071824508,217.80569134559227,216.4500701808205,218.60880328805985
312,2024-10-10 21:00:12+00:00,183.92542396383033,199.42226454115286,193.7076088286987,181.36519325199058,182.6859803674975,196.7751938836068,217.48095037096954,215.82847278184465,215.47537786904542,210.53982926161166
313,2024-11-19 21:00:25+00:00,200.43026441807953,216.76684096040458,206.55080453982953,197.3242492977586,189.69668465075927,212.588806228211,225.52622191911843,226.7566156896523,219.93520358118292,226.24811986128256
314,2024-11-27 21:00:26+00:00,173.25068574563215,169.66171558320156,168.17324625956365,176.43927594952618,173.77269904383172,187.02558311275305,226.90119472918985,225.37621844911257,221.88962449708202,221.08980383828012
315,2024-12-05 21:00:24+00:00,184.93519054786913,188.80237097184056,191.22331347922037,192.5193701714524,189.37780050729748,197.96496438258433,206.01146736628863,205.18600735604468,198.0560184528166,201.3338263696323
316,2024-12-13 21:00:14+00:00,194.38500990620645,204.77662336702966,199.23469743254913,201.59788066957304,199.11101439891496,207.7136535022342,221.40440328843965,222.83746465490435,208.20415749400854,212.07789450157233
317,2024-12-21 21:00:25+00:00,181.7751450106174,179.43833778164185,170.74098495582095,182.77100603939593,179.42430596722158,187.00023694787467,190.0700412080662,191.71441516079932,185.01239395784717,185.18528663727585
318,2025-01-06 21:00:21+00:00,185.20175943881299,194.93540411840078,188.60016103489428,184.82842998336832,182.80390755490043,192.61574236870348,194.08774020623616,195.14716524140846,192.05149116017537,196.4588639876508
319,2025-01-14 21:00:20+00:00,205.3502855226638,201.5052538546189,200.37277910786423,198.86531133407962,188.31444494434223,194.57141777035025,200.1246112995977,202.93275428025834,203.42734406468776,210.3137296943881
320,2025-02-07 21:00:22+00:00,182.06345469981758,181.92722757502244,183.08017797423298,191.53499270329576,185.81044029892004,192.238967851602,193.20421491262306,198.77460835755284,195.4484012782638,205.34118383537265
321,2025-03-03 21:00:06+00:00,212.66639105325788,208.91139460394243,194.8928830564983,196.71126063454307,184.6640292584549,186.8146812485752,,,,
322,2025-03-11 21:00:17+00:00,,,,,,,,,195.19973168749465,166.84285948140007
323,2025-03-27 21:00:06+00:00,213.13878007454753,218.4125308402124,202.93952770268962,200.78472970644748,199.67759590140457,199.34345192285065,199.93834268286025,199.80533646619438,204.7563021636695,210.4660913404385
324,2025-04-28 20:59:58+00:00,,210.6906312209986,198.59442638579497,185.1275178465181,188.14164042024476,197.95612258860643,206.54703932889123,210.63478808300573,206.4214553529585,215.03461690806327
