,dates,tide levels
0,1984-10-12 00:38:08+00:00,-0.21434250515240522
1,1985-01-07 00:44:31+00:00,0.13595619714881177
2,1985-05-31 00:44:21+00:00,-0.19066761604909868
3,1985-06-16 00:44:19+00:00,-0.4944395915676993
4,1985-08-03 00:44:00+00:00,-0.6331414897931452
5,1985-08-19 00:43:51+00:00,-0.49751528967877023
6,1985-09-13 00:37:21+00:00,-0.6104503149613896
7,1985-10-15 00:37:01+00:00,-0.3050564552808247
8,1986-04-16 00:39:38+00:00,-0.049086453883256415
9,1986-06-12 00:31:54+00:00,-0.3200771348299524
10,1986-07-30 00:30:17+00:00,-0.0008908182547523025
11,1986-09-16 00:28:35+00:00,-0.5570350137981431
12,1986-09-23 00:34:32+00:00,-0.013257397393042188
13,1986-10-09 00:34:02+00:00,0.1257153011755319
14,1986-10-18 00:27:33+00:00,-0.2799335423640177
15,1986-12-28 00:33:25+00:00,0.33958415336661796
16,1987-03-02 00:35:36+00:00,-0.3664394313689943
17,1987-05-14 00:31:50+00:00,-0.8607329288575974
18,1987-05-21 00:38:12+00:00,0.17784239122226403
19,1987-05-30 00:32:14+00:00,-0.6435458460200533
20,1988-03-29 00:38:05+00:00,0.10474916152473336
21,1988-04-14 00:38:09+00:00,-0.13317594369035837
22,1988-07-26 00:44:58+00:00,-0.4018727568398292
23,1988-08-20 00:38:48+00:00,0.05069859178368088
24,1988-09-05 00:38:50+00:00,-0.08570689779826024
25,1988-09-21 00:38:45+00:00,-0.11591409102504313
26,1988-11-08 00:38:39+00:00,-0.05391550796638513
27,1989-05-19 00:36:27+00:00,-0.5757473659124543
28,1989-08-23 00:34:35+00:00,0.060869307939517704
29,1989-10-26 00:32:47+00:00,-0.08244153435972816
30,1990-02-22 00:35:31+00:00,0.23688037938901133
31,1990-03-26 00:34:27+00:00,-0.40231680503311396
32,1990-04-11 00:34:24+00:00,-0.6403296405523768
33,1990-04-20 00:28:17+00:00,0.16997035024101628
34,1990-04-27 00:34:24+00:00,-0.8309253308201059
35,1990-05-29 00:34:24+00:00,-0.21801475962671504
36,1990-06-07 00:28:13+00:00,-0.6571768339235381
37,1990-07-16 00:34:20+00:00,0.08052691603858454
38,1990-10-20 00:33:46+00:00,-0.13355202445464795
39,1991-03-13 00:35:34+00:00,0.0747332696991554
40,1991-03-22 00:29:35+00:00,-0.014673012502585318
41,1991-03-29 00:35:47+00:00,-0.3435410599940861
42,1991-09-30 00:32:01+00:00,0.11120746689129858
43,1991-10-23 00:38:21+00:00,-0.16858241623081263
44,1991-11-01 00:32:10+00:00,0.12356913523611267
45,1991-12-26 00:38:34+00:00,0.10592910295450685
46,1992-03-31 00:38:18+00:00,-0.09880509558443505
47,1992-05-11 00:31:47+00:00,0.1559574839467173
48,1992-09-16 00:30:08+00:00,-0.1067569218370348
49,1992-12-28 00:35:39+00:00,0.03307305316129131
50,1993-01-13 00:35:50+00:00,0.038300850265959564
51,1993-03-18 00:36:24+00:00,0.2167354081033273
52,1993-08-02 00:30:27+00:00,-0.6883191474770922
53,1993-08-09 00:36:38+00:00,-0.011192108975135048
54,1993-08-25 00:36:36+00:00,0.036824366373875615
55,1993-10-21 00:30:11+00:00,0.12596175574451152
56,1993-11-29 00:36:08+00:00,0.016109793780142323
57,1993-12-24 00:29:45+00:00,0.31086306971593164
58,1994-04-06 00:34:29+00:00,0.12683493936594106
59,1994-06-02 00:27:15+00:00,0.10030071479696262
60,1996-05-29 00:26:05+00:00,-0.1726156529559791
61,1997-01-08 00:37:34+00:00,0.10691187246456778
62,1997-03-29 00:40:56+00:00,-0.23553293934932237
63,1997-11-08 00:48:06+00:00,0.2156664410887765
64,1997-12-19 00:42:54+00:00,0.11675151705331847
65,1998-03-25 00:44:47+00:00,0.10163728285364253
66,1998-04-01 00:51:01+00:00,-0.3817842048604662
67,1998-05-12 00:45:26+00:00,-0.6730854357013212
68,1998-07-06 00:52:23+00:00,-0.2656836412423219
69,1998-09-17 00:46:50+00:00,-0.24700851713849084
70,1998-10-19 00:46:53+00:00,-0.28547479665377157
71,1998-11-04 00:46:57+00:00,-0.2149946166141458
72,1999-01-23 00:47:05+00:00,0.11358777399295412
73,1999-02-24 00:47:18+00:00,0.31502815532543904
74,1999-03-03 00:53:25+00:00,-0.29783207917177035
75,1999-03-28 00:46:49+00:00,0.1345275274687413
76,1999-08-26 00:51:37+00:00,-0.640245351527496
77,1999-09-03 01:07:10+00:00,0.07823342437563763
78,1999-09-28 01:01:03+00:00,-0.31354536991631193
79,1999-10-30 01:00:56+00:00,0.12773793822554882
80,1999-11-07 00:44:04+00:00,-0.17828347338993203
81,1999-11-22 01:07:02+00:00,-0.012547721654723298
82,1999-11-23 00:43:26+00:00,-0.0807533939224121
83,1999-12-16 00:49:21+00:00,0.2708096492516984
84,2000-01-02 01:00:51+00:00,0.30470467199813944
85,2000-03-22 01:00:39+00:00,-0.4996543933533876
86,2000-04-07 01:00:28+00:00,-0.6180666725036427
87,2000-04-30 01:06:32+00:00,0.06069415914339861
88,2000-06-17 01:06:05+00:00,-0.711237550556058
89,2000-08-13 00:59:08+00:00,-0.5179927028231629
90,2000-09-21 01:04:41+00:00,0.10649148529270298
91,2000-10-07 01:04:38+00:00,0.06447905160260836
92,2000-10-16 00:58:10+00:00,-0.16749112443867553
93,2000-11-24 01:04:32+00:00,0.04192158340109749
94,2001-01-20 00:58:33+00:00,0.34368863935747107
95,2001-03-16 01:04:30+00:00,0.00708134461204155
96,2001-03-17 00:48:11+00:00,0.17086129886681342
97,2001-04-01 01:04:22+00:00,0.0278972476895398
98,2001-04-17 01:04:21+00:00,0.1505370021053733
99,2001-04-26 00:58:07+00:00,-0.6785823941433928
100,2001-05-12 00:57:59+00:00,-0.418507130890289
101,2001-06-05 00:48:25+00:00,-0.6459014220758688
102,2001-06-13 00:57:39+00:00,-0.041862034697949205
103,2001-09-24 01:02:41+00:00,0.07884576377461387
104,2001-10-03 00:56:19+00:00,-0.42699591596983444
105,2001-10-19 00:56:20+00:00,-0.18938392327229853
106,2001-11-04 00:56:25+00:00,-0.028512911787142974
107,2001-12-29 01:02:52+00:00,0.1893839535974896
108,2002-01-14 01:03:00+00:00,0.05266597750330531
109,2002-01-30 01:02:59+00:00,-0.022192219015713787
110,2002-02-08 00:56:56+00:00,0.359654539043796
111,2002-02-24 00:56:58+00:00,0.3187510501772614
112,2002-03-03 01:03:11+00:00,-0.3228167551477309
113,2002-03-28 00:56:52+00:00,-0.2660815860553685
114,2002-04-20 01:03:00+00:00,0.0006251903430566894
115,2002-05-06 01:03:05+00:00,0.13642312942796642
116,2002-05-15 00:56:46+00:00,-0.68612374583204
117,2002-05-22 01:02:55+00:00,0.11881457215917324
118,2002-08-26 01:02:15+00:00,-0.44335702560623835
119,2002-09-04 00:56:02+00:00,-0.3656856495270949
120,2002-09-11 01:02:10+00:00,-0.1813255555747219
121,2002-11-07 00:55:56+00:00,-0.020803705786168362
122,2002-11-30 01:02:28+00:00,0.20651061459011316
123,2002-12-09 00:56:18+00:00,0.14445568537377518
124,2003-02-02 01:02:48+00:00,-0.009322289767917678
125,2003-02-18 01:02:55+00:00,-0.16719675657520294
126,2003-02-27 00:56:43+00:00,0.34049784432150404
127,2003-03-06 01:02:58+00:00,-0.34562891497884246
128,2003-03-22 01:02:54+00:00,-0.47574521014625526
129,2003-03-31 00:56:45+00:00,-0.17980186269264387
130,2003-04-07 01:02:59+00:00,-0.328353865135098
131,2003-05-02 00:56:49+00:00,-0.6641120805073073
132,2003-05-09 01:02:59+00:00,0.005181189238004778
133,2003-08-13 01:02:38+00:00,-0.7584237402903732
134,2003-09-23 00:56:14+00:00,-0.3425893634503571
135,2003-10-25 00:56:24+00:00,-0.2800509150263783
136,2003-11-01 01:02:39+00:00,0.15246534983444968
137,2003-11-10 00:56:32+00:00,-0.07555290812363794
138,2003-11-26 00:56:43+00:00,0.10886435496775722
139,2003-12-03 01:02:53+00:00,0.24459623753955012
140,2003-12-11 00:52:45+00:00,0.08400633758917558
141,2003-12-27 00:52:57+00:00,0.09779570558877436
142,2003-12-28 00:56:56+00:00,0.12013826756636718
143,2004-01-04 01:03:09+00:00,0.2953331558756617
144,2004-01-05 00:46:49+00:00,0.22373866901166958
145,2004-01-29 00:57:07+00:00,0.21690150296175792
146,2004-02-05 01:03:20+00:00,0.1316558510451986
147,2004-02-06 00:46:55+00:00,0.028732332267860226
148,2004-02-13 00:53:07+00:00,0.14575969049183157
149,2004-03-01 00:57:12+00:00,0.270769750459745
150,2004-03-08 01:03:26+00:00,-0.3612913940641297
151,2004-03-24 01:03:31+00:00,-0.5104432777880149
152,2004-04-01 00:53:27+00:00,0.1820102354682331
153,2004-04-17 00:53:59+00:00,-0.16369405824434743
154,2004-04-26 00:48:03+00:00,-0.11420410749660784
155,2004-07-31 00:50:43+00:00,-0.8280007718457197
156,2004-08-08 00:56:51+00:00,0.038076786228628236
157,2004-09-16 01:02:51+00:00,-0.4949363603799473
158,2004-10-18 01:02:53+00:00,0.05219556834914961
159,2004-10-19 00:52:37+00:00,0.12810827859463658
160,2004-10-27 00:56:51+00:00,-0.18452565746930727
161,2004-11-20 00:53:10+00:00,0.1944986035504372
162,2004-11-28 00:57:08+00:00,0.05445930427704912
163,2004-12-14 00:57:14+00:00,0.15835909418288768
164,2004-12-29 01:00:08+00:00,0.067348158663242
165,2005-02-15 01:00:47+00:00,0.0564528198688956
166,2005-03-28 00:55:06+00:00,-0.5839178724242874
167,2005-04-04 01:01:19+00:00,0.27156199637835826
168,2005-04-12 01:03:49+00:00,-0.6346758346741243
169,2005-04-29 00:55:14+00:00,-0.37279845529808014
170,2005-05-06 01:01:28+00:00,-0.2866533897277685
171,2005-05-22 01:01:34+00:00,-0.48638492676685224
172,2005-06-16 00:55:36+00:00,0.07366538101611413
173,2005-06-24 00:57:28+00:00,-0.8504422015720806
174,2005-09-11 01:02:21+00:00,0.07638823233466019
175,2005-09-12 00:57:08+00:00,0.05165927314319916
176,2005-09-27 01:02:19+00:00,-0.009040274063692587
177,2005-09-28 00:57:07+00:00,-0.09828571231334009
178,2005-10-06 00:56:06+00:00,-0.17287218893951714
179,2005-12-08 01:03:50+00:00,0.22726466585400462
180,2006-03-07 00:58:09+00:00,0.1581556523054127
181,2006-04-15 01:04:14+00:00,-0.6843528284847522
182,2006-05-01 01:04:16+00:00,-0.6854736532710717
183,2006-05-17 01:04:18+00:00,-0.5745318040111806
184,2006-05-18 01:00:10+00:00,-0.3594777103021694
185,2006-05-25 01:06:27+00:00,-0.3822090481252595
186,2006-06-03 01:00:25+00:00,-0.027292103784674414
187,2006-06-26 01:06:59+00:00,-0.8033750745543009
188,2006-08-05 01:03:55+00:00,-0.13177939972048613
189,2006-08-13 01:07:38+00:00,-0.36751176765761606
190,2006-09-06 01:03:49+00:00,-0.5850253136774656
191,2006-09-15 00:57:35+00:00,0.03651277506954171
192,2006-09-22 01:03:43+00:00,-0.45580252342295774
193,2006-10-01 00:57:28+00:00,0.0642899619741876
194,2006-10-09 01:02:07+00:00,-0.18358788408207058
195,2006-10-16 01:08:23+00:00,0.042273351248207816
196,2006-11-01 01:08:33+00:00,0.08954507125830173
197,2006-11-02 00:57:49+00:00,0.012229050221716617
198,2006-11-18 00:58:01+00:00,0.08491579234525794
199,2006-11-25 01:04:16+00:00,0.15554065534296194
200,2006-11-26 01:02:35+00:00,0.18598591387578786
201,2006-12-20 00:58:14+00:00,0.19079849685671543
202,2006-12-28 01:02:48+00:00,0.29364182760936186
203,2007-01-04 01:09:02+00:00,0.16197817391340352
204,2007-01-05 00:58:16+00:00,0.06986692425314718
205,2007-01-20 01:09:08+00:00,0.05190944411249096
206,2007-01-21 00:58:18+00:00,-0.029687912064752398
207,2007-01-28 01:04:32+00:00,0.42409309416078833
208,2007-02-21 01:09:13+00:00,-0.38272867487666906
209,2007-03-01 01:04:43+00:00,0.19396264274275335
210,2007-03-02 01:03:02+00:00,0.0455832121225382
211,2007-03-09 01:09:12+00:00,-0.30744613488390327
212,2007-03-17 01:04:45+00:00,0.05766438308587974
213,2007-03-18 01:02:59+00:00,-0.16458329791502918
214,2007-03-26 00:58:35+00:00,0.13807970662779037
215,2007-04-03 01:02:55+00:00,-0.5348356072181419
216,2007-04-18 01:04:44+00:00,-0.7905862152345334
217,2007-04-19 01:02:48+00:00,-0.8654620829821278
218,2007-05-21 01:02:29+00:00,-0.4366672762236188
219,2007-05-28 01:08:35+00:00,-0.15694992106909483
220,2007-07-08 01:01:47+00:00,0.08282123459599233
221,2007-07-16 00:58:15+00:00,-0.7731564086492468
222,2007-07-24 01:01:38+00:00,-0.018196015320737467
223,2007-08-08 01:04:19+00:00,-0.0863047320460626
224,2007-08-24 01:04:12+00:00,-0.18799866999297155
225,2007-08-25 01:01:17+00:00,-0.3477727962628643
226,2007-09-01 01:07:24+00:00,-0.2485762466834373
227,2007-09-02 00:57:57+00:00,-0.06976831027877353
228,2007-09-09 01:04:04+00:00,-0.4306794712731334
229,2007-09-18 00:57:51+00:00,0.03704286549772091
230,2007-09-26 01:01:03+00:00,-0.47570935527714653
231,2007-10-03 01:07:10+00:00,0.09016050291576022
232,2007-11-05 00:58:04+00:00,0.10492909781558774
233,2007-12-30 01:04:34+00:00,0.14611769620887227
234,2008-01-08 00:58:24+00:00,0.14656605817668134
235,2008-01-31 01:04:33+00:00,0.25637221555321504
236,2008-02-09 00:58:21+00:00,-0.22151521431729837
237,2008-03-12 00:58:11+00:00,-0.3710286098862126
238,2008-04-13 00:58:11+00:00,0.1278047016308693
239,2008-05-06 01:04:16+00:00,-0.8847557193151901
240,2008-05-07 00:56:47+00:00,-0.9148913760050515
241,2008-06-23 01:03:53+00:00,-0.4293857018635403
242,2008-07-01 01:01:29+00:00,-0.5302716070144476
243,2008-08-11 00:54:05+00:00,-0.08069700911418785
244,2008-08-18 01:00:04+00:00,-0.6479029586376788
245,2008-09-04 00:57:03+00:00,-0.17679368872090534
246,2008-09-19 00:59:11+00:00,-0.11067746805291621
247,2008-09-27 01:03:01+00:00,-0.3088807624107934
248,2008-09-28 00:52:43+00:00,-0.3771386991502604
249,2008-10-13 01:02:52+00:00,-0.21239822388177848
250,2008-10-21 00:58:08+00:00,0.13747376523970078
251,2008-10-22 00:56:50+00:00,0.12381056289498027
252,2009-01-01 01:03:50+00:00,0.038717913289064196
253,2009-01-17 01:03:56+00:00,0.09327835837353428
254,2009-01-26 00:57:48+00:00,0.020869342018212545
255,2009-02-19 00:54:01+00:00,0.30986436628700575
256,2009-03-31 00:58:19+00:00,-0.4255730698478718
257,2009-04-07 01:04:32+00:00,-0.07552093027851967
258,2009-04-08 00:55:06+00:00,-0.3214842384192216
259,2009-05-09 01:04:39+00:00,-0.7038445916458
260,2009-05-10 00:55:43+00:00,-0.7720825597987414
261,2009-05-25 01:04:40+00:00,-0.8998345134267134
262,2009-06-02 01:02:18+00:00,0.07744631276138407
263,2009-06-27 00:56:35+00:00,-0.31888751882205413
264,2009-08-06 00:58:15+00:00,-0.6761251183107645
265,2009-08-29 01:04:24+00:00,-0.02052382084730921
266,2009-09-06 01:03:52+00:00,-0.4713925153385904
267,2009-09-14 01:04:23+00:00,-0.06350529393763198
268,2009-09-30 01:04:21+00:00,-0.12286616272881108
269,2009-10-16 01:04:23+00:00,-0.11247937543722053
270,2009-10-24 01:04:25+00:00,0.0983013780872062
271,2009-10-25 00:58:21+00:00,0.12891711634036176
272,2009-12-19 01:05:17+00:00,0.024097941479587583
273,2010-01-04 01:05:34+00:00,-0.046925390562259646
274,2010-03-01 01:05:10+00:00,-0.34240349648448803
275,2010-03-02 01:00:06+00:00,-0.49475797749417205
276,2010-03-18 01:00:12+00:00,-0.5482781416920524
277,2010-04-03 01:00:15+00:00,-0.5044908069408941
278,2010-04-19 01:00:16+00:00,-0.4265256885421887
279,2010-04-26 01:06:26+00:00,-0.19142030683430097
280,2010-04-27 00:58:53+00:00,-0.4567472874163102
281,2010-08-17 00:58:22+00:00,0.029951822291445027
282,2010-09-01 01:06:30+00:00,0.03608069223864855
283,2010-09-09 01:04:28+00:00,-0.545307251087426
284,2010-09-10 01:00:20+00:00,-0.448276087554436
285,2010-09-18 00:58:14+00:00,-0.08215876440178858
286,2010-09-26 01:00:20+00:00,-0.2172757779652144
287,2010-10-11 01:04:14+00:00,-0.059311859397392794
288,2010-10-19 01:06:39+00:00,0.0027728919309677334
289,2010-11-13 01:00:45+00:00,0.17421023410381667
290,2011-03-05 01:01:36+00:00,-0.3388873480779864
291,2011-03-12 01:07:47+00:00,-0.028393233858111596
292,2011-03-20 01:04:05+00:00,-0.5404251609820847
293,2011-03-21 01:01:36+00:00,-0.6766593535837169
294,2011-03-28 01:07:49+00:00,0.21897550080006836
295,2011-03-29 00:57:53+00:00,0.2088346915968221
296,2011-04-05 01:04:03+00:00,-0.6287306684160157
297,2011-04-06 01:01:40+00:00,-0.6177299177350402
298,2011-05-08 01:01:39+00:00,-0.3910503040997191
299,2011-05-15 01:07:48+00:00,-0.2743712518339803
300,2011-07-26 01:03:16+00:00,-0.11689427068976616
301,2011-08-12 01:01:27+00:00,-0.5449583946809424
302,2011-08-27 01:02:58+00:00,-0.47513625895968203
303,2011-08-28 01:01:25+00:00,-0.5942430410441836
304,2011-09-28 01:02:30+00:00,-0.3629601106973178
305,2011-09-29 01:01:18+00:00,-0.28715937203223824
306,2011-10-14 01:02:15+00:00,-0.16464745799093833
307,2011-11-08 00:55:43+00:00,0.055312065031600265
308,2011-11-16 01:01:37+00:00,0.11846494892088306
309,2011-11-23 01:07:54+00:00,0.23620387273587024
310,2011-12-02 01:01:47+00:00,0.21359984232146725
311,2011-12-09 01:08:00+00:00,0.15914347719811167
312,2012-01-10 01:08:15+00:00,-0.013122548057367258
313,2012-01-19 01:02:04+00:00,0.43966901609488557
314,2012-01-26 01:08:14+00:00,-0.21696618809644552
315,2012-02-11 01:08:21+00:00,-0.33697109913150924
316,2012-02-20 01:02:11+00:00,0.07561697200435749
317,2012-03-14 01:08:20+00:00,-0.10626005987877069
318,2012-04-08 01:02:06+00:00,-0.7844925486932662
319,2012-05-17 01:08:58+00:00,-0.13778514603240563
320,2012-05-26 01:02:37+00:00,-0.33735251513274656
321,2012-06-18 01:08:40+00:00,-0.5633150282051359
322,2012-06-27 01:02:33+00:00,0.04549557433030732
323,2012-07-20 01:09:04+00:00,-0.7248514320505222
324,2012-07-29 01:02:58+00:00,-0.14015253017808096
325,2012-08-21 01:09:25+00:00,-0.359467811354695
326,2012-08-30 01:03:19+00:00,-0.48250607483421126
327,2012-10-08 01:09:52+00:00,0.10800710679591818
328,2012-11-09 01:10:06+00:00,0.21800761701758944
329,2012-12-11 01:10:16+00:00,0.3138451471948525
330,2013-02-22 01:04:13+00:00,0.21003282064420165
331,2013-03-17 01:10:21+00:00,-0.2665655481006062
332,2013-04-11 01:04:04+00:00,-0.6370760263807589
333,2013-04-19 01:09:51+00:00,0.08890885824196176
334,2013-06-29 01:16:11+00:00,-0.1309281961221421
335,2013-07-07 01:09:41+00:00,-0.5909364462269702
336,2013-07-08 01:10:02+00:00,-0.6717989197920794
337,2013-07-31 01:16:14+00:00,0.019192703922264277
338,2013-09-09 01:09:49+00:00,-0.26423362609186585
339,2013-09-10 01:10:04+00:00,-0.13629936952650532
340,2013-09-17 01:16:11+00:00,-0.2480045652906981
341,2013-09-18 01:03:43+00:00,-0.38232846769660705
342,2013-10-04 01:03:54+00:00,-0.3026884387312029
343,2013-10-12 01:09:56+00:00,0.1367792101380873
344,2013-10-19 01:16:04+00:00,-0.16935940312575934
345,2013-10-28 01:09:46+00:00,0.1718638766561871
346,2013-11-04 01:15:58+00:00,-0.08344538860049218
347,2013-11-05 01:04:10+00:00,-0.08107589107341275
348,2013-11-13 01:09:46+00:00,0.2380057381766245
349,2013-12-07 01:04:24+00:00,0.05028202482098356
350,2013-12-22 01:15:41+00:00,0.009753391279708767
351,2014-03-04 01:11:00+00:00,-0.4980510997948759
352,2014-03-12 01:14:46+00:00,0.19784519730480152
353,2014-03-29 01:05:00+00:00,-0.1645400491561401
354,2014-04-06 01:08:13+00:00,-0.09470265382696935
355,2014-04-13 01:14:15+00:00,-0.22301013055023744
356,2014-04-14 01:05:06+00:00,-0.41534958526722354
357,2014-04-22 01:07:56+00:00,0.021012472043014613
358,2014-04-29 01:14:00+00:00,-0.6204652459658764
359,2014-05-07 01:11:27+00:00,0.02255100240179106
360,2014-06-01 01:05:26+00:00,-0.5888902728716854
361,2014-06-09 01:07:43+00:00,-0.07059407001263855
362,2014-06-24 01:11:41+00:00,-0.25806981005390545
363,2014-07-02 01:14:00+00:00,-0.37529648687255635
364,2014-07-18 01:14:06+00:00,-0.09943930408260644
365,2014-08-04 01:05:42+00:00,0.035087965032332635
366,2014-08-12 01:08:06+00:00,-0.7183874678293439
367,2014-08-27 01:11:50+00:00,-0.5344205594868542
368,2014-08-28 01:08:07+00:00,-0.461019828333245
369,2014-09-20 01:14:21+00:00,-0.10111041389871478
370,2014-09-21 01:05:46+00:00,-0.21776600784861408
371,2014-09-29 01:08:11+00:00,-0.06478464008035739
372,2014-10-07 01:05:59+00:00,-0.2591187055429136
373,2014-10-15 01:08:17+00:00,0.1051610614430773
374,2014-10-23 01:06:08+00:00,-0.18463570557200615
375,2014-10-30 01:12:22+00:00,0.14261739981434127
376,2014-11-07 01:14:27+00:00,-0.06732737096868498
377,2014-11-23 01:14:24+00:00,-0.028989796227817402
378,2014-12-26 01:06:35+00:00,0.010919717035005883
379,2015-01-03 01:08:05+00:00,0.2341565453856874
380,2015-01-10 01:14:17+00:00,-0.027683645853946507
381,2015-01-18 01:12:47+00:00,0.28746054844628055
382,2015-02-03 01:12:55+00:00,-0.0036538381422414968
383,2015-02-20 01:07:52+00:00,-0.3380703105286961
384,2015-02-28 01:06:54+00:00,0.30333901779312267
385,2015-03-16 01:07:01+00:00,0.27106116432561367
386,2015-04-08 01:13:23+00:00,-0.5271025510558336
387,2015-04-09 01:07:25+00:00,-0.4002441385595706
388,2015-04-25 01:07:22+00:00,-0.06615581362043782
389,2015-05-02 01:13:27+00:00,-0.3395334410532221
390,2015-05-11 01:07:06+00:00,0.002053900249567025
391,2015-05-18 01:13:15+00:00,-0.7025152663357116
392,2015-05-26 01:13:41+00:00,0.042650679776490265
393,2015-06-20 01:07:40+00:00,-0.5573261632062982
394,2015-07-22 01:07:48+00:00,-0.15741891448971365
395,2015-08-06 01:13:51+00:00,-0.07586013050320121
396,2015-08-14 01:14:04+00:00,-0.5883818906781944
397,2015-09-07 01:14:05+00:00,0.038597521653761
398,2015-09-15 01:14:09+00:00,-0.4346178546582511
399,2015-09-16 01:07:59+00:00,-0.3530600269262926
400,2015-09-23 01:14:13+00:00,0.061241609546678524
401,2015-10-10 01:08:09+00:00,-0.14805635870502082
402,2015-10-17 01:14:28+00:00,-0.08801994433021534
403,2015-10-26 01:08:26+00:00,-0.1336863709273729
404,2015-11-03 01:08:10+00:00,0.15921927807617442
405,2015-12-12 01:14:21+00:00,-0.006264262298215103
406,2015-12-13 01:09:11+00:00,-0.02376241171969722
407,2015-12-29 01:09:24+00:00,-0.036393628800126344
408,2016-01-13 01:14:18+00:00,-0.09359044873426875
409,2016-01-14 01:09:40+00:00,-0.046672149301819094
410,2016-01-30 01:09:50+00:00,0.02057516324963618
411,2016-03-09 01:16:16+00:00,-0.3043041043312443
412,2016-03-17 01:14:03+00:00,0.2416039344980155
413,2016-03-25 01:16:22+00:00,-0.5098175841996665
414,2016-03-26 01:07:46+00:00,-0.5040846097861932
415,2016-04-02 01:13:53+00:00,0.1868591872379983
416,2016-04-11 01:07:40+00:00,-0.5408144804169392
417,2016-05-13 01:07:35+00:00,-0.038835147403801944
418,2016-05-28 01:16:42+00:00,-0.1843154787603237
419,2016-05-29 01:07:42+00:00,-0.005512373715033215
420,2016-06-06 01:10:34+00:00,-0.8478695551169579
421,2016-07-07 01:14:07+00:00,-0.6898643467019858
422,2016-07-15 01:16:47+00:00,-0.060668984541375176
423,2016-07-23 01:14:13+00:00,-0.5788550647441429
424,2016-08-08 01:14:15+00:00,-0.23302840634740615
425,2016-08-24 01:14:22+00:00,-0.0463009278321083
426,2016-09-10 01:10:45+00:00,0.06333877316676728
427,2016-10-11 01:14:32+00:00,0.09730877639177829
428,2016-10-19 01:16:58+00:00,-0.14419651008917805
429,2016-10-27 01:14:35+00:00,0.022352607439023894
430,2016-11-12 01:14:33+00:00,0.06528704284175933
431,2016-11-28 01:14:34+00:00,0.029922456297393943
432,2016-11-29 01:10:34+00:00,-0.02226680188173957
433,2016-12-07 01:08:22+00:00,0.24615760043419674
434,2016-12-15 01:10:29+00:00,0.020804477247605528
435,2017-02-01 01:10:03+00:00,-0.11546650692275265
436,2017-03-05 01:10:09+00:00,0.06321898947842107
437,2017-03-12 01:16:23+00:00,-0.20819893271643822
438,2017-03-13 01:07:48+00:00,-0.357309311585131
439,2017-03-20 01:13:54+00:00,0.01606737849069713
440,2017-03-29 01:07:39+00:00,-0.5660153778572519
441,2017-04-05 01:13:47+00:00,0.20795638637470631
442,2017-04-21 01:13:37+00:00,0.14500394349649784
443,2017-04-30 01:07:20+00:00,-0.5790659048505347
444,2017-05-07 01:13:33+00:00,-0.03730475619681676
445,2017-06-09 01:10:38+00:00,-0.6384123237545459
446,2017-06-16 01:16:51+00:00,-0.15361447292141386
447,2017-06-17 01:07:46+00:00,0.0012750650209691133
448,2017-06-24 01:13:59+00:00,-0.8071746275485494
449,2017-07-10 01:14:02+00:00,-0.7217561528749898
450,2017-07-26 01:14:09+00:00,-0.6638495812152142
451,2017-08-27 01:14:19+00:00,-0.15286227027578353
452,2017-09-04 01:16:50+00:00,-0.4004331865342361
453,2017-09-05 01:08:09+00:00,-0.5320895784302622
454,2017-09-13 01:10:38+00:00,0.07946662377302488
455,2017-09-20 01:16:48+00:00,-0.49601298679979045
456,2017-09-21 01:08:13+00:00,-0.5033039320910244
457,2017-09-29 01:10:39+00:00,0.08872147445589842
458,2017-10-06 01:16:50+00:00,-0.4132608776892159
459,2017-10-14 01:14:31+00:00,0.11594656633491937
460,2017-10-15 01:10:41+00:00,0.04566175274996131
461,2017-11-16 01:10:38+00:00,0.032838667823237765
462,2018-03-16 01:07:36+00:00,-0.13373699538277184
463,2018-03-24 01:09:08+00:00,-0.003944557564050154
464,2018-03-31 01:15:13+00:00,-0.33737186168656313
465,2018-04-16 01:14:58+00:00,-0.5406900814947538
466,2018-04-17 01:07:21+00:00,-0.6605074786410783
467,2018-05-26 01:13:06+00:00,-0.10341559548658655
468,2018-06-03 01:14:09+00:00,-0.4627499348569647
469,2018-06-04 01:06:50+00:00,-0.29260765125192006
470,2018-06-28 01:07:31+00:00,-0.6946593048378351
471,2018-08-07 01:07:24+00:00,-0.039067543562386245
472,2018-09-15 01:13:51+00:00,-0.06349030696936912
473,2018-09-23 01:11:58+00:00,-0.37836783446318667
474,2018-10-02 01:05:34+00:00,0.12204123986794002
475,2018-10-17 01:14:05+00:00,0.13298255176415297
476,2018-10-18 01:05:10+00:00,0.11141180374786717
477,2018-10-25 01:11:13+00:00,-0.2645868439741714
478,2018-10-26 01:07:56+00:00,-0.22406687061728092
479,2018-11-02 01:14:09+00:00,0.1666557792617135
480,2018-11-03 01:04:50+00:00,0.0991401155687236
481,2018-11-11 01:07:59+00:00,-0.021163030361248104
482,2018-11-26 01:10:28+00:00,0.041416388399168794
483,2018-12-20 01:14:06+00:00,0.23277739759063684
484,2018-12-28 01:09:35+00:00,0.1508838350188808
485,2019-01-13 01:09:05+00:00,0.16699652427356262
486,2019-01-22 01:02:37+00:00,0.008110131546145259
487,2019-02-22 01:13:57+00:00,-0.3286846180925165
488,2019-02-23 01:01:38+00:00,-0.27684926323945996
489,2019-03-03 01:07:43+00:00,0.17753773768020156
490,2019-03-10 01:13:51+00:00,-0.3599157620799185
491,2019-03-18 01:07:05+00:00,0.22777028953629602
492,2019-03-27 01:00:36+00:00,-0.05164956963888053
493,2019-04-03 01:06:32+00:00,-0.1316872182675853
494,2019-04-04 01:07:35+00:00,-0.27757584249049405
495,2019-04-12 01:00:02+00:00,-0.02549484190278861
496,2019-04-20 01:07:29+00:00,-0.657595872458305
497,2019-04-28 00:59:27+00:00,0.13146146957989335
498,2019-05-05 01:05:22+00:00,-0.6515041494038907
499,2019-05-13 01:13:47+00:00,0.15334885420227415
500,2019-05-14 00:58:50+00:00,0.15480967431285525
501,2019-06-23 01:07:55+00:00,-0.22605759773908102
502,2019-07-09 01:07:59+00:00,0.012161736524722631
503,2019-08-02 00:55:48+00:00,-0.8516530150145134
504,2019-08-18 00:55:09+00:00,-0.5282350256864089
505,2019-08-25 01:01:02+00:00,0.025655870044655384
506,2019-09-03 00:54:28+00:00,-0.2773059570357731
507,2019-09-10 01:00:20+00:00,-0.22871329616207436
508,2019-09-19 00:53:45+00:00,-0.100233375164443
509,2019-09-26 00:59:37+00:00,-0.3299591667002995
510,2019-09-27 01:08:23+00:00,-0.44460538028245034
511,2019-10-21 00:52:24+00:00,0.16382966534636867
512,2019-10-28 00:58:17+00:00,-0.26501595109351933
513,2019-11-13 00:57:34+00:00,-0.12023277514879392
514,2019-11-21 01:14:33+00:00,0.22253061797863002
515,2019-11-22 00:50:57+00:00,0.1558029667977672
516,2019-11-29 00:56:48+00:00,0.025366587388103046
517,2019-11-30 01:08:22+00:00,0.05487321639821891
518,2019-12-15 00:56:00+00:00,0.09241740539889064
519,2019-12-24 00:49:22+00:00,0.21773582390144142
520,2020-01-16 00:54:22+00:00,0.13468412018809936
521,2020-01-17 01:08:13+00:00,0.19247592728115898
522,2020-01-25 00:47:45+00:00,0.018461344197029397
523,2020-02-09 01:14:17+00:00,0.0516144994699797
524,2020-02-10 00:46:56+00:00,-0.08184196093850242
525,2020-02-25 01:14:13+00:00,-0.24825826198488243
526,2020-02-26 00:46:06+00:00,-0.24603125853943553
527,2020-03-12 01:14:07+00:00,-0.4964219624400305
528,2020-03-21 01:07:51+00:00,0.09576542636422912
529,2020-03-28 01:13:58+00:00,-0.46263785670815594
530,2020-04-13 01:13:51+00:00,-0.321343680196893
531,2020-04-14 00:43:26+00:00,-0.004642982607774475
532,2020-04-21 00:49:12+00:00,-0.30998989700020496
533,2020-04-30 00:42:29+00:00,0.010424141752533509
534,2020-05-07 00:48:14+00:00,-0.6727418593601162
535,2020-05-08 01:07:27+00:00,-0.800480114731007
536,2020-05-15 01:13:39+00:00,0.07694658069086936
537,2020-05-31 01:13:43+00:00,0.13214794564787868
538,2020-06-17 00:39:37+00:00,-0.18494918161898002
539,2020-07-10 00:44:25+00:00,-0.23262043644418337
540,2020-09-28 00:39:18+00:00,-0.2780010169875869
541,2020-09-29 01:08:21+00:00,-0.30314598097560785
542,2020-10-06 01:14:33+00:00,-0.11210121506220845
543,2020-10-07 00:32:33+00:00,0.041010321018505734
544,2020-10-30 00:37:14+00:00,-0.23874690972209278
545,2020-10-31 01:08:22+00:00,-0.19034056939688862
546,2020-11-07 01:14:32+00:00,0.16963977873508007
547,2020-11-08 00:30:26+00:00,0.19241748023632488
548,2020-11-15 00:36:08+00:00,-0.10483560935172491
549,2020-11-23 01:14:33+00:00,0.21603904961494094
550,2020-12-09 01:14:35+00:00,0.273616276404512
551,2020-12-18 01:08:23+00:00,0.07923372602184284
552,2020-12-26 00:26:57+00:00,0.20911037135422716
553,2021-01-02 00:32:39+00:00,0.10449971104180322
554,2021-01-18 00:31:31+00:00,0.10782409926132772
555,2021-02-12 00:23:31+00:00,-0.06295956085414602
556,2021-03-07 00:27:56+00:00,0.3363946269634939
557,2021-03-08 01:07:58+00:00,0.3290140582621276
558,2021-03-15 01:14:05+00:00,-0.41899522967091857
559,2021-03-23 00:26:39+00:00,0.24721375662171455
560,2021-04-01 00:19:44+00:00,-0.40520073391146355
561,2021-04-08 00:25:20+00:00,0.08009172610365875
562,2021-04-09 01:07:47+00:00,-0.010443339696350574
563,2021-04-25 01:07:39+00:00,-0.17720265154405143
564,2021-05-11 01:07:35+00:00,-0.5687684381856272
565,2021-05-19 00:15:43+00:00,0.08826106047372838
566,2021-05-26 00:21:18+00:00,-0.8197988997089068
567,2021-06-11 00:19:58+00:00,-0.7241626216603051
568,2021-06-27 00:18:39+00:00,-0.655957977667174
569,2021-07-13 00:17:18+00:00,-0.44876661935827783
570,2021-07-30 01:08:05+00:00,-0.09335566556693936
571,2021-08-06 01:14:19+00:00,-0.45785088709338706
572,2021-08-31 01:08:16+00:00,0.03885697881575097
573,2021-09-07 01:14:29+00:00,-0.6617003190016487
574,2021-09-15 00:11:42+00:00,-0.028481956339789796
575,2021-09-23 01:14:32+00:00,-0.40636486549291895
576,2021-10-02 01:08:25+00:00,-0.09690409258376537
577,2021-10-09 01:14:38+00:00,-0.19648445177127694
578,2021-10-18 01:08:29+00:00,-0.20412074297851443
579,2021-10-25 01:14:40+00:00,0.016329566196058652
580,2021-11-12 01:11:07+00:00,0.17994732889223866
581,2021-11-17 01:13:35+00:00,0.0375152343087739
582,2021-12-04 00:04:20+00:00,0.04795136056460289
583,2021-12-04 01:14:38+00:00,0.14832586038735524
584,2021-12-12 01:14:35+00:00,0.2702305718285429
585,2021-12-12 23:57:18+00:00,0.21890344263998085
586,2021-12-20 00:02:48+00:00,0.07924138710181393
587,2021-12-20 01:14:31+00:00,0.08324107157122258
588,2021-12-28 01:14:30+00:00,0.3024805378410631
589,2021-12-28 23:55:43+00:00,0.2768166590399148
590,2022-01-05 01:14:30+00:00,0.05983146656483924
591,2022-01-06 01:08:18+00:00,0.03369925677976961
592,2022-01-30 01:08:19+00:00,0.37844327290297947
593,2022-02-15 01:08:15+00:00,0.10997228295385185
594,2022-03-18 01:14:08+00:00,-0.27436025055748403
595,2022-04-04 01:08:00+00:00,-0.5953144381741738
596,2022-04-11 01:14:07+00:00,0.16806475325486872
597,2022-04-12 01:07:52+00:00,0.16286095648915544
598,2022-04-19 01:14:03+00:00,-0.7781797389585179
599,2022-04-20 01:07:50+00:00,-0.6712072112018072
600,2022-04-28 01:07:48+00:00,-0.1316121843854919
601,2022-05-05 01:14:04+00:00,-0.5337808604718719
602,2022-06-22 01:14:27+00:00,0.09286252552035375
603,2022-07-25 01:08:01+00:00,-0.3034173935201395
604,2022-08-17 01:14:26+00:00,-0.17313615092675974
605,2022-08-25 01:14:46+00:00,-0.4873270548954692
606,2022-09-02 01:14:28+00:00,-0.04817615956863696
607,2022-09-10 01:14:50+00:00,-0.6462679164751226
608,2022-09-11 01:08:18+00:00,-0.6348095238700553
609,2022-09-27 01:08:24+00:00,-0.4369826913309869
610,2022-10-13 01:08:28+00:00,-0.11909693382587523
611,2022-10-20 01:14:41+00:00,0.03779422608885248
612,2022-11-06 01:08:41+00:00,-0.03092160376468007
613,2022-11-14 01:08:31+00:00,0.14036730381110563
614,2022-11-22 01:08:35+00:00,0.06853800347247671
615,2022-12-08 01:08:36+00:00,0.1145936952383109
616,2023-01-08 01:14:41+00:00,0.06607632465630471
617,2023-03-05 01:14:16+00:00,0.09436234404022956
618,2023-03-21 01:14:07+00:00,-0.19478782744641088
619,2023-03-22 01:08:09+00:00,-0.4169474469263462
620,2023-03-29 01:14:11+00:00,0.04233447504540071
621,2023-03-30 01:07:51+00:00,0.1569971386899679
622,2023-04-23 01:07:53+00:00,-0.7071523631907852
623,2023-05-01 01:07:32+00:00,0.0681139141451922
624,2023-05-25 01:07:31+00:00,-0.29215190563151916
625,2023-06-01 01:13:42+00:00,-0.2135609228555066
626,2023-06-25 01:13:44+00:00,-0.09457269244475791
627,2023-06-26 01:07:22+00:00,0.012765074267455762
628,2023-07-04 01:07:41+00:00,-0.920172766197999
629,2023-07-20 01:07:45+00:00,-0.6570677805960236
630,2023-07-27 01:14:01+00:00,0.04423630731057074
631,2023-07-28 01:07:41+00:00,-0.03309436336183961
632,2023-08-04 01:13:58+00:00,-0.7170174350072952
633,2023-08-12 01:14:06+00:00,-0.21550831280669144
634,2023-08-21 01:08:01+00:00,-0.25905825400207516
635,2023-08-28 01:14:14+00:00,-0.3450050973796445
636,2023-09-13 01:14:16+00:00,-0.4556018420573749
637,2023-09-22 01:08:07+00:00,0.08700772971279866
638,2023-09-29 01:14:21+00:00,-0.48542122759703454
639,2023-10-08 01:08:11+00:00,0.041883143647437324
640,2023-10-16 01:08:17+00:00,-0.2184389977940436
641,2023-10-23 01:14:28+00:00,0.1158250477435229
642,2023-10-31 01:14:27+00:00,-0.024786657307208877
643,2023-11-08 01:14:24+00:00,0.11675179254851459
644,2023-11-16 01:14:26+00:00,0.08917718065870785
645,2023-12-02 01:14:25+00:00,0.12373665645328635
646,2023-12-10 01:14:29+00:00,0.24577951199892265
647,2023-12-19 01:08:23+00:00,0.2093313514268731
648,2024-01-03 01:14:20+00:00,0.17064035287286752
649,2024-01-04 01:08:18+00:00,0.2348843012496302
650,2024-01-19 01:14:20+00:00,0.30805589736345523
651,2024-01-20 01:08:18+00:00,0.4018341652096624
652,2024-01-27 01:14:29+00:00,-0.03395873538865164
653,2024-01-28 01:08:04+00:00,-0.08468607958955177
654,2024-02-05 01:08:22+00:00,0.347023835515844
655,2024-02-21 01:08:10+00:00,0.27618494108263925
656,2024-03-24 01:08:10+00:00,-0.23215750493348225
657,2024-03-31 01:14:14+00:00,-0.3001140528994636
658,2024-04-01 01:07:40+00:00,-0.11595326574863679
659,2024-04-24 01:13:41+00:00,-0.6263162868913307
660,2024-05-02 01:13:50+00:00,0.12019576501335662
661,2024-05-18 01:13:42+00:00,0.06746729048466296
662,2024-06-12 01:07:20+00:00,-0.21454890600860696
663,2024-06-19 01:13:22+00:00,-0.31996616808676326
664,2024-06-28 01:07:07+00:00,-0.04342691577936292
665,2024-07-14 01:07:29+00:00,0.02483341689444123
666,2024-07-21 01:13:41+00:00,-0.8071747465387119
667,2024-08-06 01:13:44+00:00,-0.6879949774253348
668,2024-08-14 01:13:53+00:00,0.003644520502313516
669,2024-08-15 01:07:38+00:00,-0.09775003496902007
670,2024-08-30 01:14:00+00:00,-0.255382134717739
671,2024-09-07 01:13:56+00:00,-0.25582359282831285
672,2024-09-08 01:07:57+00:00,-0.1296490868927786
673,2024-09-16 01:07:53+00:00,-0.480011121428899
674,2024-09-23 01:13:59+00:00,0.015929090676428233
675,2024-09-24 01:07:57+00:00,0.06937399549906038
676,2024-10-01 01:14:03+00:00,-0.33667132889457746
677,2024-10-10 01:08:00+00:00,0.12141867044064203
678,2024-10-17 01:14:18+00:00,-0.2408374246213529
679,2024-10-18 01:08:08+00:00,-0.2024814270583886
680,2024-10-25 01:14:24+00:00,0.12348482317277318
681,2024-10-26 01:08:06+00:00,0.09584401947434032
682,2024-11-03 01:08:08+00:00,-0.0384408050211081
683,2024-11-10 01:14:18+00:00,0.18941198347891416
684,2024-11-18 01:14:17+00:00,0.11268989413670964
685,2024-11-19 01:08:13+00:00,0.11550026941829372
686,2024-11-26 01:14:30+00:00,0.23295676789229927
687,2024-12-12 01:14:20+00:00,0.36201592990101367
688,2024-12-20 01:14:16+00:00,0.09098696387956934
689,2024-12-28 01:14:24+00:00,0.31335717282765346
690,2025-01-05 01:14:17+00:00,0.08425820893402516
691,2025-01-22 01:08:15+00:00,0.21791567334805545
692,2025-02-06 01:14:18+00:00,0.253387520278271
693,2025-02-15 01:08:02+00:00,-0.26655509840643704
694,2025-02-22 01:14:09+00:00,0.23592266515673377
695,2025-02-23 01:08:11+00:00,0.30654264622443655
696,2025-03-02 01:14:17+00:00,-0.47130187684264924
697,2025-03-03 01:07:54+00:00,-0.47812845533224396
698,2025-03-10 01:14:05+00:00,0.2938819854565082
699,2025-03-19 01:07:44+00:00,-0.37780210025353594
700,2025-04-04 01:07:42+00:00,-0.15923912626865375
701,2025-04-28 01:07:47+00:00,-0.7968489119098063
702,2025-05-05 01:13:56+00:00,0.09538186431348866
703,2025-05-13 01:13:38+00:00,-0.7143727028186165
