,dates,chi0136-0000,chi0136-0001,chi0136-0002,chi0136-0003,chi0136-0004,chi0136-0005,chi0136-0006,chi0136-0007,chi0136-0008,chi0136-0009,chi0136-0010,chi0136-0011
0,1986-02-04 14:04:23+00:00,230.9534387154327,,,210.0444101348728,218.41985139991604,222.36031898733347,224.06800569453515,226.25366763556502,235.2113864411935,225.90439584668533,229.7099860359148,242.10557266223833
1,1986-09-16 13:57:58+00:00,,,,207.2907342652339,217.71369905786972,217.89083861524526,220.7886185505267,225.30842584513766,224.58678834329305,216.52603147710616,225.03611194890595,227.086673871777
2,1987-12-08 14:05:53+00:00,221.35757043514863,211.18033974039056,209.60138281882752,207.01843598162407,217.45690730500607,214.1842520333862,225.9039413327565,223.15236555649466,224.24775237838264,216.15978743948017,228.33209668316928,226.06507754371262
3,1988-01-25 14:06:43+00:00,230.036625121903,217.63198001213672,222.1614573368628,216.86707550906394,226.6376287648155,226.95434143913235,233.76213902067613,227.0745749254244,245.48674588615776,235.17176456861537,235.9914673833429,249.6438814727732
4,1988-02-26 14:07:12+00:00,229.2435227380721,218.3916764963514,220.45888932170678,213.0505353164869,228.06799773394945,232.67683518888091,235.58307278292506,233.57919185352938,240.4795035183976,239.72194520587394,241.30749281101959,245.07405617423558
5,1988-06-17 14:08:03+00:00,216.17185418215928,,195.2027350857104,,,210.03960731310548,218.04000535729207,,,,,
6,1988-08-20 14:08:12+00:00,218.17573257639046,209.6871973752644,204.07325481974567,196.8805811733399,205.72654318489435,213.84241767677506,216.68595108650217,213.87735484213036,213.58540385648993,202.79153874904787,202.7459820716479,197.29458156570035
7,1988-09-21 14:08:10+00:00,227.76359461046644,211.82116378467381,210.84685056956314,202.06016406418323,,212.352972987405,218.57837252176594,215.4657707278837,223.88650902755293,210.77460295683548,215.20027460863548,
8,1988-11-08 14:08:03+00:00,238.5907015966529,226.01412697894636,218.9400156298091,209.69868184791775,222.04356882832425,222.6944698751768,233.14156879232874,229.7388140679941,232.03160633850706,221.17999770643672,225.33489277549205,231.40977038352963
9,1988-11-24 14:08:03+00:00,226.35395809290415,223.3760630889233,218.70006421700447,215.1968176810896,222.26138727755915,221.67559633129326,230.71408726890422,224.5184635043555,229.04091904995536,216.05048086885523,224.13118883140433,230.45583612474593
10,1989-02-28 14:07:14+00:00,219.52267649155564,210.32594337763223,202.78723725409523,203.50991620530925,212.77298801109106,216.32255650443568,227.46433720837965,223.43639976193163,226.3701493027031,214.52132832419284,221.99293330929189,226.43856434007418
11,1989-05-03 14:06:13+00:00,229.6721188276668,219.1104384799663,212.30384731240778,204.99814970826975,212.3520417578196,214.24595578403398,219.24001501767373,216.68307483370563,221.49891249956872,219.4476556773237,222.95708116243992,231.7403969135771
12,1989-09-24 14:03:11+00:00,224.01723728003682,216.56218366027014,208.52830819522433,209.3021128823399,218.32474089789574,217.30513255582903,226.84080690709854,226.6400856328518,230.07792662302106,215.52631307543734,224.0210578812982,232.16304779299358
13,1990-04-20 13:57:41+00:00,237.3791213139719,217.4353747729498,213.92730918292622,217.77124920677736,227.40738433848566,229.09592804646758,232.96513599616273,240.65510693308596,230.88547669776668,201.78027115610598,,
14,1990-05-06 13:57:37+00:00,220.91265978942167,223.00313735729554,210.03401973761882,202.21994509065132,208.26185914930855,213.3413896824263,221.23113057711055,214.39793760492876,227.34910642931564,203.7924252882451,220.52761625834768,224.43773186821866
15,1990-12-16 13:56:53+00:00,226.64607052676678,221.18451873320248,218.1070084554101,211.1682044041747,220.71150920350811,224.13521787495495,232.4994871585374,229.44282566612114,233.40165454665214,212.44921498352917,233.9024355814314,234.29455600919817
16,1991-02-02 13:58:00+00:00,226.6500519303745,220.23919513396459,214.19058695387582,213.76981752594128,224.6174652143484,226.74200914840102,232.30228635019918,230.2249510430392,232.6992152697483,232.2577256414825,236.2639428882877,241.02431369890562
17,1991-03-22 13:59:00+00:00,235.23163069888437,219.39153359932317,224.13365535862,211.3386188213982,225.06632943365477,221.78423712648768,230.90605709984482,227.1785605337399,231.81518440863937,240.57932007042757,241.4089220789549,248.70687727578397
18,1991-05-25 14:00:04+00:00,213.38180424623317,203.53817526503033,,,,217.44046564213974,217.56118100215772,222.60838785978402,,,,
19,1991-07-12 14:00:40+00:00,230.58571827959514,,,,,,,,,,,
20,1991-09-30 14:01:25+00:00,233.29852623051414,223.8874528414151,223.51909861426924,221.79578654911202,233.69560972960699,239.98648961504776,242.67892096406973,225.86153873502485,232.40072181534066,214.87196407601,223.34468595637344,221.32236094683597
21,1991-12-03 14:01:54+00:00,235.9188308582035,230.0879515381064,226.3838796953123,231.1840505339283,239.94527869552846,244.18840364529282,247.26805424511974,239.83708192951104,241.05242765982203,229.0299886129977,229.16744437862994,233.4345564717408
22,1992-01-20 14:01:43+00:00,232.41547259781387,225.985688474956,223.001121326979,220.8684192891616,229.49324053953097,239.8037979936333,244.30432084139602,238.36832682754118,244.3893719645693,234.72150036836445,234.0217090442533,236.52586832415324
23,1992-02-05 14:01:40+00:00,229.67050992158022,230.87207587938258,232.88707665178856,233.40402507459052,235.692368303216,240.02756983717214,240.6754984950066,231.60591726861514,238.26667368502507,231.39827513476652,231.64833492138098,230.21897177834745
24,1992-06-28 14:00:40+00:00,230.14146081285156,222.39029111023703,221.4204192766572,214.10164718289195,216.0268759559923,228.44327432177923,227.49262172162804,,,,,
25,1992-12-05 13:58:39+00:00,224.97443389932616,219.02992558340569,212.43770268545666,219.8321585667975,227.76629296353744,227.94129791862835,230.0378505826337,224.40181121618255,229.0994184054953,218.27703271238775,225.3375692934218,229.63347879900135
26,1993-01-06 13:58:59+00:00,236.4430239985347,225.7381159009007,219.4534310575583,219.51368227792435,229.6920210629582,230.33660749529997,233.08225734921803,233.09754694272672,247.00257079000323,229.15945472836728,230.55127681203635,226.95278534883045
27,1993-01-22 13:59:11+00:00,236.20068243797454,227.45811868706195,227.1720633137813,228.10264017480563,233.4075222320494,236.91667482177218,243.07631361457965,239.89951584605953,245.190765783104,224.99442805906978,231.68027023450082,237.27926699488282
28,1993-03-27 13:59:37+00:00,229.90498697445415,225.03926969235513,213.02716662060544,221.95150495062478,228.42883567198888,237.80579053405015,235.92184296419228,233.16254320927135,234.88010103903827,217.08246605976015,222.91989591402628,225.09754791169846
29,1993-05-30 14:00:00+00:00,220.96899549450595,220.01576747524774,212.7788355305558,217.47670480686398,221.02244282011944,225.1046774251628,227.17749032045234,,,,,
30,1993-07-17 13:59:51+00:00,217.5616502650142,217.0862488516682,,,,221.4970466890346,230.4413430949201,,,,,
31,1994-01-25 13:58:43+00:00,228.72092898472593,221.25425299554578,218.35322545150723,224.6129069843506,232.4019671801171,231.7040243508071,232.49485762139386,229.9853717276982,233.61523139610134,236.26378378801792,238.59153173586654,244.91818788780995
32,1994-02-26 13:58:19+00:00,230.3564304913742,228.38521997108626,224.31585440253207,223.4114176695576,228.61033949314782,231.7500060465053,236.4116888542394,234.21856587744753,241.67945447487378,227.3669189490056,237.73601349078157,253.4300201054626
33,1994-07-20 13:55:27+00:00,208.09930400678167,,,,,,,,,,,
34,1995-05-04 13:45:34+00:00,220.78930242929727,217.61730201422614,207.15053625836487,199.58390950039524,209.27623930376072,216.2276971519293,224.6055934856534,216.7915928240561,,,,
35,1995-10-11 13:38:02+00:00,225.80406164823935,220.6626107947644,213.68402999364602,213.024243605614,221.18354101261846,219.80916530481562,228.91984624950018,227.12235821945197,237.04027807521572,220.67484099927685,233.77282858105187,228.60780944812828
36,1996-01-15 13:40:45+00:00,233.55170879640656,223.5536456722815,220.57489285466346,219.6390323779098,222.7254725739272,223.27284000300997,226.67053409941838,228.05867619238853,234.57331252844241,222.3837336470975,231.3974247886213,231.43308789583668
37,1996-01-31 13:41:53+00:00,227.23188791320482,214.8408720508981,224.68891894591283,222.75142491186025,234.20262212344267,236.23941048390336,240.77901992831846,238.63549535559883,248.462312977412,228.11611159311104,234.5855011351407,249.7176164316339
38,1996-02-16 13:42:59+00:00,214.52029758200138,215.02860807497288,220.014144814343,212.0568274120715,220.16768955184966,220.71841149156222,228.17353380961686,220.50925615085572,235.5511034451577,230.3750740352954,232.9648846726309,235.69961623576253
39,1996-03-03 13:44:03+00:00,233.75102846226625,222.58763571329104,220.69559235827325,215.94355353709304,224.617888436201,232.1604247693063,238.76249061205164,234.8863724245647,237.46611771375035,227.43026850786032,233.92491472801575,235.44915345320362
40,1996-03-19 13:45:05+00:00,235.9669455332733,230.29356248423585,219.212557212531,220.50013401982093,226.97978708163004,224.48072228175778,235.72306018191543,226.2162896426429,235.6331119368222,218.96898977397333,230.36135103566252,237.1832589285973
41,1996-04-20 13:47:05+00:00,225.09828180158328,223.85337507709838,211.59356243370294,209.84408573783287,219.54000564685063,218.04178862437684,229.80269162258523,219.72513049956774,228.127443654133,,,
42,1996-10-13 13:56:40+00:00,233.746602878958,225.10790471974946,214.39069865217024,214.1315379742099,222.71298988754955,219.31927759938884,230.40995207457448,234.45982191063018,241.45331864497024,226.696666627539,233.5952469968348,239.36100647645696
43,1996-12-16 13:59:44+00:00,234.10288772663054,237.04286839709223,226.96575268329892,225.05083623832238,227.94376880027932,235.64040710917533,242.2163808108408,237.23240198078616,240.51781637926237,230.961197757194,234.0413800380485,247.47202055822157
44,1997-01-01 14:00:30+00:00,238.3268834933838,226.48279793629368,210.9678597439366,220.14168045272504,226.35398407995936,231.66402243732,237.3196847325617,232.94178526911153,240.39478189329196,229.38210293560886,233.85017351210297,251.75608574410126
45,1997-02-02 14:01:58+00:00,233.5631824714615,222.26939074399488,221.9800045933911,215.9028417532911,229.9899232200006,228.33543932127614,230.51716732348078,237.24696620185995,246.2644693576624,237.10244619498053,238.00753009984606,234.40087989089648
46,1997-05-25 14:06:11+00:00,236.86445751666727,238.8795665777653,214.50252003032125,213.7280722208668,,224.9623981597246,233.72337316407285,224.4187853566821,237.4606693088544,222.57218762622279,234.86032278005007,231.2874643723597
47,1997-06-10 14:06:44+00:00,217.6834518919748,227.6906852532085,210.85407540560678,214.23698504152932,219.51177307909785,224.14746125283713,231.0310264332065,229.18119582543065,,,,
48,1997-09-30 14:10:18+00:00,225.5328017009275,221.13248769749995,222.89730657006194,222.55022601052383,225.28531077716818,222.0225885298269,229.59972937109248,223.55565327736454,226.72090129103682,209.56812314786103,227.16453732316083,236.0183544001807
49,1997-10-16 14:10:43+00:00,223.99676801836856,226.57554036090622,216.69443765681154,217.76724788630312,213.31663830733427,226.24464542001374,233.7603376236684,231.1209205238996,233.9639059376222,223.2302662134515,220.52877467149625,229.8788762804836
50,1997-11-17 14:11:32+00:00,233.599600307947,223.92085661587979,218.18146308639442,216.29825543817648,224.29266867089856,222.164998919575,231.28451134721487,230.06865760797348,234.1000824021382,230.3657586641293,239.66826166100438,238.41129603420606
51,1998-02-21 14:13:42+00:00,221.4985657279034,221.02497085587225,220.03456540730625,210.578997470832,218.59200203018236,224.20120028597088,227.6720256601482,223.92598549670006,227.94620320348196,213.10133559496273,219.62640546262622,223.38633605971503
52,1998-03-25 14:14:11+00:00,,,,,,220.80858151387972,228.82879574706698,227.63826117908758,236.19153622371476,224.59690320953908,227.90319647736172,232.5022355086925
53,1998-04-10 14:14:23+00:00,241.060918081857,222.96316764967756,227.45345280562847,225.35228721728672,236.63324630058403,236.82397370919057,240.07017293923352,241.56071345268987,248.28248483693744,235.2556504414806,240.58577430230878,250.7072858497243
54,1998-06-29 14:15:30+00:00,216.77239188306172,213.35908879600836,207.43210145859345,204.91123902135803,211.84473412107127,212.74866094219863,219.08628002013023,208.47345086735305,,,,
55,1998-07-31 14:15:48+00:00,222.5207388436153,214.88422391743893,204.76817856440522,210.18394912895457,209.07677840324246,217.10956836784928,224.11863426513113,227.3165218512899,229.54803838371268,212.50631925271156,224.6322758795781,221.92339330099628
56,1998-09-01 14:16:07+00:00,229.97537223071555,220.21390693786333,218.43158455774864,219.6228969009626,224.41191698984008,226.98680063493342,235.10324871785323,228.98508588402595,234.38442016858698,229.68049156352626,234.11606066237883,239.05462192653658
57,1998-09-17 14:16:14+00:00,242.2436349426552,235.10573084374823,232.4474227984564,220.93523295928796,228.18510917094127,236.23224972020125,243.22718777642459,239.7219856273387,244.9193884030822,232.01758463828804,239.00734857530665,244.47077597376378
58,1999-01-07 14:16:30+00:00,225.51589041086874,223.1543662922747,219.19111969250346,224.0047107838562,233.1177132614415,233.3460588946341,239.9686732292112,237.30174353111022,242.3772551287433,232.4831738049558,238.64579989957954,240.93377220991707
59,1999-01-23 14:16:29+00:00,220.96304656242938,221.23423494334838,216.1557222679386,210.514859836136,214.53865731532696,223.10816228849794,224.637122311615,227.5781752129946,224.80429105949625,225.99917446909038,224.79191367654244,225.79304137705435
60,1999-02-24 14:16:41+00:00,233.62611671640136,223.3763766508411,222.28819159432132,219.63942432078863,226.51727747409905,227.638633300669,232.84695714762964,227.730476165654,238.4657114112418,234.85586499875978,246.2040892162757,252.73042384912472
61,1999-04-29 14:16:09+00:00,236.94873089041297,226.73520097459618,222.93371244561348,219.51542375735204,220.35512577482814,228.98443604650095,232.69225109196765,231.61093217317475,239.26288603169397,227.08008975686283,228.53508251682024,236.30517812385355
62,1999-07-18 14:15:11+00:00,225.13339380412373,216.07709000388346,211.636682776049,208.44353913739477,221.02720492081457,215.54680241195177,214.150051079767,226.95544851067874,228.44096646487293,,,
63,1999-11-15 14:30:20+00:00,232.65083999463545,218.1167305096279,212.21455669559978,218.0108994693774,234.62385223297323,226.9158137233474,237.34918814362706,229.0509975441076,234.8899904404263,227.30865532445844,240.61327075885302,238.09641226697912
64,1999-12-01 14:30:15+00:00,247.28403798420757,235.6085277661933,232.2221016744207,232.5365176113102,238.01777347510273,236.1390896781494,240.58462563354206,238.81735602693985,244.6481244753285,235.97025160450048,241.03756937691546,244.4054312629354
65,1999-12-09 14:12:34+00:00,233.987726426018,222.15917976480804,215.34821824023305,217.1148859554337,225.11149295079582,227.47129494047826,232.29540432625538,229.92463111984276,235.4329993374748,224.48000557685515,232.13797726021514,235.350932107755
66,2000-01-18 14:30:13+00:00,244.43938763104023,235.99877084675367,230.4073447788647,230.95968807804994,236.42799948366505,237.7006167396619,245.0707416445794,241.78008704266406,248.54198093564858,236.77128628209985,245.84159890890467,244.2770814824381
67,2000-02-03 14:30:14+00:00,222.10400384588343,219.17232882274197,221.6570022324659,222.65566602809906,230.82526790815461,231.13081506934563,238.76321889552852,235.25163688077657,244.3797940383127,235.04467127237191,240.70408534436248,243.87329055132517
68,2000-02-11 14:11:30+00:00,229.71356004268748,220.29395292324946,221.31645666435907,218.93154685184575,226.08954995567126,226.51308891580334,232.12803363576472,230.99133952442352,238.1162386872532,234.70794316780166,233.0148256290588,241.4682331356896
69,2000-02-19 14:30:07+00:00,233.18623656085236,230.36194252384632,227.31865339629735,223.4070755567356,229.44100135940934,227.96645062956458,234.28255447680573,226.20456971617475,236.76565416650715,227.65327301455554,235.9811438699918,242.823038114952
70,2000-03-14 14:11:10+00:00,231.45080581945464,222.88487077556115,220.44468232074993,217.08473818561257,225.40482127644762,221.6942431801906,230.97759248171462,233.79475401734487,230.6869457671754,223.5648369305242,233.5758890557366,230.86550139243482
71,2000-03-30 14:11:50+00:00,221.90092396559905,210.4015536636982,213.0643918435467,210.22519420143504,219.2944169718864,221.27173445679716,231.71609086122604,223.1900976790504,227.12737687119272,214.10425273393136,223.11381301686268,223.12374812622375
72,2000-04-07 14:29:52+00:00,229.0158349578289,225.40931899011085,224.62255624789844,222.83330347108463,230.24854644093037,227.81244943626479,232.27698898918214,229.063665045086,236.43451894225723,232.0497817750324,242.11959104336887,239.4059235469746
73,2000-05-25 14:29:25+00:00,235.18360050526493,228.85521740851343,225.22133822906522,224.8029528650751,223.1986302528222,226.19578400564495,232.44411600129084,231.66717288635854,236.82252953298507,230.93858099673773,239.45197643002382,235.2977097497964
74,2000-06-02 14:13:32+00:00,211.5074538097491,211.596079273376,193.61484490214121,209.3597479740392,,204.03871213826136,,216.05221832681167,,,,
75,2000-06-18 14:13:53+00:00,223.04712493520324,219.26047172463856,213.10491051014083,206.55645771621326,223.4879354749037,220.68184051571697,229.35749232909131,229.0755714545856,,,,
76,2000-07-12 14:28:56+00:00,223.1462432286643,221.06670570988186,215.58402118643477,210.6920873824342,221.18107731026674,220.89381538321433,223.143196576799,229.57229243526587,232.89929549972243,227.0214056777248,232.04541308558768,235.36534545542744
77,2000-09-14 14:28:03+00:00,235.82428015703806,226.42012536382254,219.35076403171016,218.27448796135218,225.8232494964122,224.82989713601427,236.45256855473028,230.99935202475103,235.60059883453889,222.53186172740521,231.91975142529364,233.20609403772795
78,2000-11-09 14:16:18+00:00,236.35102881294438,219.0790659022842,219.08926283115545,216.1734116240668,227.17021264548495,226.7813121756835,234.8203957404914,233.68920886464568,241.08541018308645,227.88176415399445,234.3941131281235,235.92361584575582
79,2000-11-25 14:16:39+00:00,240.2802037027985,228.34035901913393,226.17519085163462,219.46488953008517,227.59563999691738,225.07063277118206,237.35058171529892,233.49618123461423,241.7836132349562,228.46517911203827,237.04830474015938,246.48126011812843
80,2000-12-11 14:16:47+00:00,227.3911097248425,219.68897672202158,221.9723367844624,219.44369813811014,225.74323303668814,222.56171792104934,236.9265094637218,232.5372148777023,232.90139702248214,224.81383888976148,232.27761098066148,232.6266463522518
81,2000-12-19 14:27:52+00:00,235.89560814643903,232.38098535678026,227.72087023823016,227.04858026735783,235.2274418663845,232.25248106622323,238.1474609593424,238.92341484069533,243.03037417224016,237.65608916250838,238.82894006825032,251.0514735607356
82,2001-01-12 14:17:17+00:00,210.17607950521904,205.4703063846225,196.86793087590405,,,,,,,,228.57710154547604,238.04622799156732
83,2001-01-28 14:17:24+00:00,227.41869497164342,218.95595490961415,217.56738521138766,214.16874427492908,224.61860899210964,224.23292619313696,235.3782240164798,230.0900640496739,232.17039406404774,234.5752684074668,233.1594957115691,230.47635565228126
84,2001-02-13 14:17:28+00:00,237.19640571485044,226.11270537366678,228.80670480383068,228.20794057134572,233.2479469258303,233.50297962975444,244.90670994152373,236.2202670454308,247.69996873396698,235.93480279358107,245.59239813055078,242.5566887387848
85,2001-02-21 14:27:51+00:00,238.35513520594137,229.08158019913265,218.85505807842776,221.78249263763175,231.336940804628,228.54092841047708,239.44210573047914,231.9520900111763,241.37956382465788,233.08119537500048,238.17066797042153,240.5108068665236
86,2001-04-10 14:27:33+00:00,239.23852775254375,235.34074674468638,227.8275202982778,227.1769765721527,232.57960851553221,233.4194382511371,244.1619912727326,237.47824186400558,248.47611012214006,241.01371730452155,243.8798724564751,245.95888658102885
87,2001-04-18 14:17:26+00:00,221.45605610239977,214.6258783048403,215.4916748829835,211.36222197429427,221.3237100750017,222.71711697290877,236.45120791040472,225.39946901660446,231.94045377251854,219.77991038307908,227.0616667358019,223.1393582355783
88,2001-04-26 14:27:32+00:00,235.5096421637334,228.67178943371343,,,229.86933009116808,226.51644165426026,239.76006113550588,233.8936138590938,,,,
89,2001-05-12 14:27:23+00:00,219.87200623606307,220.06053858405542,212.53477408400633,214.75935210175595,214.21109109234902,224.026584940099,233.13851040659046,225.35567613489656,233.67613361436145,220.46132042084272,232.67050971926355,233.2004139234048
90,2001-06-05 14:17:49+00:00,224.5881826342296,218.56067852561048,209.68392100128955,205.99634746565476,208.28715883061182,215.30957276661607,226.44026198030474,225.05147372642077,233.08678316715603,,222.02708449680253,
91,2001-07-15 14:26:48+00:00,,,203.5533483875785,201.60429789690258,209.9466954481027,215.25595088386538,220.78302035039044,214.88422250578986,221.50187547847662,213.97762826784876,,
92,2001-07-31 14:26:36+00:00,223.72826696992922,221.87763992280622,218.82084289187242,215.10574541973713,225.9211466694449,228.1006204706932,235.23549848809387,228.91060561089523,233.40339863143154,221.3223326961679,232.97529204027182,234.31692157141688
93,2001-12-30 14:16:40+00:00,238.61100549002592,227.3003045250051,226.19189215594605,220.40789699879235,231.27919141031992,230.5580649316394,238.619127722742,238.39775131288098,243.28421756277487,230.28313912053068,236.91388260153354,246.89095830799755
94,2002-01-23 14:26:19+00:00,238.6163533029082,230.82737861205362,228.51717874629557,222.93689066111514,229.73089986185929,235.27728354041025,239.65493886186607,238.09009834069488,246.27570922631787,239.72885514709472,245.42060600845087,245.46847326813753
95,2002-01-31 14:16:19+00:00,225.5038164085357,218.4180595834001,212.04840203798292,208.7071613176816,214.76757966558657,215.0665252764759,224.58633564432995,222.57846065000535,231.09580735093718,217.8428102594713,233.33354494695135,237.86175504364303
96,2002-02-16 14:15:57+00:00,225.64251847915492,212.6263205025671,216.11084909057539,212.40770312402879,224.79884395226827,223.00839435828786,230.1108495169063,228.6479411386972,237.63434593055376,221.45998680601923,232.09935109609194,237.68758207373526
97,2002-03-04 14:15:39+00:00,229.79219283329869,227.05357369935368,222.50395934005135,215.89226273980012,229.64798913615118,225.9396280069977,233.67919788524588,229.9675355440822,236.01473838491424,238.17229703670344,237.16624903768113,256.5050517302979
98,2002-04-13 14:26:16+00:00,246.46216396074826,243.29425408674211,227.33339801878947,229.20794515308293,243.06215739314507,240.98118596054175,253.97559819038324,245.49702735739498,254.13857798906318,236.8471304309998,243.56178130383117,240.5748312305118
99,2002-04-29 14:26:17+00:00,231.04348157958486,229.53724013728697,226.47605536934728,223.42135406774855,229.43548610426234,229.73165562359847,238.43563275795123,233.79257000184774,239.9998263329085,223.2663945797591,232.6827148795864,231.74089354617323
100,2002-05-15 14:26:10+00:00,222.43216291919,221.44164502118332,215.38594870113138,214.83116265867153,220.61537180823154,219.02551728866092,223.58684260401358,221.13066591726795,226.71833202761772,220.86763195559706,231.16744180951326,228.00758011744557
101,2002-08-19 14:25:35+00:00,229.55408564956215,221.20427892758192,218.92998870355913,217.01080756677837,220.47413101098024,221.75521745229673,229.29941696949024,230.30916007220938,229.65180840019485,229.36176349059963,238.24535937308534,236.37996949479518
102,2002-12-09 14:25:42+00:00,233.96133139565404,229.5362148805866,229.52088070287274,228.2479396275505,234.0666118925273,236.203650019288,243.00096936021396,239.0675392563204,245.69623035861244,237.2879546150258,241.9595098990937,239.56962493686345
103,2003-02-11 14:26:08+00:00,237.86757032637212,222.3700896241825,226.20333008008353,225.9437449641862,235.51953079433935,236.34387403483882,243.8800988905269,240.34169404542013,246.76665680624757,240.56700281601167,241.0899246958011,248.6964572320378
104,2003-03-31 14:26:10+00:00,228.5835840324899,218.54370906845824,220.37048520794835,217.51934612127772,226.93270324979565,231.80154680454365,237.80203962208157,237.6240816739655,243.9532810790943,238.9965168193257,243.65202525431238,253.84524689083932
105,2003-09-15 14:14:57+00:00,242.27438041435002,233.64083896677113,218.882275332487,215.32920858139983,226.35469017613218,233.3682196246841,238.5522112201104,234.12558340022784,245.55350560819429,237.2882313959096,239.3441369979981,241.0816292417423
106,2003-10-01 14:15:10+00:00,236.2417517266381,229.81466401583629,227.04742959474638,222.97789153695953,233.43798023451885,230.14310992623575,236.14583166645866,230.16105332665347,242.22273758147784,228.38746793238806,234.13527472247168,232.08427846697805
107,2003-12-20 14:16:06+00:00,224.48976480519323,219.18761267660446,215.868207864252,212.04237490925988,227.15487893333858,229.084275128794,239.2251958941077,235.93256941105957,237.97206218361484,211.35855271541547,236.1455020415205,236.71487808135925
108,2003-12-28 14:26:21+00:00,227.6262601512894,,,,223.83961606348873,226.26391440921185,233.95958711037295,231.6723238718335,242.78337070082839,231.99868834041393,237.7367301921728,237.2946726427488
109,2004-01-29 14:26:31+00:00,,,216.49187262313453,211.8018620227827,221.81783922730335,223.8099783588478,231.43660710929348,230.46353638782628,233.2529914354763,226.62877020729934,,
110,2004-02-22 14:16:25+00:00,225.95318690028844,221.1460507249778,218.16723185224436,209.78377591018545,225.72326727173225,223.9736270238073,233.67253563799463,232.64571953753395,235.85175281754204,230.69225005901436,228.50692645215344,236.0729042568633
111,2004-03-01 14:26:36+00:00,,,230.9438282752784,226.37276562685528,231.55373427373476,232.96028647649118,240.58630522388663,234.43899159041064,241.70026763992618,246.5819600743675,,
112,2004-04-10 14:17:00+00:00,237.43658231138093,233.5994780295043,220.07858901498977,215.61918533724432,223.62617780050962,224.30480803130672,233.01188432879977,228.61208680419352,235.67365036696256,229.82799299556072,231.72019710335908,237.61396196573287
113,2004-04-26 14:17:27+00:00,230.55122466138062,221.2410240721659,211.72292792791464,213.64365626866896,218.05001455491376,217.24976320459362,231.0816914096007,222.42132981775885,234.3426441716752,215.29420374038241,232.91582792240982,231.5942239003099
114,2004-05-12 14:17:55+00:00,228.8321933993907,213.3724720676692,210.96922022907208,211.61306838510802,217.69354097445813,219.32453205222862,237.7335787319238,232.44304459746533,239.4740985959092,225.62718612886857,230.42636068434825,229.4252873876056
115,2004-05-20 14:26:38+00:00,,,,220.89781375863646,227.15504701910348,225.3045979705413,233.1107817031476,235.59882372548748,240.24519734084586,230.60612493803393,242.5802230196666,
116,2004-07-23 14:26:22+00:00,226.2071550494324,223.38711745567682,215.75968656560318,211.390675653009,217.87514915014245,221.46755147032715,,,,200.03843332747292,226.45822879653542,225.81862654864022
117,2004-10-27 14:26:15+00:00,216.65060197542977,214.04125763666252,217.05281305850943,,,,231.68392621475755,227.714261588238,234.50318283382856,217.3326120016184,231.88995475853503,228.79189146658192
118,2004-12-14 14:26:39+00:00,,233.323236368771,221.19136781403986,216.5651719725154,229.00311290358567,225.86108239083904,234.8034146688644,232.74366700916656,239.8656337697535,,,
119,2004-12-30 14:26:48+00:00,239.90140162906857,,,,237.91282750462273,235.8327405503971,243.18496284080172,238.7898445807014,252.14216552179948,254.5927802183835,251.85812188326173,260.2387827647845
120,2005-01-07 14:23:28+00:00,218.56292048563503,206.57508556605706,219.5209906240622,216.6973017794472,224.2131881843855,229.3766162892316,241.4205793716814,235.72127081553106,236.26261615910897,235.22911793259766,237.01652248583414,239.8110992720475
121,2005-01-23 14:23:41+00:00,249.41921545584654,238.6667046944658,224.89029848035537,220.0346348374374,225.06117734493088,221.17209915045578,242.3335612356727,243.90340484445068,246.96718302776185,250.60401224594725,253.43235883795754,254.8033724729974
122,2005-02-08 14:23:54+00:00,216.73548045934191,214.94211457973222,209.77875966129028,201.87787128960858,234.8200233059043,237.98610150734746,243.50601007239726,242.36300102697993,251.28297148491023,240.60185625052912,230.08061033399784,236.45215530534816
123,2005-02-24 14:24:10+00:00,234.44916005838957,228.50659396896356,223.46573773022874,220.38567906569597,226.19873385152144,224.86576398109452,232.93420827975586,229.42049009085102,239.21524008504065,234.75033570738353,244.77232205909456,254.4710190896388
124,2005-03-04 14:27:08+00:00,243.06978025883635,235.00884659733316,230.38302398285228,,,,,240.192486413734,246.12577518459793,256.28645251480634,262.24819790624144,267.8894133096782
125,2005-03-12 14:24:23+00:00,224.0765765366917,227.8980671203666,226.90539909972463,220.53822509855104,230.74050556622285,228.74217398022466,237.28641969545183,234.68554365449123,235.80916594326925,235.73955577826317,235.73507418697238,238.25779495192924
126,2005-03-20 14:27:09+00:00,,,226.6074740001474,214.06390349034766,226.15016203212323,225.07288319624234,236.60733597826737,228.86315576273455,239.9095001156985,232.70030990969073,,
127,2005-04-13 14:24:34+00:00,233.53452725272632,233.68703433863772,224.08748843618625,214.46659560939787,,217.68412260384494,232.02137638823265,225.3279927896737,233.28236923300207,228.01749859021677,236.57404500897044,233.67833861443984
128,2005-06-16 14:25:01+00:00,233.88745034827488,226.95841991810633,213.1346128204832,212.53575313120132,224.52782114125478,221.82594984223604,227.3669837980627,223.66029321457336,225.5695986503556,217.8412474803609,226.49175443034784,224.11595589216108
129,2005-07-18 14:25:14+00:00,227.94731203499174,219.68160644843206,205.21140965835215,,,195.87939061879982,,,,,213.8587440078093,222.9466323368838
130,2005-12-17 14:27:04+00:00,239.2966831451419,230.13212112166363,223.35522835784005,221.638725567162,,,,234.50093465990278,245.16749387613152,238.3157650123791,241.35755239592936,255.22871127384508
131,2006-01-02 14:27:13+00:00,,234.28822650766725,228.8858522877385,222.2921568329765,227.73966873512907,227.13695772671588,238.48247897794812,235.43627910576424,239.77926126958675,,,
132,2006-01-26 14:27:32+00:00,236.61109258511445,232.13920835570067,227.46758973314013,219.44285465483256,224.81621284520253,219.89798587950074,227.0414754591169,223.88427007076314,230.62308451967522,224.85109041603317,230.64467200767552,251.70772046355114
133,2006-02-27 14:28:15+00:00,229.56578994139926,228.25894950110074,229.74657137940633,224.75545635366421,232.09958714585662,230.84118449540722,238.27888850160204,231.7598954797586,235.97878955908854,229.51102200728965,236.03397793664212,238.61913035336363
134,2006-03-31 14:28:53+00:00,220.29911859633538,218.37455750972106,217.0378059660731,209.3756422496812,217.38718156227583,215.81987535141332,228.71586580737772,226.17865121664562,233.040691780869,217.08792002190523,231.0385412849103,233.3856157854245
135,2006-04-24 14:27:28+00:00,229.40305745331295,224.4022012745527,214.4233927026626,215.74669309802758,225.97362759380957,230.44012907836665,237.27814930561354,233.4244459574328,,,,
136,2006-05-02 14:29:24+00:00,223.35942345722938,221.7743346351066,210.04065980770216,203.70204905646222,216.26467687650964,220.29858670486084,227.21981319278305,220.1371127334275,224.48734412884698,215.01358269817584,222.58959565367624,221.86241441568393
137,2006-05-10 14:27:31+00:00,237.3570715285804,,,,223.29861510197253,225.54628412560643,237.46618752094122,230.76857105780957,241.0841329137266,217.79310600305936,230.9440257873543,234.26071133764185
138,2006-05-18 14:29:36+00:00,214.70339827799583,214.36159142412603,213.2578601394774,211.4414253433177,214.75684314272175,217.5548223464736,227.37068334087752,222.64586586122846,225.3188665706954,216.39815042965517,227.35423386821628,225.69855560709397
139,2006-06-03 14:29:51+00:00,207.79247235656285,209.99353220232902,,,,202.61943167024623,210.863141814372,,,,,
140,2006-07-21 14:30:34+00:00,221.25996572943987,215.7744422932401,213.24399005488618,207.63739827803212,216.03127316408043,215.4888764037888,224.4907777143409,216.82975817149693,224.13062648066187,212.8082424600352,219.26458761831444,215.90926625214487
141,2006-08-30 14:27:04+00:00,,225.47812585735042,220.4521942208935,215.72734906147218,225.83557575310294,230.31218268466586,238.36158623293272,236.34294368745748,241.59745663026922,,,
142,2006-09-15 14:26:59+00:00,227.80963999644948,218.72527788671422,214.56469249812358,210.0564464703594,,,,,225.6874028737202,217.72410215373944,228.8906826046707,228.89534889036955
143,2006-11-10 14:31:50+00:00,234.03971688788232,225.1626145050574,213.3583993630518,211.68082423820465,217.68200814168,221.35813336139006,234.20515616516371,229.99048690411578,236.32785644576057,229.49226875070045,237.57653808115333,236.59625442709486
144,2006-12-28 14:32:14+00:00,225.5446879868242,233.60634742007565,233.25767708017278,226.28731267916476,232.6537957610006,236.52663941087104,239.56257579499533,224.7997507036152,234.72918718776833,228.80832647043457,231.52082151856888,241.91452444764892
145,2007-01-05 14:27:40+00:00,231.19169972100838,220.14302867774654,220.11764213557896,,,,,232.88409508574964,237.92605973967912,228.54623010005648,238.1072904668532,244.9165459697446
146,2007-01-13 14:32:20+00:00,219.59478001392915,215.2314895892138,215.19621103535644,209.59509081883957,216.52718678802947,216.06187648781477,236.6082423117807,228.37739530664987,230.34492153858739,225.3739255704511,228.85856987277617,234.2918160073913
147,2007-01-21 14:27:42+00:00,,228.5714165803648,222.59266942946965,223.37960408791415,228.95304638164046,229.77199318790107,244.06392005554602,237.07857623811876,250.05519782854924,,,
148,2007-01-29 14:32:24+00:00,233.94619072655453,226.27526159872812,226.15176512677849,221.90115343008972,229.86366611956566,230.80598954690262,234.7799905511493,232.647027234484,236.25510480963376,240.892730602166,244.921043627712,257.5657172493154
149,2007-02-06 14:27:50+00:00,,,236.68443143455443,231.8024443497709,243.16306058612648,243.25452236285253,250.35494478632899,251.26883860013905,258.04717251264196,259.93947221959553,268.5004948484851,
150,2007-02-14 14:32:26+00:00,240.51079398860722,222.46755137677474,229.94284573764244,237.28602869047648,249.27331027252632,243.96607942325306,246.8193210125104,255.06985547196908,256.5987274226207,263.8691488957902,268.86274017444964,275.2781727125716
151,2007-02-22 14:27:55+00:00,,226.1373549717447,223.4033316347289,226.18154683855659,237.9134517143775,233.79287896723213,239.32449189927402,238.69170815730212,249.8531313642916,,,
152,2007-03-02 14:32:25+00:00,226.01828045576934,212.7575482496627,206.1693953538582,214.7364211850528,225.13993732381937,230.433719980635,234.60902620581703,238.0749934156999,246.05751250611448,253.0929079521341,254.2851091464733,261.19280478477253
153,2007-03-10 14:27:58+00:00,225.97224263521986,220.6231779559813,219.63828564440126,215.955343287159,223.94808612052591,229.14009411402338,,,,,263.24658287291464,269.73130299536786
154,2007-04-03 14:32:19+00:00,233.5357019450933,228.0279410249695,221.73784570584007,215.87427381906045,218.58824135183772,219.28174183859525,227.008643723025,223.53708275570983,228.87198232334623,235.65190828334795,239.21524821359372,237.81361761371144
155,2007-05-13 14:27:50+00:00,238.76780843529664,232.61744427094274,221.04105677931153,217.02732352186567,,,,,236.34581598818568,228.70284057741708,232.2498816889613,232.26672620485525
156,2007-05-29 14:27:42+00:00,238.74342194101183,228.43676541649282,220.56410575345058,213.87152230916135,221.98348361106082,222.38131965940744,232.91983872415497,,,,239.26945009405696,239.56683031371344
157,2007-06-14 14:27:43+00:00,221.9043869580018,218.2023196342567,202.29745002947666,183.0486818460927,186.00319895132142,201.69761387552094,212.95809403959953,,,,,
158,2007-08-09 14:30:53+00:00,226.53598427926192,223.36658325882368,211.1835451513977,216.55420085320927,225.04812222270817,226.13651745090772,232.16152674961162,219.96750737319837,228.69372212879998,224.26194681813502,231.06054132079598,230.72185328583592
159,2007-09-18 14:27:15+00:00,239.07533788894315,229.71597301386427,222.52238939180805,215.1412025592953,220.89960885633818,227.19110861412662,234.91232351907982,,,,,234.39375269871636
160,2007-09-26 14:30:27+00:00,233.79636833268458,231.74985367072472,226.10442002714848,217.9466720364462,227.2365433710861,227.92088403509638,238.3537170719995,234.98841622368988,238.34523464422074,234.79980702039123,235.2255975921611,227.9546801194981
161,2007-11-05 14:27:29+00:00,,,215.62416587161806,212.05406995827886,214.99486794575247,217.65818475515124,228.54581975824846,225.4094141192937,227.39153197763778,222.0247763599706,,
162,2007-12-23 14:27:47+00:00,246.62712731226424,246.21052591589637,230.61097593683735,227.99854115921596,233.31580357519778,232.25524316821156,,,,244.49351116782702,249.70208401962472,249.1224449322912
163,2008-01-24 14:27:48+00:00,244.62069034071925,238.68973222962364,231.65701508741702,225.49628519263095,230.26405446047363,229.5166705453354,234.51754592291496,230.97828301182665,,,,246.26107388683255
164,2008-02-01 14:28:16+00:00,239.39607641664523,230.7675800720856,224.99463721482272,221.68295612559461,227.98279732048084,224.08885898054692,236.1345701711486,232.05635246884893,230.38954275227147,227.72778901505225,243.8927728111262,249.51036619914944
165,2008-02-09 14:27:45+00:00,,236.45589340415663,233.05281727619595,228.04227605515075,233.03570818990627,229.88701706079587,238.80261051100982,235.21824524959445,242.27795215435316,,,
166,2008-03-04 14:27:41+00:00,229.27648598064644,223.16073838101974,225.26731129117167,222.24368822225182,224.924357937692,222.01377302137723,235.68768985585012,228.0249339879338,229.69264781341835,226.77399353143838,232.36733424907254,231.2132350990138
167,2008-03-12 14:27:35+00:00,243.7053152602665,237.38811799416877,,,,,246.44902339390347,242.66342438393139,244.9241931221849,234.61274137875316,238.51952685341195,239.3585189660045
168,2008-03-20 14:27:22+00:00,227.95717424446318,224.97501490370112,222.3063162310221,218.9776229867784,225.80360677051857,228.27371805745057,234.17155293632877,233.36236767337775,232.83340530326072,224.90131816127442,231.94086902033374,234.46724424026337
169,2008-04-13 14:27:35+00:00,,,,223.3910582779401,230.2494382074835,233.41287598405782,242.86878709147732,240.00659127961336,242.58368863523827,228.67797853324427,234.8527086212138,236.66254819993728
170,2008-04-29 14:27:32+00:00,234.89222852932565,227.641193956628,221.96891482498822,221.11602382635164,227.39507414384715,229.57457324247616,240.1263918102801,,,,243.4571743284262,259.71717547205304
171,2008-05-31 14:27:20+00:00,240.88298311944087,233.50722069911728,231.30104561626496,220.25330298873482,230.32696730302516,,,,,239.42605600674617,238.44266805803363,244.4001182014476
172,2008-08-27 14:23:03+00:00,223.72471889622025,218.10541573838577,206.0356760763383,201.38581072131004,208.3984969750636,213.6702830156892,220.60551923681962,212.63122949249993,227.56663323742418,214.55046133326493,223.5585624581392,223.26023100434563
173,2008-09-20 14:26:19+00:00,,,220.85464021054477,212.66753991155224,222.46902855267243,218.31855215479527,230.16245079691345,225.52757551863508,229.87825000995787,,,
174,2008-10-30 14:21:01+00:00,215.81842556421918,213.51390326143874,211.41537085902067,203.9789072239351,211.62670733407788,217.38696056198881,231.09338458749127,219.23447206278902,232.72789333260437,221.78512523688195,233.38454673011412,236.2456509009261
175,2008-11-15 14:20:43+00:00,234.6751677700533,226.3993482961409,220.1265703614882,218.9831021210302,226.41932169177971,218.05274800775075,232.64634177289597,222.96163080466897,229.67824673737718,223.50164816241156,238.11721049096857,238.0214878812099
176,2008-12-09 14:26:53+00:00,248.82453125677304,240.87301126165875,234.86526456484785,,,,240.64154802663003,235.36832730595486,247.57461916701456,232.0550665146604,245.37234352276297,246.6900440126799
177,2008-12-17 14:21:45+00:00,231.66218659143084,227.32697602489623,214.35045880753165,210.5012466417309,218.79170602415374,218.41350861902524,223.76574235366343,227.02027610746427,226.4247467386954,226.96075565892454,227.57546526522873,232.57699105140273
178,2008-12-25 14:27:02+00:00,236.58855743904908,225.634807937726,217.8703262552408,212.1358807230825,,,,,246.43720196803233,243.01486682586452,242.82319917637884,250.47110025523912
179,2009-01-02 14:22:11+00:00,235.555438697658,224.753033851316,223.94430484044685,223.33092969367928,229.1766223848466,227.78354920078843,235.3520082670147,232.9416723845504,237.63292695567586,233.24238186373447,241.58299604724954,254.1244008237694
180,2009-01-10 14:27:08+00:00,235.63812346981575,,,,238.9738568682113,237.1260282560638,245.8157181785274,238.98829440954833,245.56965992610375,233.47224820114056,241.97852412778914,255.63087327546336
181,2009-01-18 14:22:36+00:00,234.14796122043379,223.3289439444539,221.42374030269448,212.26938044944168,225.15295568257906,231.01523810201473,241.6902570632739,231.31326807605987,238.80707961449068,231.0094301530531,240.39302161584826,257.27605230775293
182,2009-02-03 14:23:02+00:00,241.21354867853606,239.51212204779577,218.72488012894965,220.34965526700358,232.32404022184497,232.51012869766237,242.69894166874423,238.92333878019116,246.0577292106635,258.549324978927,259.6732630571294,266.4491373820453
183,2009-02-11 14:27:19+00:00,237.13562523983006,227.89451932585308,222.93083472656605,217.72931149006436,224.67199125215885,228.52148951758966,,,,243.53847119256298,247.86780594860792,247.82817021572666
184,2009-02-19 14:23:26+00:00,219.21201786485872,219.57540747187565,209.35748367702988,213.91791773048453,224.82157682543834,224.21212155138386,239.74553976238764,229.21075902998433,239.92249107871612,241.49751506666698,243.29870048401335,245.93251376064012
185,2009-02-27 14:27:29+00:00,,,,216.69823272915542,225.60639300918817,223.51524027085162,233.84903119858734,228.024094329026,238.14384207509787,229.07810241300766,238.4942895382807,
186,2009-03-07 14:23:49+00:00,237.04451147351793,226.35904379743297,221.82062245173537,217.1222034517085,224.6508494504942,221.86909382581396,230.45147600451432,225.2197641386809,235.27487638069576,233.0617378565252,240.85059680734707,247.94687539096384
187,2009-03-23 14:24:11+00:00,221.79715262295724,219.48463188583898,214.08162033969467,211.19094778938026,214.65242780920676,213.39986733322854,225.88605706981014,223.86450979820054,231.64859685667798,222.7837841264696,235.02502519101148,233.12495937217585
188,2009-04-08 14:24:31+00:00,221.1495023984515,219.94011017477376,219.63245492658004,216.17744211362003,219.06473333162756,221.67733433466128,229.1008214651319,229.17224493992018,229.4995855359848,218.67408734893542,230.64883301121165,223.14891148545868
189,2009-05-02 14:27:52+00:00,246.69508332271917,246.6935430931454,236.4762748819801,231.93714995022037,238.54471607410946,235.351841923885,245.9789424079267,236.80993528792607,,,,242.61945266341607
190,2009-06-19 14:27:52+00:00,235.313605572584,232.9480146382178,219.70708132236405,215.14152298001406,221.65582383408682,225.882397248059,233.85439722049142,231.41755309694338,,,,227.8151615227074
191,2009-07-05 14:27:49+00:00,,214.9927613137407,206.27419490523002,181.7223055354961,,206.69298443803694,216.83166289234,212.76131196618826,221.47249085111844,,,
192,2009-07-21 14:27:45+00:00,,,,217.24523189920714,217.71837723355665,219.97167594590442,227.31931482143924,214.90274125367293,230.3592112663296,221.3258668981462,227.15221375834534,
193,2010-02-06 14:28:20+00:00,233.07989159781707,230.03156729797774,219.70734786556642,210.96682586130223,217.98351819372647,219.7705634954825,229.42162667224545,223.84186206533946,239.70539431681752,235.2953937422113,235.58642292887276,242.23171369632988
194,2010-03-02 14:29:30+00:00,247.32644445267462,233.34919058394618,221.544798745358,217.60549528455317,226.06997763611335,224.89180576057024,,,,234.0590253885505,235.8472705561277,239.11756228056908
195,2010-03-18 14:29:36+00:00,,,237.2372279139143,229.546683915235,237.0875371558073,239.60519293587842,254.91436211588638,243.80868209137378,253.6918670763946,249.62188271904802,,
196,2010-05-13 14:28:14+00:00,224.996139164237,216.80066028713068,211.0079991640544,206.11886815503968,223.41320925971084,222.67349566941715,233.05091786763882,225.48231566930502,234.83910175991014,207.91548790466913,227.51386637257968,225.91287411735104
197,2010-10-04 14:27:31+00:00,218.22656987886413,226.54232160042048,222.68440199322248,215.34705175142818,226.5665707677598,230.73699380002367,231.91413547304649,223.5669698656328,228.79426839495108,225.41055173912383,224.22499249378478,222.649769433655
198,2010-10-12 14:29:48+00:00,226.90453032470563,220.65403636528703,215.59471586877189,214.60400811265225,,,,,235.6116322426413,224.26175829364246,226.5814605264713,229.87235443167955
199,2010-10-20 14:27:21+00:00,231.21552836831248,226.50358692521857,220.19157172326567,215.12662346601428,219.34613112029268,223.02408786048792,229.227543379144,220.92660173445086,236.62069656947514,229.3709493498966,227.59662675168852,231.85429228272275
200,2010-10-28 14:29:57+00:00,234.65578730646834,226.3125602348091,211.39573290170824,211.04278595544633,218.61303879221384,,,,,230.0742957906859,228.0062822646634,232.74209999636622
201,2010-11-13 14:30:09+00:00,237.34967755141446,235.060963664766,225.28465179827674,226.01026607635933,230.39635856675534,228.5842171938821,233.89051167390335,,,,233.90260317982722,231.71631820055427
202,2010-11-21 14:27:15+00:00,232.0967385295324,228.2373091919885,222.92960429212653,222.41704720112173,227.74387800582568,231.00813772996347,236.59448871773654,227.6758122694805,231.1839347851111,223.17662004135178,223.93525105967217,230.9890430004519
203,2010-11-29 14:30:21+00:00,231.43412813589123,222.12387397178506,222.44677038167225,221.14818038042773,229.96341931606437,,,,,230.54214100557266,232.1291895073816,234.90335400634353
204,2010-12-15 14:30:29+00:00,247.75018528961266,224.4604051459673,219.98811979110093,,,,,228.08013627330888,239.5342147844832,233.71003547665416,227.36769795530148,234.45318174286317
205,2010-12-31 14:30:37+00:00,240.99440722771973,221.93139510258652,220.4517963933167,216.59084374294326,228.7764440725423,,,,,229.69911125885443,237.0419802887455,246.72422984419
206,2011-01-08 14:27:23+00:00,225.3695148081559,220.15310590768615,217.34317867888802,211.91331774779337,221.11885916685733,220.51415866589986,227.00336922254255,226.82606635466385,233.7233474375121,220.42422337437634,228.12945579899298,228.2004692158269
207,2011-01-16 14:30:45+00:00,231.55348292403113,,,,227.55341615864148,234.35520816440365,237.74799707074095,231.57048851278785,239.23388799077048,226.07114292176382,229.80130357868347,236.8211274508714
208,2011-02-09 14:27:25+00:00,223.46517780046366,216.7998466832576,211.1151381647775,205.99229371247694,223.69850827542538,226.60950991726338,230.69806762739057,225.0903040602156,228.1923242790198,226.95110698467306,220.4634241211016,220.84669299658347
209,2011-03-13 14:27:21+00:00,224.38922991980047,220.03035858640516,219.27899470038994,214.1351904124187,222.82166208475843,223.17207469956858,233.33849607329947,223.25603531259634,227.0334117770489,211.0674645095467,224.73355223759026,224.94922940611042
210,2011-04-14 14:27:12+00:00,238.37253420578622,224.63879020228572,220.61924856280473,215.22911269810808,222.94218066447712,221.44009677023206,228.03672916791888,232.14874707889248,242.00009204967833,228.88720376165924,233.65464983450696,236.7442755204468
211,2011-07-11 14:30:58+00:00,,,,,,,,244.37273318386633,242.99619342383897,224.99138238359313,205.85489606817305,
212,2011-10-31 14:30:49+00:00,,,,229.61847968905192,229.54833459937336,236.50334907480214,240.21025281846127,227.8561895958116,228.3355900857564,,,
213,2011-12-18 14:31:18+00:00,235.15988422362955,226.9458497950194,227.71747302365645,230.3074734127684,242.1987966733482,238.8149140788603,241.81593913831026,,,,239.69971978553514,241.44621174292183
214,2012-02-04 14:31:32+00:00,242.41940680255144,,,,234.83699019398875,236.99857401311914,243.9249643607676,239.47591567056682,251.14479839326646,251.82371877599394,244.16791984581653,256.13579491863334
215,2012-03-07 14:31:32+00:00,219.57156349942048,213.14226013036097,210.5406956682206,,,,229.77326938356723,227.54293861837556,231.76918724450817,226.351375201812,234.33567209088037,240.8557428469496
216,2012-04-24 14:31:44+00:00,239.14642412051833,,,,229.81241151564765,233.7825209768776,240.743879277395,236.40047722569233,245.95895858243807,240.1684256800006,243.4463280016213,249.68044617047104
217,2012-06-27 14:31:58+00:00,236.4937403322033,232.41117292355327,222.39501488295906,,,,234.25246995824853,230.43034650837714,238.05072727531612,226.88341744551263,234.0591233338871,235.41016811725515
218,2012-07-29 14:32:22+00:00,,225.16346877970784,218.07560022146086,214.73452690136432,223.44006977475675,227.06328102324176,236.960336240206,232.05753759113634,239.1576602725176,,,
219,2012-12-04 14:33:25+00:00,227.88349037481728,,,,234.44688843856107,232.28272725705733,240.57930902115393,233.14166878235056,236.5978268277169,226.36308438805156,229.3729959567215,233.62330386502197
220,2012-12-20 14:33:35+00:00,242.91926533070253,235.97954765772124,225.7220288135671,221.770792461801,230.27544043313628,,,,,233.53504599391943,239.47045699853726,237.50364556189916
221,2013-01-21 14:33:38+00:00,,,,236.74503106168467,247.36414030969766,248.04363554644542,,,,243.50666007499441,246.81987802757638,244.14100641881632
222,2013-02-06 14:33:40+00:00,231.68970661305227,222.86407563928864,225.9668699855675,,,,238.89281401943225,232.46751827247175,240.20570058224519,243.44129693902806,238.64717189973462,239.15455174132538
223,2013-03-10 14:33:36+00:00,228.13598932010933,225.9172294194462,224.5019285992739,222.24760145896926,232.45744244044732,230.49596466752837,238.6012348946289,234.26446204125403,,,,251.37613577444347
224,2013-03-28 14:33:06+00:00,246.24904884986375,236.22515852544547,228.94250716469912,226.85545439196414,234.70297029603188,236.7595132114691,239.5245977317333,235.58912210368808,246.19364428873683,239.01017426640396,249.9791312162074,253.90787796586284
225,2013-04-19 14:39:15+00:00,240.75383716761502,225.53302895908752,224.93730580155557,225.0756123314356,226.5971281341934,229.16617496704384,235.33905855666265,231.6812289959909,233.5015276712687,238.2135394077877,241.45538134927324,241.94840611050594
226,2013-04-27 14:33:22+00:00,232.51449854766685,,,,227.080733477569,231.46330650706048,241.74046535440365,230.88030213766132,241.18028191271372,229.76047951781067,237.15084991342087,240.38865618093905
227,2013-05-13 14:33:20+00:00,,,217.42613764493706,217.19364736039137,221.51134150460203,220.01437962662115,226.8068265893566,224.41552507263978,228.67523896209718,218.55405150604946,,
228,2013-06-22 14:39:22+00:00,235.90429823194563,230.35904626762277,222.73738792644545,217.63936590158244,224.1450479585543,222.46526942557776,233.42844118086575,229.308225988941,234.29118861802405,231.81594572641455,240.43292246116596,239.9984569711028
229,2013-06-30 14:32:59+00:00,212.6066241107745,218.71361696939138,207.95323199928723,203.49042946030917,206.55426728944013,212.9284308879857,215.2904909252909,,,,,222.45068155733043
230,2013-08-01 14:32:42+00:00,,,,,,175.15579225560265,,218.35452431318996,,,,
231,2013-11-13 14:39:10+00:00,240.04307320923394,231.2389393395764,223.65681390515675,219.17085181364314,228.41656721028286,230.62459753387884,237.94739996473896,230.6179821501206,244.54485272909818,233.66911796796583,236.7805268866989,237.59399011591964
232,2013-11-21 14:33:39+00:00,252.33347518391298,246.43761401653683,233.89649816714635,232.12522899188212,238.49466674393094,242.24908005998822,247.92363149373628,,,,250.76437588225397,257.20356658116776
233,2013-11-29 14:39:04+00:00,220.955721455247,222.9798655402313,214.9144763949064,210.31332851571435,226.29283136260491,228.99367253799986,231.1591207859776,237.60606116676476,245.23312930491952,233.060031865164,236.42277558140486,240.76817707750618
234,2013-12-15 14:38:59+00:00,229.5967418936758,218.73050511410824,213.53451786822285,215.17648515007014,218.8827107384198,225.64167647356265,230.39339074303453,230.21058206667405,234.1150382408893,232.98475175207832,235.22742361132495,236.58328846422648
235,2013-12-23 14:33:50+00:00,239.5471598846361,222.0412987809108,214.30119543676523,215.47164152342577,220.919632500621,220.51797814283725,232.99424130055047,231.41305705388206,,,,245.1521982969248
236,2013-12-31 14:38:51+00:00,228.8804558549096,225.21294233826094,217.58725647451718,214.3053196620399,221.69481726933228,228.35203162264284,233.19495787133138,230.5456869671653,239.31067222836595,242.71224991936992,237.80777651320815,238.75533433538132
237,2014-01-16 14:38:36+00:00,231.58662219522296,223.57698481880485,218.01062763388427,219.3979138722726,221.40609540620525,227.4490502808091,236.28892917315426,232.09044318948244,237.95032341790963,239.88564895465618,242.7511317698473,248.74809414851373
238,2014-01-24 14:34:13+00:00,236.67135037965065,232.75818607318251,230.8667596462238,225.0341006498012,228.1416290400591,,,,252.33236326874663,260.3951383119362,261.3997226211817,266.7742021078621
239,2014-02-01 14:38:31+00:00,238.44584232259402,235.1723873774552,228.7876253867637,229.19269480226447,235.60884074664392,233.5617931967054,240.17462515202837,239.13232818792395,238.8352428790385,251.66791850755075,240.2335765092975,250.3727692802592
240,2014-02-17 14:38:17+00:00,253.80623425476315,245.66727160957387,233.2128346871956,231.09551844475325,239.28262364247294,238.5316729368692,243.42843345678267,240.137491560528,252.89473757301832,253.09936277728937,250.1633944929123,268.4289619061216
241,2014-02-25 14:34:10+00:00,238.93238121432552,239.33064659045561,226.564950990668,221.1364936992098,232.13633271388989,,,,,252.46501549383257,259.34752659552834,268.4835392079947
242,2014-03-05 14:38:01+00:00,242.20375522508957,232.3153178182893,222.65359601079786,223.97949358928386,234.36715167019727,234.34433383030955,242.54815957389056,241.93999851993414,254.07118705596392,259.51827464550433,255.16187520617416,268.59784274844833
243,2014-03-21 14:37:51+00:00,231.50374972178022,233.57513686913515,222.6642297718669,224.05731857328436,229.08844093099376,228.7846225150405,238.08666299195485,238.86936192123807,245.95311690791763,247.83814039945364,254.71441346683125,266.0246693421392
244,2014-03-29 14:34:25+00:00,,,230.63166996635024,225.44442218249395,230.83359710226196,233.36085497834375,240.1227767065302,235.50910170192176,249.30453199469608,,,
245,2014-05-24 14:36:58+00:00,238.47205030143658,233.9125410971618,225.18425651488454,221.87466940524885,225.82018182290747,227.9894499550303,236.88428224229216,233.64982535815741,238.38533265931963,238.80838627657823,239.23492538158337,243.04639599679064
246,2014-07-11 14:37:19+00:00,232.14963385173962,228.93440109285243,225.55809946134346,226.54700301869514,202.90024000910634,194.747428971823,,,239.42400952169868,234.3039868529711,230.32670344072085,229.5114465071672
247,2014-08-28 14:37:32+00:00,242.1690827792003,246.60747919641338,228.21030051335742,226.98463325826015,232.58132345625077,230.18105004423938,241.4549885817267,238.10486567931923,248.1286562515361,241.61043464924398,242.65070757851055,240.59722435933156
248,2014-09-05 14:35:06+00:00,,,,217.8662016206728,230.99832877076756,229.45476821027475,234.37352885103192,226.98581124040928,230.08865414657484,226.3992777032681,229.42182240788557,
249,2014-11-16 14:37:39+00:00,233.07582015869465,222.08657377264564,216.80358581466743,222.20601448412677,229.5393233991631,231.24976915935787,239.86657295457766,238.82375385923805,246.5599508489631,240.60983058671377,238.62341272925315,244.09973458582377
250,2014-11-24 14:35:45+00:00,,,,231.69993751166098,242.2745405311558,241.39080687914313,244.6614799212094,235.99856471960786,248.4095634368883,237.09647844074962,242.30216955089182,
251,2014-12-02 14:37:38+00:00,229.890151454127,219.22195348890517,216.87306913110456,211.48239689159684,220.47062386037473,221.35940134569177,227.63303858507143,229.43108692964503,237.99729680698016,226.73722600343027,234.07040060119934,244.06005247930736
252,2014-12-26 14:35:59+00:00,,245.89634542233333,234.20905845650736,230.93225770379982,233.62023903839673,234.30169941881536,238.24133835481138,236.67403438808952,237.13109148266972,,,
253,2015-01-11 14:36:01+00:00,,,232.15937353796542,225.78734203809316,235.78988927498736,238.95400003330133,246.11499156746095,248.34737635873347,257.1683707812234,244.60481359658124,,
254,2015-02-12 14:36:06+00:00,,,,221.403645148609,233.90193595168412,231.5723821066608,238.88084676770595,235.84984945216803,243.37914597743645,244.95052634476207,254.70402402841398,
255,2015-02-20 14:37:16+00:00,227.96600157548684,222.93301629438773,215.99781752218618,212.66013856758715,221.27265422165462,219.99238529066506,225.68381236192317,228.85551878403635,229.93055031801524,226.35740048166747,236.7385205381479,240.3754826549128
256,2015-02-28 14:36:19+00:00,239.94416349161062,240.78989342972648,228.8168043273225,221.91941307267524,234.82032504498824,234.96424154199428,,,,243.27908495010576,255.59377300688408,269.80510435886913
257,2015-03-08 14:37:08+00:00,233.350803883288,231.3368950546724,221.15244141837843,219.0703865442579,229.21648246623135,229.71327966293182,236.6552110682313,232.76419437048577,234.76797447968573,237.70488553848145,246.9032135742956,259.54307124214495
258,2015-03-16 14:36:26+00:00,,230.64955893886446,226.0778311554465,223.03245252073157,229.67252801374073,232.83644662555227,241.13360624286344,233.84000636035617,243.7529991706604,,,
259,2015-04-01 14:36:31+00:00,,,,221.09167765095864,230.43627537124453,244.05480089107897,262.6654312331734,234.511179331907,244.0650361093121,228.6983260247888,235.28912074537092,
260,2015-04-17 14:36:41+00:00,,,,212.45508457906865,237.86142282566468,246.37524949158203,270.58828717779744,246.57401621332696,253.01366291356106,227.23088990072628,233.29130375583537,
261,2015-05-19 14:36:55+00:00,226.64501624398818,,,,211.74723359097231,,227.2479735548638,216.98147885973236,223.69361309500854,,228.82414475074336,
262,2015-09-08 14:37:21+00:00,240.8043494559411,239.96832506468377,,,,239.5010372212865,250.32087947338732,238.7331532227844,251.55111810833333,243.75108277308894,248.26324317503853,240.16495704041088
263,2015-09-24 14:37:25+00:00,243.71449632964234,245.32053571098393,244.50567017670463,,,,256.6965846996244,248.4542423690569,255.97148490709546,242.6249989916832,246.5650049600221,251.9659819544045
264,2015-10-02 14:37:28+00:00,242.07455943728135,235.47794942357308,236.9476425370698,233.47652120680647,240.20456194328145,237.1835060677374,245.90667129371798,238.61249752604138,250.81441434923568,241.5202832573919,242.24912673039182,247.3040752964062
265,2015-11-11 14:38:06+00:00,244.19718837291643,227.97524073653815,230.22824717277794,224.33378541971953,232.16277798718937,,,,,237.0636170529862,243.7398849734445,248.28641240438228
266,2015-12-05 14:37:35+00:00,246.0893866819107,232.22119729759427,233.38620494410162,230.0841457676227,240.30907548831038,241.8558450358682,243.29625964573654,242.32604104654948,247.25974939630512,239.05145831356145,248.59058166278533,260.1116294248252
267,2015-12-29 14:38:49+00:00,,,,238.94401991671467,239.45575380233652,241.2629255176921,252.32749089645898,251.04155885125033,255.22225740391423,256.9095962369196,263.1146791792933,
268,2016-01-14 14:39:05+00:00,248.49615387258078,242.38262295308417,248.26055218361435,250.46336152740162,255.6669118358425,254.55122156540688,261.52988616104824,250.31419514078127,,,,
269,2016-01-30 14:39:15+00:00,,245.32999884406345,248.67115394195795,252.54246771464545,250.90915030954451,244.89941246120722,250.00485803989494,242.7357232502896,248.4393620692561,,,
270,2016-02-15 14:39:20+00:00,,236.04949220881844,243.25847315666186,238.93182209155844,239.26918889408336,,,,,,,
271,2016-02-23 14:37:21+00:00,232.56231585127242,225.31414043808886,226.84805740789255,225.77315586894898,230.48510389302365,231.384619746861,240.4389331550954,234.75092159455633,240.5452341036478,232.05392252945953,236.22500592583717,238.42801819988273
272,2016-03-10 14:37:19+00:00,241.686162447104,238.6873199800584,243.37494023161588,244.11663503939917,248.12624644072991,244.6981126747645,254.25035841326442,241.84366120331478,256.754552184115,245.84375805886052,246.88852094715193,249.19197115900408
273,2016-03-18 14:39:34+00:00,236.76044152717628,235.58748228105205,244.26810757285577,243.65937869537487,,,,246.6325947616302,253.74446800056447,248.98422220420193,246.76112012777725,251.2325678625965
274,2016-03-26 14:37:10+00:00,236.3925800374156,229.80662803295607,238.46336459333307,236.14710008175723,239.55120951294347,239.6784721336695,250.8454752865947,242.33739332947053,253.80076026803724,242.7686538835549,245.15566144259301,250.5018074165726
275,2016-04-27 14:37:00+00:00,236.69699238846317,245.6313761733679,238.08143320355381,230.73041117100897,237.22699466507243,236.40239080040172,243.48564302536298,241.3971430520013,247.53581631884452,235.5278778781177,247.1771054055204,252.55772345965164
276,2016-05-21 14:39:53+00:00,240.80426373882742,235.09733383566189,230.46674563378366,231.20343495082446,238.89746560684637,,,,,245.72482125221427,246.66162557454905,245.55487218274848
277,2016-06-14 14:37:09+00:00,237.61231801768884,237.22023980461228,232.2320858835659,222.25621158240713,228.24324574383715,232.70598322300816,242.0362964428788,236.84167151049357,246.59741879211745,239.4838044140848,249.29629754450835,253.024470762724
278,2016-11-29 14:39:58+00:00,241.77816996330796,239.55978116006042,238.957709088557,236.42540736907705,239.86879679261602,,,,250.19333179711498,242.88713164360422,246.92221209888322,251.1652196238063
279,2016-12-07 14:37:46+00:00,,222.0262790887376,216.14289090749062,223.7750591737875,228.9137069226883,229.4948123894207,240.52358192442026,234.62228128499513,238.54415230658998,236.87294649067107,242.5414476435693,246.64562186729867
280,2016-12-15 14:39:53+00:00,248.13277325544985,238.47673117998968,241.4531133130713,233.57335310680438,239.2795575219571,239.46143229556068,247.8603259461513,,,,,257.8824386267716
281,2016-12-23 14:37:41+00:00,233.5020171718502,231.88887153592984,227.74602228635982,226.71831796981704,234.7610864980392,233.13284367511477,245.5315048650503,231.31767456608156,238.75484745945852,237.96328260230803,244.0004081354441,251.00451176969318
282,2017-01-08 14:37:38+00:00,235.09007066249822,236.578852360234,230.09327220820214,225.93235872039577,234.96628857210106,235.21202859307004,243.73402732089275,236.96142232439345,245.00668101831738,245.52528111282794,249.55041947658492,262.6385502771635
283,2017-01-24 14:37:33+00:00,231.26796406864287,224.35321739010175,228.77327777740493,228.49986442837184,235.5737260935706,238.43950051853096,247.67288976726064,238.9920708908544,249.64388731786923,260.6110575852581,259.5855103896722,266.6769540989095
284,2017-02-09 14:37:25+00:00,237.10994823929767,230.15197917118178,236.343899010707,229.8002163003998,237.71424131077595,236.44545213393053,246.42340759769516,235.61032983829926,239.00139829794668,240.5110872095428,248.81058061085352,256.8875211148578
285,2017-02-17 14:39:26+00:00,244.09927783972384,244.58662950831663,239.05161834591226,233.46187234745432,239.7963840672366,,,,,236.9765583086924,243.02393585129508,242.8887330334835
286,2017-02-25 14:37:20+00:00,230.6960467174735,227.38556180416302,223.24843470100348,217.86408575281789,226.48563569947453,225.19420748474056,239.99901250071645,231.32752236443815,239.68877667995537,232.19724112477738,238.55026768382444,234.98142430113302
287,2017-03-21 14:39:40+00:00,,,232.54705721554663,231.0722494643641,236.7501186434465,239.39783666636256,249.74093343015366,242.88815339587092,249.61998341439894,242.4544824933332,,
288,2017-03-29 14:37:03+00:00,237.7857700930259,240.1792593462,241.24753969712322,237.26994349940924,243.47148347626768,243.9153328838977,253.58174934365317,243.1259680659847,252.5174537188272,242.06216512768697,254.63662392050767,256.67360170406266
289,2017-04-06 14:39:43+00:00,,,231.5535546534356,233.50291518552498,236.68632230336823,238.57922636859774,249.80639474724006,244.0485412410492,254.47276013653232,,,
290,2017-05-08 14:39:55+00:00,225.94588333841966,224.70706734145395,222.7744026720185,,,,238.69991037654657,232.34924930446607,241.59710591916428,239.41857515635937,245.8877206082468,242.52363782034712
291,2017-05-24 14:39:58+00:00,238.6426799814534,229.99236049009903,225.33879517277936,225.5950447561619,,,,,234.6762898416898,222.55548789763705,234.62382914929344,239.4808667391067
292,2017-06-17 14:37:10+00:00,227.18548364639702,225.95813719539404,223.7655793008998,226.89053950832243,228.50086014423016,237.21245774421544,237.06465227897007,229.3959912720955,241.71108748672478,233.5049705119544,239.83621581842834,247.03703228455666
293,2017-06-25 14:40:06+00:00,231.30061371809327,235.48566450405167,233.85938651405863,232.92828166573017,236.27215636545043,243.58709478310368,,,,230.6758870523777,247.40353782598643,241.50319804913576
294,2017-08-20 14:37:32+00:00,237.73987335018214,240.01028531940187,241.1901350103792,233.32827297656414,234.44578835282772,239.2418295891673,248.02814579693123,239.2873182791522,244.43607284292526,244.03420580149438,245.2981890302008,238.4813376541144
295,2017-10-31 14:40:05+00:00,229.84818856584198,228.34900412952325,224.71871688042006,220.36496292470073,230.38833748492624,231.9614063209399,243.07370843042955,,,,,243.86054964831135
296,2018-01-03 14:39:35+00:00,244.39505536034133,244.80308885456785,,,,242.57363818444438,254.83022713429725,249.63543323635054,253.08049642471795,247.45584453228145,253.7150614294643,263.2170486270743
297,2018-01-19 14:39:21+00:00,243.5493349491648,232.62789884448043,236.7558310168366,234.8935012647025,,,,233.5150109560362,246.68575464902713,242.0839793363821,252.05834368829395,267.4841445100557
298,2018-01-27 14:37:23+00:00,236.16548618859213,238.74147038174738,231.89420914873037,233.1989921102066,235.78383140791675,236.39830819479906,245.34762831628302,241.7897926303824,245.81146679700592,250.9647072840008,258.5494106198231,262.0942544430832
299,2018-02-04 14:39:05+00:00,242.2939744013533,236.69556933598275,233.84505252860595,232.03669833759912,240.31992402825082,237.60969836812956,244.89429696625376,239.6362980891497,,,,262.11777591614083
300,2018-02-12 14:37:17+00:00,234.4866696781836,225.50697247827074,223.35460803764343,230.54744773982276,236.08569285450434,235.0715321858395,241.86796209385514,236.3514731693705,243.27046754278436,242.71951052965366,258.70625475551526,270.78111256557463
301,2018-02-20 14:38:55+00:00,235.6999576435802,234.6954672063083,228.39095935136157,226.3814976798429,230.80001533499228,233.453222142752,242.2845115762946,237.63238608869767,,,,262.83744180676575
302,2018-02-28 14:37:10+00:00,233.53836882522143,231.95406770027037,230.58481368294468,230.6683190389316,236.33868842793413,237.95609666267842,243.06484003708792,244.94499286050564,250.4063505051159,252.6387566743984,260.89049162666134,263.97535601579625
303,2018-03-08 14:38:44+00:00,238.91620513617104,237.81506353109074,,,,238.91881388483543,244.45384396446448,242.67686958408208,245.10151534640153,254.3112727990654,263.40067607048576,265.8989886764089
304,2018-03-24 14:38:32+00:00,,234.55097659457508,227.287466252767,222.11908393980767,234.69861691091188,238.0772066653863,247.03898185359895,238.33014554519622,,,,
305,2018-04-09 14:38:17+00:00,,,239.59760789069747,235.17911277426916,240.25674072054628,243.27372846716096,252.98467237274906,243.08527427796147,252.99368803312984,,,
306,2018-04-25 14:38:01+00:00,,,215.96511383448947,218.92176747244125,223.1259426078375,230.36205697424103,236.55504194287616,229.1387083652473,237.66843846898558,,,
307,2018-06-12 14:37:12+00:00,235.1395302342338,235.8796141312885,,,,235.98256996415597,244.83678322050793,235.89429372378933,243.3655644932251,238.81542146674317,247.19935814676015,251.8702103877901
308,2018-07-06 14:36:33+00:00,229.34153934482268,228.44637616852276,222.21159068676724,224.75516941593222,,224.06986978021118,240.39392748423103,235.19471611803408,238.86280760533683,233.98797041093542,234.15211336663964,237.20973515365557
309,2018-07-30 14:36:19+00:00,,230.58556357790198,227.50180284010878,227.5661623304989,230.72544000882024,239.29292058665163,242.5018558097902,233.5442589161915,225.40061739180092,,,
310,2018-09-16 14:35:20+00:00,236.89313557143194,239.7315946366301,229.0579745637875,227.9392526579503,,,,,243.9037416735776,241.1781512936358,247.82761201797052,249.30844852041082
311,2018-12-05 14:33:27+00:00,231.7989157441737,224.45493649188566,222.77908528512572,,,,250.5729775105943,241.60399486264393,249.26179103488025,242.63518688526776,251.90480754060323,253.58268795743072
312,2018-12-29 14:37:20+00:00,240.263423382254,237.54168813479916,234.85213720657165,232.7475072876371,237.91082234221315,241.4222382738664,244.1402525125334,242.51118934029472,245.75298777629294,240.57594088248564,242.6624125181053,246.58440444013166
313,2019-01-14 14:37:18+00:00,242.35542733698693,238.98377397683018,234.35729832533923,230.83121876829387,236.0052696618719,238.81699975463317,245.05809676806768,239.89942925162993,248.6269673466348,242.13168557260252,245.75444377225938,275.665855388505
314,2019-01-30 14:37:14+00:00,232.9897016700568,232.8811402088266,229.6601104544362,227.55130615900944,234.11854192404573,236.5564063480917,241.18158252236393,235.85741302513767,245.1111216597719,244.56208091105398,253.81045577298366,263.7601408753385
315,2019-02-23 14:31:02+00:00,225.75364237591694,230.38870056531528,227.3418415801382,,,,242.7519197483473,238.95584278513599,247.23469471025626,249.61220568295636,252.9458435387379,259.64919311519674
316,2019-03-03 14:37:07+00:00,252.61464369008013,246.0804593667604,240.95685803867008,239.08020275872414,244.91308172472174,245.16407722566194,253.18065945141802,252.7822024520433,260.7536806329059,262.34588400315914,271.0130708195167,282.42446157708446
317,2019-03-19 14:37:02+00:00,239.77153656101953,236.00682442687315,232.20870613227783,230.13971192475822,236.84886405115907,236.39760398614214,243.9326937751971,242.73485466953468,252.74618141660716,255.51568707208003,267.3881300814683,278.6829682915255
318,2019-04-04 14:36:59+00:00,251.61356757430826,245.57086985229915,238.57359463591203,234.49010015025584,241.91017252392896,244.2848031961193,247.3667214818455,243.2977020570125,256.28760786237325,257.9950983836451,270.1079352670016,280.44669601903195
319,2019-05-06 14:36:56+00:00,236.39117601774126,232.7998500042895,226.91637354906555,224.14793659987325,233.0805480836578,233.66323294031992,244.69947401147772,242.1252437874699,245.30717084856153,245.51137550927328,255.29792060614125,257.3573223547918
320,2019-05-30 14:27:37+00:00,242.28255454810562,244.21277187491035,,,,235.10948204743093,242.66183564525446,234.52927348366407,234.97846298249064,,,253.16939176539822
321,2019-07-25 14:37:28+00:00,239.79984377069718,246.0441281680444,234.76678049832643,232.25257711568418,238.43779518216385,242.3208933836339,246.34362751380704,235.2008809877418,249.0823307954051,243.0915301395433,252.78054562718722,251.2347489524431
322,2019-08-02 14:25:11+00:00,,223.88042275233292,222.28254760576738,216.09656132644378,220.33035236330988,229.582948304307,238.69529382403604,234.18013439374798,237.60293457775796,,,
323,2019-09-03 14:23:50+00:00,240.7197484278836,241.94925350773994,226.8866533907325,223.34771733505926,,,,,250.128323136784,236.5969386833813,248.37365171842305,249.49314639967938
324,2019-11-30 14:37:46+00:00,237.18044881522536,238.0950010394831,222.18386528982552,216.1245583260872,227.37978521094246,233.3928442530505,242.99539142379118,234.60007401002503,243.25556402533445,243.53893259654,245.29438730721165,252.073800911039
325,2019-12-24 14:18:44+00:00,,236.8171072367724,230.53516832243923,218.08645945496087,231.946435488315,230.82737212516034,238.7853696528618,234.9598994460706,246.2385742502952,,,
326,2020-01-01 14:37:40+00:00,235.5784790135752,229.34785410232627,217.45715813802767,219.6821107673676,231.56050729296354,236.57963718519272,239.55693001084575,236.65877950545575,247.57002545870833,244.24712452931692,256.1299288512895,262.8072034428816
327,2020-01-17 14:37:37+00:00,232.1798206900169,228.6782131417944,226.41574208157343,218.11498523040413,227.4094282016166,234.0826817883475,241.1782360931479,233.5628620167601,245.7080851280394,243.47666766305335,246.71367766984764,259.38479160106954
328,2020-02-02 14:37:32+00:00,236.41585406507693,236.4552620149144,235.55829359504324,226.46445840089973,227.37073719452206,236.1926148148697,244.95992026165092,239.48402518324284,243.73030056509802,244.8660498541479,253.02433282233218,257.031099308826
329,2020-02-10 14:16:19+00:00,237.10516502372005,235.1314269919873,223.10957609089286,224.33639887012973,,,,,235.5265377637748,233.59762103063255,240.99748147740505,242.2741389423164
330,2020-02-18 14:37:28+00:00,231.5092438693391,226.19324933809142,228.58044082033206,222.5606120800237,233.3785023674967,238.48199156995733,242.65770179914597,233.6022707356654,244.63826088432526,239.2695942912742,248.79001354817905,248.58980374385578
331,2020-02-26 14:15:28+00:00,240.63130934571547,,,,,234.33438321145053,242.40947372268906,237.85544312568913,246.66298581313484,240.3596346318555,249.90554066987744,256.2297244299245
332,2020-03-29 14:13:43+00:00,,,217.48063285635845,212.53520196188495,216.11932431473844,223.06260939351097,233.54121828182403,223.71624740532747,235.2169475178766,,,
333,2020-04-06 14:37:06+00:00,235.4243302782317,229.4197562059728,225.7963860134769,225.12362796891605,229.17352078090497,233.58871645234373,242.38110730110822,235.57670600738092,249.67603041669983,237.48075034538806,246.71164440508275,
334,2020-06-17 14:08:59+00:00,217.51229312037336,213.8460124365262,209.0061987597299,213.17693027302167,220.65650856522825,220.94285406136493,,,,,,
335,2020-08-20 14:05:02+00:00,,,226.85072059739076,221.9054118095711,231.45496157147326,235.3091738264159,246.21015585540533,243.10315276597092,250.3063599010734,,,
336,2020-10-31 14:37:46+00:00,231.94494026720312,223.13906102709637,222.69053331280105,218.1667714173512,225.1851957715672,225.9611467994429,237.27948950195378,228.65189283579156,237.8382769554662,231.59561195081176,245.1363394772872,243.00083403801958
337,2020-11-08 13:59:48+00:00,238.4006782536041,236.7566796832645,222.96818542079245,229.98255613162442,,,,,254.22169852309557,244.42569936392113,255.93248873115377,252.2856130374343
338,2021-01-03 14:37:43+00:00,234.80777692419025,233.76024113816806,231.67494839495492,227.91544338172346,232.03307707371818,235.13840629103964,245.95992473393508,240.572291141989,248.78531860659416,245.32184472146741,252.19900886608656,270.26716188307523
339,2021-01-11 13:55:12+00:00,237.7109740793451,,,,227.04800292624913,227.9164639018367,239.1698760540132,231.5606001697122,248.68954549136257,248.2894563144741,256.2188480838196,260.41721306197496
340,2021-01-19 14:37:36+00:00,240.25798592303138,238.63059770437738,230.9844192352693,227.03203030137817,231.62479649218693,232.4022770811435,241.38722520555663,237.60186926406257,247.2530322681408,244.9114516331541,246.0314881300499,241.49216214932568
341,2021-01-27 13:54:03+00:00,241.67235564396657,240.64154992397962,239.82194869053316,,,,241.9316001792648,232.6636626964592,240.31946242960913,239.22174736173918,253.536629177719,249.36188866002902
342,2021-02-04 14:37:34+00:00,247.2825056467,240.61195705640094,237.6887419413927,243.1563197370232,248.8274024102328,242.67171869344656,253.29021595496522,243.6708794708401,251.46372095381867,246.58164041377114,252.55246191888187,250.17641249408112
343,2021-02-12 13:52:52+00:00,239.8657588805175,239.67267121796212,242.61951026559555,239.10273069942897,245.1943660189058,,,,,250.75878179810616,257.1269791135284,257.948517182461
344,2021-02-20 14:37:30+00:00,242.73255730527913,241.96345191608404,235.76632577640387,234.55747929366595,240.9157794283491,238.45082619027596,248.50791997351655,242.83910449143735,251.42717952734822,242.37188743488812,254.3395120125206,252.6792608761986
345,2021-02-28 13:51:39+00:00,230.45740014418766,,,,,234.58887787357824,243.54329433868745,239.1311739169729,244.82637335112358,236.62563738437302,243.61953491323703,255.93425147197303
346,2021-03-08 14:37:22+00:00,247.42069700113265,244.2095087722258,236.77780911515788,241.51161675591518,250.1966291045981,247.03644085356052,255.29801173391724,253.74348982153907,258.66883802575717,253.22633244779877,259.64626049443854,284.8125081062696
347,2021-03-16 13:50:24+00:00,,,,227.48626756066795,236.82195916863918,236.3191533566772,243.74998626554975,240.69043824747757,250.7631110861704,247.21010629953116,255.5887305720741,
348,2021-03-24 14:37:15+00:00,243.37771205995494,245.85175330418642,236.80581448161865,230.09880423634996,240.6934149125271,239.92450796234147,249.2395993576754,250.56190371829297,254.9647624462009,251.51210742840374,269.8771547985945,281.6715501188877
349,2021-04-17 13:47:46+00:00,232.94831915940205,228.75226863327433,217.3560869627631,223.0336430687683,228.9484986248267,232.85910254133208,233.98191223521223,,,,240.21875668013178,247.90576062382038
350,2021-04-25 14:37:03+00:00,246.0665904548813,243.18241320711203,232.64437972907234,235.20018794125056,236.06802468842443,241.26771056468365,250.51323807679734,244.50067763429064,256.52703202411675,250.67595739591707,259.2901845300016,260.51178766258613
351,2021-05-03 13:46:25+00:00,,,,220.032780832966,221.83497676321178,234.88727615845804,243.52961235401094,235.36871632033987,240.09039991078438,,,
352,2021-05-19 13:45:04+00:00,,,,,,225.17475602776136,237.59874459149248,229.65365626933811,238.42360704836798,227.17161691924989,,
353,2021-06-28 14:37:21+00:00,229.9542190257514,229.29703300677417,221.20809054693004,220.49625713972642,223.82631532838613,224.81368356269016,239.1184934829808,230.92636532391813,242.75588878966727,236.16459903170036,243.92945605796697,233.78957505588508
354,2021-08-15 14:37:36+00:00,241.3866005423268,238.25983846719322,234.43726790381746,230.81215440444907,235.81541098963973,237.19400139362884,245.70609851719422,236.85561099981763,245.88372037943645,242.1482929760015,250.90821629897735,253.8410156645709
355,2021-11-27 13:28:09+00:00,262.5890498817965,250.73281774412476,239.6306295612566,232.40775673813306,240.58197779467318,,,,,250.6370450059029,259.19130921874785,262.6970368126869
