,dates,aus0005-0000,aus0005-0001,aus0005-0002,aus0005-0003,aus0005-0004,aus0005-0005,aus0005-0006,aus0005-0007,aus0005-0008,aus0005-0009,aus0005-0010,aus0005-0011,aus0005-0012,aus0005-0013,aus0005-0014,aus0005-0015,aus0005-0016,aus0005-0017
0,1995-04-17 22:56:20+00:00,192.49847584328148,192.94711801953284,191.54223638407063,183.44838821102562,182.41398512267588,,,,,,,,,,,,,
1,1995-06-20 22:53:26+00:00,,,,,,,,,,,,,,,,,,
2,1999-07-18 23:34:07+00:00,184.62342217448293,178.20512402202758,168.6163939933155,156.9235152360885,152.92198487976012,155.69086358816907,144.345105939161,129.9927190616727,117.30900922334867,119.47206204417847,128.8716733483963,146.8334288251116,158.2928008943956,166.1529774192426,169.27153444232624,169.38093485877323,175.16693585900214,169.69130649670478
3,1999-08-03 23:34:13+00:00,175.26884785903493,169.14184705268917,162.90969073618635,150.39354662400555,161.066617865204,159.3301833034054,145.93077030659055,119.17764105640423,115.91395355066896,116.91629606324153,126.31398021317399,143.61331174819406,162.73612775130525,164.66620634803726,178.9023234664966,174.166591752562,180.3146930987906,176.9677078930908
4,1999-08-19 23:34:10+00:00,180.1673051853973,172.72738028553178,165.16048437256262,161.18399725097464,166.02018928529765,165.420592878704,141.97976061952096,125.97058427868046,117.63978862620036,121.15117456595391,141.41023291199247,161.04912607893806,175.58146304108172,172.6821610878277,182.33307602417446,182.74096102899878,199.75953962446442,202.0062099739519
5,1999-09-04 23:34:15+00:00,169.45196398994926,163.9580144387766,156.83699064980974,152.2220956447245,157.29838175140748,153.81538370662855,127.67471387570465,118.8541355075227,110.4890987898788,119.91745507243292,134.07306831736102,150.2255290555933,164.3777563085356,164.9630448122415,170.8187781042567,176.20736738443105,187.87895977257838,
6,1999-10-06 23:34:21+00:00,162.75295865064064,166.95327305166236,162.6981743445668,155.87432032111928,161.35077802390086,155.50010112518495,139.1120269819511,127.8682329423296,123.171887889288,121.8470325427538,130.32364658837528,151.04772110349052,166.4664167100884,163.27928762594257,168.70761879171002,172.97545117484134,191.06476784786062,196.61365774175712
7,1999-12-08 23:22:36+00:00,162.96697529563295,163.60735746505964,157.93578893862596,159.00972146827522,158.931299414845,,,,,,,,,,,,,
8,1999-12-09 23:34:15+00:00,165.9828231024995,161.41136436315116,159.83122782603257,157.7557461870658,160.7180763004639,157.52883356303363,146.36059871560252,139.24418703828343,143.1213101015341,139.67519108080756,143.0390569075013,156.72128722815154,168.85231610464348,160.67756249942738,172.97548388830705,176.66099170079747,185.11395403251674,205.16430117059724
9,1999-12-25 23:34:09+00:00,162.81188576102403,163.4593400566386,155.55029103869487,151.50546416906423,151.91083768924108,148.27129490662793,147.5559098539071,141.7141397515822,135.4150953618528,131.00222483569414,137.25999113223435,153.66106959356557,171.13848308828776,161.91783730515812,,,,
10,2000-01-26 23:34:07+00:00,158.75334655994274,160.1013043537756,160.94169352522061,152.89592686633645,159.20804588890772,168.3387230081846,141.72596564967898,131.93032289578943,132.56909334801404,134.45988864219808,144.01945503740995,179.26050255098295,193.93857672697607,194.12179663782345,,190.26317009795446,187.7222334858533,193.3876520373497
11,2000-04-15 23:33:37+00:00,166.3497657838386,173.1378929078027,171.5235017469886,164.05968175912417,168.7032888242757,169.91159018466604,170.7810277783706,170.73753932711097,162.7515904753364,156.11718481005272,167.52205593637757,175.12378133895982,193.8883772415759,169.28296212692092,155.90342149846896,136.2350050234728,159.94252844469548,188.58005746217017
12,2000-06-02 23:33:13+00:00,151.75149796452607,150.79347632085074,152.9098105859612,154.84765127980575,156.9382327097117,157.68660554321164,154.06060022407956,141.51569418107542,135.0659755068057,134.11647391646537,138.45876664787778,149.38712761767977,157.20871355242303,148.03830168685784,146.7445268130097,142.88922489595927,158.61819000372427,168.90815011674232
13,2000-08-05 23:32:26+00:00,173.31098868679933,178.81195947020035,175.02175001619665,176.7751989976121,177.0368753567589,185.80465270136844,176.38492332017194,169.5596653820366,162.70080228407141,154.40327543728174,154.50450073502853,154.1808571757827,154.61747991367793,147.15639286981428,159.50732743812043,146.47057269691553,134.39627209556886,147.93362715392496
14,2000-08-21 23:32:20+00:00,181.24930485953868,182.17652550243602,182.9600974568961,181.61665171628437,182.46542994749,181.12107857146634,170.20462195321718,165.9744640667378,171.55241564534504,166.8260621388028,153.6703611051043,158.04631033625031,174.49300726496986,164.4728487566915,164.7620919271801,148.29957694907176,140.54968928869528,
15,2000-09-22 23:31:46+00:00,206.6529558101143,213.77792044405535,213.9625846755258,205.3050147012951,205.39719580927164,198.67757600273993,188.99196920217656,180.3121852909777,180.75032189681343,172.301339180283,167.97794232118287,167.18849697558133,177.99480295927745,172.13662571018125,169.05341014409217,146.64278903211522,138.25395577656138,
16,2000-10-08 23:31:41+00:00,204.82035361462596,202.92981431891062,209.08759507353594,198.9183540166506,198.38588896706258,192.19528268821335,183.80919114314904,178.94715597084053,179.3534250814307,171.40307950607297,154.25620684048454,157.42590774456187,171.84403192729016,172.98903102131257,163.5279413938298,143.07841374182922,139.1774849189441,163.36612863298532
17,2001-01-28 23:31:50+00:00,213.13099726956779,210.46053343192457,206.47796938637538,200.64321110706507,190.15776687587913,186.8208411247464,176.04074481647373,173.600830122339,178.66493287545563,170.88547831740274,161.86354958280387,162.73028876488868,159.39130678773148,154.57228038959687,159.4341912685295,163.25893124359362,164.82952028794134,192.9188762000694
18,2001-02-13 23:31:45+00:00,202.94422786043765,198.7880012589253,194.00602935558777,186.55844454688386,180.99044994497595,178.98396514133876,174.64667902422107,169.81642943784473,161.10937065118168,150.90808357248372,148.34022315605694,146.52889135139063,155.1559484062671,149.81521224915357,159.76364072847173,165.9275552313638,170.43860682742545,209.01642143265485
19,2001-03-17 23:31:34+00:00,192.84239149403516,184.66063596149885,176.69235889092434,173.1090126543325,173.89497026196048,178.0403256003761,169.673307070162,163.20381062094916,155.30543531460802,141.18406732827424,135.73164191561546,143.83762021449215,150.2918730343338,136.92095155554605,149.31741029388309,147.37144040911454,154.1215586540766,195.31936923000745
20,2001-05-20 23:31:10+00:00,184.1065571888271,178.50287604248828,171.1696245900693,176.73103541281284,183.27084790556128,182.4443163117893,171.1857070602737,163.42840265033655,163.80596171494622,173.4190932046921,170.57304728095832,167.9364098307291,172.8366012205589,170.0866218794531,168.74479117831572,162.29818578707236,162.84255856361042,175.12035197943558
21,2001-06-21 23:30:46+00:00,179.8784854011463,181.04725128463463,175.9638133674578,172.83930171499216,179.58232543053578,179.22658498412522,170.50392014079617,165.2206383463118,163.8390090224546,158.84018815779137,153.28341618810535,155.03495054787803,158.2554254978842,154.7570375447233,159.8678536298902,163.78585118115777,160.30838537645968,179.0495118059236
22,2001-07-07 23:30:41+00:00,165.73792878449717,165.58392364856908,167.4586439680409,160.1767503300591,160.67297228004335,164.58770307873067,158.55980089166908,149.028224509082,140.70859072266975,128.11135820525533,127.03873194875935,126.75591907512847,145.42677653717016,151.04493092259042,154.745982108639,151.06260191602038,153.36987569889038,
23,2001-08-08 23:30:18+00:00,198.56148439819884,192.92308514501335,186.85146987675577,172.1992578667779,179.95615085213083,183.0011108102031,185.90800203698117,178.31455325936486,166.1046825057011,153.15690237067204,139.89735149392104,146.74525217033525,157.69147085493634,155.81971209038784,165.56107657443323,163.58965405845763,162.75159207566168,166.79951251017357
24,2001-08-24 23:30:05+00:00,183.7329221062993,179.59649960969594,172.07752170683645,159.76464187161383,165.13442881980637,169.09052797953208,170.2444285501052,159.06431123609076,145.77483403313624,135.6724099319326,139.3050795266278,139.80871783232752,148.48824931906935,142.79723545742357,154.02172593671088,155.48922276828952,155.91856861464748,
25,2001-09-09 23:29:54+00:00,207.19926850793541,199.67007220743812,195.51324992812283,183.14688317231887,185.89366675818346,196.83587186395178,203.68182401448445,196.2327549234163,184.2878638430962,171.22871717841102,166.2883961144815,162.44123748144796,167.04691964025577,163.59456888980398,173.54724969162623,168.5399500247613,168.4937630150273,
26,2001-10-11 23:29:27+00:00,204.4834697138914,194.2746998025341,180.61305458800658,171.6656770915936,174.64900173295646,186.99072748714462,184.64091994897814,177.4896630078874,167.6342770508264,169.05535144088356,153.78946495230116,147.71499555384844,150.82449319231165,150.96810182623412,,171.2389454034949,172.58749776328966,198.6579080627794
27,2001-10-27 23:29:37+00:00,211.5772277965544,204.56606071222114,192.5563354188345,178.748449275043,189.26077338887458,197.6006149811433,194.7199945500717,188.11694460299,179.9168676656079,173.3883334422665,152.31739475011224,150.97254128240118,152.33184413155524,152.61653068071863,176.2048755191543,176.03232609880425,189.68499484661427,211.8968033864039
28,2001-11-12 23:29:47+00:00,203.75783501794027,192.0585465509415,183.98461801985687,176.46354357214648,181.33870088963948,188.64714214753707,182.5528501681882,174.8493007779257,170.72188440511957,155.10508418187405,146.7003314130288,134.78160981513443,146.28322040795717,155.8186407097906,166.39766521936284,173.03110416057237,176.78321900851026,210.00741806436918
29,2001-11-28 23:29:52+00:00,191.49018804268124,181.32757910200135,172.36084658574785,166.00403558805775,173.7464961799516,180.2468317808357,173.73367032843487,170.2512701255878,155.25361234675518,141.69250013084425,127.69772766633108,133.29532915125995,150.8081019723184,150.9737364674839,160.0812908595227,165.6819201071149,169.4874054224444,193.71588839998685
30,2001-12-14 23:29:59+00:00,210.77000913081778,197.83788174102986,188.09518406399835,181.94279857179302,191.52521828906558,195.39548718081883,191.78272302613945,188.78232427824872,169.01768252780744,159.1588688958036,142.20963659526666,149.56583193956254,155.84098404596108,151.60503779785256,165.1482764314726,172.99280228465503,172.2236889807286,202.06756158588675
31,2002-01-15 23:30:04+00:00,209.31993625499425,198.30337687126388,188.45913270198812,187.87280966481015,193.54824514264087,196.79547827380648,184.66081742289057,165.75340574183397,173.41353364886578,163.6105530784754,152.03428770775542,149.06674086428703,161.07667560337916,156.09918308177086,162.2378908551703,166.57802947965433,170.93530224220422,205.22967402972048
32,2002-03-04 23:30:15+00:00,181.13970401779397,171.47368729463432,165.70750688646652,162.86268522839987,166.68068825328555,156.13470443405623,163.14843631552188,160.86619333710084,153.25371793320798,141.63187307689012,138.0169608570767,139.24304327423658,146.5482321963551,143.41018944220897,148.77522533940476,145.3872090222678,163.70040782417354,209.74052526671474
33,2002-04-05 23:30:06+00:00,176.43739153158052,162.90259015578505,163.39894856428234,161.24390435530773,167.2279971947285,176.79596746951773,169.14691899487295,159.3004486610165,141.65907600944865,140.33188611519307,135.69056144494164,140.01732306442676,150.44296553055065,150.41778824950535,150.847747857343,168.1115535720077,194.9380878210679,235.3950263995163
34,2002-04-21 23:30:05+00:00,192.653071619046,188.3795676162778,177.7850160608462,181.24827709490154,184.25374361021088,185.33665496266488,181.07214124847152,170.40209799417346,155.3291922388507,147.73469491745178,141.7772816405587,142.4827000500765,149.33109380312,156.86619343230694,173.44638175783345,179.75392531581943,207.6771947372028,243.01227957388508
35,2002-07-10 23:29:43+00:00,176.19143068200603,179.58129864450947,175.3450417579649,172.58036441300263,177.8341162241469,175.5775228009226,169.79117779516022,151.0727266579609,142.13559355928308,127.44636569538721,127.57015114961558,133.55844109763066,149.87503485451168,160.73724110581247,184.78271065081512,191.00560381275724,186.912573491821,210.08744543420636
36,2002-08-27 23:29:17+00:00,169.8608903951476,172.6381470105061,168.32871039516021,164.3179332235253,163.97193141728783,163.014662209232,154.542286896359,144.66781868273205,136.3046556389279,127.66804862030338,126.17260961697517,131.99915533624437,147.7525142149315,157.0058618002198,167.3765118170624,167.65997661600042,168.60950809817922,198.84305256557488
37,2002-09-28 23:29:03+00:00,196.02193234493245,198.64998824188308,195.14304283858905,193.00613312519562,194.33704901696876,198.2104291490824,188.67817994199345,173.79600506656686,171.63422302383657,162.22098428441677,163.43414984576333,169.43781881506038,181.47900627152632,169.2131716675789,167.5079713730201,179.45772896560374,190.63765499188835,211.48644411573684
38,2002-10-14 23:29:01+00:00,190.817109362496,196.5915895563945,188.85794091506187,190.60791360753592,192.27079320297867,205.45778010678222,200.922382714631,169.44267297034148,153.0556980230694,147.1086382982583,154.43423307570896,168.83143858968342,178.4029897832725,152.03086354614993,169.59244339122762,178.14226105621964,183.7017713997489,
39,2002-10-30 23:29:07+00:00,194.36353298359506,189.4767132952064,187.58330008823253,187.44857535127045,190.27049472147112,198.1636944381981,180.52113034809713,159.04882433255406,146.61527961372192,144.4273705062085,156.4113034063675,169.05436041456343,176.9060040962901,149.90618885497904,179.02628102525244,181.6272866821498,172.52350586799645,
40,2003-02-19 23:29:59+00:00,199.06360486112413,199.48580467227964,192.10273310731438,198.69871434467476,201.660912165389,211.32701670329476,198.42211656915646,186.35837953294345,174.22573902453144,168.99170864342355,163.28307110819637,170.24691052719422,184.16948411614683,178.49764916053056,178.4220242662346,172.43969166104918,183.24337679917656,207.83577656527237
41,2003-03-07 23:30:04+00:00,181.79095162745043,180.0157392450075,174.0104005531354,170.53913405362084,174.24179470740577,178.93327422307271,166.95711770161336,156.93039116040796,145.73994830416925,131.84452459398665,134.3285121330691,148.5467429567352,159.40740708619686,154.9284934502787,156.69849467850193,153.0776242415733,155.4129220383789,182.65756645000738
42,2003-03-23 23:29:58+00:00,197.18140577879285,192.77900702058986,189.3817229137151,181.09601612502902,183.1133962128222,187.98194909496277,174.4521004277995,163.69264404664187,150.50671168483103,144.162823698543,142.36826053842663,155.1029617437021,155.9778744327438,157.25257399536923,154.12286129492952,161.76895929552936,168.31426646472377,182.09780687857253
43,2003-04-08 23:30:05+00:00,208.04296491518903,202.4409098565436,190.71983081519022,186.4280388725167,187.06362100240253,187.59867521008658,174.7079137585627,166.5911831830744,151.9718214159228,147.48645751040243,153.59925796925427,155.6782397079671,170.9802746330929,163.00644125455946,158.68977649523688,167.22990086344274,176.27932050931148,195.92029808986504
44,2003-05-26 23:30:01+00:00,190.9126695306331,185.0530443349982,181.0594653005489,177.8792105925588,177.0133852128471,176.31421425428712,168.32909477335303,153.92413120404024,145.60786726791156,142.2276983899677,142.92432238459054,150.43823448904718,153.5546619225378,153.49844483803486,158.90670868330915,171.17618384133172,183.2966537740991,
45,2003-07-29 23:29:47+00:00,,,174.51990045410923,177.2544228740043,179.7428370860326,175.54258726820268,167.22520228654687,159.60307137756456,145.75156103916268,,,,,156.46753588337978,169.75132748289417,184.88825292370703,208.38145564929192,249.4958082485918
46,2003-12-20 23:30:09+00:00,183.138761590487,185.86750080751867,180.56978239402335,178.8112595511779,179.87632978851482,182.00559566970364,,,,157.79401932323103,165.45269052602197,180.82533937882292,195.34803752096602,185.71637350073783,184.46268028041902,179.9550625986753,179.09249049381734,208.96790845283283
47,2004-02-22 23:30:25+00:00,188.37160101024406,183.54840412433927,180.6996763346182,179.48101576706935,184.1470781995068,,,,164.3379415803882,160.78311307582032,167.9609382052978,177.05888592644766,186.95135642795915,176.53178009626868,186.63260722499047,175.13044632772568,,
48,2004-04-10 23:30:31+00:00,173.5071950734864,,,,168.91038514492755,166.84500638253132,157.97732822874312,148.52343777417568,136.9387645492272,128.94635594815125,134.17173209568838,,,,,184.25664610575492,188.71117863992703,209.49815584560724
49,2004-05-12 23:30:30+00:00,,,,,183.64395732995936,177.52783615674832,158.06137407725487,153.39887834706437,150.9263739526102,155.1894109857057,169.35790905752594,,,,169.89159724109524,169.7758828779144,194.4075563993262,228.04160062040634
50,2004-05-28 23:30:28+00:00,177.00403543972237,176.46235555382307,170.94647398444206,175.82967178881844,181.06347328253221,183.2385756004688,162.48455197034613,,,,168.95087647458797,171.99070400776952,154.9288861675016,145.43139349519572,150.26089391490828,162.75733513236818,192.37262933029137,229.82117815193408
51,2004-07-15 23:30:17+00:00,189.02259689992977,182.21136334245978,,,,181.51989825245874,163.3687254300931,150.5272028139877,152.18380611758923,156.79715377576326,158.3114690242384,159.67755800588483,,,,,,
52,2004-09-01 23:30:03+00:00,213.01727374296325,193.1205555485518,180.36855353068256,190.95290537839193,,,,185.88541194763062,181.78091109040287,168.2590182458647,168.21421483228076,185.77481212761577,197.60630069910346,177.8370577591387,173.64243362098114,,,
53,2004-10-03 23:29:53+00:00,191.99723877587505,192.39192109947723,182.55742540531415,188.2426229344636,191.95762138231225,196.2388025296553,182.35183124000565,,,,,192.45140318325807,198.9154521374924,176.9336953626606,175.1955691379451,170.12641835562607,180.71768766875212,204.0263103690179
54,2005-04-29 23:30:54+00:00,168.48849578489157,171.925040939145,,,,169.18252988996548,166.1017733844149,158.29151922610586,148.6191363895052,149.15509181720765,167.8188174809515,181.62175174008473,,,,,,
55,2005-05-15 23:30:56+00:00,177.36578440239148,168.38262197677167,165.58585805525075,166.2145425853958,171.42930695148775,175.8584286310273,170.0433255805385,,,,166.56462226123858,180.82349956080864,195.84858734101914,184.0120566420947,193.1523761951546,199.9447167800153,199.5548452829133,215.74946351585075
56,2005-05-31 23:30:52+00:00,185.7680293433138,175.4694868675747,172.17782009765273,,,,153.62383820677343,153.27255603375409,148.96081354594864,154.09572599658375,164.29381189983584,184.43814098937315,195.73601443387804,189.7022411959428,197.59663727183644,,,
57,2005-06-16 23:30:45+00:00,183.96297469087398,173.90545847037743,168.68686944260924,166.08342908700678,172.54509271217074,174.5192917148682,165.63059333243717,,,,,186.35564859059565,208.54103359527713,196.8005360943285,195.39832754717884,182.37616413206362,175.8979461570048,185.6114494030719
58,2005-07-02 23:30:43+00:00,,,181.2871534098115,176.4476074764217,180.50601029549404,179.7545168593866,175.8612496546193,168.61316465291742,163.98053033684195,,,,,198.2547757017951,195.85264334516404,184.9425517196822,173.17108834501187,186.74033618045422
59,2005-10-06 23:30:18+00:00,,,,201.80660581519498,209.9947883826144,208.89456091108983,210.32440195065874,211.49048353524017,197.74869366665584,193.09305996587665,,,,187.03797373612542,173.78660770415948,167.87471103602596,172.19476438812998,201.18563290191676
60,2005-10-22 23:30:33+00:00,,,189.3832717467909,198.00350248252607,188.72108282505644,192.53748647988377,194.9790553970395,193.92958938338356,182.31298092372043,,,,190.92248791275097,165.88513196354805,165.6101346717552,160.61176419503676,171.2529696915531,199.00055628897996
61,2006-02-11 23:31:22+00:00,189.41278500564488,187.3537327737428,182.38695900489677,186.4454586140642,189.65960887070244,,,,173.99836235173882,171.41384144182135,184.2733269652192,191.00718747366915,182.94064781857304,160.19131627610486,169.37280550105353,172.1911413866025,,
62,2006-03-31 23:31:23+00:00,178.9274366829269,179.7581590695427,178.82927045790473,177.55236735421312,185.5813302575263,184.9873377437924,176.28463247101047,,,,178.6278018929477,189.93813130318628,193.58201996092345,181.88871411360563,187.47725545238922,192.58464141740617,192.0096310370307,241.36683865367968
63,2006-05-02 23:31:22+00:00,167.69145591397728,172.40638475110958,168.42792067541563,166.6594741584958,172.91383748212212,,,,149.4926238371891,171.20016073534353,184.38210427679212,195.49456681229842,206.00092514742218,184.36384452201955,180.19497376566852,170.1851129056942,,
64,2006-06-03 23:31:22+00:00,184.26377533142377,180.25347399508468,189.71842085123015,187.01468696067712,183.1046804454276,,,,,,210.612633569185,213.09510199248686,208.88868000512335,179.80784774102165,170.93394663671754,168.81430572840426,176.49699301259298,204.31404679225963
65,2006-08-22 23:30:58+00:00,185.95057043059253,185.18270725059014,182.5068936659402,181.4763110969748,195.19782047486078,,,,166.75696427360876,169.6723443911235,176.20196434773973,188.12573241372922,193.52287236969963,174.89357209456304,170.82902322217544,160.92349952558592,162.98084724990434,
66,2006-09-07 23:30:54+00:00,195.0628599588854,190.1691848542919,,,,,177.6739042510824,180.09935457283686,171.98242628015691,177.8914051369517,180.85900737882457,191.95547434923085,192.86039322157325,,,,,
67,2006-11-26 23:31:22+00:00,187.83884794798118,178.51208140053018,,,176.6545831265062,171.51271323930493,175.5062502616789,174.49453268593732,174.9133344927771,176.83706286339418,178.9555458109741,184.55846419740922,,,,,176.66176491314513,202.53859921051014
68,2007-04-03 23:31:51+00:00,185.35425703332564,179.4591140210218,175.85162587414862,182.01681081844893,180.74969880839416,180.76621980131557,181.18049139507107,,,,,168.25196209177338,162.54373388258725,152.60949485568895,173.47477071176922,166.74447347650027,185.72670563442753,218.90968541256436
69,2007-05-21 23:31:38+00:00,211.03314409118437,201.56918963320047,,,,210.12451466629173,197.57054225512175,194.41944033820914,196.54104135265416,199.96458806341775,186.24569416495038,180.11436151458818,182.21173033564503,,,,,
70,2007-07-07 23:41:13+00:00,,,206.34830542889307,208.7200873512271,206.51216204263883,212.60440535542364,224.3590821349146,,,,,,,187.76943379343038,170.86570969292242,153.0382991491103,156.1472476713866,177.49707058087586
71,2007-07-08 23:31:32+00:00,222.90101386186424,221.54560678141226,213.30784169258743,210.26099504049154,,,,217.20426499754203,218.1009913489315,,222.21395922222524,,213.25944355729794,197.72318072742542,183.5527784914018,,,
72,2007-07-23 23:41:05+00:00,,,,,,,,,,,,,,,,,,
73,2007-07-24 23:31:28+00:00,,,207.6484654417294,204.60892035780037,202.95225439681099,204.03009028168813,198.91963239001706,195.8192965185362,202.99917642990226,,,,191.8547853166101,180.08635916540294,167.94782429597797,160.0554381205034,167.5794863557039,206.25170810003948
74,2007-08-09 23:31:23+00:00,230.18112014159888,,,,213.88482917398338,216.6776500519363,211.07526816470656,207.71310210768232,219.41266724464003,216.9602379664147,196.0659896298702,,,,178.73392961405787,161.36190057873796,171.13482953567672,202.4252228114309
75,2007-09-09 23:40:38+00:00,,,,,,,159.65725278835964,164.0554563291129,156.72034755044535,157.00632538210706,,,,,,,,
76,2007-09-10 23:31:09+00:00,171.54971013171652,,,,174.18677205780145,178.1278521252715,175.9608196722588,175.98749134111023,177.2985348882865,171.32586532388834,168.69525735956623,171.4757752270536,,,,,179.9880059545759,195.57712576591547
77,2007-10-12 23:31:04+00:00,,217.55746216189965,213.7278195955389,206.49573772696843,208.39879297944427,209.65351141685133,207.00385763715025,206.64858987252083,,,,194.07613752248656,192.85561724449818,180.3562892325696,192.79838081560507,196.67113889038586,199.80189112456503,204.11801646010147
78,2008-03-03 23:37:45+00:00,156.87399381539757,147.94089242589618,147.83961281088747,148.20703673173173,166.96252392218122,171.3458991901481,162.27470997164906,155.92068614143767,148.7945658037601,144.02698016264117,151.33925472226724,155.0878555655903,161.93117274532025,160.29135149642357,171.18019662691248,186.7409251313587,,
79,2008-03-04 23:31:29+00:00,159.79786882189686,149.1580285179959,146.9088897264476,,,,,164.88088198586394,154.0051736342845,150.52586192616513,150.9072615517979,152.4331464682873,159.43035462700053,159.89456304093127,,,,
80,2008-05-07 23:31:21+00:00,187.3995477492384,176.25349484305127,175.27539594677998,171.88323883102308,184.11728605374415,189.39959434087277,180.21577587406605,,,,132.22398573701284,149.43316718794233,186.14123763303647,188.97761444959184,194.01536541644623,194.99406382221832,226.28772823748002,261.2292574598965
81,2008-07-10 23:30:46+00:00,176.77108826707965,184.68399112531822,184.89185277577658,175.89539487094572,,,,,162.24065999732656,161.20589396161986,166.19069952665492,172.25476008987042,187.7103161346512,180.61994252036786,196.13295931771182,214.09558538398585,222.6349548950931,
82,2008-08-11 23:30:30+00:00,,,184.90586382496053,184.31128762808086,185.17610980532632,186.26473067047647,178.84925869578817,164.72063799410458,164.86646009310348,,,,,176.1758273884942,209.6590374893906,219.29513005873363,236.11879425509042,
83,2008-09-28 23:30:05+00:00,161.81285870981517,175.7130155357897,173.8714225576801,170.73830673274227,174.2386204711533,177.54805391338766,170.39816357379252,,,,167.6294540975291,182.8357017887876,191.9901671011006,186.86185000504648,198.4859426504539,211.97694721021557,220.18680324099782,251.36832839938347
84,2008-12-01 23:30:40+00:00,,,,190.6591276222494,191.93684117364364,198.08652208980288,186.8593031993843,180.44756731197006,174.89237451049624,168.42034151158003,,,,190.53677482391683,206.1273759786018,217.07620412946196,237.20752904387896,256.13129692059124
85,2009-03-23 23:31:32+00:00,140.91611757991302,147.15410736809886,147.35045220475138,146.16351027953473,150.3441848296306,156.4514060056029,,,,133.5393862611972,141.6665767955858,154.9977646537534,175.94197987819115,184.58263518704902,202.6142983390266,193.39358004056976,173.38630399294001,212.25037151524978
86,2009-04-24 23:31:42+00:00,138.15127617057848,146.77878475944456,143.9519966451314,,,,151.25417428645991,141.30586182483782,124.46820242646078,127.879311574999,141.47362090711243,159.81309915199748,180.59146852227823,185.03467828772213,208.15050215431705,,,
87,2009-06-11 23:31:45+00:00,,,164.22805795656896,160.16093009903204,159.86972656689468,163.48162430600635,162.54270526888146,151.7187458490875,145.61979844801576,,,,189.49308796950655,199.28131390903383,221.66954713074793,215.35431171712105,210.26017292817687,227.47701409301615
88,2009-06-27 23:31:43+00:00,167.1327430230452,169.17854401359537,178.73858699356546,167.36758271418037,162.2590422500813,,,148.02964608681162,142.4069064511497,161.86920989669963,180.78417375478855,188.11454962936835,206.47447631217517,197.0376156767602,215.7453650649435,197.4812038451438,184.94372715688735,
89,2009-07-13 23:31:39+00:00,,,,161.68700539026048,154.05026456721856,178.63363829677536,152.945815976274,142.81053971713965,147.21186939702784,147.36467994698035,,,,,190.76873070312956,181.76063325243769,171.40087213046803,185.80080449488386
90,2009-08-14 23:31:29+00:00,,,163.130833182507,161.30580751018505,168.84556249637592,173.4664508696972,169.7646565038997,166.04366452471305,164.09224959334912,,,,,212.67584456612778,205.60677246468015,184.61127919084498,178.6686190893103,199.1270951605713
91,2009-10-01 23:31:26+00:00,185.4267264398697,181.12810754160924,177.87154982522998,175.26991339869477,182.06931443980596,,,,205.45771918051483,213.89243317536045,219.9098628828865,227.88097223653898,230.798068515571,206.88475635112528,193.23634442095613,178.2286835305807,,
92,2009-11-02 23:31:45+00:00,195.45322439679404,185.73292139380115,176.47270569509962,174.66176641324247,177.8527964343358,187.17319660306572,,,,206.4637223372424,209.98461343760454,208.45099693528292,210.33038927391115,181.2595301817002,173.28408306096867,160.70723839691576,148.15097425231912,170.8423443822162
93,2009-12-04 23:32:09+00:00,,,,187.103597882987,190.3349591328781,203.91601879495514,208.51434529231432,212.251886286971,202.08159029352177,202.17388223106852,205.24685181933162,,,,181.49588475726208,164.2386020935305,154.09675698003915,182.92684931752666
94,2010-04-11 23:33:32+00:00,175.5604263180872,,,,170.00396468533606,195.23142404054002,193.09539180239696,182.36774097875735,175.9456141010871,184.02999724230733,186.70294289807742,201.83671707911728,,,,167.7016033521669,168.88653550640635,195.3780286402484
95,2010-05-13 23:33:27+00:00,174.0861360217409,170.1545618447308,170.0045505399581,172.79115742342447,,,,187.19994942433817,189.01506116283818,191.1164801742978,196.0071270414571,198.3839766637028,204.82823057625006,179.37975565651251,175.5149140999412,,,
96,2010-05-29 23:33:27+00:00,188.61494706029993,182.17280770126283,177.93738639644957,186.2876850990602,212.2406301767387,219.7916222599134,,,,198.22848753433374,199.10809917680007,199.9792013016807,199.2710111268874,186.07420372243456,183.3183705294751,165.01593956605507,168.64490265060135,185.47215812593743
97,2010-08-01 23:33:32+00:00,212.7578763112608,205.3071235110193,195.79551826730065,,,,196.46465527022113,187.82337804938587,187.81836671627397,202.47612863255247,205.6002970050757,206.4541821916775,208.13741516718454,194.59172044815216,,,,
98,2010-08-17 23:33:33+00:00,201.2007278308326,,,,190.82707945957958,202.23918917921935,194.52758727919507,191.97381985308442,192.96103825402056,192.21042681336706,203.75796835351395,206.6517979981526,,,,177.52209755837612,161.04443293083264,167.33102789625386
99,2010-09-02 23:33:36+00:00,209.36118421444996,190.70581695064874,185.0117735645196,181.31626759942935,201.7593784280303,210.58098482575556,,,,193.86662240044325,195.87326597860124,205.97414539077118,205.18814957851228,183.98135864107644,175.18447912527705,166.95980788022513,147.1490214580285,
100,2010-10-04 23:33:35+00:00,188.71317049252548,175.19930732108392,170.61704660891183,,,,180.17358946515995,174.7524588976276,170.4302910628831,176.84957006536115,175.50494671356344,178.56814841124657,180.70906521185097,,,,,
101,2011-02-25 23:34:49+00:00,152.52605170540693,141.30546171772545,143.36486175557368,143.62278143871225,151.25288630355678,164.46527093700269,,,,145.9400973209072,147.51221943128962,138.59667886919001,132.93211192774112,102.67580771642727,120.56514945415866,140.06949437690466,142.2031841289439,
102,2011-04-14 23:34:56+00:00,190.67518031135884,184.9616514426951,175.81682727579846,,,,181.9727063037842,171.861848712315,166.3154013787301,164.91238134088573,153.55276557196106,155.87003317542136,160.63774826380313,,,,,
103,2011-04-30 23:34:56+00:00,171.29769297450264,160.51425281505024,164.86732128381848,162.43224713050296,166.3721937013623,166.4900144718575,,,,,146.21051317340493,143.06237932134565,142.45527950089283,139.80280459946084,140.54992358988443,123.70820805512768,124.18340855722495,155.06987475238066
104,2011-05-31 23:36:59+00:00,,,,,,,,,,,,,,,,,,
105,2011-06-01 23:34:55+00:00,180.03165833501365,177.13570012327241,175.8475176372519,182.30510534940254,192.12345787407583,194.68833361065364,,,,,149.99661665852332,133.5231635502656,144.63366350813942,143.3773657275141,119.57643495155872,114.70166975074352,132.73086327997663,175.8781983581377
106,2011-06-16 23:36:49+00:00,,178.13702466820484,180.68433331794844,180.57055638326094,188.00590851443476,,,,,,,,,,,,,
107,2011-06-17 23:34:53+00:00,199.10591981507682,190.284150600211,190.86231488276167,,,,180.31876106853932,166.8786129175276,173.55910586183526,167.41775418075474,166.1581141869801,159.09415119474292,173.98530641391966,,,,,
108,2011-07-19 23:34:49+00:00,,194.67044215104724,195.19364114100534,194.30836381512998,192.19912320263134,200.4079873699476,186.68754464690025,179.0583920932143,,,,183.75841090518102,174.01322986899345,131.86098128375676,122.42900915258319,144.49598861404655,162.20737018835925,189.76215252068755
109,2011-08-03 23:36:25+00:00,,,,,,,,,,,,,,,,,,
110,2011-09-20 23:35:55+00:00,,,,,,,,,,,,,,,,,,
111,2011-09-21 23:34:35+00:00,210.49697586227927,199.56846352899876,,,,200.62964785569636,196.28911657061022,177.43074055563363,173.646704667245,185.51017928418324,179.56760457577786,192.15509592796198,,,,,,
112,2011-11-07 23:35:10+00:00,,,,,,,,,,165.7391890026908,167.84587677902977,169.69306843817947,154.99952701702696,137.11991548710856,,,,
113,2011-12-10 23:35:06+00:00,,181.65341757590454,175.2479537870723,174.62147807156242,176.98352717546106,183.14685830318683,174.57397186362002,170.56149218752012,173.6200554952899,,,,160.45796795184336,130.1117499639867,138.52501577828235,152.45181026376326,159.12980249230446,192.65896086089242
114,2012-01-11 23:35:21+00:00,179.58420821336577,177.33129678977352,176.25067400030815,171.177085400972,170.57149772925015,,,,165.2524517715784,167.05873399979518,163.56520613886306,156.00277761327308,143.24303693502011,124.37480268452069,143.3060374485427,154.77779041124052,,
115,2012-05-18 23:36:01+00:00,160.24973421416328,163.63804868697977,159.3515884348604,151.587379768627,154.92276129851095,157.61314205787352,,,135.6265121109464,134.19819342859114,138.42620702112004,149.93426164179894,158.4563358330819,161.76069882078698,174.07768643633975,180.994127052707,184.9458216544708,227.28279022081233
116,2012-06-03 23:35:40+00:00,172.501247108716,174.66446278304647,170.24735581635574,164.6883152963269,,,157.94630320874376,152.34996699180758,143.22330207632243,142.9174046837168,149.20478160522453,155.8531826244382,168.56967045359468,167.21238879021882,169.42162103777693,,,
117,2012-06-19 23:35:46+00:00,,164.46669739769555,156.33147524816982,157.8264278348713,160.34779490237037,168.17420088658554,160.92495367897718,154.25339044545623,,,,155.5573250162962,171.3743260764882,171.21336384473548,178.6110857965435,188.45152527770148,200.4700411882199,254.77569771361874
118,2012-08-06 23:36:21+00:00,171.47790181057152,176.26681161103315,171.5806642401893,166.0145342670539,163.57248463731608,161.14514910934514,141.09574089519816,,,,148.3666355949103,158.37335264969516,176.00482533462394,177.34947266213237,194.13995564426733,187.69865079024038,244.44104678198613,291.3015190560094
119,2012-10-25 23:37:09+00:00,150.13124673096243,148.69126444534908,148.75362846704724,143.90403297790203,136.51826171794215,,,,125.98970614679006,129.7063647341352,137.6842610633975,169.05865714585397,,,221.95137858276365,211.81072198672837,213.06707068171886,226.70335109864192
120,2013-01-29 23:37:31+00:00,148.4133819014753,148.7070898171878,151.39441114871843,153.45699757652778,,,,136.02784766800687,139.09419838153153,137.13955667635372,142.09997352161972,161.73594446280254,180.70322621013355,152.75223892340242,179.59672179930536,191.55912919818886,,
121,2013-03-27 23:45:53+00:00,141.198620531901,156.68892215989902,153.84697185071838,157.73094951454354,166.4999717962516,175.7006218699572,165.0756768013358,156.53614716961542,157.02689298732764,155.252859798598,161.02490042371653,189.17874519783933,217.17948167060877,209.39877390576308,214.99687204940594,204.2483693701379,197.50990128504404,204.41177134511528
122,2013-04-19 23:37:16+00:00,,,,,169.449586110585,176.35095060214127,169.1069294244053,160.25474411924986,146.69475474482522,156.98650907820263,184.0938170015715,,,,,208.11866863785693,191.88540452723322,200.15249633428218
123,2013-04-27 23:43:04+00:00,,165.8865284569075,157.074250029667,163.39942029444342,175.53027688258038,174.91325667635812,174.59662826644345,166.53566860709506,156.56362652826965,167.4517567271009,194.53466135801895,210.35708267157773,225.61867784516087,211.37982747713946,223.73149238910898,210.35731017225962,194.59716456951793,203.2431480065693
124,2013-08-09 23:36:31+00:00,173.6515005660195,177.41096990290606,,,,198.19834535875248,188.93671185414712,185.10839548970318,177.78884766353798,191.75694205752143,197.31865225346525,211.7704274762466,221.57037718153762,,,,,
125,2013-09-02 23:43:21+00:00,184.94881861897653,181.99804792333,186.2481099944253,186.47551413340207,198.72966930258997,196.64111414796773,186.1316174008408,177.21726718220393,177.9579670074803,191.31161772063757,208.08408485635647,224.19731117461868,237.50871110363573,220.44097683989364,207.66745496565596,180.5398971704184,161.1204314492408,164.12766723317995
126,2013-09-10 23:36:55+00:00,198.09243979293322,196.4984352996675,196.5966176858483,199.05504750953114,203.88321700128017,,,,201.16833425045957,204.92984365528434,219.86928434424377,229.74639572536665,244.5266858585021,228.43209589305158,206.57499743633704,185.12169590908493,164.93166527993168,
127,2013-10-27 23:49:13+00:00,,,,,,,,,,,,,,,,,,
128,2013-11-21 23:42:55+00:00,197.78672864355988,196.74146280877292,187.0673978824855,193.85937661280275,194.42418847719063,201.43233948785348,208.5449843107544,206.9053791230881,200.62521177525872,201.53995997234023,214.36605323090237,211.39421065427126,218.41035715475465,201.03369158961166,193.35157367554322,173.22637872474752,161.66747086238726,159.93678857549043
129,2013-12-07 23:42:56+00:00,186.32384851573573,183.50496775258816,177.49207297214008,184.03293177823113,186.65293064015944,189.98607496605555,182.30072997707197,181.1290450097201,184.91796874988088,194.31773837328655,205.96047015486658,203.72865576927097,209.9365748079361,196.02745967732818,186.32613867743197,166.39340705242273,156.45177169026056,157.2349584811692
130,2013-12-23 23:42:46+00:00,192.86703659790473,191.5549783849705,188.36376925986877,192.4059026796925,192.8872430731815,196.0404177113099,194.83040872894196,188.20946002712247,190.2241142933807,203.91774529362993,211.74998630707603,211.56940594196035,220.91791976381847,207.0119013663366,194.03551323510175,171.76594432546665,163.00118431455556,171.3511505137201
131,2014-02-25 23:42:01+00:00,169.70468168975697,170.10519310770007,171.4188607415608,170.9807504656737,176.90509781843815,182.73559571461323,182.13600973972177,177.80149285229896,176.41193665048172,176.53656441342773,180.85776931166274,190.8359696730315,195.80153808612368,183.25072846915384,187.31800180837828,179.9121188618857,171.56875591086418,184.46280254562262
132,2014-03-13 23:41:50+00:00,171.06809645792026,172.34787035213398,174.31229113234875,177.785317547492,180.51642498466322,190.94275900376232,188.4145573378334,178.77765729023633,181.81480030199884,181.02953221663313,180.19180285935977,184.43496831902988,192.28802609816796,182.6625449275383,190.08229576588758,183.9704155240538,172.36106903954226,187.41061075710135
133,2014-05-16 23:40:51+00:00,161.24609522868064,158.3978057237871,157.37763337622494,164.06691612455788,176.59067032025197,178.82909623321544,172.46707441548358,165.13593750817128,169.40676781022546,163.20291175530997,167.86831073239853,191.69265574370684,198.30240693128906,183.5918686781116,188.80671759333524,185.33074563634517,171.74509759981106,182.25085730115939
134,2014-05-24 23:38:41+00:00,173.61745084339185,163.1476679835027,162.57514654775912,164.81778203103457,182.44229370542257,186.11182695426862,,,,176.7271541889103,181.03148900598097,197.93681867437485,208.23325495306145,195.163668044243,189.17689035535713,187.72101195680784,185.38374808375605,203.32376702416477
135,2014-06-17 23:41:02+00:00,174.51825226954634,170.26699750515957,167.7303854870828,170.09786069873348,180.99401030239588,197.4010785306859,192.18292330804812,184.37546682898395,185.9513105471156,180.17396165431083,186.0451080866093,193.97178357115118,202.53081318055416,189.2462915015095,189.70273359735532,184.91209990794036,189.72040219169656,193.93100603219483
136,2014-06-25 23:38:47+00:00,,183.77192150259458,181.24087959636014,189.86261300658927,208.85588373019672,221.25134305743637,215.80394239343244,208.23679862293613,,,,,213.87234005645868,203.79422573470006,199.43097279312613,193.6415244226365,192.56084992705303,205.24547113787781
137,2014-07-11 23:38:50+00:00,,192.65127444961928,190.78655403082425,198.06364486904067,204.2407190941233,226.70428059724796,224.46059013305776,212.5956881790228,207.30545797683368,,,,200.5684878621603,193.2802767557374,191.45959441617197,189.1847389244856,196.68615513903262,244.0631981329862
138,2014-07-19 23:41:12+00:00,176.22474896103085,179.27107338925808,179.4955399386538,180.80717282514797,190.2561021920385,199.72086021723723,188.22235825572315,185.66250313314364,181.6817260995714,171.81598094943,172.89708709570067,182.1367250937327,191.03650442021421,186.75230143426305,184.86616568151786,180.48660209016208,210.90901853037482,229.0429265839292
139,2014-07-27 23:38:56+00:00,,203.57166135686455,202.6443102215348,207.91077308278224,210.447811280195,225.41195656270824,218.00575151334667,216.50361573954348,,,,,200.04055743682994,194.231437608774,197.16993192607993,200.39444275222846,207.4973897339622,227.9422802770962
140,2014-08-04 23:41:19+00:00,176.91240852343,186.28307685732614,187.21108548520496,187.2371699097905,193.40156103645205,199.60284832419916,197.1981191844313,183.54447859005336,175.7079796665664,170.677749650203,174.48117663430537,184.15051594866816,190.45913899119,183.23402835044396,186.6022734186014,206.35239972415084,212.9470090092068,218.44527897081468
141,2014-09-05 23:41:27+00:00,147.77941870489138,150.54233751350742,155.49273298745362,163.87488655478904,169.5940297687977,178.7230784858,170.4947119102521,158.45760979534106,160.12503033430002,159.53598568389722,168.12114642364355,187.37707524392076,204.21163221319338,203.06006344531474,202.7503738416759,203.68184731872958,207.14280148584032,220.28147703741968
142,2014-09-29 23:39:09+00:00,178.17725353583936,176.50245684668073,177.35813825856368,183.96186456504952,192.7916748657065,,,,194.32060376779816,185.21957858437193,196.50774485563096,210.01359967595604,219.65554850334226,202.15392388253218,201.30251660985815,206.03857743755046,,
143,2014-10-07 23:41:31+00:00,176.10148338838923,178.25740219129565,178.6259780123112,183.00457072249475,190.21009175004895,198.02258516497648,199.9133323009467,192.36402188640912,180.87394173917914,179.9830537387905,186.2914316522095,197.8187848637728,205.40716225196834,192.5859415652887,197.09400636136533,200.63274810787522,203.28112313669138,217.95278138087963
144,2014-10-15 23:39:18+00:00,,,182.88927319670802,190.13338678271805,197.20791635152978,203.71790643161725,205.18608984571975,199.29883174230352,182.36279857386043,181.60534071683298,,,,198.64488587891321,197.7076274923808,207.50817064794063,208.24723915012027,222.83857753426037
145,2014-10-23 23:41:32+00:00,176.2980089709948,173.27921428368396,175.77507209545143,181.7240265548865,187.4784489974774,197.32008826179242,198.47729882700875,181.402855561439,169.56044931985346,174.53317351420372,190.27844661796075,204.28626575457832,195.94718842009627,188.74331872175307,201.42210061541033,208.4595584495601,207.5872582454891,219.09739273715974
146,2015-01-11 23:41:22+00:00,190.44949181575353,187.94669201898668,187.7523991459441,185.2020742338189,192.0176465791557,197.0682731942203,192.03769095203387,187.2579949605989,188.28253326986456,186.94998970530224,188.14631019928484,193.40807684461623,215.4525503457905,201.6413637645895,198.68938701822051,200.4783953627395,213.11537041036942,224.08826955934703
147,2015-02-12 23:41:08+00:00,187.44683325457328,180.2075041259764,187.0109402318085,191.35635402797922,194.89664738311973,196.88094730434057,191.28420287918763,176.98162265144308,171.49559720411057,173.52744154892855,182.156781308927,196.61614473860251,208.6342267048902,201.53604216284407,207.11564724950767,207.4537910889678,197.23567747875603,196.10638662188123
148,2015-02-28 23:41:05+00:00,186.70544930817908,183.59020493377042,184.01305401667796,189.2198784123875,197.06949679056498,194.80146028027048,190.22487575398674,171.06294428132404,164.18217613391388,161.03187108459701,170.33754699131603,194.48067007673848,219.0956891775073,218.21155297622414,215.86334695980182,201.18132221156142,190.1184038525606,197.3209092148038
149,2015-04-17 23:40:42+00:00,189.65285969390206,186.56059092028585,185.58703717205665,191.33381678524412,199.79073508676896,200.49228784170435,197.9395581419809,188.84346934875626,182.25461816836247,174.29202582990777,179.37280474273973,191.8463554069491,201.65681235077102,197.18375729921488,201.54442594868647,191.90648822329032,178.27435366786096,182.77650706493688
150,2015-04-25 23:40:35+00:00,,,,190.49549485774583,200.70606835762453,201.05026139331707,187.90762066317097,187.56263909516306,180.41255087621536,180.3903804251329,189.43535861821357,,,,212.70004467385024,193.48778458701148,175.66007165502998,186.83748412293008
151,2015-05-11 23:40:44+00:00,,,192.0615816825402,194.20418216891926,198.6954156610379,205.39837234394798,196.68934319223024,185.09675024325074,184.02040867340304,,,,205.33818558201884,198.28017396476486,194.40735881658352,184.99002960220315,173.3049066154376,179.44553117632202
152,2015-05-19 23:40:22+00:00,165.49189484399932,165.5096691290508,164.81882578610816,167.57216844773558,180.11323002162266,179.41826768556757,176.52522714025963,174.6322492842448,161.10890680481643,150.97003527245948,151.60488694329453,159.18727840257623,171.1192019248762,158.92749738231626,176.57529938688964,172.05500030530928,157.3519473850964,173.2469917211444
153,2015-06-04 23:40:30+00:00,170.64760961482233,174.1914866315721,176.91108392189258,185.77005200538133,187.73519981247185,186.25373916090604,181.93656763603138,177.79941787865275,176.41440595343863,164.55186630893982,164.3239429682838,172.52897557086135,185.51693973495313,181.53477687193416,183.25265340012467,172.05971845920615,152.89195431744096,168.88187373554572
154,2015-07-06 23:40:47+00:00,188.59597637910827,187.87048606103235,188.31041587158242,193.06297610306663,199.9140339966648,196.76361821553846,205.84815961873667,196.724261862234,178.62737031955106,177.43138629255307,184.3146399505108,183.91680595888988,186.5289310598846,179.29635872782458,176.02737833025557,170.32314974994148,168.24365774088355,172.19517405318012
155,2015-07-30 23:41:05+00:00,190.4157894448659,,,,198.12225114615126,202.60815352951923,206.38192451163414,196.50594560072372,185.83072083877852,180.0295584605946,174.2740900287615,175.596629075778,,,,,169.59621194525303,
156,2015-08-07 23:40:57+00:00,185.5135773262387,181.6384849359453,179.40106043925036,182.75410053624344,191.58926497068043,203.98810117630967,200.56180545361556,191.10275492094038,181.9009975562474,172.2470851049003,171.5895050512429,174.0755666521104,180.80833642771864,168.62199286919042,166.8081985345533,162.92495295067056,158.91302236966106,162.90632437412881
157,2015-08-23 23:41:05+00:00,212.00815138837103,207.08844402293434,199.6943613366437,205.91641049227496,207.6765555663523,217.75137673378492,215.46161050495022,209.83871392980373,198.6426301979289,189.31651519082232,188.86033191487078,186.19639789624787,183.11820732363242,180.1124909415655,186.7646263322058,173.15966624596547,166.6120365868903,164.5243529560118
158,2015-08-31 23:41:09+00:00,203.49671892004915,199.74217824955107,198.0689551765906,,,,211.07477915246415,206.2182604959006,195.6860109841238,191.24229849695396,188.8995367729241,189.31266412590347,190.1613919946954,180.85127195954482,,,,
159,2015-09-08 23:41:11+00:00,210.25398738944511,201.38474326200532,201.07630867131482,205.61884655572675,206.5709188913441,209.84892427471533,205.40886924801993,203.2849263178295,188.385620793225,187.99023940499265,187.39426421810643,187.19672244711856,186.02897068028554,180.4850085757663,174.20472747604018,169.32607201362973,165.281742421214,162.57325238118327
160,2015-09-24 23:41:19+00:00,172.03037819951396,170.7741361886981,172.43175888794997,174.09152341447634,176.12986696585384,178.49007819012004,183.0026691147665,180.64664992034028,170.58591624505272,170.40292685187282,163.4416723784081,165.81642481080317,170.8816349976675,166.37821821355323,168.21461236780854,163.10821476273014,157.83017516090283,159.34209660431483
161,2015-12-13 23:41:26+00:00,189.88518677236806,186.57927850989603,184.51648657343677,184.38767076420945,194.00491864677065,198.91191327113947,189.18207873927793,193.6019624199903,190.71783920476543,173.16969799956857,164.59000625059366,166.29427046235674,171.44666437002138,167.52316079643157,179.67840456412102,169.22647578931006,154.29226681052387,164.76602788376783
162,2015-12-29 23:41:26+00:00,176.74952490355466,175.24913918091318,176.72474864862915,174.36282887127518,179.44001796376565,186.7052588233625,180.1942744767114,183.62810252055823,172.49615726500184,160.32769594141146,154.77318281099951,158.30961701305446,172.4457965885072,171.91038496087694,180.5155305836878,166.62779469507188,163.71257261566794,168.9567305502193
163,2016-03-18 23:41:07+00:00,163.04736028216118,164.0905319254001,168.12169183365395,177.19340963064485,174.42396708552326,168.11500209591938,160.2029970940147,147.20550520097217,143.40496028308633,151.3315594202845,156.2529246199428,174.79998352792333,188.84412179974822,188.76945849914893,197.36143906350196,192.52106991449196,215.4159346318579,
164,2016-04-03 23:40:58+00:00,166.13898641911308,170.64909416869898,178.0040265868119,182.09699850323983,173.45594827046372,168.8403962632738,162.8836542761356,156.90814545760526,147.80613895511212,151.5143125671073,157.83435883620865,172.9501980180866,185.5717969628422,187.65239331124747,192.5027841510314,223.6681343017824,,
165,2016-05-29 23:43:48+00:00,182.40166111950285,188.90090820057418,188.37281488918478,188.8879987435075,,,,175.87221733405036,172.78456113586128,171.333447750581,185.5302233163014,207.2314496091425,,,225.19092469415173,225.61092233092856,,
166,2016-06-06 23:41:00+00:00,175.86118792908914,180.22006846053844,180.35002037319921,186.8037574075951,191.01755777037874,189.69149589861968,177.6433595412117,172.3251352984527,166.8360205684531,164.50202401597153,168.2877706147929,181.56161635032842,196.1169837875793,194.92355039042843,204.49699078977045,200.56317494723848,195.0553957435805,203.2910029262308
167,2016-06-22 23:41:05+00:00,186.21876322364972,192.1172305546975,188.68934379636823,195.02969155446198,192.34426992740885,199.83353890658663,187.28477425754167,180.7291249767997,170.16986285495727,171.27334297100526,181.7691941977664,202.9670883336026,226.1031567195532,214.81591573107195,206.44689233409485,199.80184731093289,208.74886114140497,227.46409319239888
168,2016-07-07 23:50:03+00:00,,,,,,,,,,,,,,,,,,
169,2016-07-08 23:41:14+00:00,176.4620324738844,177.26428346039967,178.46403903595981,184.29331625108262,190.0660273338473,192.24355397328816,181.67861106247432,177.62975186581144,175.3341885918441,171.15125996873306,180.44885093196027,204.32510207644918,216.43118908967125,201.45497203497044,197.93160257375925,199.83053677478128,209.6626887999526,236.19057101218243
170,2016-07-23 23:50:05+00:00,,,,,,,,,,,,,,,,,,
171,2016-07-24 23:41:19+00:00,175.97923225259063,181.35923750544427,190.21873489868295,195.52222170397187,192.58355935443777,193.72444491282027,185.80418640519142,177.68038437281584,169.8777504209095,168.12488288637383,185.18229378449374,201.76993823558325,218.9422616619479,205.42031524624315,198.09262180934127,207.23647150049598,222.79121563480808,234.62211506960526
172,2016-08-08 23:50:07+00:00,,,,,,,,,,,,,,,,,,
173,2016-08-09 23:41:21+00:00,174.163583227007,183.1114258218423,190.343660257396,189.61996675334956,187.63223650569282,188.94110340215371,177.97274791134555,167.31616342149073,168.49211103173553,172.9891375850425,181.08376980373052,204.81435356974316,221.0629468989915,200.438562865486,200.76942263504813,215.19855526943385,222.97253143784738,236.67072229373676
174,2016-08-17 23:43:57+00:00,,,,,175.4723652456819,173.5415196579815,163.18089250666515,165.22019182645258,157.83857563916874,159.71738967859483,166.9421138163745,,,,185.07032013520939,198.38920846940766,205.0096284576047,216.6119512624735
175,2016-08-25 23:41:28+00:00,170.16550505524026,178.847847555033,187.88925746366783,182.4986397755336,174.51546910379056,178.55505607764042,173.24243874557357,170.2464217949407,159.57827998813136,168.294254277553,182.1543227855293,203.86516341171472,206.58242616225124,195.94851700888847,200.5277928682088,214.52764022179016,217.87366175918402,236.1056719909713
176,2016-09-26 23:41:33+00:00,185.50192245880325,192.60286780523208,195.36506576591572,191.71152294051066,188.37088328942318,197.2597309028272,187.32715743586004,184.75370929524288,175.52035926922045,180.42058652727755,195.67924134240585,214.8477835536298,234.2085375798561,235.84213614201906,228.46240049108664,214.82735543257206,202.91718434578362,223.02322798655186
177,2016-10-04 23:44:04+00:00,194.3809193608131,206.66464827523822,209.87887480223898,203.40656778707154,198.16718448694508,,,,192.30468069917538,191.97313944841787,203.1213945472739,221.3818503449736,243.19531490334256,241.2566920942214,238.64314164225226,226.31232002595402,,
178,2016-10-12 23:41:38+00:00,174.04845517980507,178.98734934495226,183.47255942539152,170.83749381333047,167.58536169946257,189.6967427515708,174.5976535380783,176.0942083938987,163.952796806431,170.25480053709603,189.9830455707004,204.62187703822377,230.14673961953565,219.46452396532177,206.4672790751482,196.03120397641425,194.40852660975347,214.56626182540657
179,2016-11-05 23:43:56+00:00,198.2557986499442,194.3258817661664,183.12504709773748,176.6528997215537,190.94620301353746,203.21272345304214,201.1980558873321,,,,,223.02964975878513,245.2509641285717,226.89820362495385,211.79645157508676,200.31870710846513,197.13380559080161,217.4974369231946
180,2016-11-29 23:41:39+00:00,178.20044231133997,184.25099294850847,180.04018593784582,175.93429399331313,186.76584323026012,187.60188658977327,186.05125716434213,183.4724998896791,187.13551695285645,189.37300127592255,186.84835566902063,209.0263083715344,214.92565935871184,186.3122671210479,178.84471783612693,190.2234374303284,187.4580542991378,215.16144288712854
181,2016-12-15 23:41:35+00:00,183.26954823563784,186.25497329831836,186.69125463150675,187.34892236161303,193.41159935151384,190.88236183091885,192.19433468180915,201.82165860269902,193.9532834697506,191.84619410903227,188.73056198443425,204.76113421872097,208.50050214173203,178.16459311828055,176.3779520646341,188.70302815943455,182.4472998962074,201.0179716817993
182,2016-12-23 23:43:42+00:00,178.1139764371182,182.70028364349375,,,,184.68035209874068,187.70275222522298,179.19183418890057,179.81541637438843,183.61970510745346,189.880610274453,211.54749911645027,214.84740394792928,,,,,
183,2017-02-01 23:41:21+00:00,188.0188028375452,189.47699599615538,190.19532621771052,195.31572476727337,199.23997846351432,208.75584096822104,209.47285421828292,204.84935329923766,211.51235045684464,220.46038347352984,231.46623276739106,231.9643045509319,230.17148826802264,210.14865718031953,195.11293390798727,183.49564207554477,177.4444113335171,191.4116739608461
184,2017-02-17 23:41:14+00:00,186.2150442912831,192.5251288698689,193.7330626393152,190.39441934935107,201.5248811592746,212.40033027512166,204.46788767093884,207.1776164895577,212.57473778852588,221.36072430818842,226.32672420394692,235.2512242850662,232.4885774676748,204.86012689819947,190.75457997973,178.60618935736153,179.88879981702473,195.3191090752894
185,2017-03-05 23:41:08+00:00,187.55629351696385,189.03203656617242,195.50217631460526,190.48014868985337,207.81690295005498,213.51680404650634,216.8597049890959,217.3935599159491,209.93925689766485,211.17901178674623,214.90548609465077,225.73876303370062,220.879396999451,186.65806068922998,172.48029816992363,168.3138296266365,161.55263094018852,179.5178347326509
186,2017-04-14 23:43:40+00:00,178.14376160357804,179.59227643376084,178.39396865608285,183.89604418251417,201.82017176473337,205.875587934399,198.9260811136659,,,,,202.32709309165764,203.60085124105862,186.39938415280318,167.59437025271737,171.0406006316758,163.59511611808853,169.6889466133807
187,2017-05-24 23:40:51+00:00,185.63101586203868,183.89968237256787,184.62613294534987,186.78575195746242,197.8549164316768,199.38366325260674,195.78200850324637,192.8673777652863,194.24832455149118,199.15397440635516,201.4867911876474,200.6391309769986,199.43262664169566,188.52484977169175,185.79670751392013,171.72476740995265,159.04133746252003,185.65328422678894
188,2017-06-25 23:41:05+00:00,,191.37261867137198,186.2697247381069,190.0282694087165,194.27052644041987,204.74794199506135,200.57229206497968,195.60727077983685,190.8325209359997,194.8517146093211,197.24046310756322,201.5789493228821,203.12075107284406,187.92409211657707,182.36354073081677,175.05624842851284,165.47820027000225,175.24377178191432
189,2017-07-19 23:43:58+00:00,208.65513674296622,199.7716457326175,208.68968975409086,208.0025238738372,214.62844763837805,217.29583480390122,211.31436906163069,,,,220.08553176055207,229.38628373263083,231.62526137265058,216.9531550682395,192.8889686354847,188.16746074611763,190.39854290860748,211.72642670779035
190,2017-07-27 23:41:15+00:00,202.95889507512354,197.62177753188226,199.22782403061552,199.56335033219528,202.40640988351385,205.6219075246117,202.11105444843707,197.49050981754397,193.94078037334117,201.99512320299158,206.73223007909166,219.28095917950273,220.7338877009627,192.61175155002425,189.76317246019596,179.35712553519812,176.55396188782618,194.24535766081965
191,2017-08-12 23:41:21+00:00,220.91727769210394,217.98806267216324,214.9792155613733,215.6072983398771,215.1901330388082,219.0528836830985,211.98705429929498,223.50149626282652,231.2333533850705,234.4260040218801,236.62520666784852,238.023821301599,238.62520331041333,207.39426167980366,192.1611604953205,182.15133610747657,175.38568841728687,200.48038132295147
192,2017-08-20 23:43:56+00:00,,174.19243959813247,176.54017163322854,175.11395398916983,178.5093924713292,179.35669740014293,171.16705819088065,168.67007705975655,,,,186.59227758057423,189.11556051385966,175.94621734808177,167.07057772687898,162.02958537895998,159.48591503257197,178.778891720381
193,2017-08-28 23:41:25+00:00,201.71144350009595,197.33241187728444,192.3105208556988,195.47110944774317,201.9071720148161,203.87870171157113,198.56559255777896,191.04814144931046,190.6594160058349,200.3862802140748,198.47021221709275,203.9330172025594,208.19203952493504,182.94257948560977,177.0496758471625,173.2019987595657,175.99062661141627,207.69178122108895
194,2017-09-05 23:43:55+00:00,213.41235283563853,206.96640521945076,200.12930404462534,212.53519345491117,214.91350756259124,220.320302220583,,,,215.5520304271804,211.5722287478413,217.22197651816538,203.4094150517068,188.00507590974712,190.20142714291907,182.20907217035918,182.96993936901654,209.95519037784874
195,2017-09-29 23:41:33+00:00,221.9019572314213,217.75820068840838,212.03145774506993,215.40127188885833,217.47193777903092,221.3157041117876,206.56476794000687,201.0719091250414,207.7760952563558,214.11059094375426,221.0313549895951,214.65384759955717,207.6158834753731,176.67083247815498,176.16775000483335,178.02391020608175,184.87890743171738,
196,2017-10-31 23:41:37+00:00,186.7219205178023,188.62886092654313,185.28450807938293,183.81643631616254,188.51400498015562,185.42720995447058,181.52730406200172,180.3767539410304,178.43619346548377,187.7921465848483,185.10826266512385,181.66588681025468,180.85738147428202,164.08302785194198,174.17987767587016,178.36853708645924,185.74538619605045,
197,2017-11-16 23:41:33+00:00,187.16312976268887,188.20673392954475,185.74960424037118,188.3815193781963,187.46878853121706,194.90004765372302,187.40734192662512,180.93688427967393,186.005160321088,186.77070226411905,186.1357035032161,178.76547369504874,172.9848316748624,164.1850878132416,179.0833841187603,184.98906436768064,192.78674099777524,250.57494121918577
198,2017-12-18 23:41:30+00:00,200.13782978947378,200.31547117453457,191.66660359372915,191.80427673993486,198.27446136849576,201.5458996612023,190.99750493315844,187.93622609589025,191.5561912116889,192.2689513435058,190.5286841906477,171.2237977402302,170.31411356103447,168.08253545921417,195.29845923338345,195.0887901686336,194.37990917508418,254.7438463548948
199,2018-02-04 23:41:11+00:00,168.43600783545813,171.5039177613249,173.50840919687585,169.12249188664214,168.42493002330204,168.0677402283232,167.4308153589873,163.41519730234717,163.05718443324142,158.55727679686444,161.8788818901154,165.18122427681746,167.69877299706442,166.70707789241857,185.2668257223536,196.90851487717399,194.25921050857144,223.37785269896966
200,2018-02-11 23:47:19+00:00,,,,,,,,,,,,,,,,,,
201,2018-02-27 23:47:13+00:00,,,,,,,,,,,,,,,,,,
202,2018-03-07 23:48:47+00:00,,,,,,,,,,,,,,,,,,
203,2018-04-08 23:48:21+00:00,,,,,,,,,,,,,,,,,,
204,2018-04-09 23:40:41+00:00,161.86454431855694,156.92606270348554,139.54701893124832,140.8923621124715,161.04752244204516,166.26237943713102,164.86598367807252,165.72417075536018,150.82560238216556,155.29674172391378,169.0216604126387,181.27923978710092,192.72732734712505,189.6707016873999,204.33209353130337,217.88397254077577,242.46891538505315,266.653095148605
205,2018-04-24 23:48:04+00:00,167.47955072956097,,,,,,165.063687849527,156.99829318102104,,,,,,,,,,
206,2018-05-03 23:41:43+00:00,168.2792537697364,166.43112248277356,171.03042681756335,169.1608795531555,177.25077169976151,,,,158.03918379374272,160.3856503032864,170.80915142821556,184.2029003998777,203.18651045401165,201.04960147332844,219.2734463497558,233.91844669431126,254.1935786053099,269.7237626623312
207,2018-05-10 23:47:47+00:00,,,171.23143056245272,169.65786894096163,170.46255095775507,160.10358755929343,153.61758315021882,,,,,,,196.1291476973633,206.42977135020143,222.6492489603856,243.22281002767684,
208,2018-05-11 23:40:22+00:00,179.59866249550555,168.7382470886184,167.6556774830904,169.76734700294153,171.99532442391202,167.25254472401946,158.04653909036054,152.79194673878186,151.34438910913724,156.80178471997704,167.8194070379068,185.71604928926834,201.36693327796573,196.77116648047357,209.80843140542999,230.55387010231658,250.07937134425373,265.3371057404527
209,2018-05-19 23:41:28+00:00,170.65877404000662,172.14229174855456,171.01066728977466,167.3138908577587,168.01258569249964,,,154.5445161715396,151.26742067610806,160.09811641672084,165.16082824426312,181.2184170865872,202.24830031804973,200.29944690465945,214.05495894072266,226.78485492632424,250.8700180005908,
210,2018-05-27 23:40:10+00:00,174.7651419726437,172.3569910980263,168.35828886440564,162.77034984620403,165.202777218048,165.3034395532696,160.84026515017732,149.67690454934458,145.8995591004558,156.55296103984386,159.1136900067089,175.60174812812525,193.31746379602802,190.01361515000764,201.37383721751328,222.54657194646214,239.7576280909833,249.88822553812247
211,2018-06-28 23:40:21+00:00,192.77060070056768,189.4460352043938,181.6830947667871,175.79305793293662,176.08016247535747,166.06907005543883,153.09149731878327,149.69209559883848,152.43105902407407,152.68277797945137,164.29405234191813,187.12385375258992,202.92601923601862,193.9867241979544,218.0958865447456,224.30527230584093,231.0129595847638,236.59638827037548
212,2018-07-13 23:46:38+00:00,184.7644916519264,185.85584914061693,176.9821770165404,180.64979275583636,176.81009488762564,,,,,,177.89035527506655,194.75178899996058,208.15138555561066,202.5747730159322,212.07100955884988,215.24149246438247,219.5503664127458,
213,2018-07-22 23:40:19+00:00,,,185.29727640739355,179.69339555152177,173.21169652917226,176.2924267683447,171.22688933315672,167.601204767434,184.15878083063873,,,,227.9887523677632,215.93958637022115,213.2142295325998,212.7513331095717,226.4805683139254,240.44055366734355
214,2018-07-29 23:46:22+00:00,214.5972136543801,213.05584160091666,193.46232913737757,187.83488459334689,,,,,,220.22871882284545,227.32043059922967,244.63558795671992,,,,,,
215,2018-07-30 23:40:36+00:00,202.03676013079817,200.65790634135988,195.02378975753854,191.67477103315892,188.71429149740925,185.7702789852142,176.35332594843243,179.96199450594597,189.96112339034198,203.1372331636903,217.2017660624217,230.460769755193,236.27330903310127,222.841000323442,220.54568777032668,210.007919490739,219.24550735864943,234.26800400581163
216,2018-08-07 23:40:01+00:00,214.61181034104746,211.69262580769407,,,,190.4728769275129,183.22500646598903,181.90736713814556,187.40235308583675,203.31664288568592,223.5570486601108,239.11860968104588,,,,,,
217,2018-08-14 23:46:04+00:00,,,,,,183.96390922551973,169.65731970007144,172.72110032342266,187.36586356329238,,,,,,,,,
218,2018-08-15 23:40:45+00:00,199.97744943013723,195.5384416543014,195.21984527545675,190.05949172258374,184.48669286488362,179.73144293602982,170.38406188640033,172.6161520363961,183.97744940872116,187.71616521639817,211.5587779777549,229.33622715139148,228.88139287693883,214.01638559641452,211.84847415844726,205.35159776201837,204.2196228725143,211.41759330812076
219,2018-08-31 23:40:52+00:00,198.28043170255825,194.93379758412527,192.65391649901906,189.542960492923,185.96603356941813,185.1105024065406,174.81361007659598,180.75380012656345,187.33955183531154,201.22651288386552,214.20651157302078,228.67320275521482,232.25993176159645,217.50304794688668,211.50388619917447,202.0866943274068,197.40689385568476,206.71554310996933
220,2018-09-08 23:39:22+00:00,185.3433293573254,182.81014468836744,175.60609582543913,182.09822568707972,174.69559648256464,176.21095005040937,,,,187.3604084165826,195.72594982840627,213.30717217360768,223.72451554772655,209.3595804226816,213.64099977440947,199.19380462468771,192.6600132676051,198.77650173979842
221,2018-09-15 23:45:24+00:00,193.921361768672,190.4350101639857,,,,,,194.18915298731523,202.3744449149627,219.91241991588024,221.93490929715892,232.56095634156188,240.6029734984281,,,,,
222,2018-10-01 23:45:01+00:00,,,,,185.76046671161555,185.05030661978546,173.80595550145247,176.56841871110356,179.98323383664513,187.2394625308658,,,,,,223.90965362686484,196.6201615765448,199.48530403307143
223,2018-11-18 23:43:55+00:00,192.94140630509577,191.54747831563276,,,,,,,,,201.3673147983719,196.65513086523623,209.6696810756674,,,,,
224,2018-11-19 23:41:15+00:00,184.44385258251648,180.5873635360545,177.9295759316772,176.99942370899018,173.53194854090938,170.45263360475363,164.94883545158982,169.1118446199785,176.3414044630694,179.22263055510865,183.74868551820276,191.0237903288333,203.65456868134078,204.6719343897878,207.94518476668276,201.69750855929254,188.53074245791888,191.31635389455482
225,2019-01-22 23:41:07+00:00,183.00954625491005,181.7546747271918,185.2696096859442,184.40536808209635,180.652790742393,180.69601293264492,172.63422030022525,175.66180916582525,176.44760664398981,173.5004087543661,173.94820560952257,187.60898298241986,203.79635076823686,202.01929965976606,203.0466780544696,199.03432711958072,185.27626975251937,175.30691791018774
226,2019-01-29 23:47:16+00:00,161.99704632689878,173.023727438739,172.33956301215255,163.79710859208672,169.35086260644178,167.545118856142,159.25035822514684,165.65676363338815,164.27646948600903,173.53748868084827,176.71142802566695,,,,,,,
227,2019-02-07 23:41:05+00:00,174.3953171010713,174.47801448592386,176.9955932010281,174.15436932446045,178.39444840961355,176.68478085314274,168.52809600582935,167.59552605819252,174.05748985063093,172.63067631476343,180.62221185974593,190.09876712585267,200.19039690910532,193.88616761076364,199.14556435724913,202.1270015454442,194.36946185919732,184.78893828455173
228,2019-03-02 23:47:10+00:00,,142.28904138755303,,,,,,,,,,,,,,,,
229,2019-03-18 23:47:05+00:00,154.1798122386054,158.3252339178914,157.8607948599432,157.40081935104234,161.19076260651195,,,,,,,,,,,,,
230,2019-03-19 23:34:06+00:00,163.44304465874598,,,,166.60224135516694,176.70736351334818,170.1131278399178,178.30254460060877,189.97958900758974,189.31626249127655,201.57121378528842,,,,,206.20878515424857,205.0185307282083,214.00481300305842
231,2019-04-27 23:38:54+00:00,,,,,170.44162816416375,175.78588912785554,162.97867672790358,166.65209527239648,167.84300669166743,,,,,,,,202.8020316513276,204.48470801350456
232,2019-04-28 23:40:43+00:00,161.42364515819426,158.03461827431883,153.85184047526056,158.5286945468077,169.6878340154825,171.78455159724163,164.72906224391696,165.96734264327432,166.3319536699562,169.5914495674584,173.0596826309498,185.86776875268652,,,,,,
233,2019-05-06 23:32:23+00:00,150.80509913193055,149.5679631048645,152.25033675982337,163.33023682516676,174.3108939886015,178.21437158639145,,,,168.68291689357812,176.0238484475617,180.01696833142628,189.76796778773988,195.36096620799643,200.71813010939434,202.17414809986332,204.93982158794475,205.11175179811056
234,2019-05-13 23:38:17+00:00,144.98020519627994,137.0493999165446,136.2337806781298,,,,,,148.1250480099137,163.0930511851983,170.94176472715267,173.23117474973975,179.62339904334698,177.6159434522499,,,,
235,2019-05-29 23:37:41+00:00,179.19965760740567,172.83789276010975,162.02133496189873,167.46138175664646,,,,,,199.30947749021655,202.37734450432055,197.2727712220574,197.07999020795071,201.4709498754537,205.29229922071323,,,
236,2019-06-14 23:37:07+00:00,,,197.51294401727282,201.46714072369465,197.68068996047077,184.04980499153527,180.9765042673087,176.26162358255735,,,,,,207.94626358519906,214.97591560510415,218.0794743300919,217.23576041213857,224.5992610206512
237,2019-06-15 23:41:09+00:00,173.97352791833902,177.6135880824033,187.09303926677362,189.48401490751124,183.28261775027644,188.07888791338567,184.99793341305576,178.30769964320464,188.9136440527689,189.54059397273804,184.2436741618192,182.49431836138487,192.51966655647666,192.46748268825587,204.4322705161382,203.68137529738158,206.9524459232197,213.82353107695653
238,2019-06-30 23:36:31+00:00,155.05889159675309,157.9439866360305,145.61507712876033,144.97988628440237,161.8640001986422,,,,,,178.12248635965392,184.02373390030075,184.18725827724018,171.07193722061675,182.61550209524734,186.23857064454023,,
239,2019-07-09 23:30:00+00:00,156.39718959034795,161.31625041388452,152.47712087209746,156.7495285984263,170.0123052044455,182.0283752630302,173.8306449882136,,,,167.1102553180753,176.52892294920667,180.67689971963986,177.71813884960608,181.23329360553456,189.04349134892666,194.35116553148723,212.33733240721273
240,2019-07-16 23:35:54+00:00,,,,,,193.12902393417747,183.80749048977842,162.29876791218942,167.64660203480383,166.27146601287893,,,,,,,194.0313216741729,206.34001013915804
241,2019-07-17 23:41:16+00:00,160.16124588511613,168.51622341533238,169.476348800416,169.9662690537791,172.26265164484465,185.18310716782102,174.39372734238876,171.8451333112221,174.14046568702562,175.43133664076157,172.79556273768168,178.76260148210397,186.09521772189765,178.55624528777003,187.22031244385764,186.64178214280548,189.69535921862825,201.27420321906925
242,2019-07-25 23:29:22+00:00,179.1979146640825,183.63685883021276,175.91924080373127,179.70837204009763,,,,176.87697370152335,177.45232192772764,185.90733975693993,178.81869317908323,185.39950405630134,197.15202047525173,187.5847622091003,187.72272441097235,192.74477012635143,,
243,2019-08-02 23:41:23+00:00,166.87331618972314,168.97993894134203,169.8490439889171,170.89439683091902,181.33049014918205,176.57965951212276,175.58946308519043,176.06189129816147,174.1084332522035,172.70475071474758,174.74202156283,171.48106148025946,182.2898688437152,178.54737377408458,190.82668995823292,194.007069325354,180.01600568142692,184.06069150579253
244,2019-08-10 23:28:42+00:00,188.21135743471513,182.22739751929834,181.3067902167172,183.43142424345245,193.39617268012762,188.21290017882535,,,,203.65249463586852,192.25983441435753,183.28940088003537,196.2157425315079,189.79560482301562,200.46838524530563,193.7417446002581,187.44281212366644,196.42334700572567
245,2019-08-18 23:41:28+00:00,193.02561269815988,191.28854892852635,184.3873560833938,187.11722976536595,201.4773860375083,195.98693915327019,196.61460292067673,199.58345176854723,205.60707436451992,212.16130609467544,194.02928377043034,190.0441232954307,196.20370461840227,191.6293685603297,206.33704996976127,195.27216959311588,183.4482396692604,183.43870760142445
246,2019-09-02 23:33:55+00:00,189.4506662949773,192.38002189466002,188.94489693353307,,,,,,208.9634669793053,197.1022132862344,190.608169727164,194.14349036951353,203.2764922980756,200.28496628844934,,,,
247,2019-09-03 23:41:31+00:00,184.00131352612524,184.27389934667607,180.20635932243317,197.03589340979303,194.6119614859216,194.29503797878743,194.00963081784855,197.9999010547072,203.02542623823857,189.2883603566129,188.13629022024278,189.34601422157107,199.88121187991823,190.26619048795996,190.80985061175429,182.95222621049453,169.32653533798936,177.2657928183637
248,2019-09-18 23:33:12+00:00,,,,,213.4216976462515,210.20880231752707,202.15054845483712,206.67306082580194,214.8425158671276,206.18570120928644,,,,,,183.75264716472196,168.84263519521616,178.82775105879634
249,2019-09-19 23:41:37+00:00,201.5518989157916,200.02076264935553,195.66730669325858,202.45746659444865,212.95446026480806,209.90792428092823,203.63994403961883,205.44711976314616,213.85163261275548,205.7434171979315,198.26959335711334,199.76240541796724,205.04778419640326,198.9538785897568,194.93551879188712,175.4979311451559,162.33043553917418,166.02697707425747
250,2019-10-04 23:32:32+00:00,,,,203.77081312809895,208.46171685663367,211.46212400729718,194.99557370004953,195.72388444019953,211.48061169536152,,,,,,185.18725826164163,172.67918969939493,161.27723444785576,172.5066955408167
251,2019-10-05 23:41:41+00:00,200.74101766238937,194.39126449411577,199.279654529106,203.1530226524664,208.91249728827836,211.56275301704144,201.2049627004698,203.6960554198356,217.1910934522227,217.01843129299385,206.05759967109796,205.23536223551292,209.281759547131,193.6187250589897,188.206903172292,174.05124083571317,164.9650595381336,175.76460674392644
252,2019-10-21 23:41:43+00:00,190.36864182001943,192.24421704065955,194.8825086052575,201.6940974386555,207.33423606859662,210.88655263634914,201.98640838490874,206.36341411304363,207.12411019264096,200.7320461760558,190.04413889036906,188.87219350833618,194.4204112358708,182.7275946480953,178.68938452267747,171.45733696931023,158.0435350416211,172.42580621227617
253,2019-11-05 23:31:09+00:00,,,,,,216.2966423353016,216.9901681096191,211.97291855070011,215.0145799269581,207.0971418446719,,,,,,,161.22518557328,178.5227335522869
254,2019-11-06 23:41:42+00:00,195.78161496642653,185.67368173537113,200.6608028071824,207.36485707850693,212.55773594523748,209.28094902545206,209.52964653987422,207.6383958164396,210.79669747418663,201.5685855766679,189.24977501039294,192.22577440466648,193.94099602441514,182.61878246205202,179.75755945700658,170.30339776055817,160.80328697224564,176.88150685019085
255,2019-11-21 23:30:24+00:00,,,,,212.0882934972089,211.78895675855426,213.40770522771217,199.62065637412104,206.07039344089065,188.41012129954788,,,,,,172.95301130620254,155.05554415471585,164.90209346942686
256,2019-11-30 23:23:48+00:00,205.0862465282299,193.06154601001504,213.9920394413778,226.6046239860356,229.5097359029086,227.7913543805224,,,,211.07876843559575,194.4869854991072,195.0225408953615,192.97527517718373,179.21771190990137,185.94326881642223,170.38549112864152,157.8712715135234,169.74005610865936
257,2019-12-07 23:29:38+00:00,200.47532182827422,186.91217540773945,,,,,,223.41486180630858,219.08276861166044,212.39594067101348,192.58775671769584,193.08867977016965,,,,,,
258,2019-12-16 23:23:00+00:00,199.22524790758422,196.12736350925525,215.25738587099298,224.33467303045944,224.99157175991962,,,,220.8790804513741,205.96242811005152,197.97087225965979,190.63892477405375,202.76464982424008,184.5392952397461,190.68956744367574,173.72507385954324,,
259,2019-12-31 23:47:43+00:00,,,,,,,,,,,,,,,,,,
260,2020-01-16 23:47:40+00:00,,,,,,,,,,,,,,,,,,
261,2020-02-01 23:47:35+00:00,208.36812809420636,213.48086192653813,203.49152684867673,218.92142525930606,226.44334235325937,224.21516056329003,205.94910406242312,205.2138071208997,209.52940377964475,190.99982005596448,183.43206542795764,,,,,,,
262,2020-03-13 23:41:11+00:00,,,,,,,166.21804799480987,155.9976174571355,151.40699551185844,150.516264830839,153.12005750539535,157.7363971170177,156.54062875438248,142.24973994481314,153.53406576999635,149.3083685664261,,
263,2020-03-28 23:23:48+00:00,196.8558920393556,193.22570516217831,184.44525949255114,196.55478580337495,212.04111159596732,,,,,185.5731766089503,172.02522888742567,,,,,,,
264,2020-03-29 23:41:02+00:00,184.08969785689283,177.69517665827044,174.6740709531397,184.768230574287,209.13661102163476,206.6744158610842,200.10657934979787,184.78422713979205,177.9703813075031,166.8167033282288,156.8063144180143,159.90474012342756,168.63976541049985,159.94241905996657,169.93580160543522,172.16572901505722,171.20120155524822,182.2581775370426
265,2020-05-24 23:14:13+00:00,185.37927341749725,193.4325180737643,199.40116195885605,195.2499887721389,,,,,187.33181525943425,172.74337636989415,162.17532535332006,171.5745508018743,172.70697448555092,153.64766142664774,147.55401893955005,,,
266,2020-06-01 23:40:50+00:00,212.87944327869224,206.28061960339673,200.34055150736043,200.0556535757444,213.39252431352082,215.14994696649453,194.02312684694658,197.05196441697413,208.68030479707602,188.4907175776337,179.84602135278269,177.19182847865784,175.54149630712544,149.70929187705758,140.4960902146202,,,241.02087624029934
267,2020-06-16 23:19:04+00:00,206.33686734397193,197.34657982627732,191.50034856801275,193.95511605037473,206.67669337208235,,,,,178.3675571419778,170.98099079167275,171.78903273804195,164.727124924565,136.2033860302118,149.08525255937812,173.91099079818417,,
268,2020-06-25 23:12:21+00:00,211.28671860256546,211.0214021777044,204.86435198189778,208.3530872660814,211.78919091344287,215.87570573298794,219.96629250379831,,,,178.601496770798,179.491305606535,166.533255226658,146.53389783689028,168.49694594413327,187.70697204413057,195.70400303198474,215.40950829807744
269,2020-07-02 23:18:07+00:00,,,,208.60089407641567,214.64719442801183,217.96419369771309,207.9392979783473,198.98230300807268,192.5116770469986,,,,,,169.40044092886524,182.82341364980536,194.33782954584578,204.95060569653967
270,2020-07-03 23:41:07+00:00,211.43203450628098,210.82383040160775,205.67217106010406,205.72214896371003,213.8491285938262,218.69622076000792,213.116938451803,207.07145898093378,200.28539946363838,184.08625672741218,174.9058621756952,170.30384305993488,152.82702004594802,141.0891010801029,168.43533450695787,184.46248076797048,193.8782955904192,204.3368498022304
271,2020-07-18 23:17:08+00:00,211.6164787369127,198.9544093447867,186.53814453675972,186.89238559111016,,,,,,177.26795662878806,170.44245112220736,165.78365301460147,150.3350539604734,142.89496990697128,165.96365253457589,181.55018047500232,,
272,2020-07-19 23:41:13+00:00,207.32671007284102,196.73555109916464,191.9435501610184,189.60489706743414,200.2891975923056,197.05987806936608,184.4535672873382,180.23568242015713,179.73303400934626,173.7564459529976,164.17888587120785,158.56758267806947,151.39418831070535,147.65071155259756,170.44009956160275,184.29278243167101,183.2062846092255,197.90364474097473
273,2020-07-27 23:10:24+00:00,,,,192.12445772397606,196.62667718134983,188.78091881561053,185.58902490543485,182.69642854295307,176.40141342327178,171.3449726072887,,,,,182.4471405415598,191.95001281383634,196.61640455498824,221.4102248786682
274,2020-08-03 23:16:08+00:00,,,,,207.97392825653523,206.27470192725832,200.44661664225697,,,,,,,,,192.48355837666367,195.02301348926787,208.09045454765734
275,2020-08-04 23:41:17+00:00,207.53384120097456,202.39270586143755,199.72411693196076,193.63312146689933,194.67352997657537,199.03693298765342,190.51917491541957,187.98348038307827,191.01299946844154,182.87977725979437,163.21498051836954,156.40237210108356,194.0860786993259,174.40877123121697,179.63161641692565,,,
276,2020-08-19 23:15:07+00:00,223.89976452100674,215.2216460085859,207.05087659338568,,,,,,197.80914887009553,184.1335325681543,166.54527637360047,169.60616120033075,166.78267768176534,,,,,
277,2020-08-20 23:41:23+00:00,207.39056992169074,199.42001036688518,194.94047754263744,195.11062384102934,193.75466805690203,200.02613618752576,194.7589214144749,,188.5340722186074,170.16233795972127,158.82839898487077,156.3040345386145,157.4540532920666,149.15106338052246,182.9132055141282,191.83427353173215,,
278,2020-08-28 23:08:22+00:00,204.34157239420514,200.89796660362046,197.3738071361819,198.89318752393845,,,,,189.58821624370387,178.61863221710712,157.1666765797272,163.33359574379296,168.42632719897543,160.28402164439478,207.14016155610028,,,
279,2020-10-07 23:41:39+00:00,200.98962170121374,196.62676875665144,191.8236526963634,191.59130137247425,196.78860352658532,194.47860602542082,184.67174411579265,183.06385139747667,178.3492653917418,170.40396196328246,162.46009161963823,172.07929781777676,184.9582827312939,195.9389669618688,196.10946941768572,179.6358636560145,171.28181876398435,185.9723485681289
280,2020-10-22 23:10:58+00:00,,,184.91884519206093,180.7346798699265,176.2381076732418,186.66970335880387,173.9299294980429,160.1321408241716,,,,,,188.97762014250404,189.07342547184268,171.81468875983316,168.08770861862573,185.83534454248144
281,2020-12-25 23:06:24+00:00,,,,,181.26628849298922,184.4529518144129,177.66299844286922,176.68989044446175,174.0197248462843,175.8309093050365,,,,,,,154.96679729520596,176.42894191865156
282,2021-02-11 23:02:58+00:00,,,,,,,184.82786767936568,182.61094869182094,178.50064201067067,174.62460074323823,168.2273947082012,,,,,,,
283,2021-03-08 22:54:52+00:00,,,186.4199174875486,185.58747184816528,193.97827986360488,191.0663406268776,187.81121928836222,184.83755001032063,181.75066527831214,,,,,197.75733374007316,189.27857296303782,169.88400116771575,156.51092687054245,174.85587207913628
284,2021-03-24 22:53:35+00:00,,,,193.1711545946963,192.6976503000929,196.9293113402146,186.89127816284972,181.55513769768146,177.17277193955042,177.2967751484142,,,,,199.75888429450865,165.58895589091713,156.19145729920263,172.11170459371908
285,2021-03-31 22:59:12+00:00,188.50637081398264,,,,,,179.13832482971702,173.0743643086146,170.1548402556007,168.8975015833467,158.9391373746017,,,,,,,
286,2021-04-09 22:52:16+00:00,185.82480977680314,184.39701786226811,178.77065225366928,186.91537415715376,193.03437940628055,192.9703087515222,,,,,156.9064259823765,172.1793785257388,198.34668077966535,189.12666644425002,202.15927924571304,167.60207863855743,161.1191672927347,169.91641929065446
287,2021-04-16 22:57:52+00:00,,,,,204.5723714372132,202.19331469559583,198.0648939797177,190.34610266393616,180.73625071905013,172.8367371898819,,,,,,184.9938473849772,172.43009768482082,180.32937059575565
288,2021-04-17 23:40:59+00:00,191.93475785221761,193.68000960172057,186.34372046034582,186.1608465824982,190.77177980330765,195.8488642874735,186.8354310359849,176.34208107214155,169.77378957799883,159.80882499101727,159.99895340427904,177.267200893126,213.2281840039823,205.0033258178378,198.90888393227792,169.88203844124374,157.59429059158336,171.99796825675298
289,2021-05-03 23:40:50+00:00,182.25893939697463,183.60386337447574,177.07397399658734,174.84869658866288,183.20593452326872,183.8462668724952,172.1026514643775,160.70964969209368,143.9052560956034,139.0820601477021,150.84006183415738,186.10180193824752,205.75893594898375,201.92832020996516,190.474937617355,165.94591004287486,154.8764022013681,175.72107966237252
290,2021-05-27 22:48:13+00:00,177.07411738151578,174.70795053298983,167.45462474215125,,,,,160.17632850349193,150.3141577504148,153.74187362269885,154.78335353963905,171.19019124620903,196.84609898757338,185.614236803987,,,,
291,2021-06-04 23:41:05+00:00,170.5499477190515,167.7007769294227,165.45729661423627,169.87033680811308,183.31609274996677,188.17104395155482,175.87582291028167,162.5272260838611,156.30694006166098,160.62663580956723,168.0318784350861,190.38881785925687,206.1898868485506,184.46649039389123,181.67568463702352,171.60681485090907,176.0443011377497,216.8725771667199
292,2021-06-19 22:52:30+00:00,,,171.3804227974258,172.84426812128385,181.28065795164238,181.06127893155627,169.23726337060592,,,,,,207.11937094285307,187.3208619893625,184.86226359052463,175.30358834621643,189.19395674329036,
293,2021-07-05 22:51:10+00:00,,168.48273755367325,165.44064016385946,174.96628357085976,188.532054698017,193.06530316216822,184.31732873168917,,,,,175.0753729184448,187.72750590582447,179.51953690333312,186.57321925817226,197.27861209660412,192.74160039867337,229.68975074134286
294,2021-07-06 23:41:13+00:00,156.87666418803883,160.80358048409673,162.36408755720433,167.6605981255351,172.3958683239862,176.61167520554085,163.2711699815415,153.53008314351882,148.05514977629582,155.2640367747302,163.21163429567514,164.82910450111356,180.64870964335094,170.57167763086693,180.63716483929267,175.57033384089252,177.6179493465297,
295,2021-07-21 22:49:48+00:00,,177.06622815175587,173.49005596140856,178.43021391414715,181.05725994960545,179.23511707641552,168.75180338840156,,,,,177.7852237118406,187.59923825278045,185.81472465265063,202.47717186601017,199.20899495903342,196.36168985447017,244.10080162186074
296,2021-07-30 22:42:50+00:00,179.52033486831954,183.1608719073584,183.3902679985898,,,,,163.8692487544148,169.88126102405806,183.77761818928886,182.38517046198868,185.39073818689437,195.8627539831356,190.2939528633656,,,,
297,2021-08-06 22:48:23+00:00,169.9926186726014,176.44974519081742,177.32794705588768,182.73482471373896,,,,,171.18475424252878,172.9743845039422,174.8501885138999,179.2915745916245,189.4272099382098,194.63850497106347,209.40734991869152,,,
298,2021-08-07 23:41:25+00:00,169.5378066584518,175.84291773663108,176.9117352151177,179.4203004624494,179.8171067587991,181.9923370964362,172.9654207969427,167.03799609492924,164.67720726835648,174.44040700038633,175.70422356904908,174.93252056473997,179.63561535054455,183.06296752113005,200.1252127833354,196.96309734987608,192.8699592294819,225.08042548439377
299,2021-08-15 22:41:24+00:00,182.7614076304435,183.00413358829917,,,,178.5477778154319,166.88011233261682,159.09826612379624,167.91196468561384,183.61845868552624,173.49476341828847,173.8901152615301,,,,,,
300,2021-08-22 22:46:59+00:00,,203.49258114811198,202.14354067522643,201.14345045403513,194.27508544726334,197.7271429426321,185.62246183983603,,,,,,192.6057776913273,188.41954555356068,212.88516749829122,216.392072921032,215.29735947991696,233.63765293158914
301,2021-09-07 22:45:36+00:00,175.65268628427958,172.8597027640064,173.48098085857868,177.4875481534132,184.50033641036072,184.3914843556033,,,,,,174.41211202438586,186.0618011448695,184.908302773502,207.00674004418707,206.57841807970823,206.15100636787784,233.46800481338636
302,2021-09-23 22:44:10+00:00,200.06508799495433,193.84301088582254,186.30512182238908,184.7900021223588,182.01334640984916,189.15032065987432,,,,,,194.77182008077017,201.28944489188896,199.53139451846315,213.96499429744244,218.31861771339297,227.6352130126948,254.53372635524744
303,2021-10-09 22:42:45+00:00,199.6359396073351,195.39215460768074,,,,,,191.13770145348082,188.96441741639933,193.55844010594242,198.25175336673342,194.98864989771326,204.2634002395774,,,,,
304,2021-10-10 23:41:44+00:00,191.86606470283328,188.13655294036516,181.7981987827809,176.09377064375852,178.51505233228127,177.57412091837938,181.0046556735985,182.84226160542622,180.54643386226934,185.23231906205828,189.03371249521126,186.69902352508828,194.5514383040027,181.8170410570461,193.00585116735783,212.62785685442424,223.0585502221547,238.71315002361547
305,2021-11-19 22:32:45+00:00,,187.96884825270277,184.89138452311326,180.09290789419055,190.43860959906522,186.04537363457277,185.53675377538738,,,,,201.00385498637252,198.09497853838658,184.2715907951889,211.6735696856453,219.58759359377015,216.7799524922745,217.5215062341541
306,2021-12-13 23:41:40+00:00,179.4369945149872,171.61903154864072,167.08373917849866,165.50577543510136,170.24901988544127,175.29940441632425,167.1943298399442,165.855971093221,166.3869459641108,168.98314309454702,180.75336330327417,188.99130030710236,213.35462686664,209.38988137818677,201.00566484010687,182.57743064351294,179.23486936118084,203.6027723824451
