,dates,jap0372-0000,jap0372-0001,jap0372-0002,jap0372-0003,jap0372-0004,jap0372-0005,jap0372-0006,jap0372-0007,jap0372-0008
0,1984-07-02 01:16:50+00:00,152.61468240486352,,183.22086884863694,,,187.69750746436327,195.67249460590796,183.0555069530876,
1,1984-09-04 01:18:23+00:00,161.4825855638937,168.85642721869357,,,,,,183.0101247919792,
2,1984-10-22 01:17:58+00:00,162.14654239470522,164.4801821245354,179.64017650304496,174.31399391321418,178.14439120892365,190.04588991217008,198.3535669611311,192.90299149824332,201.3339302856491
3,1985-11-26 01:16:39+00:00,182.3597632996877,186.72780555733786,205.45308875653186,190.08161625918584,189.56730371363176,200.90683674596863,198.50361470004503,198.71466046334587,185.45280981495483
4,1986-07-08 01:11:19+00:00,168.3463163757596,177.19601007055542,197.58366644053788,,185.03693477089354,186.02958741576043,188.0481596641989,159.37138613224909,169.99236862739252
5,1986-09-26 01:08:32+00:00,165.5540280188199,169.88977429791052,180.45599186276067,175.4420917371774,158.78640263088934,162.092781099197,171.513274748166,165.70904288729508,153.75687412741547
6,1986-12-15 01:07:06+00:00,172.83980649659313,173.74581693615073,191.01740477880037,182.31205854989952,184.52803832635846,201.02296984301998,199.89964494239183,199.18841773289626,
7,1987-01-16 01:07:39+00:00,173.39494397744005,179.00455135411838,195.49426478482542,187.29754922162334,187.55371282048918,196.93176235427734,199.777556847663,196.36515767518023,
8,1987-03-05 01:09:48+00:00,156.88263313226776,152.59844558993396,177.3522578110788,161.0200074366108,154.6404168534317,160.6070793449245,151.06659662404005,130.98920508082745,
9,1987-07-11 01:13:00+00:00,182.77649947042056,185.33268683824463,185.3648004843817,,,213.56106231364726,185.76005441054951,166.1246669866442,179.0078418674972
10,1987-07-27 01:13:46+00:00,178.5337758974503,182.56528045089436,199.14440307415816,193.07604124837889,196.1157004567679,193.86481808482262,186.2519096686072,182.27157789240584,163.81358790513417
11,1987-08-12 01:13:52+00:00,171.59079481767782,180.53134459459352,197.90058363823047,189.48129369851074,190.15172302628366,186.0127898191011,186.31153782907427,176.1177040565696,168.7646950596096
12,1987-08-28 01:14:19+00:00,149.7823542137653,157.27804843437679,181.36873289000056,172.30679765539276,167.8278755417772,171.91329648273597,169.09552907882448,158.79119165295293,139.72759012208866
13,1987-09-29 01:15:28+00:00,159.13434671852846,157.78582314220844,171.36615629247456,160.2708622659477,161.34429487564114,162.17491173439646,156.20742031634643,146.22090246510766,136.40962994427093
14,1988-07-29 01:19:03+00:00,155.58707532267732,,193.1290374886908,190.33737964143322,179.02521509487144,187.45528175700736,187.69097100818203,179.04131463998286,175.69355561239234
15,1988-11-02 01:18:56+00:00,180.06775169074064,182.73007334477722,200.67742605502335,189.14377526914112,193.99177306537484,204.40036400932007,207.8022553925353,204.9216497357354,201.57428466852815
16,1989-01-05 01:18:38+00:00,181.26963783530408,188.62289102286786,193.8951631953979,191.91762524027848,193.30402815010365,202.22557872311884,203.1661725616361,198.23241060216486,198.26272869398747
17,1989-01-21 01:17:54+00:00,172.6370142038761,173.57415602487228,186.28909411108802,177.24696016803614,175.09601694021018,189.802924766032,192.3347891001602,187.101989794428,185.2187056388463
18,1989-02-22 01:17:50+00:00,171.37842731517645,177.720089976772,190.13557474354116,182.2529434720056,180.19236010599346,191.41244143798983,196.612453043089,193.28142392558527,190.80308723301104
19,1989-03-10 01:17:25+00:00,157.2646213133866,170.14315726087696,180.68524349383023,169.63980047797736,168.58136352577503,180.3945524072661,184.49674052074664,181.4146972596675,166.69917945200487
20,1989-10-04 01:13:58+00:00,143.73083276993756,149.89654417437316,177.56757155419717,158.52426849746996,158.1551185601949,158.8105005808048,162.7322868281583,147.0269690170884,
21,1989-10-20 01:12:49+00:00,162.3834197431923,162.50676635306212,179.26231735720435,162.07658542153288,167.47667760563783,174.32984204107717,177.1385470309569,163.8428593645524,160.76440190203715
22,1990-01-08 01:10:59+00:00,179.09150711859024,180.67523777275667,199.08807270866944,181.27052409327655,180.76788669328292,197.56023772070995,200.23599359287118,199.21238025149182,192.56836769673777
23,1990-02-09 01:10:01+00:00,166.58825082345004,172.43623419572296,187.75834412705646,181.2842426969914,184.245301509142,192.5829031110855,196.24432317039384,190.14071316892725,187.26061049052913
24,1990-03-13 01:08:57+00:00,170.05027713254947,172.23491747959835,186.06376483434346,177.00911348475236,177.72066141714365,192.87548429450803,200.1702379065385,191.81446994467726,194.042207069401
25,1990-04-14 01:08:32+00:00,145.0337219547533,140.7960516729657,166.27314037542718,157.7590496525953,160.4521843725675,169.15476425349038,167.43469141711657,165.5936867470821,155.21016814895196
26,1990-05-16 01:08:11+00:00,147.13240986354901,142.13520851359453,175.78858155358353,163.50509795961366,164.491975618571,160.3030773913136,152.44058142880263,167.7470601673353,
27,1990-06-17 01:08:29+00:00,168.87283203170392,176.92393580645853,186.3985918705445,179.86932782216275,180.2775750145804,187.7149456092549,201.48863072512924,191.0327216302345,178.15663191009892
28,1990-07-03 01:08:28+00:00,,,,207.1154332050805,204.26463189682914,224.82314535371668,,,
29,1990-07-19 01:08:23+00:00,,210.23948771981216,225.2774259094087,209.5535499547015,,206.07566473466738,206.67642548134592,197.63345710537257,210.58402324884818
30,1990-09-05 01:07:44+00:00,151.99761099523343,163.21237237760766,185.29318144952998,184.0173457619884,179.52391548429335,184.75094160326267,183.12666413540362,178.8381499015404,168.33092917097144
31,1990-09-21 01:07:42+00:00,156.31091048366676,155.4866977057768,178.96478827013158,168.3537129739789,,,,166.40716803447256,113.34042379485993
32,1990-10-23 01:07:51+00:00,153.13639239018636,157.83133249149765,178.5440039320107,164.60277217214633,165.3930865252131,164.9422994614294,169.69504889390333,148.9582274507278,132.47497305921019
33,1990-11-24 01:07:41+00:00,165.7818396373786,171.51388966634693,184.641598462038,177.23510662043049,173.6500185699183,187.4819135350668,186.53359753209367,179.51217722708373,160.5776406468251
34,1990-12-10 01:07:38+00:00,175.9153585622761,179.12551716376726,192.43446003173932,191.41497835120074,183.005740163489,187.25276197017837,198.3020909565344,193.8527329575527,186.29188596569418
35,1990-12-26 01:07:58+00:00,172.04545519170395,167.15943612574674,186.5504652686793,170.51124226412156,175.23001586111735,182.8393591119916,187.81673407644607,183.31601328837826,170.34285030008962
36,1991-01-27 01:08:28+00:00,186.2743210344415,192.09446998038334,211.70532370105317,193.2192899231926,190.77063401675917,202.2738699687257,200.66080184888,193.82784958173124,197.5946474573703
37,1991-05-03 01:10:09+00:00,171.00844213828643,174.68662328574874,181.59973659001844,173.89850653183436,179.6157946922449,189.88766498855256,192.46148324520198,182.06404054093994,179.45360778006778
38,1991-07-22 01:11:44+00:00,183.7161301507836,179.2577975225109,168.34419740485657,,175.02584426872102,191.5811106871896,192.400043592781,187.2872159731686,167.71742620784573
39,1991-09-08 01:11:45+00:00,159.4825727881054,160.4957029155881,177.9073445607214,165.99311404150706,160.41863032816843,162.53691839184665,152.64939736330524,144.9141516557915,124.49638810602747
40,1991-11-11 01:12:07+00:00,160.01458147940988,,,,,,,,
41,1992-07-24 01:10:48+00:00,169.64017483294552,182.9124552274743,195.79105401514948,191.3974019450463,181.94131207173075,189.48638309338233,185.60088275881495,171.72520832871214,163.26498789322764
42,1992-12-15 01:09:13+00:00,156.59085733336698,157.08539684308883,179.6051008872096,173.0878079491249,174.33542376232157,185.68053617819382,186.75023280864605,133.22652792234393,153.64117320024712
43,1993-02-01 01:10:08+00:00,171.9640289591091,181.61279681864104,193.66916648949956,191.39878187674603,182.63830283064252,197.19381335004653,199.1990151400326,164.37029979816023,197.2480631504289
44,1993-02-17 01:09:52+00:00,156.77355313503026,157.9383063099131,175.70924916964987,163.72366677941875,167.80805469164977,177.09098418043064,179.56330681064435,141.45909180464338,177.50274877198615
45,1993-03-05 01:10:25+00:00,172.6541712822156,176.51040269146344,196.8689632378352,192.47500402961535,197.8643763940321,198.80696248290275,195.2929834338466,189.95378388970659,193.4256769764513
46,1993-07-11 01:10:44+00:00,179.44717347291152,203.65657604647788,206.18220913447325,195.9170463073414,191.8409491632492,184.7308993890813,189.39739988007665,183.5891732285414,141.05177009414453
47,1993-08-12 01:10:19+00:00,163.92247263728188,168.7838608141458,188.02869733490638,175.7730001702386,174.17543914434043,175.91196417259857,170.90186181011083,160.52927003497132,159.3736465684152
48,1993-09-29 01:10:12+00:00,145.3805916556939,128.23228591089978,178.2766484920453,179.33479240297896,175.36605458964522,177.24098043650355,153.18532732430077,145.77280915032117,124.34152581356689
49,1993-12-18 01:09:41+00:00,160.95698966587784,160.05096895534624,185.52240497567558,176.3861106300401,176.491016987398,185.3975546704732,173.43894829017435,167.71941416460922,161.87119707222698
50,1994-03-24 01:08:49+00:00,159.0806436622497,169.41397515510786,176.62665006290308,164.52640997306122,164.17657146495696,173.7607632768331,177.30124771246082,162.44013004460427,168.95680217169573
51,1994-06-28 01:06:32+00:00,150.91969350890008,193.20899722794442,,169.61795031399765,173.14825699469537,,,,
52,1994-07-14 01:06:06+00:00,156.81142535186868,153.3323623430884,170.18222139911785,161.86753322874864,162.40087693154376,167.97500306082435,161.09305397746047,145.36852433379465,133.73072979521496
53,1994-08-31 01:05:15+00:00,161.9978998968524,167.33257064216934,182.20362533832218,167.70231127488813,169.43397361625608,174.9679964546877,171.5484955932815,162.8484396317776,160.82287129107718
54,1994-09-16 01:04:26+00:00,,,,,,,173.77597982562838,174.12845989372804,168.68159007460613
55,1994-10-18 01:03:30+00:00,,,,,,,165.1770209579006,161.19016246351052,158.95756757168584
56,1994-11-03 01:03:19+00:00,151.8164462021345,152.1406593391938,173.97451093999544,166.7732686592661,164.60072993840475,173.9962820627759,177.36319680732274,172.45446789778154,170.30790162950782
57,1994-11-19 01:02:22+00:00,151.13824584087644,154.42769828294695,177.94228245331993,165.15400847405826,150.06934575182726,157.6600165680224,158.62413034440692,157.48785464326272,159.9588316161363
58,1995-01-06 01:00:49+00:00,144.19840496235827,147.21939584782024,176.12166211562942,164.6427924379888,167.7586515711146,181.863514573567,177.85955789711227,176.3918114015422,163.72656517354687
59,1995-02-07 01:00:00+00:00,169.8722381757459,179.50087789569898,193.98860752594777,185.67071486966987,184.83962029144175,190.85704614006025,185.1792243061883,174.6328975579328,180.00171308711822
60,1995-03-11 00:58:20+00:00,158.34154279314168,170.37107487192813,181.57238400242085,172.11137089223428,171.45753130011818,175.40113258472664,178.30259124002913,173.03765975471416,165.4573234464081
61,1995-03-27 00:58:04+00:00,161.70793928994328,162.7176032124062,175.57621227978933,171.71149775617192,169.57129651891148,179.961247617203,178.54215245978617,181.30940852368894,174.1980985769586
62,1995-08-02 00:52:21+00:00,169.79471194921112,174.3007707533171,191.81115449292685,181.95906787702586,177.45178237564835,181.52588156200846,174.3279506405439,158.99091504794643,158.88980336134873
63,1995-08-18 00:51:13+00:00,,188.20691106410908,201.48873029104874,203.61152897013756,188.1859933489208,,,,
64,1995-10-21 00:47:59+00:00,161.46788074413138,163.36326417967342,181.10203875641506,172.012279868966,170.05720982930765,180.40952015645206,179.60381486356064,169.03694812189946,168.38046872264425
65,1995-12-08 00:48:50+00:00,,,,,,,,162.5199104994594,167.05912977551986
66,1996-02-10 00:53:00+00:00,168.19340161239222,172.65021854812744,191.36384630114418,180.2987114672752,178.8759280803278,185.38012338395217,188.16544097166286,181.81633202752798,169.2039400290118
67,1996-05-16 00:59:27+00:00,160.5362292329285,166.73820281081956,181.3278964392635,168.34155104922627,165.32514330762126,168.95277483871985,172.00228044387188,166.61399986408895,173.32091295002508
68,1996-08-04 01:03:22+00:00,163.52496831665164,157.2438743578857,162.49305234462875,,,,165.45969982978073,155.1990982683862,138.93442484377852
69,1996-09-05 01:05:04+00:00,154.77202098918792,151.30374829040227,171.47097949459163,160.35866776871393,154.10067599703194,159.34697352581196,156.81972397479035,144.29994513551605,149.09317172089084
70,1996-11-08 01:08:47+00:00,154.46536928146128,154.3189869446373,162.99066718340248,157.69800594692074,164.33414151951868,186.24660289143713,185.37423005078483,186.2793465644753,
71,1997-04-01 01:15:08+00:00,170.43763681913,171.23468513556412,191.0610012329411,175.9049684338154,175.30846756349982,187.48069738123587,194.98778470703417,185.46751088650942,
72,1997-07-22 01:18:37+00:00,144.13347756191936,142.12278819617572,161.30670149621423,158.37109392621215,155.13218804464384,164.49453562766286,163.4295067797685,145.97369339825204,146.37458847536686
73,1997-08-23 01:19:39+00:00,138.27238165683934,136.32708569543797,157.8169890804079,150.2725812660699,149.6901286737375,157.02901592161913,150.62727059778257,137.10333166071507,142.00559798901105
74,1997-09-08 01:20:07+00:00,,,,,158.5018801474084,166.874286418784,163.4070821330768,163.9545579811202,165.14277881757357
75,1997-10-10 01:21:01+00:00,157.71870361702554,157.9133011448924,169.04585873641696,163.79029122323135,160.76831348389914,168.8813280450901,171.38356778316967,176.45598196394772,182.1604877039158
76,1997-11-11 01:21:52+00:00,173.13264578504098,169.38013969548135,186.1505297546533,178.10769941744928,179.27679434863882,187.07377683697482,190.58354482523163,190.5900479515979,179.42634763311082
77,1998-01-30 01:24:07+00:00,154.8256501486021,157.01998611604319,180.21243142737455,173.3991031453271,170.14059988900428,179.11065124810762,183.844418671261,169.6215082537477,153.52338032199884
78,1998-02-15 01:24:03+00:00,152.96312813442609,157.83021528220786,178.99336046203936,170.2795903346768,162.19506676678466,168.51150665106695,152.53984680759743,,157.5381582079901
79,1998-03-03 01:24:19+00:00,,,,,,,,,
80,1998-04-04 01:24:46+00:00,136.239125436481,130.27903751835504,159.2947887241236,152.07689715772557,154.30189611592914,160.19858769588893,145.57539939593352,,
81,1998-05-22 01:25:27+00:00,,,174.8107402338739,165.38943319435757,164.43160700435712,176.69506695397044,182.4125324431343,184.82646781405396,160.10800167902096
82,1998-08-26 01:26:31+00:00,154.64310566314165,166.21624802201958,182.0366216555895,167.39073596339554,168.3840427255947,184.38539928934495,188.39292680165445,155.662590976737,171.40187746905718
83,1998-11-14 01:26:56+00:00,172.64044346371378,177.71599478148104,193.15930558091665,191.02176914965239,194.98929255644438,198.99283650571124,194.99442398754036,176.42149865523226,177.6274654841765
84,1999-01-17 01:26:54+00:00,156.37814590383832,133.93509159822722,163.31285059106995,153.49300694658405,149.79457924661955,160.12554547459172,150.85981225812128,116.48312041538651,
85,1999-03-22 01:27:13+00:00,149.76853839487518,156.66868836801984,179.02314566021428,157.62312652912533,149.41667401972106,159.545160431157,157.4788484374533,131.01454280881396,144.0167067853277
86,1999-07-12 01:25:39+00:00,153.39492269931716,151.84032185307805,173.14383050611406,164.27525107863528,166.86557925457566,171.49206777845703,175.03094007701975,121.70500720266084,119.888621578661
87,1999-08-29 01:25:38+00:00,148.95895633570694,142.62720584410982,167.8024063634005,163.16578037732106,163.29492314922032,159.73483493412232,147.1871517114334,,
88,1999-09-30 01:24:26+00:00,158.50240667990016,154.96851645696447,163.92070462061844,157.35495931848956,160.31726244673385,163.15917750901494,159.75190433777294,146.06437382608758,122.63613339959348
89,1999-11-09 01:41:14+00:00,171.245993200199,165.265954579612,175.8104689936414,171.49310605207876,172.7194831287154,179.8710501760201,174.608621968157,163.11462516920002,158.38090294799505
90,1999-12-03 01:23:27+00:00,161.92605147613236,157.3841777947983,174.45347338608664,163.4058024740773,168.4527858203138,177.79174138543448,176.66886062749984,176.82172401076411,170.69363135840845
91,1999-12-11 01:40:51+00:00,164.90846639684753,164.18129431784934,171.21856366259902,168.4480660899585,171.65891362962645,180.28351581437204,180.0182765805955,177.92941571910626,172.07452794389067
92,2000-01-04 01:23:24+00:00,165.13332896815598,157.7571600512408,180.7975857452444,169.8578703456209,174.85429889719487,180.36438372286244,179.8469147771931,178.73447285946764,159.20564548824603
93,2000-01-28 01:40:43+00:00,158.74157392265803,164.01438969056795,181.97324991515364,166.7050925025626,169.55139271095123,173.75950976798123,173.17721617214562,173.63951784769313,158.8681431995633
94,2000-02-13 01:41:03+00:00,174.83512144669817,180.5024314546639,188.80454533284689,179.34423465413795,178.34271491516955,188.31694822261966,198.70518102591566,189.52521716281723,172.05113948100896
95,2000-02-21 01:21:34+00:00,166.93337528600014,161.6332089131936,171.51245559592047,167.93630459328534,167.85320803693972,177.1930877737695,177.7240113442235,172.9569476363337,151.2769677617451
96,2000-03-08 01:21:42+00:00,158.19171371504635,151.97964299027277,167.43019073522635,161.37627736138552,157.8672303459743,166.24431514251012,166.7714480154928,143.5548292866868,148.156445528198
97,2000-03-24 01:22:29+00:00,147.89486279859256,144.7141525910508,167.0352788525891,160.31213988083027,163.05594509597455,170.70599792747456,169.62247501879375,134.99211147207893,
98,2000-04-17 01:40:12+00:00,,,,,,,,,
99,2000-05-03 01:40:11+00:00,163.43873724797538,155.3258364234248,180.4303936234174,172.96030181853365,174.5443464658673,171.39294683328242,153.38213178375133,,157.5116769301332
100,2000-07-06 01:39:31+00:00,135.81003721841824,,155.982485634518,143.16884176231892,140.14334909996424,137.29359099535628,129.6286939072142,110.54261762780897,
101,2000-07-14 01:25:19+00:00,,,,,,,,,
102,2000-07-22 01:39:15+00:00,,,,,,,,,
103,2000-08-15 01:25:57+00:00,157.05950632567905,158.7592172326618,181.4924334526832,174.62971675374337,169.97658257402776,175.49886971679268,168.6956509464792,159.54741649548944,150.7875954664174
104,2000-09-24 01:38:46+00:00,162.6567230759747,171.46373981050002,182.95589389853464,179.37118575481097,172.32971664050234,171.82475090778408,166.53496848930152,155.80581050538655,159.64798382861795
105,2000-11-11 01:38:15+00:00,174.80625550701407,171.71911271327474,190.2243721915818,186.20370902620485,181.9773381262897,192.2832138121129,194.79672759468474,190.36077386531076,188.4354409568794
106,2000-11-27 01:38:17+00:00,173.280876679241,174.13452664040645,189.32316081929253,177.582871739185,183.879813888645,189.11128313475513,190.20368988839192,186.22578368412337,189.23637636930502
107,2000-12-21 01:27:55+00:00,140.12121308226122,,,,,188.70369650256737,,,178.55391195312143
108,2000-12-29 01:38:21+00:00,172.88787579014596,173.1085182936209,188.2550144648058,182.1960033658717,176.96936981133416,187.34261780516758,185.69720046462587,184.64534890676407,187.15057487389467
109,2001-01-06 01:27:38+00:00,175.50397931085394,181.56329647260594,192.49099170610344,189.82725811353197,187.14589613934413,198.340221610288,190.44505014913543,184.52156967703593,184.35785878383197
110,2001-02-15 01:38:21+00:00,157.05096629076002,153.22848506401905,175.6157272420955,166.39083938295857,167.95434186199975,174.76546504866252,168.82874815169373,166.1961470144537,160.35354112853645
111,2001-03-19 01:38:08+00:00,153.16871259190805,167.54130861231135,175.93923400329749,164.74209453435597,165.54303194161275,172.86107588906262,176.14651127288903,153.2909857571322,143.60038849911427
112,2001-04-04 01:37:57+00:00,162.12691801000307,170.16851864891152,176.4960043410296,165.5199390024075,162.7814484582716,173.95817579928763,181.1804995441156,155.4119793768769,159.65071970169353
113,2001-06-15 01:28:15+00:00,150.57011934806437,146.845551144772,168.42297241094872,160.15622463816678,162.94464700203275,171.2167616063253,179.1180700322739,171.84565265056233,169.49160181218429
114,2001-07-25 01:37:34+00:00,151.44113801518705,158.3454982660877,177.89493198792707,161.82032782483202,163.03708408220803,168.50069290720734,162.69067069263505,144.5159692539607,
115,2001-08-02 01:28:39+00:00,163.7842550937536,176.94686338044528,191.19448181519894,183.64797252503683,182.61881037742234,186.97379295665013,170.00167729342337,167.74157874338377,160.2666533850894
116,2001-08-18 01:28:37+00:00,154.8186528784771,158.20031582200218,173.32334029464124,167.47136319225723,164.94499696830795,170.15075218844936,174.7661100114579,164.11878231429364,155.87506893487085
117,2001-09-11 01:36:53+00:00,151.44414752797627,141.46010793654781,156.1290549183259,153.44114218523006,147.10910270773826,149.84334399533054,148.19130582860916,139.89488752731506,140.226802811342
118,2001-09-19 01:28:23+00:00,164.05917822729742,155.0044750983017,177.92298687578693,164.42335201810022,171.43936109595705,156.66817662750879,165.02846255709585,154.245305929055,140.48871363652083
119,2001-10-13 01:36:05+00:00,,,,,,,,153.62059318790992,159.00998028840252
120,2001-11-06 01:27:58+00:00,132.66603587171832,122.14742969590743,153.62222815404527,,,137.3548832738585,,,155.0922634797041
121,2001-12-08 01:27:23+00:00,164.45530644879886,166.4486430504556,180.64394291476052,171.34875506313313,170.73395627198005,182.76626134876062,183.55436795229957,167.40492390479642,159.64458379491703
122,2002-02-10 01:26:59+00:00,164.92008833877944,168.7375044060235,184.28805518684175,170.52353142818126,,,,,
123,2002-02-18 01:37:10+00:00,158.88706977789002,165.20057685121844,174.06885984139677,169.7354273556245,170.77267667098874,182.47265658935132,181.46988081301288,179.28612593000472,185.15924635735286
124,2002-02-26 01:26:12+00:00,172.46113480773607,171.2653906772748,181.25017218052415,175.39229372303856,172.04933719530635,178.84710883129617,177.1564938387557,174.17712868196816,174.74523778591424
125,2002-05-25 01:36:35+00:00,163.2741102647051,169.4949772467588,179.62696760262426,171.5641178260122,170.3297163961197,178.93722418851019,179.34042910494836,177.10229807523524,179.3887232168764
126,2002-07-20 01:23:46+00:00,157.7910750006157,159.50049434344137,181.0345552978954,176.5231488428208,169.13270394385628,174.7498313980139,159.5910462296192,155.44591140422932,139.58776896974422
127,2002-07-28 01:36:10+00:00,142.93329851653647,132.33815622947571,153.82229069048054,143.88145174074546,134.47914124015963,137.5608165817695,132.57813922326028,,86.68384996981497
128,2002-08-13 01:36:06+00:00,158.33310809784894,153.51564929349973,173.8062317669764,162.58603292061775,158.05313262675395,165.03042842961798,161.7211610181764,144.204900159043,115.43774111735615
129,2002-09-14 01:35:47+00:00,148.75184161017683,150.05812322273124,160.26150763597357,147.7071858949896,150.48955063961643,156.9094117727513,155.17124906510543,148.78823296202637,145.87539348835733
130,2002-09-22 01:22:01+00:00,150.27444985685042,145.63975206540772,160.57221981803428,150.42192618940862,150.9230961856913,156.42434151464374,153.65296242617066,134.65369575226765,134.31300749889044
131,2002-10-16 01:36:02+00:00,168.64071456356223,164.3343364353462,164.0879639500443,155.34350458300057,165.78083388902363,170.63766239436762,173.28722595497896,167.57459851718403,175.06259065889452
132,2002-11-09 01:20:30+00:00,149.19669229022054,147.8974041264051,159.81318287859176,155.62625617247713,160.43216422990466,163.9140527741159,165.3961681868676,155.47988356826616,158.17398782871672
133,2002-11-17 01:36:19+00:00,167.94272713841784,165.2462717910127,168.0490858042488,165.53931655627565,148.2006136633168,168.45866557859006,163.40334181311724,155.01103172523048,155.01093126394218
134,2002-11-25 01:20:00+00:00,154.26112175924294,141.1487914276067,157.26309253717983,139.41222783984836,145.6559617177657,154.74008414790103,151.69785543020626,134.8083497986464,141.8321542773063
135,2003-01-12 01:20:12+00:00,170.2831201895634,160.57072040913928,176.8427245558269,167.56303777603674,168.25307891121034,180.49474361928176,183.68162199327952,174.82446317860627,167.33332812914188
136,2003-01-28 01:20:34+00:00,158.54378606896424,162.50398954093492,172.1773875593167,163.78790990368208,170.73599578962356,177.08036497477184,175.0569922475085,172.62456163801227,165.68907374832096
137,2003-02-13 01:20:54+00:00,165.3442633135305,166.70390354042277,180.12718814283878,164.28135022468234,169.17220001551442,178.6430010114331,186.46410327822136,173.2967664398758,
138,2003-02-21 01:36:35+00:00,153.57183791812633,,,,,167.7672945395991,163.97473951344654,165.39665447717687,
139,2003-03-09 01:37:04+00:00,153.7763552755523,159.01744915136862,171.90099163873046,166.27531359095238,169.41959238229947,164.43515458548046,165.20664516733723,162.73447907233165,147.26990465040444
140,2003-04-10 01:37:05+00:00,,,,,,,,,
141,2003-06-05 01:23:29+00:00,136.47413676073708,128.09609266263905,145.25431605642459,134.26025712016107,136.5632883879632,145.98651905419516,141.48705371874226,133.19620602541656,103.56698897262217
142,2003-07-31 01:36:22+00:00,,,,,,154.1621186856517,151.15221521503162,139.2013231263119,127.67603682881486
143,2003-08-24 01:25:27+00:00,,,109.55802797775678,101.6856896489216,104.51642158082163,,121.85500651691652,127.69846025728134,126.77916820073517
144,2003-09-01 01:36:15+00:00,142.6756435891003,139.80533194161126,162.3331501102233,156.58230817231325,152.76832457192688,152.28830889011863,155.7047060060642,149.23355227038599,
145,2003-09-09 01:25:19+00:00,165.52635323265957,160.16698722679072,181.03779420411394,165.71374285630057,163.11786116572313,165.1934543860707,163.63804261708776,164.32157356664686,156.67331014760637
146,2003-10-03 01:36:05+00:00,155.12051961541218,147.7580860904234,160.86324236425085,,,,,152.49026252729433,154.74137193752358
147,2003-10-27 01:25:57+00:00,153.01245181285339,145.64308748436275,160.31666993721632,151.0786721990595,159.26749031593457,165.06148947211608,166.82964293222557,143.3363336808336,148.80451596442472
148,2003-11-12 01:26:31+00:00,165.13857641257087,157.57215057199085,165.11271662295553,154.80653017537503,159.37457306312922,171.1442486226557,169.4113388489033,150.76504540655526,156.37412460125987
149,2003-11-28 01:26:24+00:00,,,,138.8306172476731,140.18233769763378,148.81488854577083,139.03800804074163,113.27319517085128,
150,2003-12-06 01:36:37+00:00,156.7427246532149,144.43605830461556,161.72033310057898,159.2922621095382,163.71316974879926,172.7158480677935,163.7789517214338,163.6409060507924,160.1771923903735
151,2003-12-14 01:26:53+00:00,164.4846670925818,157.07068660218485,172.45603673003754,168.55363028119237,164.36210854796462,174.74298006684197,162.97205248063563,164.22215255070523,172.34717678668437
152,2004-01-07 01:37:14+00:00,162.04793649720347,157.70624216392568,177.78460375607824,167.9125932570031,171.51070149047706,173.37155747252268,164.8422379512235,173.03415164058586,178.8959464468948
153,2004-01-23 01:36:57+00:00,173.03516852096206,172.5684341669714,172.01728032325968,169.98082728961083,175.14519969047961,178.47798250108715,167.8571590063873,,193.62976172185864
154,2004-01-31 01:27:10+00:00,171.01582904428665,173.73289544267175,188.37666453951792,173.77012145270473,174.37340151264536,179.01950139503845,184.42275270463193,193.7123679075762,189.95022465520918
155,2004-02-16 01:26:50+00:00,173.7653906629592,176.471533296312,186.7657802981001,178.09535192928792,176.24274677226194,188.0670676102183,191.92575411143414,183.35711294220104,194.87154776750987
156,2004-02-24 01:37:24+00:00,,,,,,,,,168.53635388096959
157,2004-03-27 01:37:12+00:00,,,,,,145.7062550712841,126.15056333407078,,
158,2004-04-12 01:37:31+00:00,148.305136455509,142.38331198943956,155.70970071280112,153.8599538343538,157.68180733879052,150.80087831236432,134.69183853244246,,170.78129763657776
159,2004-04-20 01:28:09+00:00,142.6531571858511,139.81195311598748,157.14650053728025,157.0302051389586,158.8764439210489,162.2020544870221,162.92115912299266,,163.11127240279112
160,2004-04-28 01:37:04+00:00,157.96109145581218,164.8345405776923,172.22848270445135,173.7929945901243,165.51680186291824,164.4373946742902,,,
161,2004-05-06 01:28:12+00:00,158.8860752525369,149.52650864679703,164.3068398099715,166.55883049833542,154.41586280012933,161.21548711183158,164.0439817217091,170.3203991579142,173.56410932399885
162,2004-05-14 01:37:06+00:00,,,,,,,,,
163,2004-06-07 01:29:31+00:00,138.2043001642562,136.3976796597287,154.02806010512762,149.1033032065589,143.76142195543554,152.75695569339143,146.59940217433103,139.2841622015322,139.0358329988072
164,2004-07-01 01:36:56+00:00,152.2868910906912,144.19117191521138,161.4011087599559,153.47979389376633,153.13743935871406,158.2822171341288,156.5901772857511,146.24569736353004,139.36793609428602
165,2004-07-25 01:30:28+00:00,152.67943036828729,149.16106061697883,165.28821068660523,153.00916191389678,156.7949186840848,165.24542485726727,157.74107467705363,153.31355445298192,139.260702554308
166,2004-08-10 01:30:46+00:00,150.9634712578944,146.8422461845184,158.7603800050733,154.42387371236794,159.89298470202297,164.2754271195321,158.30403605848585,158.25135127286285,143.45700402364224
167,2004-08-26 01:31:38+00:00,153.25646483790769,155.86974362671043,169.66677284157356,163.78668086652578,166.08091793546942,171.85028302586153,176.3839568228952,156.76945109489873,153.47631809659194
168,2004-09-03 01:36:39+00:00,133.57413454356373,,157.5562307876056,147.56429180130817,130.5346454183685,142.1969935161934,131.7641602793906,131.90379408568612,136.0654914798455
169,2004-10-05 01:36:28+00:00,,,,135.0060690085424,140.28925052423853,142.75605598678771,140.94353595971066,133.46280227131308,111.5310336775731
170,2004-10-13 01:32:21+00:00,153.4928472562666,149.89727361261174,162.20603307835614,153.24849706284346,156.89000047408268,164.90566582276762,165.67557520183558,157.87699318370238,156.31607379866264
171,2004-10-21 01:37:01+00:00,156.45302507413945,135.89627949010472,155.68800731037192,149.89187575754306,145.4471062296528,164.3205117176479,159.4535029313619,147.2049323587026,147.1352818991249
172,2004-11-06 01:37:13+00:00,159.8362396635772,150.93551160594086,158.07164553044407,151.89784453069336,145.83433199318085,159.1684210397164,164.30662470377868,159.88083982782712,169.72633734991845
173,2004-11-22 01:37:20+00:00,168.85714945771508,162.62862149157286,161.24016338170142,159.1926070620254,158.5825096142094,165.12078849425663,166.7298098651808,165.92655619720225,172.6909205868991
174,2004-11-30 01:33:42+00:00,164.77900461761487,152.55640174176648,164.45239305334715,151.23228899069298,151.93105963570486,166.0756495826132,166.78458913217642,174.9764173410337,171.1987288197713
175,2004-12-16 01:34:02+00:00,150.42932229054696,142.26658880554993,156.74192297604486,144.4632200197048,147.9699224051235,155.97722295805238,152.06158911037124,145.75194746571594,145.36067430916677
176,2005-01-09 01:37:18+00:00,,,,,,,,158.26125615158165,158.5317415339714
177,2005-01-17 01:34:27+00:00,154.24905448499908,148.66981395514063,165.89815043991288,149.51741505425633,154.4503756132382,164.4699628244673,166.10966514626637,164.47127681827644,166.35535870510623
178,2005-03-06 01:35:10+00:00,148.80716255181483,145.36460277877518,155.04527476349182,148.91820285986762,148.29476445895847,159.69670950178167,167.3538882879578,161.68274829058856,155.3591246023138
179,2005-03-30 01:37:35+00:00,142.64022856177564,136.4704924418054,153.3903742296885,144.13055612580337,143.6060305857377,152.26011097451513,152.81369718781593,141.0204825212233,
180,2005-04-15 01:37:29+00:00,,,,148.06718020474378,143.4611098597154,153.17666117650754,145.6283417526386,129.48188737656352,124.60880739508424
181,2005-05-09 01:35:10+00:00,140.92887841048952,139.62919273895602,157.19920075793118,149.08976733122665,144.83818628504784,151.1182071761358,152.98479840100322,134.45360601729115,122.45804677410055
182,2005-05-17 01:37:32+00:00,137.6838824938091,139.83245945100745,158.55567921638772,148.11251783732223,143.00222629826683,145.50463369118836,147.8742120321949,136.01262898590315,136.21935162443836
183,2005-05-25 01:35:17+00:00,141.09624746412348,137.32220352647585,155.63346898084998,149.94520167720663,142.69703290685158,153.56909621668376,151.66054110985203,140.6746532742067,135.14434665741888
184,2005-07-20 01:37:44+00:00,162.00905199592933,165.96937417599804,175.95646365616733,164.88823129631123,163.93918484568928,170.96767591073638,164.2415510205281,157.61280520777296,149.78194771563824
185,2005-08-13 01:36:20+00:00,138.258477576521,126.8883488327681,158.45787479774683,147.51611132856175,135.84033375665808,147.39241084863255,141.35057030839494,125.68304235772874,124.18364652623114
186,2005-08-29 01:36:01+00:00,157.6749504578282,159.89213275607722,163.91647020431097,157.95784998620275,156.35339467629393,159.21391878601318,161.4057851315153,150.4974083576347,149.49332492432205
187,2005-09-14 01:36:02+00:00,150.85391354619082,158.09923009182438,166.19572635191537,156.81918374996602,156.6869462893358,162.03108145445813,159.84840673044357,142.97756314969075,148.99409875491187
188,2005-09-22 01:36:59+00:00,140.58330685856717,139.86034262930022,156.25225692330534,143.33729281245263,142.17249658900775,143.25638266351046,139.40655489819187,125.55873051987416,
189,2005-10-16 01:35:57+00:00,148.4717685027183,141.1695873292207,154.4696753990736,143.5744376059507,143.3358140864616,154.67163329043618,157.38398599498555,152.53276863061834,148.72403605209792
190,2005-10-24 01:37:10+00:00,154.61705033112045,140.16976572438867,156.52566092822988,145.66506586538355,145.71668613548738,158.0444994491112,160.51655120568438,155.3523165542929,161.92205863220454
191,2005-11-01 01:36:23+00:00,157.59928574623655,143.75725576501722,156.04079237959374,148.5216991497563,151.27391985583546,164.28993789997077,165.77638751527127,166.74655620747473,166.2042899527155
192,2005-11-09 01:37:21+00:00,151.50042040704295,142.97740437468966,158.65911310059303,150.27548918759604,150.2628292400742,155.8898449477303,157.76389943541406,144.87386912100783,150.89911933987085
193,2005-11-17 01:36:22+00:00,136.7281871919143,114.74326461161141,150.23370835504218,145.8914553212798,145.0047337945685,144.8551741538993,140.45515893509253,102.80917170881892,99.70768510179875
194,2006-01-12 01:38:10+00:00,,,,150.18874561844078,154.13412734029194,161.05046125364925,148.28865528928924,140.4834515113381,135.65016291689287
195,2006-01-28 01:37:54+00:00,165.8629844944846,155.11643301152031,165.03058055438188,165.59012659855165,162.23787240891062,172.88773208126477,171.5602369829494,171.30636504566283,165.99194309512546
196,2006-02-05 01:38:37+00:00,164.54428683658432,157.4150307810338,165.88441073907234,162.55192241886255,162.3884676298128,166.51164923288974,161.23483545153698,160.49570799066692,159.37994246602182
197,2006-02-13 01:37:58+00:00,174.2169627323415,170.26349599743094,172.49871948470593,171.6330094886003,,,,173.2785107724577,173.7214203437666
198,2006-02-21 01:38:34+00:00,150.0865292730398,143.93797628746464,161.474239230864,151.26289073830768,149.28629689976947,158.66148387684976,154.98473038735682,146.88827839719494,139.3708793430078
199,2006-03-17 01:38:01+00:00,142.49328650281566,134.07141172774055,153.3045884602084,142.91607721430225,144.313225359723,153.13969553495173,155.64544050917144,141.875490776085,145.94215219768142
200,2006-04-18 01:37:54+00:00,139.93216098305467,136.84373094943163,145.01304432448995,135.12326474562593,131.91509978998107,141.7411701843871,135.8783923484284,118.02543918727298,122.65728400673143
201,2006-05-04 01:37:58+00:00,,140.7434907593195,,,,,,122.38794139015869,124.28677868321563
202,2006-07-15 01:40:58+00:00,133.48967108166596,133.48566119186512,156.80310873617952,152.99569271314172,141.75448334285278,142.35980311819048,139.48994439849062,128.07040828113858,95.63554324194182
203,2006-07-31 01:41:10+00:00,150.0977023292602,156.2258285290082,170.94196958306682,162.96187361280866,165.1856297875957,167.72206665168565,154.79859141009692,138.5023082541877,124.65442812256669
204,2006-08-08 01:37:36+00:00,164.67154756361447,163.83063229261833,177.6864555128913,162.1263009284551,158.29963381695163,159.88916409771332,149.91066259343683,136.12860390310112,125.12474809364775
205,2006-08-24 01:37:34+00:00,150.3178432803337,148.163268660871,160.3413184990079,147.58286769893016,140.9540434233857,149.09218196334265,144.30475656958117,134.60870278345942,133.80750392680923
206,2006-09-25 01:37:47+00:00,150.34399121160328,144.32842933512987,153.94381034522556,148.87390249238177,143.0228196685256,143.79928867256015,144.9105253713769,,
207,2006-10-11 01:37:19+00:00,,,,,,,,171.22653591525534,171.2671998416362
208,2006-10-19 01:42:30+00:00,160.1090373214446,153.63121532435946,166.21632610883998,155.19693086003804,148.95966679817508,158.89882698395306,157.23524824501965,146.51248745561583,155.54125109981638
209,2006-10-27 01:37:59+00:00,164.55121414214804,152.32631467434922,154.55262565526618,,157.25046647530772,162.97106113215264,164.5997432865891,161.793581795228,169.72656649272162
210,2006-11-04 01:42:40+00:00,169.83352377054177,159.50208108899315,163.01655184255085,160.76618611738346,163.04160647347987,171.40912554889888,166.9051441398763,160.3977003401636,172.83165645409704
211,2006-11-12 01:37:49+00:00,172.39034703439026,162.33293475437807,165.87050921812704,169.16773661526338,,,,,171.99028782643933
212,2006-11-20 01:42:48+00:00,158.95317955560705,148.63731692663399,163.91290635165268,157.6635788411602,153.96690382332957,165.42621841471836,165.15486779645184,159.3111992427473,166.29124536080474
213,2006-12-22 01:43:02+00:00,160.56993381435927,147.41078226061154,160.14928589845687,145.14184719759137,143.11613031620988,151.13563240263176,149.71775839434605,142.26040547760246,145.56620177723534
214,2006-12-30 01:38:32+00:00,162.61065612328414,154.33436949987927,169.28669174548028,163.52010557706143,166.54254993467356,172.1685027972033,176.97380680600372,173.22531127152712,177.30900614381147
215,2007-01-07 01:43:08+00:00,,,,,,,146.11041627643075,,
216,2007-01-31 01:38:39+00:00,163.58064286123724,161.96293616137774,176.26240733149297,167.5890668441219,169.0609058511483,177.29084302318722,187.37020375841283,175.92999705237935,171.42535445286362
217,2007-03-04 01:38:49+00:00,145.44050921736485,137.89666841503146,153.6929981582623,151.5869561971376,150.3600369267992,158.34936626767308,160.59943929832758,152.7153591488207,149.43425077242222
218,2007-03-12 01:43:17+00:00,150.79320069632183,148.4144076611372,165.68697727278487,160.2363738976915,160.88168013855648,171.24613605652314,174.7946120078166,165.7886706628325,155.69089817825028
219,2007-03-28 01:42:49+00:00,161.64437934982845,153.03109803575546,166.04088920060443,161.35945132285732,158.72032039890186,168.6600277497849,172.77859449792294,166.6915384928809,164.6668346533885
220,2007-04-05 01:38:51+00:00,143.6293406393356,140.67756785632386,153.14439060723834,147.7999558880515,149.36937255816792,158.70691672596524,158.26804572223466,138.30423305434383,133.901282330257
221,2007-05-07 01:38:44+00:00,,,,,157.7623766875207,166.18891956936704,162.87421718900814,160.39773506760957,163.0219765946604
222,2007-05-23 01:38:14+00:00,,,,,,,,,
223,2007-07-18 01:41:34+00:00,151.00290100100483,137.9905469410685,152.1760045439792,142.19901526109714,134.63163828160145,141.32414664631472,138.10840414136152,134.63208307225395,
224,2007-07-26 01:38:04+00:00,165.39228733215955,157.01405028369334,167.76358918768176,158.05763071327883,157.67194835137218,158.31548444484156,,,
225,2007-08-27 01:37:52+00:00,166.57183942401917,162.38414142214373,176.71336097016635,166.67056481833896,164.25310640956022,,,,148.73744588655921
226,2007-09-04 01:41:29+00:00,156.73470322299443,158.67349240695006,153.98351705866122,143.8819680819698,146.55491275940045,147.7295933998439,138.0280415765682,128.5853472326254,
227,2007-09-12 01:37:44+00:00,159.48558909715268,158.87814204048988,169.60769688667096,162.01058371623526,,,,141.60528341599178,135.5959563340926
228,2007-09-28 01:37:41+00:00,,,,,149.7857061009301,173.36691802655514,173.8968843660454,160.0324393789947,154.60356664667708
229,2007-11-15 01:38:02+00:00,168.37877959662018,163.76165661281988,171.55645587377072,168.16862002214552,171.83193715215816,181.4951077570023,183.47491752537172,181.14749450631797,187.24174437953934
230,2007-12-01 01:38:09+00:00,,,,,,,,,
231,2008-01-02 01:38:40+00:00,154.17073735590816,148.5237446000673,166.8770384788779,160.03016921813577,160.22307475230122,167.55904162521873,167.57436935005114,166.06134718418733,173.32296109641732
232,2008-01-18 01:38:40+00:00,,,,150.50810744668948,160.08299595371443,168.6167195192033,169.41673590878293,166.18879383502815,175.46811195070507
233,2008-02-03 01:38:38+00:00,154.6877422941754,146.20710588987134,161.3002217045187,160.78519324505515,161.1869186288527,167.74262367498935,174.59799289085416,175.80941252832775,180.9573428422263
234,2008-02-19 01:38:11+00:00,163.1220092769872,159.666296846741,,,,,167.64722438845976,177.2402927759882,183.7827102825869
235,2008-03-06 01:38:05+00:00,164.71832472561613,169.32728663516278,178.80370650307663,167.40005971793192,171.07069443080047,182.12650445310237,191.38573711901302,186.78943414590168,192.29864037878883
236,2008-07-28 01:37:35+00:00,,,,,,,173.09850438960746,167.7962403533056,169.9928556456725
237,2008-08-05 01:34:08+00:00,145.68540858852788,155.37540218508667,164.31727917059246,159.97978485925594,162.2737392625776,167.87478987889335,153.58340541707756,130.01226534358145,
238,2008-08-13 01:37:05+00:00,162.75314490789447,167.06840358034597,182.82306297866992,177.2925290684525,176.49095105737433,177.36267629104117,172.22970665767207,140.72157890788765,
239,2008-10-08 01:32:16+00:00,178.02501666116956,176.4474702962217,186.7603085538725,167.6109693413329,169.25420069548187,176.8550052676083,177.7326168484343,175.3748876872569,161.50596150262723
240,2008-10-16 01:36:36+00:00,177.97463699049587,183.79384730718525,193.00857744875458,187.21156190470066,182.66377754836805,,,,
241,2008-10-24 01:31:43+00:00,184.8288146973769,193.05988879207712,199.8693967005473,191.5521547861479,172.08458093870723,177.25058862148626,187.6124483987279,180.17641627823787,179.48711225386924
242,2008-11-25 01:31:31+00:00,164.63099715742277,150.62136006352506,171.4170355293486,161.5191248842849,164.34681270564874,175.73801604282667,186.3724508022969,184.89441540228466,181.9737668874222
243,2008-12-03 01:37:17+00:00,166.00969143965474,168.32632401477974,166.62849366436134,164.10218599569643,157.25023398856334,165.82577928308396,173.38034707924072,169.76976214696995,186.5147822203975
244,2008-12-11 01:32:25+00:00,167.06737094662046,161.21778830433453,163.66386223136706,161.50612313535635,170.56512226948888,191.06053195928735,176.61818991149076,168.21521664615796,135.82476041801272
245,2008-12-19 01:37:27+00:00,180.53050100798959,,,,,,,174.06475249860858,165.5305155768651
246,2009-01-04 01:37:57+00:00,175.00327331404836,178.36936796743066,184.34766207981838,,,,,177.24969776956624,157.1304429246283
247,2009-02-05 01:38:07+00:00,181.15229084384956,183.9379355843294,193.4562615912397,,,,,,
248,2009-02-13 01:33:45+00:00,145.60834555956518,138.61372466401144,153.7013492160301,150.25467552631977,153.28005323059654,158.01997478196913,158.13624977880679,147.37952098047586,129.71974871584143
249,2009-02-21 01:38:17+00:00,149.81972361679658,146.27604547036373,166.13329636818605,155.30511621163805,159.1437380137757,166.03573379255215,159.69553198687174,147.6318228042235,165.75371909657056
250,2009-03-17 01:34:54+00:00,151.9986250314552,143.67382465789512,162.59016147946983,155.91708633947079,154.7041992816535,165.1140091964436,165.57543413488497,158.80929153875366,163.45200769824493
251,2009-04-02 01:34:50+00:00,167.35635505188233,163.5910185774993,173.3860308219496,167.68478903543593,167.33130440768065,176.0535679222481,178.7359041985946,175.27912450595505,174.2038078058655
252,2009-04-10 01:38:38+00:00,,,,163.93245774638433,170.47106080105365,175.68907545667506,177.75958719764753,174.99546835157477,175.47166888508977
253,2009-07-23 01:36:53+00:00,,,,,,,,,
254,2009-07-31 01:38:33+00:00,178.01576076006418,180.5175916424958,188.22070378696324,176.4397282494511,166.45641941578793,168.65546581079943,158.49074772603774,149.4310147285958,158.18500916607167
255,2009-08-16 01:38:05+00:00,165.4417082454948,150.58909838128005,174.88163289734393,163.9810029899459,159.6491424873616,167.91265256653315,158.57759473391215,,
256,2009-09-17 01:38:04+00:00,166.82831056685353,160.25336536713374,173.28839216365958,162.9873147339515,166.88146431438415,176.43123826792652,177.98248756637793,174.92442260696876,170.902342282312
257,2009-09-25 01:38:12+00:00,156.40673666816568,149.55053746576357,160.53708552500444,158.23898720304413,157.0894580312485,160.92751690078956,159.72217030663097,151.12794588706225,148.22543741343134
258,2009-10-03 01:38:02+00:00,174.80359910906455,166.17261189869683,176.4100148385591,171.18836503996823,176.57191269668553,185.83502446830184,,,
259,2009-10-27 01:38:08+00:00,156.39134924511671,153.1225192645814,167.04454998135964,158.59255760212199,153.72833333187222,160.94828932495858,168.1845272373069,157.60703486007156,153.90806672300914
260,2009-11-04 01:38:23+00:00,166.3770101012147,166.59686253667667,170.73395652666676,167.7206425042898,170.8928567685772,182.22204371349235,192.4123781321384,177.86857036908575,169.71168168690875
261,2009-12-14 01:38:55+00:00,175.25525609343956,176.46020434034077,183.7557569145715,177.14931510787596,177.42494958960648,192.71009840549425,198.72685365026308,191.12526597407327,200.2646803490039
262,2009-12-22 01:39:02+00:00,,,,,,,189.6622915808259,192.87704960534546,189.94157306304112
263,2010-02-24 01:40:19+00:00,178.7715440014028,179.48032329751558,190.18092628061552,179.35358251039622,181.30628702864715,186.5680292247819,189.60738363858397,183.90734759714104,179.34369370690501
264,2010-03-12 01:40:26+00:00,152.47454544776429,,167.25854626819762,154.2172803808945,153.8561362840685,153.76248183261293,,,
265,2010-04-29 01:40:06+00:00,,,,,,,,,
266,2010-05-31 01:40:03+00:00,,,,,,,,,
267,2010-06-16 01:40:03+00:00,148.523066827728,153.68457443139835,169.6122672472663,152.89640231819516,160.4767128140824,169.35508042325677,166.228678039069,,
268,2010-08-03 01:40:08+00:00,162.03889940660633,,180.14675045703433,165.83757618898517,161.82115044590955,166.3077430912398,161.49763397806782,139.4310200768292,
269,2010-08-19 01:40:09+00:00,186.26498026147078,179.92929471302273,194.2409889683705,183.7672853882202,185.81288655409006,184.04947859930232,186.91745331208233,176.35040812267488,177.33096969545522
270,2010-09-28 01:38:02+00:00,170.8470087485758,161.17015353432214,178.28605407275592,170.58815989689415,164.6020614771246,173.5182935641101,172.60830832959243,161.3748406373955,134.53608521048756
271,2010-10-06 01:40:11+00:00,172.78048413454442,174.7381107485584,183.18061971172486,174.85110465847578,171.95428640725873,181.76530732841692,183.44337203354274,184.3924361157549,167.10059318104246
272,2010-11-23 01:41:08+00:00,156.2386224472012,152.3530296696704,168.26792832526144,158.64398136336644,161.19528007599718,162.95306482064694,168.5490236603927,165.2256507077374,176.06294362582562
273,2010-12-09 01:41:18+00:00,171.47778337743725,164.7503409518317,172.9496443852135,172.26280047828362,178.3557904935877,184.7325766617672,,,
274,2010-12-25 01:41:01+00:00,,,,,,,,,166.16138072887395
275,2011-01-10 01:41:10+00:00,167.76935653765193,163.15738631277014,178.97568513862714,167.24700735994207,167.95693081830373,176.237932463579,179.93076757984,173.68085147972067,181.94431019557513
276,2011-01-26 01:41:41+00:00,190.2558446527018,191.48394664884066,194.7644566463136,188.5720041692923,187.47975290679216,191.20672174227667,198.66217426707948,201.3157247658875,205.1945843473461
277,2011-03-31 01:41:55+00:00,177.90400477695965,179.99655511937706,180.58134490729347,172.4469355886557,176.8990249237069,187.32463624778396,189.47409406404947,187.3614152567676,192.69792295008187
278,2011-05-18 01:41:28+00:00,,,,,,,,,
279,2011-09-23 01:41:11+00:00,164.771168894747,161.0421270845539,162.7626025600668,158.46751145143193,157.84685549628355,166.79050906210057,161.95358913677086,154.88548487533367,161.23594427890842
280,2011-10-09 01:41:32+00:00,,,,,,,157.65557782399034,154.72454745204914,175.72912609181552
281,2011-11-26 01:42:00+00:00,168.6527309873757,164.75297528041042,172.6092510114742,168.82690720564761,164.36918065913582,169.96970241350738,171.83501296484127,,
282,2011-12-12 01:42:05+00:00,,,,,,,166.55126333668468,167.31459654769617,169.05168645282598
283,2012-03-17 01:42:02+00:00,,,,,,,,184.56446719507377,185.00410851098292
284,2012-04-18 01:42:23+00:00,156.2969076646847,150.25985605148375,171.13502842041754,161.70154683223734,158.74735167994783,,,,
285,2012-05-04 01:42:26+00:00,157.9932520836938,152.76440222407166,169.19082044158296,159.47082228555442,,,,169.2368457114918,165.37022757145806
286,2012-09-25 01:43:28+00:00,153.33385021815786,154.9645981236234,165.42213590901062,158.06630364984343,161.28227747830076,162.69828467612052,158.73637982286567,150.50948143671073,157.43247722389742
287,2012-11-12 01:44:13+00:00,161.064624991424,159.29216897256995,170.19053640319476,161.99253118407788,168.88509752759614,179.34884998140745,183.43352156620037,,
288,2012-11-28 01:43:54+00:00,172.18152928439875,173.02931710909985,188.63479185378657,171.37662472694177,169.521639747979,184.42192316350767,187.89883665249522,187.28405524914058,184.49190452860012
289,2013-01-15 01:44:27+00:00,158.13288960568812,154.74726057699553,170.31364636978978,162.40166269925243,165.82504945732424,175.65042622008121,175.4025911211437,,
290,2013-01-31 01:44:08+00:00,173.430791220307,174.29517642086228,186.92660540942776,175.33200015505895,185.82665419340998,,,,
291,2013-02-16 01:44:31+00:00,158.93535578406352,155.2742942728496,175.92740014889353,170.90776763694006,173.29665829377498,183.28868120725642,185.23209950875713,163.51042246409293,159.14857652944357
292,2013-03-04 01:44:04+00:00,158.08589830582375,171.0934934979503,180.17131001398775,173.0541576751673,175.98307849831383,184.94755866968137,180.03657975609497,,
293,2013-04-13 01:49:43+00:00,162.17753650120002,165.9683378219597,175.57230511774895,164.99334764893322,166.78202560304652,176.11176849292013,175.79548612765407,165.56233094201315,164.48021747198416
294,2013-04-29 01:50:05+00:00,160.82871172110956,150.9788423841789,173.56314559441094,162.60773834125484,163.0158748466897,167.71865794716484,168.74409596535105,154.85837223118725,136.32529731255312
295,2013-07-18 01:49:53+00:00,176.41053563982564,182.13754108869063,198.04397268067518,195.94969881474293,184.57551250386285,187.04300370669006,189.51870535553553,180.45595476156603,170.29940323431725
296,2013-08-03 01:49:55+00:00,183.28858936687277,183.33242856139898,198.9387082722185,191.69748314551816,187.6595826370198,192.9518177229839,192.5693203895523,182.11905605327814,169.50958801611
297,2013-08-11 01:43:32+00:00,,,,,,,,,
298,2013-08-27 01:43:20+00:00,165.0976133699039,164.7962174711355,189.78439668441086,183.679847305358,175.92470228938603,178.67300495661976,173.0190300456766,,
299,2013-09-12 01:43:32+00:00,163.85673244324192,168.96916257389893,185.15802178476457,173.74754748282533,169.96317842950415,175.97739903567953,171.1668528353632,153.0715216267294,
300,2013-09-28 01:44:05+00:00,170.66592464828665,165.9970349926291,173.66696284892078,165.46212597152015,156.26606146193598,164.78095296982718,162.77238630230238,154.68518743986928,159.25055555536574
301,2013-10-06 01:50:12+00:00,161.1268021405823,149.54025471848416,169.04377416595221,157.52253670879625,157.39501022676615,162.02995990810643,163.5540445983094,152.2987738636984,147.35961361166147
302,2013-10-14 01:44:19+00:00,158.07314152519263,150.54526815823604,167.78858620123046,155.54199096860975,158.41007432469758,155.14813737253027,151.44004152383116,140.34225591956772,145.70663513592615
303,2013-10-30 01:43:59+00:00,171.11005241332776,157.14080406721624,173.0359785409135,156.95392594111047,157.8110471280034,163.80770999565934,172.25690588710737,157.2792462211025,151.86778297474848
304,2013-11-23 01:49:54+00:00,177.94536335329553,176.12337278618676,188.14109312976882,168.59285409279266,174.00911948705829,181.21217719003084,178.012218194785,180.87777992797393,173.47155120216965
305,2013-12-01 01:44:38+00:00,186.96636457187344,,,,,,,,
306,2013-12-25 01:49:46+00:00,177.41614751362175,179.7256362241275,185.8875928488487,,,,,,
307,2014-01-02 01:44:45+00:00,180.64652609693766,180.86482279389958,189.8934665260154,179.25197463896802,180.63145230680988,189.317758192227,194.26576648628415,187.96144633111513,184.78620121136913
308,2014-01-10 01:49:11+00:00,,,,186.55766226130834,182.26305902158003,,160.37837691261575,,
309,2014-01-18 01:44:33+00:00,184.32000582521147,181.7564258001506,189.52435268738498,177.997156902869,179.11183624146213,187.3572120046203,191.91705331498378,185.07563280347188,185.5405484028431
310,2014-01-26 01:49:26+00:00,165.55619099548025,167.2643476446804,174.11730623531813,163.90682422213675,164.6147104647797,172.4843344560345,178.6795212681538,169.33237746108585,168.2290003758727
311,2014-02-11 01:49:13+00:00,178.6866416436649,170.22458400733552,172.4246905935426,165.10076367713376,166.73521133153332,180.09893322339127,182.47664122696693,173.22263263724963,176.39046908987274
312,2014-02-27 01:48:36+00:00,168.49289476301078,154.7637908060008,171.65657916562674,166.36050313885676,166.74479276597998,173.44950703479444,177.69560957682748,174.8899290593576,168.41910110246988
313,2014-03-07 01:44:43+00:00,161.09047788197708,147.9627339480161,165.48469973474542,153.87235546745723,151.68872526079912,157.45809556350156,160.3035866515723,155.00791159569303,154.96454642894307
314,2014-03-15 01:48:50+00:00,173.57613062629633,166.9195730119966,183.9064195518954,170.49227966663113,170.27930548800367,177.15829413700317,183.447270474049,181.92925116187965,183.0610047171844
315,2014-03-23 01:44:50+00:00,168.88593593167352,151.1203290498991,159.1981740440773,151.47949152372564,142.34128453901735,147.05196942183687,148.2323100918688,136.907660558222,139.2344755808111
316,2014-04-08 01:44:54+00:00,165.1286535030444,166.59568215025766,178.17973761300607,167.91434780583023,167.81480788772762,173.41805251506008,,,
317,2014-07-05 01:48:08+00:00,171.6768880132639,153.09177012207817,179.66400984470462,168.24014661047207,166.13905163030788,171.13640585948332,167.952272086943,169.07740915568064,148.1567776922657
318,2014-07-21 01:48:11+00:00,168.62230564827072,171.78222619765697,186.59593813440443,176.8616894080684,166.38146102997035,174.47756553711417,168.03019051049068,155.83498850128484,137.01322471865714
319,2014-08-06 01:47:56+00:00,165.4959817637852,164.6712042261589,183.52381559194203,171.0366967383645,165.7338948200077,170.5079933381817,162.4356379610818,158.99386203731274,153.3653421754794
320,2014-08-22 01:48:24+00:00,,,194.49400808894927,171.24218017946316,167.26522887570266,177.9256112604334,195.53828322850524,178.86313634740685,167.63902236421802
321,2014-09-15 01:45:35+00:00,151.01154805962904,148.29811222391032,159.47284337850158,152.07953050161385,145.59051273776493,153.66853802025895,146.87782166882454,132.36413971319587,
322,2014-10-17 01:46:19+00:00,162.69451293032822,154.63372490606253,161.25793757781497,158.54730591833146,153.47590565368228,163.49496496410416,162.2363427237802,151.16774270422678,166.74063647021825
323,2014-10-25 01:48:32+00:00,155.59352655709924,147.71065606222288,159.4116450661772,147.92689570799962,152.25466449986757,162.1382596579013,152.3983444310274,151.06316908826318,156.03207185409715
324,2014-11-18 01:46:09+00:00,174.17709442430055,166.26251338637226,166.92010621787315,166.51072056039916,161.11141182973356,170.4133212623604,174.18025846031043,,
325,2015-01-05 01:46:52+00:00,163.40000852974217,156.8784413737669,169.57959477018753,161.7112173767689,163.70561224089025,166.84648146013353,164.60169216384742,156.60694093017437,
326,2015-01-13 01:48:21+00:00,148.5684979804126,150.5802905822245,161.2652067643786,149.65973466428784,153.63370238003512,163.27607146266254,161.94838228616928,154.56139714208825,139.86047819944272
327,2015-02-06 01:47:01+00:00,168.08123750865707,163.0943442894189,170.88986103365153,168.54449870411116,163.64482078444235,172.96930973849354,170.98210911439682,163.15520605327552,
328,2015-02-14 01:48:07+00:00,173.97348076883105,171.0859533985986,170.69482176077565,166.3481355559818,161.85685240075858,174.59986805220763,174.82376275566614,164.14104834248863,174.5247004796149
329,2015-03-02 01:48:05+00:00,173.8494468662892,173.57072186118944,179.56127718839707,168.32749603602736,163.80499205060062,174.44617560887963,174.1250423125203,163.02127989711892,168.22249967157703
330,2015-03-26 01:47:22+00:00,,,,,,,,141.56704135943738,139.47729636003513
331,2015-04-03 01:47:41+00:00,,,175.4209371535014,158.54299454636097,183.53902213657722,,,,
332,2015-04-27 01:47:36+00:00,,,,,,,,,
333,2015-05-13 01:47:21+00:00,145.08292067899822,134.11854267860446,153.05704917812287,144.07854784801725,141.53564837234637,151.17877730399613,147.83928621352686,134.98781574245126,146.14444632099193
334,2015-05-21 01:46:58+00:00,160.5933200278672,154.74709594698757,163.03929992322114,159.36224646388916,156.20369346316073,161.97755173398187,161.07538915955155,155.27071652499774,133.16284502472297
335,2015-07-24 01:47:55+00:00,171.84232703232254,150.54032124224736,172.67413253094247,162.94476483146443,164.13949994057026,165.32637652468046,165.3407545833617,162.5924102560087,97.8875265559343
336,2015-08-01 01:48:06+00:00,162.50922573327614,154.52632245918085,177.7383390993889,168.91241250185857,166.84608697972976,175.2409150115855,174.75193266333355,160.2667253101285,140.17045437220887
337,2015-08-09 01:47:58+00:00,158.92973347131033,156.1571438068703,174.1701348550926,164.86638621262315,158.980970369332,172.96563810541537,176.23980260384283,156.52209543842315,132.93236011345243
338,2015-09-18 01:47:52+00:00,159.7460923008046,153.05860159704642,167.43498883624457,163.61991748535578,161.9424836268784,162.8629193695565,161.23309667250751,151.67786824055264,115.61160668434727
339,2015-10-20 01:48:36+00:00,158.64062658391626,154.17504420652935,163.91153946961742,156.78541117739994,157.36278418828533,165.19044910113138,161.13376483032107,151.02107958305163,147.5487164698039
340,2015-10-28 01:48:25+00:00,163.6109857245287,157.06573905726745,170.02999829608348,167.36944846318352,171.53294986596202,180.1081437105276,175.89957713351302,169.89547332143437,166.2804441533444
341,2015-12-31 01:48:02+00:00,173.9365318158644,176.34078648795264,186.2101144155847,171.07236666989718,173.30218159382474,180.5792537456415,179.68348943922388,172.1426046448366,164.01667259422425
342,2016-01-16 01:48:24+00:00,177.39197252232287,181.1377469344126,188.3267670191806,172.9913825255332,173.92424816665675,178.04363883795236,182.009232622765,171.13207652783854,159.23519650320597
343,2016-02-17 01:48:14+00:00,173.72199673556244,173.20269986256974,186.887420321096,173.30800922093647,169.46868242501404,178.82499744354396,190.30359248240498,176.19007570528734,174.31140571916825
344,2016-03-04 01:48:12+00:00,174.15631111599814,178.84242670883296,182.80461320972324,173.52170096133432,169.42967697470232,178.02373958156102,182.44739753090286,178.9002264044463,171.82453572133906
345,2016-03-12 01:50:23+00:00,163.7097604204811,171.93447965058837,176.772162661766,169.11105115545865,172.60049441485722,179.33958904103986,179.89547923772417,172.6106469925044,153.6406216912614
346,2016-03-20 01:48:06+00:00,166.07442158701446,169.80232643900845,177.51680946908908,170.589234111366,168.8821557685503,175.50920477988703,177.96642960233163,170.15560515359675,175.9835892460846
347,2016-03-28 01:50:04+00:00,158.49558352815848,148.69519969958017,170.1517893836093,156.9021502574069,158.85258497152563,168.33077100411532,166.22871045278137,164.7234182698379,172.00630589844218
348,2016-04-29 01:50:17+00:00,,,,,,,,,
349,2016-05-31 01:50:25+00:00,,,,,,170.28089670629646,171.15291092509756,159.91778210527463,153.30285530487305
350,2016-08-11 01:48:21+00:00,173.06484896217435,174.28806178629256,188.66222207900768,175.03320042819666,166.72852535726736,181.10498795156974,179.07759301745145,170.89537911307727,166.61717031598033
351,2016-10-30 01:48:40+00:00,175.70925193846045,177.14321399739075,188.06297545215926,175.15626750892193,175.31916127950794,183.26708349537682,185.91245399526116,184.35855349556869,182.099138093234
352,2016-11-07 01:50:56+00:00,166.3166909746585,160.49651224908428,174.335337736706,166.64271005461626,159.68092350779938,162.58237842316836,165.61791941861324,158.6243337763103,162.71157741478254
353,2016-12-01 01:48:15+00:00,179.24185633541498,179.61534857826473,189.75308361115296,182.90774779265342,182.7262173462458,189.21907739690872,192.81448982895807,188.50184845537484,188.62091968588123
354,2016-12-09 01:50:24+00:00,178.89743673354647,171.50241990481942,187.258716462632,176.5940210057697,180.4536078588474,187.55704675992433,190.18544206791603,191.7748048792203,189.75566209413898
355,2016-12-17 01:48:35+00:00,180.31047532516587,177.80334398582576,189.84434605578338,177.17122480754915,154.69386999449847,161.90306267284006,194.85186505865403,190.23673927682648,184.4935423435341
356,2016-12-25 01:50:17+00:00,189.48606886502932,192.0574993423559,208.31452661584868,196.58152444600975,193.64950811947753,,,,193.15678790163759
357,2017-01-26 01:50:20+00:00,186.55178240582603,184.7632458841372,197.23768911458217,183.11104656593096,189.5526708876722,196.30171137850925,197.3498715134985,194.84635744666596,196.34068505809705
358,2017-02-03 01:48:20+00:00,189.28054878125522,189.99710396678438,198.62077328934853,190.67569892553104,183.62273249519853,190.7019149641217,194.93669932095088,188.00494955084054,188.18627058477125
359,2017-02-19 01:48:14+00:00,188.88315589216296,190.4839019315504,200.4647675166297,187.7174741785782,182.42351936670286,187.72244976570596,189.81722407677722,185.63318016200822,191.2380476163545
360,2017-02-27 01:49:59+00:00,,,,,,182.4003973542203,187.53505100865442,179.57420200384283,175.8935587322041
361,2017-03-07 01:47:43+00:00,181.7407456230541,183.76931417014103,188.64243165153783,177.70724358103982,169.65655257884606,178.32148079291454,175.57100183124305,171.5601598829963,170.81675865586774
362,2017-03-15 01:50:29+00:00,,177.8176260754333,,,,,,167.21742853357847,166.38551439052
363,2017-04-24 01:47:40+00:00,188.06183043427023,192.13048009421397,200.56841266884894,191.08102180086203,184.38745657745085,192.25159609237332,188.67545392424734,185.44065291471802,174.3984905495596
364,2017-05-18 01:50:25+00:00,,,,,,,,,
365,2017-05-26 01:47:52+00:00,171.27783270722853,178.85899418346372,185.8159379523795,180.74698969083192,173.72617187500273,185.34675593617843,187.26095732442383,166.9117803153437,154.10622197760006
366,2017-08-30 01:48:25+00:00,174.95286400259903,178.24379083167486,186.0082952620156,176.63344732355415,172.9469688628327,173.17505546912636,167.86915694049088,158.02539352644624,147.8816480932212
367,2017-10-09 01:50:32+00:00,166.5301950417417,152.8694149555612,164.24618789138128,157.7940780248031,152.3769309529365,157.25728401691364,154.5107436226677,145.44745928203122,143.81872344268973
368,2017-10-25 01:50:57+00:00,169.86296873703142,150.77457014878405,165.59796507603562,155.18020645068773,156.0579906696379,162.07547066090143,158.19249942995154,151.53548830215743,147.1121711258483
369,2017-11-10 01:50:56+00:00,176.02887940462267,168.36545729389167,177.98550559550054,167.06745805955254,168.28499125600717,176.3892498384276,175.24482360667565,167.4082878224018,168.63268073209713
370,2017-12-20 01:48:07+00:00,178.82611604987756,181.9511272259784,189.07333455805374,177.0235690468595,177.51176340577777,192.69310708487626,197.89194888986498,186.98788503469922,180.42310142780903
371,2018-01-13 01:50:19+00:00,,,,,173.75951302182875,184.8159492162314,190.3072960559274,184.8603741864884,186.78875908373362
372,2018-01-21 01:47:55+00:00,175.83596933789386,179.73955913012242,189.41753344761236,176.80911511528254,174.26835612466834,175.75844700883465,175.81229032423278,158.02138258998295,164.87258719609812
373,2018-02-06 01:47:46+00:00,176.7396022512165,171.08451484033938,185.7013057540354,174.86394770189554,169.75458294792338,182.70626286338393,185.57147032415088,176.78339437753573,176.00534017195523
374,2018-03-10 01:47:56+00:00,175.34123250755067,174.66749710836166,178.8884652717922,169.81707951693275,169.704889900541,180.1505298986972,183.3785356357937,179.00781478058838,174.88070383765387
375,2018-03-26 01:47:25+00:00,173.88460968794215,175.48807135085386,181.51314497300007,170.27182873002383,170.33679832645043,183.0587057392584,190.43334670588428,181.90696889502885,178.94173109033528
376,2018-04-19 01:49:00+00:00,159.66080750939227,159.51716306178412,176.003213220005,166.14656811736992,167.8694837966862,179.26142972854873,176.38286402182342,163.35503663067283,150.107722957542
377,2018-04-27 01:47:31+00:00,159.04269573656285,159.88607497348852,172.07630760408358,161.57932805617367,166.89187679046927,180.5224014964414,191.44726424489156,173.95435721145412,165.32461269910098
378,2018-07-24 01:47:17+00:00,,,,,184.70284011595783,178.07700226777445,174.63457265148566,162.862977305593,158.62517752097193
379,2018-09-02 01:47:52+00:00,152.27044068117792,150.4603918229113,170.00691174139075,165.6302605043006,160.7631607919196,164.90686687295226,163.9133157705771,158.87189757156702,166.3078407226418
380,2018-09-10 01:45:57+00:00,170.424477377534,168.0532593960981,182.52539881924145,171.01771565945194,167.3794704808621,174.26957033111077,174.29277009659563,162.920684027196,
381,2018-09-18 01:47:57+00:00,179.24267193418672,182.32699895737716,191.10254021682172,181.1894710953767,176.46625726497876,180.32206126069497,179.29940097048814,171.6413636897231,166.40276373619767
382,2018-10-20 01:48:11+00:00,173.84755242188004,172.0589795659457,184.91394315531855,171.93289661305124,170.98246307099868,175.1288083476476,172.84343602647607,163.052621549842,166.87451025024177
383,2018-10-28 01:45:14+00:00,144.84724023667894,132.2575095903511,163.40805017574436,152.9672815790272,147.5408095403437,151.65786743794433,147.43298328787262,136.71312831108543,133.22092082318414
384,2018-11-05 01:48:14+00:00,176.8465645789433,173.96984875759873,188.95274452591883,175.40023436637813,174.3079678453538,180.24696304650092,177.3348636877037,175.25537755733254,171.5828523448684
385,2018-11-29 01:44:05+00:00,162.75375517743393,165.728386772781,177.52025401843937,167.4483017352348,164.1300178013969,166.50616958804204,160.03324213156992,153.87200371922813,157.30803436621275
386,2018-12-15 01:44:03+00:00,175.47942031992378,175.92495399911365,186.02710956766663,174.0926329394312,175.92662820899062,,,,171.5158249009792
387,2018-12-23 01:48:12+00:00,173.08209421719707,160.67366913346177,175.24848403528154,168.63658823922367,164.84355961755998,175.70041871438292,176.0619967793935,162.31665680810406,168.5164309716921
388,2019-01-24 01:47:43+00:00,174.16341636295655,175.46063300555198,184.52714346325797,170.6953231765554,168.68294425159024,177.12711387337794,176.9207781909759,169.511105573001,171.73883868841932
389,2019-02-01 01:42:34+00:00,169.50363344849046,167.8914583030557,177.03521985990938,170.6825581725374,170.52973342687517,176.58207606680884,,,
390,2019-03-05 01:41:12+00:00,174.97443227197758,178.65822920494404,188.40996240267387,174.3660949567781,173.42289715047502,181.25044754352984,184.45993024961209,176.69868133612434,178.6505810335497
391,2019-03-13 01:47:55+00:00,159.5901100528923,158.69215854773623,170.17920318224014,169.3825832454017,172.18605905665657,179.9437484793063,177.41028477996798,170.52950057428296,172.98393607336533
392,2019-04-06 01:40:31+00:00,144.0075243490292,142.06379818639476,163.74447418362408,153.49578397191254,154.37060101495769,160.4784002458716,159.55306419249942,143.4514663245375,149.31188722723596
393,2019-05-24 01:38:19+00:00,,,,,,,,,
394,2019-08-04 01:47:59+00:00,158.31583547018909,146.82412546636414,174.637308670939,166.43962348707748,164.69842341546033,168.31373609311828,170.79997726662015,157.2294241363312,135.22080445932107
395,2019-08-12 01:35:40+00:00,,,,,,157.3468687630945,166.23137824534285,148.87595851966182,139.57056992195604
396,2019-09-05 01:48:31+00:00,132.71199823134117,110.1407305943179,148.03929803424677,,,,,,
397,2019-10-15 01:32:32+00:00,161.98750932848836,158.65700468452562,170.0582076333703,165.74488065033526,165.3867199191427,165.30546341784157,,,145.94949537694592
398,2019-11-08 01:48:41+00:00,173.78591425916554,159.3031519375682,169.89135927813462,167.1620916800502,165.9363668100035,168.4456693261905,174.5191919743917,172.91663125096613,157.133675613133
399,2019-11-16 01:31:30+00:00,169.83891887555436,159.203761184909,,,,,173.84139890301526,168.95337451740826,168.18973683107376
400,2019-12-02 01:30:20+00:00,158.48177488050447,153.2210870978576,154.52206907845544,136.49034467278994,155.3215938433815,167.17591848968743,169.46946559815717,163.41682978187976,170.85049677448097
401,2020-02-04 01:27:31+00:00,183.2647366547489,182.22474301251987,189.38732982719662,182.87216653809557,,,,191.65826188377702,200.80503639505696
402,2020-02-28 01:48:17+00:00,173.2264916410666,174.2034262026987,171.02739739453142,168.0063066004094,169.3705414707237,173.55845992440842,178.95820012204751,171.19342061535914,171.119499868155
403,2020-03-23 01:24:33+00:00,168.51962932226803,173.34263679794935,180.90802743151605,171.48649148164677,173.7969496323172,178.9696709361208,187.49434194526933,174.67743414707914,179.47292175817873
404,2020-04-08 01:24:02+00:00,159.2375354905881,151.43900219364764,169.86290668709717,161.87499961436697,161.16703406825394,168.78098866698747,,,
405,2020-04-16 01:47:55+00:00,172.45973058378033,168.38044722621112,181.88662146188122,162.14401175825185,158.6383473657877,163.64572195326355,173.88174351147597,171.90602427149418,167.6479079563817
406,2020-04-24 01:22:42+00:00,,,,,159.5301314222363,166.0031790449653,167.01013548778747,,157.26203917731817
407,2020-07-21 01:48:13+00:00,181.77839094177216,184.37593329892414,217.05617292954116,184.46051054592556,173.59992867015904,177.04789338779793,174.59511995766104,156.24927485544407,
408,2020-07-29 01:17:20+00:00,181.01430088135254,184.7246095959211,192.1430684631691,183.10343165120457,,,,,
409,2020-08-06 01:48:17+00:00,178.4765968165396,179.4683732276531,195.54559232524642,185.32157424286896,175.8503174879535,179.39481421758762,179.07220675848362,157.9366525489408,
410,2020-08-14 01:16:19+00:00,185.32383367444348,191.30493106159736,,,,,,168.8874483262428,172.0759088613736
411,2020-08-22 01:47:59+00:00,178.75213696419326,183.450377337654,194.29496997671274,187.23449732149678,176.1465807592707,182.52915970348963,178.47187234815877,160.84966714173868,134.8043310211995
412,2020-08-30 01:14:53+00:00,178.56796100862005,180.55839493345246,194.50659184188376,184.24295353405748,176.6794713175239,178.58008947638507,175.34074500887073,165.79876353369644,167.80202307641284
413,2020-10-25 01:48:39+00:00,174.1927391113582,156.1684740153195,170.1796688463765,167.55385753288445,164.47074874877308,177.72379261470178,171.98474617212523,167.65484463095936,175.51142477263608
414,2020-11-02 01:11:07+00:00,,,,,,148.8882291898859,153.20020085294746,155.85412908294512,158.41961615785988
415,2020-11-10 01:48:12+00:00,147.56899466540415,135.85324469028703,152.3454668149517,148.71042655496822,152.4427228066916,162.79081385630678,171.88765703511726,,160.5754415855701
416,2020-12-20 01:07:15+00:00,167.67415101646478,165.7070597015434,177.7599391911883,168.04191484900852,171.31296623347893,178.3726866650528,182.35152342325785,182.0867610788201,187.87576958188237
417,2020-12-28 01:48:37+00:00,165.93926739006426,159.67027979444336,170.29462240566104,167.23237875464704,161.24875435454317,168.58838130816702,169.20751082549364,170.8466137697276,175.3045089405624
418,2021-03-10 01:01:23+00:00,150.9159534071303,148.0120462726903,160.2766617901156,150.7389789177874,153.00769189882897,164.7800047806441,162.5283454797678,155.7491594667789,
419,2021-03-18 01:47:44+00:00,,,,,163.17424588332634,175.3396946621436,203.55906317248352,,
420,2021-03-26 01:00:06+00:00,159.53993244225262,157.4993525707308,171.63631088040287,160.13664969442098,165.2985430600417,173.70170501789443,177.75184335205776,163.48394838319683,166.92601761523875
421,2021-04-19 01:47:59+00:00,152.42120519894576,149.146697696386,157.40842405485648,154.5872468761594,160.22918479695167,172.8355799010743,167.483887254669,155.79977823004617,142.3092657818804
422,2021-06-14 00:53:25+00:00,,,,,,,,,
423,2021-06-30 00:52:05+00:00,154.73094601808714,141.63049162999968,165.5268116983304,157.28825403889786,155.49665218721282,164.24224883959414,162.79831016654583,155.36351464709838,130.23392362612043
424,2021-08-09 01:48:02+00:00,158.16775586494836,151.91729559315635,170.53858053841196,163.90372631140826,,,,,
425,2021-09-10 01:48:11+00:00,167.28612360736255,156.2943963405172,176.86988610716116,172.7262198757546,172.28883574285936,180.94920349847905,185.50477035047106,171.34523504006867,151.63112027325624
426,2021-09-18 00:45:31+00:00,160.8718985226598,151.96192515017077,178.3693367518088,169.64037463891592,166.27728487040824,169.73415181526767,167.54889474301598,161.22187835825432,153.29446337924142
427,2021-10-04 00:43:42+00:00,177.4113439773554,176.78555429905094,183.0867086798211,176.88818803825177,167.06523268204592,177.71713856480318,179.7229216225468,166.03588861003462,169.00621642422243
428,2021-10-28 01:48:21+00:00,181.95299363418837,182.05697499643358,185.9781045987119,182.3861112354341,178.39929687286428,185.91131953873088,189.38330572046902,176.5523361811899,179.22267438272644
429,2021-11-05 00:41:12+00:00,180.35212649479496,181.97089506984284,191.37878577496784,186.2279716203198,186.04221181385338,194.1090392013617,203.62009818594393,187.5775928498544,189.6784861348425
430,2021-11-13 01:48:41+00:00,170.28661745110958,174.35973763894265,183.0476453767763,177.00120118835778,176.91564258328617,183.38117420906318,192.66209486674123,188.841020139867,183.30419637590091
431,2021-12-07 00:38:08+00:00,176.2721565382708,161.86698269901987,171.8509361738528,166.2071245112395,169.86803113971587,175.50657506803594,175.49046536732186,169.1742788347122,152.70116478530542
432,2021-12-07 01:48:42+00:00,167.54911812597607,168.1990969363469,169.38955205080364,165.60727267023836,170.38882708570972,176.50253185648643,177.6480202701509,171.96248286067575,171.71721263585272
433,2021-12-15 01:48:40+00:00,186.12592390124223,185.5218726653534,191.29875349056988,182.58276964544126,189.56214531197355,199.61699043221972,204.97193151699693,197.0602406900795,199.16183794551256
434,2021-12-23 00:36:35+00:00,,,,,,,,,
435,2021-12-23 01:48:36+00:00,183.4763692977241,184.13414355994465,192.12648237927453,185.06539819536897,184.54055210761624,191.0004800837295,193.75742297414345,186.39375959276825,184.50265683622882
436,2021-12-31 01:48:34+00:00,180.29247062865193,180.35152129345,184.1596945708423,178.58486167092707,182.96864393777457,192.59267306287296,197.41118809085884,196.73359346106,199.24739339787232
437,2022-02-17 01:47:59+00:00,158.33407023096728,,155.801217696912,,,,,,
438,2022-02-25 01:48:24+00:00,188.64780852568785,183.62940103987185,193.0709118916837,184.6060703583086,188.86152577143105,200.88961473545442,202.66714552116812,199.67902568524775,202.04054083288202
439,2022-03-05 01:48:19+00:00,158.36392172835238,149.18907270003965,169.0103141153819,159.5216488651458,162.47936547095532,171.5184855240273,175.65606917730025,176.86612017185843,180.03154500674967
440,2022-04-22 01:47:44+00:00,161.36458275757897,150.6346229282488,173.07992652460024,158.4346294406604,165.00988905784973,171.65491819980505,177.32110843076418,175.20284598535983,171.44127573769794
441,2022-07-11 01:48:33+00:00,186.73720532578136,181.05768478768505,197.61367402971882,187.24412325897794,180.63731311856674,184.60067680031517,192.2177211771773,183.76408206642304,184.789769695094
442,2022-08-04 01:48:01+00:00,186.35560899173493,,,,,,,,
443,2022-08-28 01:48:51+00:00,173.37739032918557,178.7278432636365,190.25371892207934,179.2898792021336,177.02924803898702,184.08434851372928,185.29697833116853,177.26606438339297,171.15869571540443
444,2022-09-21 01:48:15+00:00,171.96970411645728,157.7785382380803,178.70288816168588,168.7778291505083,170.53084434894208,172.6560535930583,160.02465102535598,170.0035274315536,154.25483110211349
445,2022-09-29 01:48:58+00:00,159.7424557258573,141.69769358603665,166.33324263493105,166.59321655672687,156.61725140819863,160.85157820894375,161.03808022452492,154.86133212917582,139.53726832653518
446,2022-10-15 01:48:49+00:00,155.8261545323466,148.9989426287245,162.15485207884595,152.7583373450234,154.317071226568,164.39176377358262,166.121971454768,149.64019592159457,144.81451039120256
447,2022-10-23 01:48:46+00:00,177.28475559538703,164.59855384267883,180.204620431613,169.25425316637222,172.75571681490942,178.43493359631475,179.3817723397083,175.0181308143379,176.16550245944615
448,2022-10-31 01:48:58+00:00,166.1152503212371,149.74006900629456,161.7001131662957,152.52243072921593,149.8675490853131,155.9747185067561,162.36855546627314,154.0454411128724,157.67085355962715
449,2022-11-08 01:48:22+00:00,173.0879768887772,159.53759636213914,175.3066801828681,167.61103538011736,165.30159881816923,174.18269713852848,178.6714574983162,175.1925683215151,169.10203763165433
450,2022-11-16 01:48:51+00:00,175.83629277212137,160.28463612176083,170.1458563297311,166.28116381853678,173.29762019987933,181.8429436793884,183.58838002958186,183.23892331660116,185.1450927092635
451,2022-11-24 01:48:46+00:00,173.45045025566498,161.82168352803117,173.8469790570129,163.6761839858761,165.10480151627627,170.6344847741615,177.8223779489523,170.8682568829799,171.5982797363787
452,2022-12-26 01:48:44+00:00,173.1246425123463,173.5560044293386,185.83376726024784,173.6254867961548,173.97492981397616,183.69095025600143,181.58171465301663,182.73260236073017,182.1076256005896
453,2023-01-11 01:48:45+00:00,183.17185407873515,183.19134546934544,189.06941641301913,171.73773389247452,172.73219418188614,176.42263176703628,178.17142444169443,178.33706808409625,176.77329960254676
454,2023-02-12 01:48:25+00:00,174.58091964420342,171.07507223446214,180.90107887431202,165.70573605424434,164.88170777268047,172.64660091108624,172.56273796874075,164.89168424167605,165.0256686478392
455,2023-02-28 01:48:35+00:00,182.51700072238202,183.96739713914997,188.8062087830326,178.8768639864212,176.91569563893626,184.31948221357246,179.60125396684816,175.11257898123506,172.66156018646024
456,2023-03-08 01:48:18+00:00,175.1806325740169,177.32590485715733,184.56774661480313,167.8367489759761,167.93510100024093,174.70011670942733,177.98197907345696,170.49549578078057,172.88864190281907
457,2023-03-16 01:48:28+00:00,182.84976522203976,182.1761469031697,188.00878108072328,173.60336511155077,174.5433941303575,183.13484732165898,184.56243101713642,173.92531256941902,179.41975776655653
458,2023-04-01 01:48:16+00:00,172.08624194665,169.498596398921,176.5253392264673,165.82327736262528,158.63057871027024,171.30334753970072,173.2520192171504,167.4026361942656,167.13032067734935
459,2023-04-09 01:47:55+00:00,175.0060061129058,164.36033548982752,179.98839589838636,167.4749672363777,163.81667771793286,170.81993115923248,174.28866527295128,169.13553627693557,170.30281535448245
460,2023-04-17 01:48:10+00:00,177.53031050596783,166.7927850437126,183.73075784123782,166.24887322349826,165.11881821463157,178.4426407036996,178.59125051463286,170.24436239982913,159.251430305956
461,2023-05-03 01:48:00+00:00,178.2513151786194,164.92840619130368,180.20147017849203,167.91626252764453,167.98287850209,176.35622375920855,180.26789772486165,170.84312613654228,177.9906259695921
462,2023-05-27 01:47:14+00:00,152.52673542649467,145.98423106511373,160.08127471245942,,,,,,
463,2023-06-04 01:47:46+00:00,173.8410898717008,176.09164663000223,188.8112641795089,179.61166721190372,176.96028003935362,186.3024229736948,183.7749161546083,176.40467760935508,172.41909150733704
464,2023-06-20 01:47:15+00:00,168.74340778301527,157.45945468293624,185.05820572615949,172.12824001977933,171.7969986191945,177.2873944529779,177.1630056413133,164.91724142370893,158.45471969656506
465,2023-08-15 01:47:50+00:00,177.79199191688448,175.44533820309076,181.7984975366217,168.55066793320808,170.67752001748556,178.13137637314657,179.51413772652694,174.53264040161918,139.12713156482465
466,2023-09-08 01:48:20+00:00,173.35703434698235,168.02935861159716,172.09997266842595,164.8971526976327,168.82855918964867,170.27481821449908,177.174545712168,171.24251457915256,155.4958739597665
467,2023-09-16 01:47:59+00:00,163.39683792005198,159.81756467675294,168.78585129305952,166.9123804612893,167.46117266200602,178.2267476621739,183.49595913831553,166.17212498234187,152.07757565603384
468,2023-10-10 01:48:29+00:00,179.0413014124876,178.12670707529782,190.14713326632966,174.96398421590368,180.32636720896718,189.40027741076565,197.70488424383845,187.49279654584194,182.84458740581516
469,2023-10-26 01:48:32+00:00,177.98661267290572,179.46832547027088,188.78149257063762,178.7036725679202,182.9261654185042,199.61065660723827,190.03753603149994,186.95572469293413,185.68265333762636
470,2023-11-03 01:48:31+00:00,175.1426204511773,163.07882683364915,180.3082169136408,169.97563567768708,175.09489042685348,189.319947120025,179.68622202416924,170.15068964013344,178.72130513595218
471,2023-11-19 01:48:33+00:00,205.06697597523709,175.79682242674852,176.25952075199945,174.71134953584976,181.2032750593679,180.67854625408938,178.9139128119798,179.9740041191994,174.38549377870112
472,2023-11-27 01:48:14+00:00,179.34438475442744,181.0848601262814,190.21006981280158,184.0883196186183,173.7878958434744,181.6364472214908,187.30279273714217,189.18396068718405,192.7678353441829
473,2023-12-13 01:48:36+00:00,179.51729933263854,178.98017939058798,185.48516680146798,177.8011957259361,174.3340708080973,179.92643926544457,181.1856486694805,175.15028177820653,176.29344020917455
474,2023-12-29 01:48:38+00:00,183.2756320855012,182.01380951186388,188.20506669932968,171.90035077236476,170.18327629854844,178.40203862444832,177.35782392311316,171.62479448855996,183.27772052553627
475,2024-01-14 01:48:12+00:00,186.96356784624214,180.75463486075193,186.13062444159624,174.1283233788597,172.9063982608984,182.27874184729447,188.3639053960366,175.77234661353043,180.91356487365476
476,2024-01-22 01:47:59+00:00,179.64555383991484,198.18997232504782,,188.3822374912382,,182.26494783459526,224.24634272938246,,
477,2024-03-10 01:48:10+00:00,176.2834146122686,178.24457445749016,190.2695259685798,185.81507548604424,186.2024131070822,183.9308153542152,178.01674775672745,176.20295213709704,173.52608363308778
478,2024-03-18 01:48:28+00:00,179.303785410015,183.62334526418206,196.18764993383442,195.02987844558288,187.81847360123328,178.0955938232071,181.25715285445915,177.09865821797004,173.3585597943492
479,2024-04-11 01:47:30+00:00,172.70615340745056,177.58315826204802,191.91598674259959,182.54698816847656,177.48236912319928,167.1237835871537,167.83851526134288,155.54706969410782,167.12357659533177
480,2024-05-29 01:46:58+00:00,163.2325686309021,164.61921454679668,181.77714725945125,166.8670096479775,167.9337033685324,168.32792975041883,166.6951258147654,158.60182899682982,147.32493262805193
481,2024-06-14 01:47:25+00:00,163.52266689814843,162.2146529197288,174.77282408392054,165.47312056449255,166.70578106357155,171.175982302946,167.49444064164655,173.15945106110033,181.48803540280957
482,2024-07-16 01:47:49+00:00,186.53265825990997,191.1947039754795,202.7157885863086,191.73113504947622,174.5983215291328,179.48706978390646,168.06618030280538,153.2060740320727,146.3352950424813
483,2024-08-01 01:47:32+00:00,204.2405710559189,211.06775830881674,220.06821041878248,203.1301461574775,198.3864232024549,199.21783648991357,193.54137660194795,185.25311150529834,191.13114966037077
484,2024-08-25 01:47:41+00:00,182.985566930985,183.70563232712965,197.11676439867477,183.24119879247115,177.01481737812725,182.46269053624877,175.75484964461154,170.76011962997234,151.9620049655512
485,2024-09-18 01:48:15+00:00,170.64682064603332,147.74081180600513,179.73099390018567,170.03262659002104,169.40336483361148,174.6209863445308,174.88011269117675,163.40324802325864,150.72560213049852
486,2024-09-26 01:48:08+00:00,161.5974365723407,159.20354761447976,176.73063450320075,163.3262007694468,164.4811911662582,166.06573311206105,169.98826085143617,161.98301710254955,144.7309330053497
487,2024-10-12 01:48:17+00:00,,,,,,,177.24109963823503,178.29562032975187,174.38483077376264
488,2024-10-28 01:48:05+00:00,173.50241406918528,165.03874859126063,156.0749285147662,145.10513877201967,144.14994646035734,,,,180.95169321394397
489,2024-11-13 01:48:19+00:00,169.70113471088564,155.22671466426243,174.7664773889608,166.86427903580508,169.50998596755352,179.79630023517328,185.91475245818205,182.02987055442355,177.6731050936345
490,2024-11-13 01:48:19+00:00,169.6661687743072,155.17655200790574,174.7472078852431,166.84096449988937,169.49195300825002,179.77939594885694,185.85806661093815,182.00832788406493,177.60971960149948
491,2024-12-15 01:48:27+00:00,172.58203137716566,169.93624592519444,180.87620657848643,168.53199533761733,169.67687524991842,178.43202488895295,185.73688196188704,180.1535206793782,185.5386466467042
492,2024-12-31 01:48:03+00:00,182.4567835090328,182.04743129930063,190.98989045296193,182.43815018789485,175.57491939018067,187.7786497223085,191.33808655137273,185.70477686588782,192.41001814294395
493,2025-01-08 01:48:00+00:00,,,,,,,,,180.2963545696545
494,2025-02-09 01:48:21+00:00,181.05586333554135,181.5542815500705,190.4688128161014,177.663199438375,172.4251246745718,174.276520861718,182.86954540091048,179.98758319180206,182.77552461570565
495,2025-02-17 01:48:30+00:00,174.30457902947674,170.88997909304027,182.97284193339252,167.92396581787344,166.53123829057523,174.32013088560436,173.85510879215673,171.39091351551698,166.18786998055282
496,2025-02-25 01:47:47+00:00,188.207131995202,185.64342569656043,195.37020961293655,190.8219878664392,182.13268038551968,188.98789639722344,192.91174172537805,188.05846465221177,186.836931809056
497,2025-03-21 01:48:10+00:00,176.88082373232896,176.76739883386674,184.86259970801737,169.75406418980708,170.18529901808688,177.95680208515364,180.65151806192102,172.7479514207651,182.30538716347093
498,2025-03-29 01:47:34+00:00,173.37906621453286,174.75135594975333,186.20396708987073,174.6357063701044,172.56711930097785,180.52504540266722,180.95694899980583,177.50437609607297,181.14689430352428
499,2025-04-06 01:48:10+00:00,164.79597701702147,153.18926123157354,169.60008404729132,157.33404933205708,159.40449487791082,170.49773865242247,171.9203192051109,165.9184851789707,167.76633903861685
500,2025-05-08 01:47:59+00:00,170.2019317634915,176.74308582461782,186.06309780774762,175.0645477421713,171.68626104071663,176.3206758686759,176.49641487701507,165.6796972487299,165.02067611170273
