Beach,N transects,N observations,Period start,Period end,Start width (m),End width (m),Total change (m),Peak width (m),Peak date,Mean width (m),Std (m),Trend (m/yr),R²,p-value
Waiwera (0133),5,535,1999-08,2026-02,23.9,34.3,10.4,103.5,2010-01,57.6,17.8,-1.06,0.192,0.0
Hatfield Beach (0137),4,590,1999-07,2026-02,26.2,47.5,21.3,71.8,2005-03,52.3,5.4,-0.04,0.003,0.2078
Orewa (0138),22,534,1999-08,2026-02,71.6,65.7,-6.0,86.8,2002-12,66.9,5.5,-0.41,0.299,0.0
Red Beach (0141),5,610,1999-08,2026-03,47.4,43.9,-3.5,57.2,2007-10,47.2,3.1,-0.02,0.002,0.25
Tindalls Beach (0144),5,646,1999-08,2026-03,39.8,36.8,-3.1,47.0,2007-10,39.4,2.7,-0.17,0.217,0.0
Stanmore Bay (0145),2,583,1999-08,2026-03,46.5,39.3,-7.2,51.3,2000-07,43.6,2.7,-0.03,0.008,0.035
Matakatia Bay (0146),6,646,1999-08,2026-03,18.9,22.5,3.6,38.9,2020-01,22.4,5.0,0.12,0.034,0.0
Arkles Bay (0148),7,601,1999-08,2026-03,33.0,28.6,-4.4,37.3,2009-03,29.8,2.6,-0.13,0.141,0.0
Browns Bay (0155),6,654,1999-07,2026-03,25.1,44.7,19.6,64.9,2003-08,50.3,4.1,-0.26,0.224,0.0
Milford (0167),5,615,1999-08,2026-03,154.0,150.9,-3.1,183.4,2012-06,154.2,5.6,-0.04,0.003,0.1714
Milford South (0169),3,585,1999-08,2026-03,36.7,31.7,-5.0,40.9,2020-08,34.9,2.0,-0.05,0.039,0.0
Takapuna (0174),8,622,1999-08,2026-03,45.3,43.9,-1.3,60.9,2003-08,49.3,3.5,-0.26,0.318,0.0
Karioitahi Beach (0200),1,491,1999-08,2026-03,151.9,180.7,28.8,216.9,2015-10,175.9,19.9,0.47,0.035,0.0
Cheltenham Beach (0599),4,669,1999-07,2026-03,47.2,44.3,-2.9,55.9,2008-09,46.1,3.0,0.15,0.142,0.0
