,dates,usa_HI_0018-0000,usa_HI_0018-0001,usa_HI_0018-0002,usa_HI_0018-0003,usa_HI_0018-0004,usa_HI_0018-0005,usa_HI_0018-0006,usa_HI_0018-0007
0,1991-12-12 20:18:31+00:00,227.46653172151545,173.83074968160963,171.85817402115524,195.30838679739944,203.68507574962615,221.1707063194831,210.44007747616402,196.9786177183463
1,1999-07-10 20:53:01+00:00,,,,,,,,
2,1999-07-26 20:53:05+00:00,249.54291576425058,188.9578399589791,183.1886651552848,192.27925516496754,204.20747949092092,215.38859778835518,222.92502953634445,218.14387570153994
3,1999-11-15 20:53:07+00:00,247.70122911380827,194.00833885194342,180.57790689467538,194.01404357267967,210.02318175276758,226.69617930372505,230.4290718749753,222.19172777334958
4,1999-12-17 20:53:11+00:00,217.3409892754627,184.49239087606549,181.36662215005592,195.041942328254,201.98286531540515,217.36486604159103,219.78020723720155,222.45335763151945
5,2000-01-02 20:53:03+00:00,228.29627734976935,196.72096811863952,207.01024046763595,214.21998318405235,213.9130027786869,226.92317037153092,225.404331221209,209.11142662721394
6,2000-02-19 20:52:54+00:00,244.42495239256766,198.8229772539087,213.49763157391547,215.0606204219345,209.95251723831205,218.60146488951963,215.09214035937754,208.5057212355564
7,2000-03-22 20:52:50+00:00,243.6666969276274,198.3535120330971,193.00737644738513,198.44356981643193,194.78816465326415,202.025406758898,186.36683262014418,187.51030167531766
8,2000-04-07 20:52:39+00:00,224.45234889971,192.22824550834156,194.99382479607763,214.7347989095062,213.08275414644908,217.61643929583977,203.70614753246514,202.46954969441245
9,2000-04-23 20:52:33+00:00,226.13696039107438,186.07961312565936,180.21242729508143,204.69179152891823,205.19300816761208,216.6736404732381,209.30082057149565,201.21475812552217
10,2000-05-25 20:52:12+00:00,214.26518023395275,190.5560101903961,177.076559271344,201.70679263475157,208.09022651473404,216.28750697021312,220.0236694264828,216.22636196500216
11,2000-06-10 20:52:06+00:00,230.03175474732262,184.08215465930425,178.58336380099146,201.92221637545703,207.68472515913248,216.6188900954656,221.74989901483895,218.83676106369208
12,2000-06-26 20:51:56+00:00,192.4301147137174,179.3253057415545,168.02385904183672,194.36286849316224,209.42175620209002,218.00006760382644,219.35293857834736,221.65814859899908
13,2000-09-30 20:50:41+00:00,215.87289344019916,189.19953930218063,171.91499799095746,199.1208154711076,218.13763462839006,233.29570165042443,231.24965365029485,218.37283435386084
14,2000-11-17 20:50:34+00:00,235.03499081415112,186.86240225752036,181.19553764379822,195.20576027619643,213.49809015787588,231.35832780698152,,217.28505834379877
15,2000-12-19 20:50:39+00:00,233.11425534810326,189.70324217654928,188.10098416262667,203.2594615859873,210.1899082447218,225.12617570597055,219.50988832828764,212.9040214671687
16,2001-02-21 20:50:38+00:00,209.40586196542375,194.058493678905,192.7596653582181,216.37004300976537,204.49394323476466,207.01140506099227,195.5924013755742,191.51630217983728
17,2001-03-25 20:50:25+00:00,242.77791328533678,195.1539905595081,206.86697915924108,209.71546321496427,209.7769623298359,214.22974186331467,208.20610741555984,202.30550798331183
18,2001-05-12 20:50:10+00:00,212.74313926628824,,,,,216.49544077939123,224.99525582452438,224.8545668962508
19,2001-07-15 20:49:35+00:00,232.5233061650303,195.60233990213962,184.49640566378494,192.24099641319756,,,,
20,2001-09-01 20:48:54+00:00,243.1419771149448,164.40630371056025,169.73662085914725,185.34957971593298,196.56764924516511,211.88290591970832,234.94795560893053,240.4257089579319
21,2001-09-17 20:48:42+00:00,,,,178.49346653578237,189.77930576385575,216.76195919147844,221.56119697865464,217.02235959290644
22,2001-11-04 20:48:37+00:00,247.05079433507393,198.8913627053668,185.40227529384094,194.0638974980563,209.04308419532438,217.01510397311236,244.552378357916,240.75151962533909
23,2001-11-20 20:48:45+00:00,211.9314722052161,187.6986201637565,183.96911486819982,190.18200129760658,196.32890988807497,208.2808416341354,208.4046511849428,
24,2001-12-22 20:48:56+00:00,201.86207862055892,194.53818156717202,188.70578576549522,202.02033220559588,216.07535624609466,224.89134822209712,227.2851245126978,217.38429679134592
25,2002-01-07 20:48:58+00:00,203.48116416948233,188.2404993408564,173.90105610049733,188.14529469745497,188.23420764124177,191.6054376051493,182.24008592110417,201.2276914952534
26,2002-01-23 20:49:06+00:00,244.36444806408133,203.62952871749218,216.90689706366246,218.44174152015972,207.86625322993967,216.26472256726925,209.8762459566939,202.09739918941767
27,2002-02-24 20:49:10+00:00,225.1876424423814,198.69880472285047,216.1767357373943,216.37864481505898,205.2586602472845,221.42930824185305,210.73855177045755,202.59859100346122
28,2002-03-12 20:49:08+00:00,201.05139684677656,191.27578131004114,184.72204138292562,208.3329577851438,205.84343630391538,220.82051017330983,215.41115749667154,202.61247070531454
29,2002-03-28 20:49:03+00:00,225.17102685037605,195.10461261028314,180.31591045950015,192.20358402106118,213.1415570346394,224.51593477003306,228.21850342493454,223.31199811787639
30,2002-06-16 20:48:45+00:00,244.46294970542974,196.45690650875582,173.10845888584709,187.86694728909825,203.53892429953362,211.7766596719225,233.08325634466664,221.20058958682256
31,2002-09-20 20:48:01+00:00,243.5574922243725,191.26946681895603,179.8771370360419,189.2645349484989,200.7108565398971,213.73347654804195,233.2095953579176,242.36899231915095
32,2002-10-06 20:47:56+00:00,242.40722885468008,190.48368046458927,178.58535999592434,175.7800523398271,201.00994044035667,213.7376784850261,233.06282076012576,229.91923351676684
33,2002-11-07 20:48:07+00:00,229.93654107119266,192.1315405398263,192.5352677750146,196.2466816303305,203.1927979963319,218.5346455150916,220.3600887711581,211.17586414859596
34,2002-11-23 20:48:24+00:00,216.133062733373,185.46431515181908,183.5595862743418,191.66306249948096,196.45917589172984,212.37797459302925,212.48400354839552,209.6948673479599
35,2003-01-10 20:48:36+00:00,205.6846234178982,198.36569153035364,205.5090813911489,205.94278589192413,198.92163779867343,192.77550147721706,179.87577910833323,203.43992886127916
36,2003-01-26 20:48:44+00:00,218.23123543041555,208.52189152946505,212.07515159845812,214.6390425755967,202.54746466460972,196.4626673662061,176.5558652447759,200.02411813993245
37,2003-03-15 20:48:58+00:00,214.37211288116484,201.0419529791655,211.32718854369583,222.07602835407747,210.73915039032877,207.5172493691125,193.69498222160186,183.83408743843785
38,2003-05-18 20:48:55+00:00,225.904759154484,184.70462114266036,160.95607464686663,199.40098196769316,201.8379399640942,209.7775661550973,214.67312523995838,211.57758065684976
39,2003-08-06 20:48:37+00:00,253.0895493806238,196.41948915742225,179.95995592443208,194.37989375875622,207.41950430578785,,,
40,2003-09-23 20:48:25+00:00,230.7120788274729,190.05588184036202,176.87133336434724,190.75116577732672,203.04685078252578,215.99480704646294,232.14157942442722,237.0324361806787
41,2003-10-25 20:48:36+00:00,193.85562681125396,186.36725596135076,172.11581525195444,188.52077707808627,200.1096657018656,220.4759208124265,227.5133631208139,216.76523128394373
42,2003-11-10 20:48:45+00:00,248.14690162184095,204.04011843189178,189.29639475046315,,,,,
43,2004-01-13 20:49:09+00:00,215.7695871950983,186.39817704833706,188.3627515986108,188.1817968506638,196.414832862983,178.10724422795965,,
44,2004-01-29 20:49:18+00:00,198.14624778474123,186.09215317404033,196.95152281582273,206.00470459035682,204.12091638234372,207.27927074421015,203.03216218355522,193.88350236765615
45,2004-02-14 20:49:21+00:00,195.27499264966937,190.64904648202335,195.88457886325708,200.32838325447446,193.4771503954772,200.7749723856988,,
46,2004-03-17 20:49:30+00:00,217.13747847569581,199.830366612905,210.98006933416468,202.65653345867455,203.69126905764992,213.0481742758031,202.24259368081323,188.5611236014731
47,2004-05-04 20:49:25+00:00,185.02315307098436,178.49047362283054,167.6721765491849,,,,,
48,2004-05-20 20:49:25+00:00,225.24486650929566,190.61012516568002,179.78143121209322,193.1719279459212,,,,
49,2004-07-07 20:49:14+00:00,214.72532443530594,185.72598296706886,166.19590960245876,190.96524715649116,,,,
50,2004-07-23 20:49:09+00:00,218.91517337522046,190.7168504301687,165.3929495266117,191.8066771359607,,,,
51,2004-08-08 20:49:02+00:00,233.38119841998238,191.11626309265966,174.08730231853744,192.55361983743285,203.98192413469454,216.39350272499368,,
52,2004-10-11 20:48:47+00:00,218.18087694892847,190.5684259460752,,,,,236.8200836293225,234.8228575212954
53,2004-11-12 20:49:10+00:00,,,,,,,231.87025554557997,231.22426477256684
54,2004-12-14 20:49:25+00:00,213.686730521404,189.27321405727832,183.34382027591005,191.26141425933227,202.9086078351134,226.00668549731853,229.05543598757163,220.17287633261938
55,2005-02-16 20:49:51+00:00,211.4878717341657,200.32958045731544,213.61895421319264,,,,,193.9159413878127
56,2005-03-04 20:49:56+00:00,227.85807061665398,189.63544330615838,,,,,197.40139716187105,190.714331475779
57,2005-03-20 20:49:56+00:00,217.51403472779208,203.5476745610676,,,,,187.9360660453712,192.99352072459166
58,2005-05-07 20:49:51+00:00,227.71259895313062,189.36150646634403,189.7170513701745,217.2688321820343,214.90589476821393,218.68143104226056,209.95535451701903,187.07867717318624
59,2005-11-15 20:49:44+00:00,245.146265876055,202.30036146492264,187.9656718071508,210.43763950423968,,,,
60,2005-12-01 20:49:50+00:00,226.41406971072342,194.7472059452463,187.56830307203643,207.0071469335348,209.1908690008493,225.10514277763576,,
61,2006-02-03 20:50:15+00:00,198.48872424598605,195.734714341332,194.7746322698323,,,,,
62,2006-03-07 20:50:20+00:00,226.42504341737097,,,,208.1884577759501,212.0112034356185,211.082274426254,203.6326788926498
63,2006-05-10 20:50:18+00:00,,,176.01860984583823,192.31683754667094,203.5480040835547,221.48592209566374,225.37397924268615,217.73109613223747
64,2006-06-27 20:50:10+00:00,226.36431022082465,,,,,,,
65,2006-07-13 20:50:02+00:00,224.9711815502501,182.64747059676372,170.76035629496383,184.0765770517154,198.64194358037747,,,
66,2006-07-29 20:49:56+00:00,213.954186833443,185.7388806987413,160.8501981212639,181.46116527382085,,,,
67,2006-08-14 20:49:54+00:00,231.09665994123665,192.23583805876152,,,,,,
68,2006-11-18 20:50:12+00:00,216.94206464150295,186.07442449285196,175.54261793926972,178.98254472599217,196.17764719428934,214.01794581883254,239.3660295647024,241.2371062727244
69,2006-12-04 20:50:21+00:00,,,194.96938102508815,197.53137899798872,201.30636801070324,214.9380305704609,,234.59633125579884
70,2006-12-20 20:50:26+00:00,191.35036704311602,190.42360774381314,175.80822269047306,189.3934269651809,207.5934079731612,,,
71,2007-01-21 20:50:30+00:00,228.5124291522935,195.59478373694108,182.68289848115396,192.39934705196288,208.21327246404243,225.5220803080589,,
72,2007-02-22 20:50:42+00:00,243.1703811927026,201.65994843575044,202.59906714716328,218.54967703149165,211.45131504902034,217.43441249005025,,
73,2007-03-26 20:50:46+00:00,246.40925809328243,203.98209213817296,203.51244187690045,218.2102135851779,217.8003674342876,,,
74,2007-05-29 20:50:29+00:00,,,,200.99656999139964,207.41480166400217,217.30610680274597,220.5701112847165,215.98340490978373
75,2007-06-30 20:50:29+00:00,227.72339612005638,184.3898317070382,,,,221.31178253182225,223.01421242724217,216.5497333583953
76,2007-08-17 20:50:15+00:00,248.03398372061383,191.25467016857056,175.57366492510778,,,,,
77,2007-11-21 20:50:24+00:00,,,174.49847579870632,180.28882002763487,199.33259747309606,215.18531711606303,215.5957955368475,237.2937645936243
78,2007-12-16 20:44:22+00:00,,,,,,,,
79,2008-01-08 20:50:35+00:00,243.27542703313293,203.01447531047017,195.91334590796575,,,,,
80,2008-01-24 20:50:35+00:00,244.83606116391897,198.70309897706795,207.73963298999516,204.90271657148884,201.42853701946865,209.37999326668853,214.18277834813307,191.5312358296114
81,2008-02-09 20:50:32+00:00,,188.28935679292374,183.756287068353,199.86931480402427,206.49990248416685,212.62263633575216,204.33824796272543,201.7020521644932
82,2008-02-25 20:50:28+00:00,,,,,207.21218835053963,215.30817444679104,210.37119393248656,202.14339191622338
83,2008-04-13 20:50:22+00:00,,181.22350344137038,,,,,219.10189082716752,213.89446497617726
84,2008-05-15 20:50:13+00:00,249.39081791001607,191.74526301349545,188.8256733313673,206.85296469295048,208.8861710740693,214.6628938876664,,
85,2008-08-03 20:49:28+00:00,248.00632044631598,194.627755496156,173.35952634313583,187.197955412494,197.71745054060253,,,
86,2008-10-22 20:49:02+00:00,,,188.8848201296394,193.5974518611737,210.5592586538307,228.19040957703768,245.42975258217697,240.9989345107999
87,2008-12-09 20:49:41+00:00,199.8296111338911,186.45541468267965,,,,,230.1794017232363,215.00529609515917
88,2008-12-25 20:49:49+00:00,,,,,222.34822270973115,241.51869822136354,257.1390315228003,240.52455652080602
89,2009-02-11 20:50:06+00:00,199.03720652093,191.4924438070311,188.11596966092583,200.85105584036413,202.67650713521866,217.78575238731347,213.10222217178134,206.49099121485938
90,2009-02-27 20:50:16+00:00,,201.19536144843497,198.58516211879365,,,,,
91,2009-03-15 20:50:24+00:00,,,,,,216.16278891531272,,
92,2009-03-31 20:50:30+00:00,224.294809277774,,,,,222.31292234250049,221.88700558086802,204.46869160628793
93,2009-06-03 20:50:41+00:00,216.32905091889305,191.37580269063676,176.8917800683168,198.6047515695502,202.9322936156613,215.22395472327062,221.19265762202795,206.1604424754345
94,2009-07-05 20:50:36+00:00,204.6566672760747,175.02203813294338,157.84233536945743,,,,,
95,2009-10-09 20:50:17+00:00,215.7609677571614,194.03733227612653,185.8096486807867,190.64651444234573,,,,
96,2009-10-25 20:50:33+00:00,,,,,210.19365704448163,,248.0270351343354,
97,2009-11-10 20:50:47+00:00,,,,,,,,
98,2009-11-26 20:50:59+00:00,,171.84253864925537,179.3742127208019,192.69708395501678,203.3082444993281,212.61597234934354,204.59849662780695,217.98372189903858
99,2009-12-12 20:51:11+00:00,,,,211.51627868242335,208.69691163170666,213.9729757350212,212.33096199682612,203.3026251475434
100,2009-12-28 20:51:28+00:00,,203.9303524073214,215.11603975206765,213.864022292827,203.6795390443411,201.22379183760708,197.904811004819,203.85331631807426
101,2010-01-13 20:51:44+00:00,,,211.13820060364813,211.88728879749897,201.49531808462785,201.0234661862004,180.97159547228296,206.99923528107695
102,2010-01-29 20:51:57+00:00,225.3705690734672,212.0985457397498,216.15727649809102,208.21869563767936,201.1556036679105,198.04563584839178,171.32648710999246,
103,2010-02-14 20:52:09+00:00,210.41453496818113,203.72503799333174,,,,,189.6979024429572,202.6858803859038
104,2010-02-23 20:46:03+00:00,,,,214.32542115376205,206.20172259096825,203.12318272166073,188.67175981048968,
105,2010-03-18 20:52:23+00:00,205.4613893660344,198.12606528003013,207.71125776394803,212.16538175681302,210.7669093463623,205.06981419166513,188.60266127389772,
106,2010-03-27 20:46:15+00:00,,,,,,,,
107,2010-06-22 20:52:24+00:00,231.94185317607491,183.7287107297058,175.54925957519396,205.85006173733342,205.76112332229536,204.87860779729925,,
108,2010-10-28 20:52:44+00:00,,,,,213.80668006958865,217.0975533551035,235.25272522558788,233.08778544931218
109,2010-11-29 20:53:08+00:00,257.8929827997919,207.51534445056745,199.35772142206076,215.94403452652963,209.04290549937193,,,
110,2010-12-15 20:53:16+00:00,,,184.46354653868207,212.68422967922402,212.4187770293185,225.484708338191,226.15657672701093,219.59405952074488
111,2010-12-31 20:53:24+00:00,244.7665726497567,200.5700181002878,188.0922135325774,200.04244607924488,,,,
112,2011-02-01 20:53:38+00:00,,,,203.60848596841078,201.95136696331426,219.7711469336707,201.1633755142588,201.59760315887974
113,2011-02-17 20:53:41+00:00,,192.69373189502483,187.35350073313424,203.21517979317454,206.87021392173517,213.80155661996912,204.36226075235896,202.43948204438053
114,2011-04-22 20:53:50+00:00,,,,,,,209.86932366701708,202.01496627423376
115,2011-05-24 20:53:49+00:00,,,,,,,,
116,2011-08-12 20:53:39+00:00,,,163.22766241231267,176.16312237917307,197.73474043219866,209.86616778132736,226.18388215686846,236.95162772770524
117,2011-11-16 20:53:49+00:00,,,,182.33705686129863,199.13389566342332,220.78415341042643,242.43605926473774,236.64185631358
118,2011-12-02 20:53:59+00:00,203.60062974014838,197.02810306472244,183.93386185094343,194.13435122275496,207.04172511650276,234.18218992471267,232.68162519608492,227.86436968717362
119,2011-12-18 20:54:06+00:00,231.52866360225377,193.46342497257612,187.14126620870508,195.95987757720363,,,,
120,2012-01-03 20:54:15+00:00,202.2244129324978,197.63339609892756,193.43080908592245,207.89233295618078,207.57926696215438,229.28664973069243,227.27156894078863,221.93698764646354
121,2012-01-19 20:54:15+00:00,229.5944766516548,192.54326210394876,181.71497288932255,192.53679963461508,202.63554575773574,217.18784869459287,225.26478591315103,205.0007057438048
122,2012-02-20 20:54:23+00:00,245.3576044075364,202.54145675557817,202.89865626627181,208.70787444041835,203.14907425976637,218.3351535011265,214.51629821183366,206.65059920369782
123,2012-03-07 20:54:19+00:00,,,,,,216.8636451883442,217.4375936278654,206.9211848918714
124,2012-03-23 20:54:22+00:00,227.83092461712423,185.40628298948695,,,,,223.31919674708516,224.2447433582164
125,2012-06-11 20:54:37+00:00,247.42973086159057,195.41909755371196,176.26118696322064,180.0247526740046,194.43782406195808,209.95765466235665,221.93214105357458,220.6226011239467
126,2012-06-27 20:54:45+00:00,254.78428180676832,192.87779728996568,180.38700099365937,182.96087569249934,195.144887318856,,,
127,2012-08-14 20:55:22+00:00,230.58773654968405,196.04650110985799,185.44976479059827,190.2209463882464,203.59282679188587,223.53747463357487,238.9571143238252,228.50359130413773
128,2012-10-01 20:55:51+00:00,227.61132615939636,187.92583756838354,159.77305268428867,,,,,
129,2012-10-17 20:56:00+00:00,227.39162978326067,,,,,222.38966727867881,233.85126986823718,
130,2012-11-02 20:56:05+00:00,247.73034745880202,194.05529415562086,,,,,236.00301995176778,232.22014331650666
131,2012-11-18 20:56:13+00:00,,,186.67474608441464,193.12959098750864,206.01721179676966,216.80063858289526,223.89593067689592,218.36932122697542
132,2012-12-20 20:56:22+00:00,,,,189.93752788397308,202.5797534573582,225.50244655333518,238.63550006906485,225.7075214909141
133,2013-01-21 20:56:25+00:00,227.8256911697541,188.2814245437355,194.52879695199115,196.26548317900117,202.58858478592794,,,
134,2013-02-06 20:56:27+00:00,,,,,215.91238588294135,220.2365047994681,215.28010714838493,202.43467148468102
135,2013-04-11 20:56:15+00:00,206.29167591947422,194.7436321201695,197.82317193357616,,,,,
136,2013-04-27 20:56:09+00:00,241.87731347664092,180.47364230258802,186.32279457725465,204.56202424149788,188.53429406546607,,,
137,2013-06-14 20:55:54+00:00,,187.3160374942534,172.12431805884586,197.78092982740523,202.1605402469556,209.48921322143318,216.12380912311517,209.124000296384
138,2013-06-30 20:55:46+00:00,248.48804576945471,192.31798113496689,162.38612014543796,189.2862785240823,204.4175383710694,209.1244340769922,,
139,2013-07-24 21:02:12+00:00,,,,,,,,
140,2013-08-17 20:55:33+00:00,253.81396340015326,200.8178808046954,177.65538211222477,189.14476893120872,200.98474819131775,215.72663558404787,227.21389970814343,222.54515758887902
141,2013-08-25 21:02:17+00:00,250.4715919942049,197.47753115690745,175.88327264764078,179.80104363454453,209.68651383814327,217.0643891088785,234.77228100256548,235.6478808045689
142,2013-09-18 20:55:55+00:00,,,,,205.57264017816917,219.54478103098216,234.47996523182363,234.57360533510624
143,2013-10-28 21:01:57+00:00,234.10902285200135,195.5865089152728,,,207.36268144484535,227.94593350278475,239.39039389928868,233.64957887053848
144,2013-11-13 21:01:57+00:00,214.8828876105175,187.2195495008279,176.4974241372172,182.6253599120079,,201.01967168980255,215.06521913627012,223.19429250146476
145,2013-12-31 21:01:38+00:00,241.83938877331673,200.18055232039885,210.20945922235293,198.00529609191744,209.13624011942633,219.37823874364096,209.45159401472176,214.41877543515275
146,2014-01-16 21:01:23+00:00,228.20869952732235,190.189162743639,189.2455784511807,197.71951398259066,198.776006317468,206.83842084306966,199.0928525423892,
147,2014-03-05 21:00:48+00:00,214.9846824923964,196.11191320196627,202.81199428219065,202.46093019582435,198.83347588921052,192.06483925973689,175.57462228021268,189.86537931609786
148,2014-03-21 21:00:38+00:00,213.8778574427437,203.90787000417174,207.55416869322264,205.6308272347828,199.6135453279111,201.7511540005167,180.52945543268783,184.34070747228674
149,2014-07-11 21:00:06+00:00,200.37541061101126,182.04476269484962,170.66824679637196,207.70223324897646,212.25057330819473,218.00156303420735,216.66659316683172,191.09317050174636
150,2014-08-12 21:00:17+00:00,226.90892329649103,184.26790841894314,165.98798920609195,197.0832976993404,209.41314742368593,215.77203915793064,222.06957788555545,206.80250784388593
151,2014-09-29 21:00:23+00:00,231.64672204793655,190.36372792446133,172.86021210680283,201.6263485788499,213.05116385881735,223.82983752479979,229.8008996614278,229.30235687291815
152,2014-10-15 21:00:28+00:00,255.98721318803067,207.16489854509297,181.84591408949865,212.43472925822203,219.17504331536864,231.0042115040026,232.0324227536298,227.85810180863717
153,2014-11-16 21:00:26+00:00,250.89156956541981,201.19440293865418,195.59850666724356,205.2813082672479,214.57652698483136,228.32330331434804,232.028075387659,224.01590023990119
154,2014-12-02 21:00:25+00:00,230.78752294332654,196.97312561810315,196.8944309545137,205.7572905531469,207.4778469730015,228.0674866399478,214.50585281116187,
155,2015-01-19 21:00:13+00:00,207.00831254552534,199.1293591661736,217.3087126842552,212.07196954664357,208.49354182943333,219.61684702977863,203.4381366296115,209.5890363621265
156,2015-02-12 20:58:53+00:00,,,,,,193.316138074391,171.42239367228063,
157,2015-02-28 20:59:06+00:00,,,,,,,,
158,2015-03-16 20:59:13+00:00,199.24395215410973,194.29804007545968,202.15521053827584,,,,,
159,2015-03-24 20:59:46+00:00,205.93266885959156,199.89130895050346,198.01171232854097,213.5161023545835,205.9455591749597,210.46745396295557,203.46582721473112,203.0595661993476
160,2015-04-09 20:59:36+00:00,225.96467233555117,189.8792986594707,185.6168698864161,214.73113027932814,210.01055168575638,215.9145817625344,206.46151226485432,198.4178323577662
161,2015-04-17 20:59:28+00:00,,,,203.48774059023265,215.03321995169594,203.61112626218306,,
162,2015-04-25 20:59:33+00:00,230.18452753933602,187.02980825760136,178.58699219213588,206.1412750996729,206.26069773899505,210.09493227474837,208.10238640497778,192.73145289749607
163,2015-05-19 20:59:42+00:00,,,171.88422591359037,197.41648650418634,207.33463610446464,215.8612149979876,213.21106102065085,207.25925233098565
164,2015-05-27 20:59:18+00:00,,,,,,,,
165,2015-06-12 20:59:30+00:00,249.19679096331487,194.52573720607003,172.13748042993748,,,,225.9642518070616,198.10275307846362
166,2015-06-20 20:59:51+00:00,,,,201.3791525867112,210.96269179453722,217.97146593982356,221.9164315001809,222.83482046626534
167,2015-06-28 20:59:36+00:00,230.20975204493863,185.46041496861326,170.30223629755582,192.32892858696857,209.7782591898711,209.66505856495343,214.86030527228164,218.6446943352734
168,2015-07-22 20:59:59+00:00,204.04543346152607,197.06578582227388,180.0790190473543,204.3676067878196,205.62437435816923,214.2518685692096,218.56329064620257,221.40290990693217
169,2015-07-30 20:59:51+00:00,229.5261071594463,188.458349156012,,,203.506224435728,215.5656096131379,219.84846484898637,218.92047899828717
170,2015-08-07 21:00:03+00:00,201.60402875066566,197.30289359140687,179.367411999751,201.1694853844985,203.40449466850495,213.31384306557686,219.77420739946314,226.91425950608104
171,2015-08-23 21:00:05+00:00,,,,199.12211221884064,204.6870693889818,213.94934506464026,220.4557240565424,221.1810735631092
172,2015-09-08 21:00:08+00:00,210.69186895354315,,,,206.60619513914025,219.73520149622294,226.43623437321645,221.42029493173487
173,2015-09-16 21:00:11+00:00,246.48943465316938,192.2659050317174,179.86696839106378,189.6211747424335,209.09109444567136,216.4616900030008,229.96276267702783,252.48205757441065
174,2015-10-02 21:00:15+00:00,246.9070250161047,190.70852422166132,176.98070114813933,201.29048054866982,211.38023750548476,220.3884644245101,233.17057266774785,242.20200372746316
175,2015-10-10 21:00:21+00:00,214.29212660554725,183.2976379173562,165.56045073647553,,,,,241.8800628755484
176,2015-10-18 21:00:16+00:00,232.64211905076922,190.65313845245146,172.5445860170372,196.3902918156217,205.86100717679327,220.83934512404826,231.91076342585137,234.46204727755594
177,2015-10-26 21:00:38+00:00,226.68082200647973,202.0925211261592,185.48298531386354,207.78495363398628,,,,
178,2015-11-11 21:00:53+00:00,225.93540315289292,193.63590969741037,172.38198874658286,204.57347222976009,203.46980806977015,211.92577519025014,,
179,2015-12-13 21:01:23+00:00,243.5741114300986,196.7745099750137,180.1262224047526,195.9641469349119,199.29641749913074,215.4240662924675,211.94656361661035,199.95170307930866
180,2015-12-21 21:00:23+00:00,248.65984925060596,203.09293863289474,193.4360402763283,,,,,
181,2015-12-29 21:01:36+00:00,203.26373997151052,198.41707734548774,186.5864726663618,209.3182162411345,199.003739704261,214.4053697524989,212.01574945908217,208.90075713959266
182,2016-01-06 21:00:18+00:00,199.61021241163326,192.66214247404858,195.625320864099,193.76937432161827,200.01238851679935,210.05004809898554,195.90088152180942,206.41037149325956
183,2016-01-14 21:01:52+00:00,,,,,208.78685542070437,215.5297094415864,210.8340144207235,204.32579244506147
184,2016-01-22 21:00:19+00:00,235.98468245209605,207.6537437600243,212.99239592379044,214.62890953969995,205.9740698872703,208.21604070701082,204.35001298232908,208.58730844531144
185,2016-01-30 21:02:02+00:00,225.21349515829453,208.10386256072186,212.0859356248839,205.46742422358292,200.29189476582317,199.1025168629469,177.53424281665247,
186,2016-02-07 21:00:15+00:00,214.64309324448283,202.8892174235049,213.4569065765776,215.6925833546276,207.9129800471381,208.061490632294,191.45306223971997,185.7179087735392
187,2016-02-23 21:00:08+00:00,227.59879512154632,203.81064142744722,206.53718056362732,188.49229420711808,181.3983416276099,178.4736820058981,170.99440868288187,184.655246947411
188,2016-03-10 21:00:06+00:00,223.76970443089206,215.6194623581014,222.91944235962933,220.4226816538965,202.40725144778852,189.9546098930164,169.2172849800695,176.01308504397483
189,2016-03-26 20:59:57+00:00,211.12804515793738,209.43133851427643,220.29611593713312,223.46214060032676,204.9860878498082,197.99215678284048,179.9138784651842,179.98811492132896
190,2016-04-27 20:59:47+00:00,227.69008481554982,191.7616589932847,207.09714162475103,215.67247531270084,199.56466929357615,195.48535003212916,166.08900737257906,167.84063665326082
191,2016-05-29 20:59:53+00:00,,,,,,,,
192,2016-06-14 20:59:56+00:00,231.78590172363394,187.94499975888198,187.9060754272113,209.0472029394912,204.43967086973998,198.73622124436412,167.56144566207104,170.85203687001763
193,2016-06-22 21:02:48+00:00,189.39654781070215,176.0161516212151,181.5491842630755,,,,,
194,2016-08-09 21:02:51+00:00,,200.07371782164446,180.3856834909253,222.13086422616345,227.52652296592692,222.82950598083747,206.67680491295675,208.25942425002597
195,2016-10-12 21:02:59+00:00,232.0179018155177,191.6704823698446,184.08441663713626,204.76622852320597,213.8936409211364,218.78272077996172,211.16489523443067,190.31014958280414
196,2016-11-13 21:02:47+00:00,252.7232664224087,197.51310136667513,206.98424796114017,198.62174802293887,202.55767228415476,212.5656932444692,,
197,2016-12-31 21:02:33+00:00,,,212.837082128869,220.82351273407377,217.09447661269,223.82696969138388,213.02072007151017,208.4154286449339
198,2017-01-08 21:00:25+00:00,205.98764208909628,204.1251883171435,216.17268390433898,218.0068413797186,213.3472154182867,224.71350473919026,218.17225842252878,223.08312660845996
199,2017-01-16 21:02:22+00:00,,,,,,224.06288770704384,214.7898068820056,195.3347521927752
200,2017-02-09 21:00:12+00:00,203.3028639112028,194.2492681592278,210.51001907341708,206.3691398025382,205.5441064055212,215.0455778943358,208.5643666294778,199.52121393719753
201,2017-02-17 21:02:13+00:00,210.43630870481792,186.82697635061376,199.7750872868767,199.09819785736158,200.4135663727534,206.41557030355742,,
202,2017-03-05 21:02:21+00:00,196.05223420260836,191.42629693982033,192.3168509689212,203.1583370092517,202.55602129567586,207.96509416998737,204.07213130739166,188.27687511786826
203,2017-03-13 20:59:58+00:00,200.48732825305362,191.0634366627015,203.26084719715206,204.82780701749914,202.47708113409197,209.06530709388718,196.12143662732436,201.15713088634365
204,2017-03-21 21:02:27+00:00,,,214.42768421994518,207.41148799637952,203.8754351763651,209.33365514444478,198.4782415641456,185.5607345229775
205,2017-04-06 21:02:31+00:00,249.2376598233426,180.33731401943461,180.52700988171014,199.39331252388075,,,,
206,2017-06-25 21:02:53+00:00,,190.08797639087865,170.8747824728835,189.4803985956905,198.52399960648137,210.1191439725936,216.89805925691152,224.18503282522997
207,2017-07-03 21:00:01+00:00,232.82158122572835,190.3464753666338,173.42494936341842,191.111105573059,209.30450023445636,218.79266143221201,224.44427795586145,238.5727655750788
208,2017-07-11 21:02:54+00:00,225.58545965176202,188.4633411796022,164.25313792297678,,,,,
209,2017-08-12 21:02:50+00:00,,,,193.996665401892,202.59389860801102,213.79952740425662,228.39416578026672,232.64112316237703
210,2017-08-20 21:00:19+00:00,245.22322070804256,188.08635992867653,170.1903843164802,176.78732701132327,202.10143743811113,213.09923310928784,231.74953496771002,239.9781192218609
211,2017-08-28 21:02:51+00:00,221.9366343835887,197.48640040486978,168.55324720442388,191.68767539968556,202.9368251348444,213.84460433762627,227.91075485787178,244.75920799973554
212,2017-09-05 21:00:21+00:00,229.17901818313294,188.6226604073182,170.97668647421767,174.47232011062286,202.73494397658652,215.72317274927707,232.87093590146793,237.10536714984153
213,2017-11-08 21:00:31+00:00,230.4914331496589,201.45855248700758,179.96348912084144,200.55476606115016,209.04586599974743,226.103853238789,235.13033760408535,226.64503454661025
214,2017-11-16 21:02:49+00:00,,,191.83375540955666,211.87869455989863,211.1059437059419,228.73958608480044,231.8562166196387,229.1242649523715
215,2017-11-24 21:00:25+00:00,250.83065580792487,200.2158917449213,193.73407354898885,199.43501590787181,203.9099188278298,229.33979200818095,228.42731109810777,224.6511069702557
216,2017-12-27 20:56:17+00:00,,,,,,,,
217,2018-01-03 21:02:22+00:00,,196.4008467289077,210.2565692298788,202.54051053536392,197.667077208846,211.80657813007727,202.7939548663874,205.34587463110816
218,2018-01-11 21:00:19+00:00,230.83365960012944,190.03810891451087,196.34142149301945,198.88732773064783,198.415044037726,212.06312776343066,201.78054055648192,204.49211725731104
219,2018-01-19 21:02:08+00:00,,,,,,,,
220,2018-01-27 21:00:10+00:00,227.8929667136011,192.90668606234098,197.21065172638504,219.33982463254523,211.29656544174807,213.66143490257912,210.397852686562,199.2211856358126
221,2018-02-12 21:00:03+00:00,206.0336128102826,198.25219579597672,201.83407674133363,208.89141144933748,208.13185827242896,216.51819690903233,209.28457538655326,196.18122185047858
222,2018-02-20 21:01:42+00:00,,200.95127450647465,204.17790405753018,200.64685425859832,201.38180074790324,208.83096263392292,202.76483723382637,184.50110443970317
223,2018-04-09 21:01:04+00:00,229.57301903826692,193.51103740058804,187.31047571766916,192.98256601633892,,,,
224,2018-05-19 20:59:12+00:00,184.7076461099697,183.51586515367958,166.44264141562007,189.54482674563013,190.56673215345205,211.46369989057368,212.04605554026293,203.29680653050937
225,2018-06-20 20:59:11+00:00,214.90948022700775,186.33765157978942,171.9856544090946,191.53694744300907,203.22831855699278,214.4882555424036,223.8233983143086,221.10308058943207
226,2018-07-06 20:59:20+00:00,216.83394696677172,183.44634707485432,169.11022832073095,177.92379361576312,195.50610454335995,211.98160606073796,224.7368349989297,220.75516653776057
227,2018-09-08 20:59:50+00:00,247.99435474403543,193.32157370366522,172.88771514736098,171.0032603916437,195.15000392326579,219.83039966515184,239.04388405048348,252.34400124458435
228,2018-10-18 20:57:21+00:00,,188.80019202597893,176.39321575207444,191.97704445302296,205.68254055189615,225.87929528266417,237.77114020900657,231.81526729025725
229,2018-11-11 21:00:10+00:00,229.99859321277367,191.99824889869885,180.87973990193788,199.0417685444993,206.7542120790075,232.3997637831545,238.90632222665232,229.09206615545
230,2018-11-19 20:56:38+00:00,,,,205.52597578148254,205.60031853246167,232.97518607351577,231.43914252089414,223.43331960583788
231,2018-12-05 20:56:13+00:00,,186.22157010012145,177.4685297342667,177.64247375589156,194.62414434138518,198.02836101696465,210.13720992142828,218.29434278948617
232,2018-12-13 21:00:06+00:00,205.1468342604243,198.26521981602204,207.56003273677752,201.58425073462791,208.90420507707907,222.819389344239,218.48657517571493,209.17962534183133
233,2018-12-21 20:55:46+00:00,213.53997517751853,200.422839745023,213.16418793113354,198.31027644684244,181.0691718411162,,,
234,2018-12-29 21:00:07+00:00,204.407592530216,190.94672687542888,204.8158432598683,198.91490832502612,196.46484737438266,202.24506914835536,189.76115329772827,194.62425191519546
235,2019-01-06 20:55:17+00:00,244.99871067168544,,,,,223.15741584547428,218.7150069481136,212.1503597021711
236,2019-02-07 20:54:17+00:00,245.0957461156996,195.75617483762474,,,,,215.69164775064024,202.07974967957202
237,2019-02-23 20:53:48+00:00,,,221.36498867110092,224.25736553190674,209.2932919524991,217.46566728414027,211.3454804082867,209.28779944105537
238,2019-03-03 20:59:54+00:00,233.1247723027508,208.98808043001344,215.2440788132388,216.57673823863806,209.97493815050663,213.40328593262882,205.6040505989956,214.01126855792225
239,2019-03-11 20:53:18+00:00,,,,,201.42924664798028,202.641523308133,199.32392702905142,187.072175616268
240,2019-03-27 20:52:46+00:00,236.6930963742538,203.32754747398877,192.69435962757987,204.64993633424695,195.09500447368632,198.33138122839966,,
241,2019-04-04 20:59:46+00:00,244.49421647530824,194.34349134564718,211.61282142917682,213.69752139169046,205.90600515787,210.37435724372673,199.24685449755574,181.77988984727267
242,2019-04-12 20:52:12+00:00,205.3909145595509,198.06383345439414,216.81903857876122,223.5564689091644,203.7826012502775,205.7881745304987,202.17014278111125,181.63871045966155
243,2019-04-20 20:59:39+00:00,225.78376731463328,196.2979315716187,206.21428120085784,209.65618014686868,205.0516668555152,209.8231000893836,200.59948046347765,187.35986689295487
244,2019-05-22 20:59:53+00:00,226.79501901323346,194.56265463864995,180.54070997228004,210.81405543211855,211.21738879341322,217.85905629271625,211.15166776277033,198.66684436120386
245,2019-06-07 21:00:01+00:00,247.37716788887798,188.52164891646044,174.16018518904335,211.92268752518146,212.04713432758967,216.08601207262492,213.41328790896506,197.0790362637421
246,2019-06-15 20:49:49+00:00,230.45828720450308,180.38969874862175,170.22936845709256,206.73898733357868,,,,
247,2019-07-10 20:42:42+00:00,,,,,,,,
248,2019-07-25 21:00:15+00:00,248.38505422401664,188.6566801335831,172.17299915666223,191.63814816813357,210.08169332825568,218.50834690719367,226.49756877931495,221.4804666985715
249,2019-07-26 20:42:04+00:00,,,,,,,,
250,2019-08-02 20:47:58+00:00,242.9322129423207,185.11818476106257,166.4470346392764,196.3661391562236,,,,
251,2019-08-10 21:00:21+00:00,232.07238833972514,189.11019750240837,169.19574016222512,190.58373720305465,211.72442245053827,219.58678487535812,228.9546908467089,229.3328439399487
252,2019-08-11 20:41:25+00:00,,,,,,,,
253,2019-08-26 21:00:25+00:00,234.49622721443458,202.94380494210273,176.4214527608934,195.55314325467126,214.55409063295653,221.6810502861683,235.52481109488357,248.00378305566653
254,2019-10-21 20:44:33+00:00,,,,,207.35538706982243,221.4030368574563,231.3943509548337,246.99036971729635
255,2019-10-29 21:00:38+00:00,,,,181.1734821935192,198.14248412507803,210.98714424930552,214.23516699407915,219.06387936660428
256,2019-10-30 20:37:59+00:00,,,,,,,,
257,2019-11-14 21:00:35+00:00,201.17222506164597,195.543552510147,177.16794957096872,197.70348245724875,204.69337875888976,222.05028781166862,227.74513554921288,221.83129450924375
258,2019-11-15 20:37:15+00:00,,,,,,,,
259,2019-11-30 21:00:33+00:00,228.77984650596287,197.35012479236488,182.09623725407704,201.7376583155581,202.44564162254204,220.88148463170342,227.3364231386118,218.32329796994594
260,2019-12-08 20:42:19+00:00,,,190.67258575546683,203.43276969084005,210.0773558663807,225.21996514228906,226.48722908653568,228.83197264079215
261,2019-12-17 20:35:41+00:00,,,,,,,,
262,2019-12-24 20:41:31+00:00,,,,180.18206060702312,192.32207690612321,212.8668972056269,221.44218044985428,
263,2020-01-01 21:00:27+00:00,202.31975857201812,188.95731903095594,178.12818126756883,194.75567532879202,207.22271763413485,223.75687000064065,218.74102383192516,218.51476961540118
264,2020-01-09 20:40:41+00:00,,198.0297518351178,188.9808065662226,206.709244086929,209.59707375326684,224.96071087733958,222.35982804450126,213.3684148516895
265,2020-01-25 20:39:54+00:00,177.00388319821602,186.29130227864744,,,,,204.3605831159014,201.44478578832036
266,2020-02-02 21:00:19+00:00,,197.96846213908873,207.36473015956943,210.96578217403444,206.12482414471066,224.1920159108792,217.70459403103092,208.69447614035016
267,2020-02-03 20:33:16+00:00,,,,,,,,
268,2020-02-10 20:39:05+00:00,,,171.93953510830346,174.56079742956481,185.48312959789328,195.7168524063546,189.98410074393547,
269,2020-02-19 20:32:26+00:00,,,,,,,,
270,2020-03-05 21:00:10+00:00,,197.62530032251192,195.69147762442145,219.01301180786783,211.55515389954866,226.16047104890922,,
271,2020-03-06 20:31:35+00:00,,,,,,,,
272,2020-04-07 20:29:47+00:00,,177.14633807051456,166.7576441882362,196.66936346398393,205.07437383767675,218.16360952820756,217.11007810383526,191.8759500200736
273,2020-04-22 20:59:47+00:00,186.61947635488926,178.91398068452,168.27912323214963,186.6210519958275,189.57845652917015,209.6970858624852,195.85172010209763,201.23377590003653
274,2020-04-30 20:34:37+00:00,226.11723481543714,189.8274918200146,182.28623039679934,195.11686427972586,,,,
275,2020-05-08 20:59:37+00:00,240.3790630657349,184.89758326244507,172.36887870188392,190.75764155219994,195.10963864628908,218.08906784678996,215.5654050167471,204.27820690302246
276,2020-05-09 20:27:53+00:00,,,,,,,,
277,2020-05-16 20:33:38+00:00,214.69133264310216,184.36625127068908,161.2348364873347,190.8269229314992,,,,
278,2020-05-25 20:26:54+00:00,,,,,,,,
279,2020-06-01 20:32:41+00:00,227.42543026135067,199.1381646226988,,,202.2021237154426,218.5206802739455,221.47105731075482,217.54122102072517
280,2020-06-10 20:25:59+00:00,,,,,,,,
281,2020-06-17 20:31:45+00:00,,,170.8422437895794,185.46423602447464,204.20037419659408,212.81837269108328,225.71786935622188,219.90322796650338
282,2020-06-26 20:25:02+00:00,,193.90952800975563,169.02378268032194,191.39236105102623,204.45598878713702,219.50141465205337,228.68923938047493,
283,2020-08-04 20:28:49+00:00,,,,,,,,
284,2020-08-12 21:00:13+00:00,,,,,188.77124716055104,216.3152822732161,237.29501442306164,244.4019363960171
285,2020-08-20 20:27:48+00:00,245.29658580789285,191.38192105974562,173.9779128085789,177.38380996416413,188.80259535421217,,,
286,2020-08-28 21:00:22+00:00,,,,,204.70036503806367,217.98946108104204,240.1139796449647,258.26366044543045
287,2020-08-29 20:21:02+00:00,,,,,,,,
288,2020-09-14 20:19:59+00:00,,,,,,,,
289,2020-09-29 21:00:33+00:00,248.6497567491018,192.45706069074447,176.0869489457163,175.63643868274696,192.69430929578945,218.31483303643378,240.86713210012232,257.8277929836368
290,2020-09-30 20:18:57+00:00,,,,,,,,
291,2020-10-07 20:24:41+00:00,,191.92438023175254,158.70893131594661,166.70772185938944,182.82732464494092,218.3532871843251,238.52080573986737,222.3275662601112
292,2020-10-15 21:00:34+00:00,248.04654750049863,193.1441951669468,175.88418950133325,171.75082892579363,196.43879335707695,218.64793832465674,244.89101718013788,257.77373672710894
293,2020-10-31 21:00:33+00:00,228.6054346743187,191.97743883532618,174.7402596668544,171.5617160645127,199.9495082768596,218.041848960494,241.3515467794926,252.42567901117152
294,2020-11-01 20:16:52+00:00,249.46970422511714,203.9316528614689,183.31938208436154,,,,,
295,2020-11-08 20:22:34+00:00,,,,180.40540480715228,202.69521876047176,224.13692042008236,243.1194634733304,243.3695373398517
296,2020-12-02 21:00:35+00:00,229.31830875371998,185.43533138082893,169.4290359224078,174.38610355545066,192.6350328889016,206.07490724047142,220.38899898424023,234.5116126467333
297,2020-12-10 20:20:16+00:00,,198.65423662934626,187.22074698688292,203.49288177585564,206.9377409709364,221.182272964907,227.83143115521537,220.15222073252176
298,2020-12-18 21:00:34+00:00,204.73366915964462,196.0557481642396,188.72117237066456,200.28792613436687,207.85912142751562,230.4083234405334,232.65008855246475,214.24224436957695
299,2021-01-11 20:17:58+00:00,,,,,,,,
300,2021-01-27 20:16:49+00:00,,,,,206.4491857547146,206.4563485011572,197.51884376492652,195.78307522249642
301,2021-02-12 20:15:38+00:00,,,,,,,,
302,2021-02-28 20:14:25+00:00,,191.99245837158733,,,,,213.54705086438412,202.0313056124613
303,2021-04-01 20:11:52+00:00,,,183.6345006641302,208.59637826013008,204.18625356345873,214.73766465905487,209.5868561508758,201.9819481118166
304,2021-04-10 20:04:56+00:00,250.62541977385771,202.13975691280146,,,,,,
305,2021-04-25 20:59:50+00:00,228.3351292626485,184.1514970814692,172.32726823172243,202.21766193007423,206.2068704991816,219.51766979190336,215.53858786954206,208.42612589249165
306,2021-05-03 20:09:11+00:00,213.3072768957513,,,,,220.44324047398771,218.81577044184618,196.9064637655035
307,2021-05-11 20:59:47+00:00,,,,,,,,
308,2021-05-12 20:02:15+00:00,211.67279319460994,210.81585010599457,192.60369515394436,220.8562945510277,,,,
309,2021-05-27 20:59:57+00:00,190.79950795166687,186.08321988266522,167.60214618175468,189.63706676687087,201.29182902869837,217.34413842746375,215.66681794341542,200.8332478235376
310,2021-05-28 20:00:53+00:00,,,,,200.09281968709917,212.83865365921918,216.68908465568938,190.87701686478232
311,2021-06-28 21:00:08+00:00,225.7584868445494,189.8548637063813,166.76829861412412,188.88222967351996,205.29572525422654,213.46534781522882,223.41027710609788,215.62867235551604
312,2021-06-29 19:58:14+00:00,,,,,,,230.0138360652037,240.6718178649363
313,2021-07-31 19:55:29+00:00,,,,,,,,
314,2021-08-07 20:01:03+00:00,226.52807994134784,,,,,219.4192238426486,233.06873262807957,241.69614944698293
315,2021-08-15 21:00:23+00:00,,,,,212.70661812733593,221.4384899436326,230.84625909205303,232.0738684686852
316,2021-08-16 19:54:04+00:00,252.54196430040415,,,,,,,236.05677459337932
317,2021-09-01 19:52:41+00:00,,,,,202.04367868821274,214.08789618064228,229.31549727856788,236.5696265361999
318,2021-09-08 19:58:16+00:00,,,,,,,,
319,2021-10-26 19:53:58+00:00,,,,187.2198052631856,205.92700429128814,229.30681900185016,237.0171302295942,227.5133422225214
320,2021-11-07 20:58:11+00:00,248.81004366447527,202.16144598832446,176.39719057478746,192.08724578033252,203.2049580893824,230.46529833810774,235.8965140949219,231.5522678948558
321,2021-11-11 19:52:27+00:00,232.97401726342474,201.47494041693548,178.063796726094,188.52326095802732,204.96333534618756,223.41591789720547,228.94000931536092,233.01588488364226
322,2021-11-12 21:00:39+00:00,234.2978537122477,190.77674780592136,175.42907771013776,186.56222807110066,203.55659090321868,222.98498748835104,228.97821254946194,221.78049814647193
323,2021-11-19 21:00:34+00:00,250.9445727571116,204.01349255695993,189.68518637462603,198.80596108330084,211.19851098600455,230.3141285972332,240.8038179427623,256.8977294180118
324,2021-11-20 19:45:24+00:00,250.13342512409025,204.06963628675706,186.75256575335507,203.90051924277054,196.5126490193946,,,
325,2021-11-27 19:50:55+00:00,209.59755452449522,191.75597024467967,180.3479591034086,,,,,
326,2021-12-13 19:49:24+00:00,229.61369636082748,202.63975145610067,182.75473997308367,201.87349347354703,,,,
327,2021-12-13 21:00:32+00:00,250.9289027184147,196.50350399150614,187.70013717264237,204.30801237192247,224.63095057383904,241.04271873893572,248.48695849616433,236.28602337986854
328,2022-01-06 21:00:29+00:00,219.74075816184492,185.89420832499596,175.85117941151023,190.88430318878486,205.96505253917135,220.35661386559784,220.3023105480881,224.33074770614678
329,2022-01-14 21:00:28+00:00,227.17688636148242,195.9879112611927,192.3661996777374,191.5652754892449,198.90474024734831,229.47441304713402,204.98500642144478,215.97323505963973
330,2022-02-23 21:00:16+00:00,245.1399965351855,202.69341663713402,214.7020245412249,220.6568274207637,213.60503804070842,219.4008603914344,209.6587122480595,200.98801952620096
331,2022-03-03 21:00:15+00:00,228.49222311982945,199.74809043255823,211.86676280828226,217.97795761105095,215.14093069175584,217.5840099231119,208.16496890702257,193.3372962594636
332,2022-03-11 21:00:12+00:00,245.76288729757448,195.3692881389612,211.15812495367365,218.85282387675494,211.4867607849358,217.93617780491664,,
333,2022-04-20 21:00:00+00:00,,,182.1930546258228,209.98428480179047,210.85294281510474,214.57894056458343,214.10909413359818,188.77582750385193
334,2022-05-30 21:00:13+00:00,228.3083956947714,183.23937229707064,169.02029572808115,200.83898904326168,206.7229305333013,214.2664924690918,216.81620032253065,213.78822850495214
335,2022-07-09 21:00:04+00:00,218.16166688538223,184.22392131673593,168.89017725129034,185.6689848677008,209.48944688451942,223.9088511791334,233.050647114465,221.7193384317348
336,2022-08-10 21:00:24+00:00,251.40615048228125,187.04169475460392,171.88881478332885,180.56861060974322,207.8462931970381,216.0716429572897,231.37560455790495,246.99010686694484
337,2022-08-18 21:00:46+00:00,254.0682373908031,199.1942872284705,183.69708956541152,190.0039175623191,208.23090206293904,221.35362994689098,235.51252319293576,253.49059367804523
338,2022-08-26 21:00:28+00:00,249.91923155698208,188.23843862105787,169.7048433307562,175.72517280005584,201.08026403061132,215.05383067990059,236.2923306833504,251.80597429513602
339,2022-09-11 21:00:29+00:00,226.96673766207672,185.86880074778094,167.84596616950122,,208.55583640265525,214.4184979345758,236.59893558219375,251.1919375050655
340,2022-09-27 21:00:36+00:00,,197.03252625036177,177.3789380164183,,,,226.57428825175032,257.0935752785008
341,2022-10-05 21:00:50+00:00,225.23361788493486,192.79002777793227,176.37726264892973,178.6207567762282,209.04630153698625,221.0720623025235,246.45092081906398,251.36398457454607
342,2022-10-13 21:00:40+00:00,245.3067138529814,194.61038989801958,171.89236887772242,185.52973081079296,204.41180293601,226.07237057523105,244.93476683944618,244.73732899045442
343,2022-10-21 21:00:49+00:00,,,,,,,,
344,2022-10-29 21:00:40+00:00,249.81848567393888,204.63123721961028,182.982081664176,197.02322958927567,211.55174090032992,231.76627186130284,244.95567807812202,253.17411181186068
345,2022-11-14 21:00:43+00:00,232.63414884834492,193.16739864604884,185.97796848679954,196.86278444080645,210.346155062579,229.52336426528723,241.37396174602245,224.66941950145966
346,2022-11-30 21:00:39+00:00,233.72507470722869,192.78348395286883,184.58882391736984,194.55166822116303,211.2786562232579,232.70166028068093,228.48067221580726,227.89308376822964
347,2023-01-09 21:00:37+00:00,203.6754666535454,199.28499245195098,205.55583292157925,215.8592026676411,210.86172878442574,218.45877379232158,216.9596846800978,215.84368690159906
348,2023-01-17 21:00:34+00:00,206.25820495813744,199.51142685878847,208.61662091686978,217.01821038008725,203.44009226656348,210.76137782304244,204.12925759806444,205.80445679859065
349,2023-02-10 21:00:33+00:00,,202.52370979635737,220.21696615752623,225.14669408805617,216.43262393993916,213.10564093497695,208.70138339429604,196.5251155786998
350,2023-02-18 21:00:38+00:00,,,221.79155909720672,210.56595410210116,204.05967002054177,212.16491424108906,202.41498648333655,194.1467274423527
351,2023-04-23 21:00:04+00:00,224.1099991673935,186.65819753527134,171.79546178015985,199.17714689649114,208.94774900838058,216.3151315669481,215.50325495370495,217.35657621493777
352,2023-05-09 20:59:53+00:00,,,,195.9086902476677,206.6557183542092,218.54279639181615,221.25333817737013,217.1930375278644
353,2023-05-25 20:59:43+00:00,181.18650644297614,186.6600963122035,168.72209986094228,168.95967728850383,209.9096406573979,221.06309546740314,226.62955060923937,
354,2023-06-02 20:59:33+00:00,,,,,,,,
355,2023-07-12 20:59:50+00:00,221.3764949862574,186.36889717966415,171.94864514955034,190.9596468369081,206.52525031147474,217.52057324697324,229.34281018085676,235.58489539495383
356,2023-07-20 20:59:56+00:00,245.21360198849155,197.26113212533878,170.74869095302006,186.5817358067339,202.23456358869342,221.1629928091284,230.28821569883675,238.2275382745791
357,2023-07-28 20:59:53+00:00,250.91492837943773,189.61500013866052,174.28503988415505,189.52884750420847,208.93665452161792,224.06851813217418,233.2454836926526,242.8471011381427
358,2023-08-13 21:00:01+00:00,215.59882291803993,187.1646580319247,170.9556257641735,176.89404397217592,202.72869361365468,217.95228382930563,231.73515285218227,236.05318484810525
359,2023-09-06 21:00:12+00:00,220.41874884404137,185.3399809843758,169.21796886855293,169.6291819763928,204.2805043324236,218.38982748409276,236.39834282702702,246.74913310644712
360,2023-09-22 21:00:18+00:00,255.87563306572375,203.1429695900591,173.75303126684338,188.601612687697,207.72162737964538,227.34955920057897,242.3565623687992,260.3852550204292
361,2023-09-30 21:00:17+00:00,227.85502900676397,188.40890399854197,171.50927332366692,177.61542035914968,201.14150676738166,221.89524430140733,239.4843863760903,254.3832530506163
362,2023-10-08 21:00:23+00:00,253.94345193809488,186.6508492134585,175.46036206795895,187.35141275876563,208.98967763918236,223.54608920605352,250.612928858597,256.58550702335344
363,2023-10-24 21:00:26+00:00,210.58064915914466,193.81416060007058,176.21902924269227,190.92557714907977,202.8553241088211,229.8276347691785,228.99458930732638,225.02733670843432
364,2023-11-01 21:00:22+00:00,231.08954357179496,193.32916280757,173.84924852083168,189.8961881952338,205.70233674699085,226.35007716967817,236.41949635190218,232.49325503306727
365,2023-11-17 21:00:26+00:00,217.96522360856733,,,195.4361556330629,202.62666001890304,218.7265728467819,234.8120102359869,232.25506708683525
366,2023-11-25 21:00:29+00:00,215.2507232213436,189.34994981010843,190.615110582588,194.98079099560613,199.89827939624334,216.80685039962162,213.6071977005197,242.92598706348997
367,2023-12-03 21:00:31+00:00,232.24802596452705,190.98993592074905,186.68565179634243,205.98453897146263,210.64049293356638,229.3102861229032,229.1339012180554,216.5532548060895
368,2023-12-11 21:00:23+00:00,246.01176024769913,199.24670151663466,195.47638266287916,208.85832749179568,210.74981921196218,228.47951189913104,227.13001489963727,221.28760617786992
369,2023-12-27 21:00:25+00:00,211.17910336479844,188.29753200820255,181.63143985443241,196.72417386965748,204.389666910705,219.57960704974587,215.2092437039264,215.7739024684402
370,2024-01-20 21:00:29+00:00,228.13838190355966,199.10407250325733,204.3261598390313,210.82229384141655,205.11783806939368,212.6816625211863,203.7891447610211,216.23899673594977
371,2024-02-05 21:00:33+00:00,228.48245819087808,193.432648403862,201.51950156185532,204.1579514602924,205.04577146581383,206.73021381748856,,
372,2024-02-13 21:00:19+00:00,248.1178996502068,205.08791848210294,215.008061183116,218.55603837920734,217.8287919509703,223.28133630270165,218.19044558983504,219.19657563886793
373,2024-02-29 21:00:13+00:00,226.9966670195252,196.72670601006303,203.00526608538289,210.85759498237852,207.2958735681072,218.28460230170768,215.43649470549468,
374,2024-03-16 21:00:03+00:00,,,,,213.55864292294214,217.42588134123133,206.15943699582047,197.87569101257887
375,2024-06-04 20:59:19+00:00,,,,,,,,
376,2024-06-20 20:59:27+00:00,,,,,,,,
377,2024-06-28 20:59:20+00:00,232.47018806673228,185.74673435565984,168.7058157743296,177.95462194557837,205.0514678275873,221.0749719178211,228.14736969142845,242.15438109092108
378,2024-07-22 20:59:50+00:00,214.4505101181911,184.95038709029248,164.46573308114176,177.7590179135092,198.7199294828931,218.30557043272353,228.16912598165354,241.60864878485032
379,2024-08-07 20:59:46+00:00,227.69406967398052,190.30035215667397,166.83034602633478,176.11499932777548,198.15525064346147,215.18456346676646,230.2644846135806,244.85439709313061
380,2024-08-15 20:59:49+00:00,231.99205669958477,189.73747017968128,171.81938750811634,182.061987968713,206.87797891907317,221.30614420555028,236.4626205862465,254.7931115314813
381,2024-10-10 21:00:12+00:00,235.1680869848823,188.4671132662798,178.16230485398876,182.984819819934,207.740401278088,222.57787203977398,247.619220045547,251.74567716708202
382,2024-10-18 21:00:20+00:00,250.40681563603496,202.71906067250438,182.68120572479367,191.3968659698917,202.40856135022693,231.46295749668315,236.83043401932014,235.48161995797034
383,2024-11-27 21:00:26+00:00,246.8869383121962,202.78371750323444,180.9664478329402,197.7101417311439,205.85898882987115,237.68566629670312,242.33663501957727,226.34588796287255
384,2024-12-05 21:00:24+00:00,197.58636623128018,187.5197012952382,180.873958624386,194.75224553463735,202.3729297524127,221.9700716730039,225.99049543144915,219.53630309948537
385,2024-12-13 21:00:14+00:00,226.60046482685922,188.6068420822406,177.98586093404722,179.8804648390558,198.36620992032155,224.4037641774402,225.70201104521067,221.28396350489618
386,2024-12-21 21:00:25+00:00,217.93454644629574,189.14944128198337,184.1159112499769,193.85258146268703,202.45967137735713,200.36903139720965,199.2649396461001,208.6739594836757
387,2025-01-06 21:00:21+00:00,202.72258887965003,187.97441386492054,197.60393693866297,196.61221818014764,195.0884616291879,189.75830792345857,190.6057606757773,191.14368940899496
388,2025-01-14 21:00:20+00:00,222.32742560501822,206.7601675679928,208.58014218688297,197.827763968321,200.04705534803279,194.36746118151046,174.7317613731608,
389,2025-02-07 21:00:22+00:00,220.74693357116595,210.13612215862693,213.7522224888701,200.50768345039938,188.2046338370469,189.66871037866525,163.63183315364498,184.96687084127927
390,2025-02-15 21:00:13+00:00,205.22809442134735,204.07367964593402,211.77568219298007,211.25406339835192,203.34746920674334,197.14213074250483,176.81238261826422,181.9080959806568
391,2025-03-11 21:00:17+00:00,,215.7747448026742,214.4406265781271,219.3949410124786,221.8929481667357,,203.5744279901243,181.2387233361199
392,2025-03-27 21:00:06+00:00,245.7507731601574,202.08476516518724,218.88336136296863,225.31742049744597,219.27380026668737,210.5043874331381,203.72030454472122,215.44506554413204
393,2025-04-20 20:59:41+00:00,228.86263239129366,185.99520412513922,188.35070037251018,210.8520785329844,207.50661469894047,206.45295453292684,200.5039079175589,188.94978277778048
394,2025-04-28 20:59:58+00:00,,,186.48501543035664,212.6304192843753,212.7905051066666,211.0470901558477,202.82524892058385,190.2761548102088
395,2025-05-06 20:59:37+00:00,,,,,,,,
