,dates,usa_HI_0031-0000,usa_HI_0031-0001,usa_HI_0031-0002,usa_HI_0031-0003,usa_HI_0031-0004,usa_HI_0031-0005,usa_HI_0031-0006
0,1991-12-03 20:24:42+00:00,165.76580710558616,171.07730574116303,182.04510020172964,178.7114511336752,180.49076295846643,176.56319161137006,173.03183629233087
1,1999-07-10 20:53:01+00:00,154.18620077317914,154.60833640415834,163.06643969919273,170.6631668102892,167.7263480801488,165.5778350275702,197.72421079213086
2,1999-08-02 20:59:19+00:00,164.98533864772355,166.07982091384156,165.87869500607533,176.7879604797998,167.96218282721696,166.16629244696352,174.16625853667196
3,1999-08-11 20:53:07+00:00,168.7784515986526,169.66429650440972,176.7390622963998,184.74443472709515,171.65010718120732,173.97186281823247,172.169058259724
4,1999-08-18 20:59:15+00:00,158.68785894335022,158.56031778949063,164.4392125748385,169.33827691708657,163.40785076264834,170.65579776633655,162.12383501101044
5,1999-09-28 20:53:15+00:00,175.00172819784595,180.28832904605073,178.4169263438405,188.32434783647196,184.48537931295272,181.7827208855398,177.0811999117237
6,1999-10-30 20:53:07+00:00,163.19873030360296,164.52066678716653,182.48673485584118,193.23754632931778,183.24299318645924,177.63740842454493,175.56160009780479
7,1999-11-15 20:53:07+00:00,172.66760342453972,175.369753557272,189.47134621260085,195.90399384276745,187.99466697442844,180.5866878511496,176.02456657534907
8,1999-12-17 20:53:11+00:00,176.54083492092093,180.0045175540228,174.300075095494,174.88564754102896,172.26012210338683,189.29790993445624,180.20185194707236
9,2000-01-02 20:53:03+00:00,175.84528386636345,177.4925687117497,180.91593051005864,184.46451262538284,179.6636919397684,187.17180261699417,177.93491328310176
10,2000-01-25 20:59:13+00:00,173.58341452748243,181.7547012685802,173.47296976148738,180.636502546443,171.81632688821247,184.95458418513462,181.45767507221575
11,2000-02-26 20:59:03+00:00,168.8097689395573,169.16311222689868,180.2486119188444,176.62771152962296,171.5976723781067,168.858854809855,176.74317698726878
12,2000-03-22 20:52:50+00:00,168.50006646953094,167.36089344739833,168.53835987008264,179.22826787850582,181.37805720082432,168.43854515613893,171.7118279435664
13,2000-04-23 20:52:33+00:00,158.62189508293375,167.62120248804155,168.85051143831757,,,,
14,2000-05-25 20:52:12+00:00,172.16988881517977,170.1541849349702,177.2521031900788,178.99820426770225,173.51202231293345,172.17284282148182,172.93249017616648
15,2000-06-10 20:52:06+00:00,170.87835234415658,174.4184019938485,179.8538796510017,179.55795825305526,174.86779132898303,162.62036121732015,173.47955314871692
16,2000-06-26 20:51:56+00:00,173.7489088616478,178.90480362965553,176.83693728006176,184.78660117599645,176.8769449663807,171.09730223984144,179.7850115191403
17,2000-07-28 20:51:26+00:00,174.22928465112244,172.28713039261135,176.35950055340896,184.19492533048646,180.49989430591296,174.82765653666345,179.0137687536702
18,2000-10-23 20:56:40+00:00,169.57826511591395,174.25518185637455,171.8062287370595,179.85692865740126,174.79812509538638,174.56788401263975,175.83797879257884
19,2000-11-08 20:56:43+00:00,140.9356877438009,143.76631406454592,151.52740193821225,181.21318531244282,171.16207947879053,170.24553158721403,188.82503944746546
20,2000-11-17 20:50:34+00:00,165.8820824153908,170.26593682542716,169.66842253155465,175.55931265967328,179.73407030783704,162.44139274839728,175.8160281403449
21,2000-11-24 20:56:45+00:00,166.00797002703166,172.6431036905851,170.80413351569985,171.52061524317443,177.3815608284201,157.28147614711725,174.5339479745329
22,2000-12-03 20:50:34+00:00,175.06551809375122,177.87720606716178,171.45082173685728,180.43338638971554,178.61675185040744,172.79214875751677,183.80760185171602
23,2000-12-19 20:50:39+00:00,173.22138693302105,181.4413991299386,182.848554386649,182.11597722582582,174.72750937517498,179.98138181343717,184.59048892842506
24,2001-01-04 20:50:39+00:00,180.83084402726402,186.67378214976128,187.84189268949905,193.4285472860131,180.34210072610068,190.0746001810618,187.8976247829808
25,2001-01-11 20:56:53+00:00,171.22410450128507,174.0809743136253,178.4498277433992,182.05943741973468,176.01065510563336,173.4560481870462,175.6981989466746
26,2001-01-20 20:50:45+00:00,174.19264825329728,176.03717927204036,182.23989442628914,188.5121571122622,180.31394558481196,180.27001730320876,183.24930870826375
27,2001-01-27 20:56:56+00:00,,,170.5699716511168,174.23486019764036,169.10721374707353,174.06052746720906,174.4209255344027
28,2001-02-21 20:50:38+00:00,164.3595235919102,175.42711626226665,176.0679826794624,175.8111888377039,180.707132971055,173.92721382586868,175.05426864568173
29,2001-02-28 20:56:44+00:00,169.86257259033076,172.71042030388347,175.87870159339118,176.74470314067779,177.6260251574771,171.5187330627758,174.06554098343526
30,2001-03-09 20:50:34+00:00,169.53829619107685,173.76015836903662,192.13796063712465,189.15398114214815,185.33688428684292,172.10134543893915,180.7152576673017
31,2001-03-16 20:56:40+00:00,166.3563652543433,169.48014111959893,175.22562905708793,169.8266936066161,173.95653272006254,168.54092932074767,180.05028071093415
32,2001-03-25 20:50:25+00:00,175.00051072686333,180.58634169821883,184.59414577265412,182.14873534028328,182.66470789671507,175.17090256966495,187.13878624735278
33,2001-04-26 20:50:19+00:00,167.4560973016555,172.73118827479044,169.58341747883006,166.8852016659343,169.64015632512843,164.47989324283884,179.36992631949795
34,2001-06-13 20:49:50+00:00,165.7697833650877,173.4696777007596,182.19863248243004,178.73654103142246,179.7358809089332,174.32899372642888,176.5812543289672
35,2001-07-15 20:49:35+00:00,182.02099522215119,169.62014049044228,176.57944411532637,180.28651803781497,177.97756500850468,175.88283891899175,179.9109347347446
36,2001-07-31 20:49:23+00:00,161.74643223237467,165.77047755658086,172.01300820960827,176.68590066003492,174.59827455223635,168.9342945971339,175.71653836129448
37,2001-08-07 20:55:25+00:00,151.5263993611565,154.32527284914514,157.6764178912299,168.4077380567533,160.40351190171646,168.16060383316594,169.13175063230577
38,2001-09-24 20:54:52+00:00,163.75889118407903,164.1009937828701,171.26020049752765,180.05668464608542,178.87207337416984,170.08961851982932,179.26995248856443
39,2001-11-11 20:54:53+00:00,167.15402586594243,167.77577289914288,171.087755697247,172.6201176846421,178.1261772087698,170.33164619116874,176.7595748682506
40,2001-11-20 20:48:45+00:00,180.98117356226038,177.35453116890181,179.0902722137219,185.8152963173109,189.02420702829244,185.1927400031566,184.6303341442732
41,2001-12-22 20:48:56+00:00,176.676535256401,177.7510300298573,172.9649758579618,165.7602972987716,181.19549868977438,175.63176297906392,176.89056881918017
42,2001-12-29 20:55:02+00:00,177.68382019546505,184.27675381721411,181.050091803095,177.9986341732224,181.60891358003155,171.7103188528368,175.45375256472548
43,2002-01-14 20:55:11+00:00,175.87500941421126,180.39546691178384,174.25173282295395,169.7225576627638,179.19185970176284,166.38897298469533,175.69638907209298
44,2002-01-23 20:49:06+00:00,150.45525034029703,172.8746106506816,162.30721160136227,157.5621087086013,163.83992094823088,167.53580875677574,168.5148349110209
45,2002-01-30 20:55:12+00:00,149.51832356569864,172.89318215943234,163.2613348086244,167.4110504427099,169.8439712369871,166.63700795889355,168.06668320890913
46,2002-02-15 20:55:18+00:00,162.46890446953935,176.58758351263307,169.30876516732644,167.666227335012,177.8705525220864,182.09125676830746,189.26163788169785
47,2002-03-03 20:55:22+00:00,178.06053662018604,173.24384113913396,165.9240043486855,157.39159490977673,160.7033730392921,161.6742061683973,171.17897776259056
48,2002-03-12 20:49:08+00:00,168.59702002185037,175.05009781157875,163.34756313793326,168.08537622279343,174.18664357150138,159.34284975635958,175.65370797969751
49,2002-03-28 20:49:03+00:00,166.07927942879374,175.48309970433377,172.99755611000222,177.50164817620438,179.12490372389726,157.43191567466818,176.15374621158728
50,2002-04-13 20:49:02+00:00,174.45510335896526,175.42149734399695,186.06432846754046,181.27977284739762,178.67746589360428,167.84170724341067,182.02656966864652
51,2002-04-20 20:55:11+00:00,170.5333714298592,165.13948075350655,176.2102640027362,171.79148809292496,169.3529620004333,163.62670367456832,174.0093718360177
52,2002-05-31 20:48:51+00:00,164.31652590411875,172.31057063037792,180.3683272071855,176.9369353838782,171.5916454678874,163.0609572398386,169.26125103591718
53,2002-06-16 20:48:45+00:00,163.3623637926546,164.65629789595783,170.4156946404705,,,,
54,2002-09-04 20:48:13+00:00,,,,,177.43691271636578,174.89789813033568,175.82762100553117
55,2002-09-20 20:48:01+00:00,174.69476819279228,166.41306876351518,178.75862440100414,185.04546410755307,182.85063599376195,177.7915479213015,184.6515307634739
56,2002-09-27 20:54:10+00:00,174.11183905653985,169.11165020754595,172.91079405694728,177.11890388856952,177.53769368940692,170.0742381107819,183.35259389937167
57,2002-10-22 20:48:02+00:00,164.0363834572186,164.10013170366173,178.24111477564767,185.65977125379206,167.45280342320314,159.67019609282303,177.88808598159392
58,2002-10-29 20:54:11+00:00,145.96099483734312,144.82208362803672,,,,159.8892904067904,171.30316822488618
59,2002-11-07 20:48:07+00:00,178.17150441447345,180.7214164248034,188.20574891014815,188.71278133156096,188.4435772580236,176.57976080597078,177.43045251014846
60,2003-01-01 20:54:45+00:00,,,174.8146950312041,185.13590799223866,177.36028314106701,178.31438884308736,175.92210968191893
61,2003-01-26 20:48:44+00:00,174.41837520436906,182.77176591539154,193.2142316612698,191.6055450738712,184.33597252369327,178.89105131043974,182.26580412217425
62,2003-02-02 20:55:00+00:00,176.31931207889346,175.30040738936833,185.63191871944406,186.51977453724155,179.69306738902287,176.061348394325,172.91792376671583
63,2003-03-22 20:55:05+00:00,160.94859319116415,164.37068653232097,178.5975989020878,176.947572023673,180.32981574011458,175.77366443141327,175.73144974734686
64,2003-05-02 20:49:00+00:00,172.05204516419815,173.6696067031057,179.8986923931288,180.99237716789006,,,
65,2003-07-21 20:48:46+00:00,159.4979504224375,161.11502216551935,164.60551411666765,174.42696340665896,153.3431351573754,,
66,2003-08-06 20:48:37+00:00,,,,176.95213712169326,159.8756044930657,171.15773510419223,170.9930445355684
67,2003-08-13 20:54:49+00:00,,154.21472292069055,171.11836245281114,173.02764546543165,166.0031703907802,171.27157180612895,
68,2003-08-22 20:48:38+00:00,170.65469262507037,164.5529592086825,166.68367672821492,175.03485404403537,,,
69,2003-08-29 20:54:46+00:00,170.0007364996637,164.12258106748453,168.06896513298835,178.63458432878303,180.01747434654544,,
70,2003-09-30 20:54:36+00:00,,,,175.64254320245112,177.50444663347741,174.86281688925519,173.52287244857268
71,2003-10-25 20:48:36+00:00,167.21260289160776,165.47397553169148,179.25184245598234,185.05111565835418,184.29988289062032,175.81696182003253,176.13493232700975
72,2003-11-26 20:48:55+00:00,176.1726917421902,169.58910954233303,169.35217069619284,170.88033091630606,172.41101799009562,,
73,2003-12-19 20:55:14+00:00,,,,,172.17784214637467,179.03755993504564,172.74253678377244
74,2004-01-04 20:55:20+00:00,,177.12177179315321,179.97960205648334,187.6910809522816,186.80530444451796,178.26940381989294,181.72218879275312
75,2004-01-13 20:49:09+00:00,,,184.29614776659028,183.44322232944896,182.7428700367945,,
76,2004-01-20 20:55:25+00:00,,,,,,173.95991033991154,170.26083535998833
77,2004-02-14 20:49:21+00:00,,166.4339188453013,,,150.86404844486992,174.6724325309053,175.60706875246098
78,2004-02-21 20:55:31+00:00,,,,,,175.7900551370923,170.41823041311747
79,2004-03-01 20:49:23+00:00,158.35858825218435,170.30896583777712,180.4107682972243,178.66140673352834,,,
80,2004-03-17 20:49:30+00:00,175.9293683336723,173.89268799076112,184.2094626461384,182.54080865808982,177.89032258242486,171.362644519477,172.5584847533089
81,2004-04-09 20:55:38+00:00,151.23885872431353,147.5798748814829,,,,,
82,2004-04-25 20:55:33+00:00,166.30196830314014,160.71599533086265,164.3038014250656,163.7058167675466,165.45025211703762,,
83,2004-05-27 20:55:34+00:00,,,,171.46225940922452,160.58180569240184,157.26168475952255,153.37709525722113
84,2004-06-05 20:49:20+00:00,,,180.75175905695352,186.79095593281173,181.41510398111507,175.7006797318452,182.72420198698504
85,2004-06-21 20:49:15+00:00,,167.50846476747458,181.73683914864492,180.45614688581037,177.31296769232875,176.2159042877288,190.3794252440171
86,2004-07-07 20:49:14+00:00,,,,187.42189828462534,186.31734890177762,181.08528802999874,181.66111229011074
87,2004-07-14 20:55:23+00:00,161.02239886045075,160.38464939390795,170.8958909427041,,,,
88,2004-07-23 20:49:09+00:00,,,,,186.41225482269041,183.89311213285524,187.26714299468526
89,2004-08-08 20:49:02+00:00,,,166.66096611934728,171.24115751778947,171.0589015270974,159.36580372841334,172.57273729740953
90,2004-08-15 20:55:13+00:00,,,159.9467634030268,174.56432928657523,170.76534849632225,156.17475800247115,166.48968531305167
91,2004-08-24 20:49:01+00:00,164.64062260613642,,,,,,171.51153952280708
92,2004-08-31 20:55:09+00:00,161.98173566100965,159.5809817822677,167.36611934476443,174.01993610430492,,,
93,2004-09-25 20:48:50+00:00,,,,,,183.82693829615448,185.56748039255848
94,2004-10-11 20:48:47+00:00,,,,,,187.90818105739248,189.8557551245713
95,2004-10-18 20:55:05+00:00,170.0503240115509,167.7521151329765,181.41215490787746,187.74820313569475,190.70571108455277,184.23477543954166,
96,2004-12-14 20:49:25+00:00,177.49616353470907,178.53538980257554,174.53324467806056,171.65465716465707,181.74091691685953,182.72657388445037,
97,2005-01-06 20:55:48+00:00,,183.00708948412995,179.02324354302684,187.67263462811457,178.6974320308621,174.01866266711508,177.3477743314363
98,2005-01-22 20:55:49+00:00,167.85516597601296,164.8645472383151,187.9550784800017,178.95126893364687,178.6276333143409,,
99,2005-02-16 20:49:51+00:00,,,,,175.66975132432634,164.84966873373637,170.6136941427096
100,2005-02-23 20:56:04+00:00,,,201.56344908499264,,,,
101,2005-03-20 20:49:56+00:00,,,,,191.32825853267317,183.10499668676914,190.3974480728026
102,2005-04-21 20:49:46+00:00,162.27735321173094,161.6572800666453,164.22409605127027,169.71894574044748,172.75324480834516,,
103,2005-06-15 20:55:51+00:00,,,171.72100438489485,172.15509491692708,174.81478299823385,168.35679855355934,172.8988549476926
104,2005-07-10 20:49:40+00:00,,,181.61939023444995,181.72102075921737,186.692000821284,179.35820115313985,190.01331095712973
105,2005-08-27 20:49:28+00:00,175.35199267074938,172.8482457606997,,,,,177.1428410399748
106,2005-10-14 20:49:21+00:00,,,,175.6606900159043,178.61614814316,163.94263979490904,189.38883842005134
107,2005-10-21 20:55:38+00:00,,165.25157648933063,163.84359562058066,175.627493174522,182.50716293613903,161.87152688942084,184.15464572060827
108,2005-11-06 20:55:50+00:00,161.66348931488776,161.49283479729965,,,,,
109,2005-11-15 20:49:44+00:00,,,173.38581425456343,172.13491166171926,179.68261481694958,174.60928146435938,183.16362006534038
110,2005-12-01 20:49:50+00:00,170.1039868954541,174.36018349206842,180.70987225667304,179.80942900910492,201.2113847542408,175.3955904779598,
111,2005-12-08 20:56:02+00:00,172.97379518616836,171.4408402994292,177.08727909992626,177.89602453860599,,,
112,2005-12-24 20:56:05+00:00,171.33493114951912,169.50227130327062,180.16455072306283,178.21973389814093,,,
113,2006-01-09 20:56:15+00:00,164.56357917063943,161.91079278959228,,,,,163.98405186191388
114,2006-05-17 20:56:29+00:00,156.4883556640173,154.2771746876481,147.87648685311962,156.33103359344585,162.8795881136761,,
115,2006-05-26 20:50:18+00:00,,,,,179.94574410369856,180.265698778506,187.88375894337364
116,2006-08-14 20:49:54+00:00,,,,,174.62713838580547,177.4753165207914,180.017743163815
117,2006-10-17 20:49:45+00:00,169.26884130080794,173.4621930390035,190.30165870194307,189.06513660150563,185.96872150396564,,
118,2006-11-09 20:56:17+00:00,,,,,175.7658788186524,166.24867987023788,171.9367287671249
119,2006-11-25 20:56:27+00:00,173.04543346720283,168.0221030592804,180.50091687146602,187.89349118236444,,,
120,2006-12-04 20:50:21+00:00,160.44455247234086,166.56478990231153,176.53060863276207,,,,180.13671610429876
121,2006-12-20 20:50:26+00:00,,167.5527730222637,172.1939295819862,181.61227475518223,178.33944097702118,181.75321463031892,191.22972990668802
122,2006-12-27 20:56:37+00:00,,,,,173.87947584112678,173.3284388253478,176.01508499810342
123,2007-01-21 20:50:30+00:00,,168.9020693994639,172.948193443548,166.8190016671006,174.68873049151094,178.63388277039743,171.51054504222267
124,2007-01-28 20:56:44+00:00,,,,176.05417815237038,167.82327655701604,184.40618659799466,173.54311237222376
125,2007-02-22 20:50:42+00:00,155.49038827503767,162.01431876165103,176.30619718376732,168.6593274125083,177.24773169263435,170.98669538936048,170.07547477977573
126,2007-03-17 20:56:57+00:00,172.19435196667945,172.37025706304863,180.90094760848595,176.9565032553748,,,
127,2007-05-29 20:50:29+00:00,,,,185.25550506117168,182.46880194250633,178.01813794031972,177.50561783415716
128,2007-06-30 20:50:29+00:00,161.7671103446111,165.62788550008293,169.8809487141617,180.00513587214616,170.0522226859628,180.93858425303796,
129,2007-08-01 20:50:21+00:00,173.5329338458526,167.89417251995096,179.92626093831308,,,,
130,2007-08-17 20:50:15+00:00,173.94132148713223,172.3041947337405,179.88452580703657,180.41732263326261,186.94132979785272,,
131,2007-09-25 20:56:11+00:00,142.03522074546248,162.52537135636214,173.559419193589,182.59972870219838,175.37209550966617,161.87768102739648,
132,2007-10-04 20:49:53+00:00,,,,,175.58986645823086,168.93840360485862,171.79484270154592
133,2007-10-20 20:50:05+00:00,,,,,180.6075923990461,175.34493111925127,176.9648793269821
134,2007-10-27 20:56:21+00:00,157.58440426130713,,,,,,168.743290036602
135,2007-11-21 20:50:24+00:00,,,177.2847034048389,185.3093581247449,183.28681138110875,177.4041422320363,179.86280773966467
136,2008-01-08 20:50:35+00:00,174.87587891278102,180.1579200909236,188.2520504346326,186.24143557493352,,,
137,2008-01-31 20:56:45+00:00,,,,162.452782329404,173.41088222343774,175.5008157625497,168.32765117649353
138,2008-02-25 20:50:28+00:00,,173.01300739240978,180.58988976446818,174.59807399723323,171.0239822012796,174.6563559058143,172.08002018647778
139,2008-03-03 20:56:36+00:00,,,,,177.2669841698034,170.5583984393891,172.44748974657506
140,2008-04-13 20:50:22+00:00,169.27472479789054,168.91362429382477,163.7021742849358,174.7418589605932,174.7873864942354,177.06254642162605,
141,2008-05-06 20:56:27+00:00,161.3790809258565,160.5916245389337,165.9168234732129,,,,
142,2008-07-02 20:49:47+00:00,177.33493724845118,176.3582192098496,,,,,174.78477729666082
143,2008-07-09 20:55:53+00:00,,,,,,,
144,2008-07-25 20:55:42+00:00,,155.24889590747708,174.64120067846198,176.84946095175172,177.0811089206916,177.01447792817285,178.1140638499605
145,2008-08-03 20:49:28+00:00,175.54498779750426,174.67856989239405,187.0004121875744,,,,
146,2008-08-19 20:49:22+00:00,,,175.1257903816367,176.19182124324044,179.56444973789334,180.70744244828873,182.73613761681818
147,2008-09-11 20:55:21+00:00,161.03296120243476,155.968246562611,166.11070729811163,,,,
148,2008-09-20 20:49:05+00:00,,,,190.01284067694658,186.44620224869414,176.95644116197218,164.58042110720788
149,2008-09-27 20:55:12+00:00,,,195.67797784915263,202.90647662363062,192.98332392895836,180.62622990564387,181.50658554127426
150,2008-11-14 20:55:34+00:00,175.17582215750667,164.90295541650303,188.84015058291857,179.8066910743551,177.85517785470327,175.3109917122988,
151,2008-11-30 20:55:46+00:00,173.45235609303228,164.85495754942363,170.91436270006247,,,,
152,2008-12-09 20:49:41+00:00,179.1901790057859,179.28802522068338,184.75429505966085,195.24930550420487,187.8126509476882,,
153,2008-12-25 20:49:49+00:00,169.9699866612387,171.88241929978983,174.1555335422023,176.1584522774303,181.02853679974453,182.10072842299996,173.68654086607796
154,2009-01-17 20:56:08+00:00,173.15911909587902,,,,,177.03088332441914,173.7546510548461
155,2009-01-26 20:49:59+00:00,,,,,,,175.55202282462426
156,2009-02-11 20:50:07+00:00,,,,,,181.48797858272835,181.02200469631117
157,2009-05-02 20:50:39+00:00,181.32338817502574,195.32543292203752,180.35726008212814,191.29245450731054,,,
158,2009-06-03 20:50:41+00:00,182.92681224845944,,,,,183.0710790824026,185.88089136958592
159,2009-07-05 20:50:36+00:00,170.65167875857537,169.50830582961777,185.08386813829563,193.75798691658645,,,
160,2009-10-09 20:50:17+00:00,,171.90047755200578,178.8204202061381,186.06300334291797,,,
161,2009-11-01 20:56:51+00:00,173.6048338984109,169.25051324215127,181.2121866997131,175.53312307835003,166.39016693619078,174.98950142265417,
162,2009-11-10 20:50:47+00:00,,,,,,185.43478576192197,187.79503680192113
163,2009-12-12 20:51:11+00:00,,170.93141851159564,172.84319500912952,173.47152758971788,177.39965756854082,184.9094421478838,180.40038391766606
164,2009-12-28 20:51:28+00:00,,,,,190.97113353523,191.9381507420265,190.52234576720073
165,2010-01-13 20:51:44+00:00,,,190.62844430864345,193.35532902783365,185.7653338649816,181.45156383586107,188.54527800399364
166,2010-02-05 20:58:13+00:00,,,,,,,
167,2010-02-14 20:52:09+00:00,178.22138990509595,176.9441107911061,196.296469288853,199.87018952092566,188.1926811747535,,
168,2010-02-21 20:58:24+00:00,,,,,205.70823395256105,197.46577773491794,188.15321766013338
169,2010-03-02 20:52:17+00:00,174.1797414235596,175.78390610313153,,,,,174.19105627992894
170,2010-03-09 20:58:31+00:00,173.15468099383182,168.02453590126726,177.4378025964516,177.15100376976451,177.24555559050296,166.83234298931168,
171,2010-05-05 20:52:24+00:00,167.79528055172156,165.76226621322076,178.33129788208942,178.8998556198077,179.9714887258192,,
172,2010-06-22 20:52:24+00:00,167.81565507722257,168.83657116687735,172.51286313752115,,,,
173,2010-07-15 20:58:38+00:00,166.72715936930095,155.44524148184712,174.76683533598668,171.98812591127404,168.87900183457026,156.46447377143923,
174,2010-09-10 20:52:31+00:00,179.19690705492792,178.2115164691684,,,,,181.44157947864662
175,2010-09-26 20:52:31+00:00,172.89332729611533,166.71819855513434,,,,175.99443462219259,175.29015438540105
176,2010-10-12 20:52:35+00:00,169.31430336212205,170.4337576585465,188.56622338182487,,,,
177,2010-10-19 20:58:51+00:00,170.492669735824,156.53856209544918,,,,,178.75633474403062
178,2010-11-13 20:52:57+00:00,,,,,,,178.89545367380177
179,2010-11-20 20:59:13+00:00,180.8693713965583,180.66825348079075,181.31672567540377,187.1247491804712,175.7870681509095,,
180,2010-11-29 20:53:08+00:00,184.7611795249601,194.17145279323483,199.8327262897158,,,,
181,2010-12-15 20:53:16+00:00,,172.84651281699217,188.71102250721364,184.56029024961128,180.69963647818994,179.30655969181262,189.1171372061912
182,2010-12-22 20:59:29+00:00,168.9389178362294,163.72759879747895,183.1540745113576,,,,
183,2010-12-31 20:53:24+00:00,168.5223976769247,174.65699946357572,189.0666518629172,187.21575866305457,,,
184,2011-01-07 20:59:39+00:00,,,,,193.3199100983907,182.86187824504145,180.55067922533792
185,2011-01-23 20:59:46+00:00,167.9114539970019,168.53713355382837,177.9212047311529,177.62074037530866,,,
186,2011-02-01 20:53:38+00:00,,,181.16853888551435,175.27704504528117,161.26972580308302,169.36688392698417,175.35028540620908
187,2011-02-08 20:59:50+00:00,173.41985786780944,173.92450162075662,190.74804103242477,182.03166525620637,176.69877965860968,175.50929665599568,
188,2011-02-24 20:59:55+00:00,178.08844448919294,166.59688467593068,187.79240966917598,,,,
189,2011-03-28 21:00:01+00:00,,,,,,,
190,2011-04-22 20:53:50+00:00,,,,,,175.61074490855253,181.99222852273002
191,2011-05-24 20:53:49+00:00,,,,183.15385573263993,178.16537270526888,177.0567957395501,176.08865455698404
192,2011-07-11 20:53:46+00:00,173.74795734743853,,,,,174.31318417707502,174.59383252496886
193,2011-07-18 20:59:56+00:00,159.5454873120414,152.43699494698586,150.7162055782588,155.6315398089136,160.44572184690844,,
194,2011-08-12 20:53:39+00:00,,,,,,200.90099985518177,196.82813122895655
195,2011-08-28 20:53:37+00:00,,163.51559098389995,175.7332751760474,184.18912625551476,182.81788187861076,181.04432258834686,186.69673146300056
196,2011-10-31 20:53:36+00:00,,,,,,187.16573783530612,191.28789985822766
197,2011-12-09 21:00:11+00:00,,,,184.56022927153222,180.62520294512828,,188.0688018007252
198,2011-12-18 20:54:06+00:00,163.39375880822394,159.87956048853488,178.3575726165033,188.63558486970842,,,
199,2012-01-03 20:54:15+00:00,,,,,189.35283877111405,185.72851627434162,195.05127316866435
200,2012-01-19 20:54:15+00:00,180.94924079375733,,,,,168.04600190373765,182.8974657737972
201,2012-02-04 20:54:19+00:00,177.293658492078,172.27552981487094,190.0921762986918,191.33182779458417,193.8917378672229,,
202,2012-02-20 20:54:23+00:00,157.4942423926017,,,,,179.19766440921475,174.89093789841854
203,2012-04-15 21:00:28+00:00,,161.99099355764378,168.2239247287285,181.4611081777822,174.17714507736792,151.61529347180024,178.91721038411407
204,2012-05-10 20:54:54+00:00,,,164.5013353438059,177.08839453222205,178.11564507864875,173.04978501990124,181.5664584613387
205,2012-06-27 20:54:45+00:00,174.03128200976494,168.88899955776267,167.87770354085637,,,,
206,2012-08-30 20:55:31+00:00,,161.57290718926532,156.51226689979063,,,,
207,2012-09-22 21:01:56+00:00,,,,,179.56183638730585,176.25089947591067,174.89080050357757
208,2012-10-01 20:55:51+00:00,,,,,177.84343201721964,177.50488871854566,180.16852409279295
209,2012-10-17 20:56:00+00:00,174.87400249059291,169.68373628804244,,201.44904873141036,198.9041449995875,191.24477598016023,
210,2012-10-24 21:02:14+00:00,,,,,,186.0080273516731,184.33262119068192
211,2012-11-02 20:56:05+00:00,175.23201639006555,174.7460766898765,,205.05691297609044,201.97742872807635,195.62094658440782,
212,2012-11-18 20:56:13+00:00,,,,,184.29671636246135,186.70168919406183,179.04569982905133
213,2013-02-06 20:56:27+00:00,,163.67842923192276,160.12203092667013,161.47699891715695,165.2856145708144,176.4394716920228,176.48482024030037
214,2013-03-26 20:56:16+00:00,,,181.0107941041246,170.62762529373043,171.350142402066,181.45036331991062,
215,2013-04-11 20:56:15+00:00,173.2312126962981,168.87691850701694,181.94893391148952,174.7303225243232,173.31886239235843,,
216,2013-04-27 20:56:09+00:00,165.75427813065212,167.3619818997439,177.83692480676265,174.5070912781604,,,
217,2013-05-29 20:56:00+00:00,173.2770951064151,164.15321455215854,183.88971909900408,191.9099775850699,187.78147984574102,,
218,2013-06-22 21:02:09+00:00,172.78537515193403,169.7096642328028,176.1862656627472,185.3921365796986,184.01537719810273,177.9999540968143,183.19992315969694
219,2013-07-08 21:02:14+00:00,174.32834837405548,181.19509129020165,192.80588984576866,185.73409944515504,185.1399752161278,197.0810863627939,190.7374049922607
220,2013-08-01 20:55:29+00:00,,,,,206.77327615479453,186.19515346885413,179.42198972539902
221,2013-08-08 21:01:36+00:00,155.50045065184656,156.1577613460711,172.92369154209973,177.10412328579133,169.51717254912523,152.65286063020807,
222,2013-08-16 21:08:25+00:00,150.12302188546568,151.98629243965797,160.3809526904069,161.23220019961423,153.80466661941858,151.17706485638695,157.95983566520962
223,2013-08-24 21:01:48+00:00,,,,,167.73818492458668,169.76941867101922,157.8528360945142
224,2013-08-25 21:02:17+00:00,180.13307316803684,177.09382576092835,,193.42437347988374,195.02604882861652,192.24108893967033,184.33474425729375
225,2013-09-01 21:08:28+00:00,158.59655563522867,160.07689625275393,161.063320486825,169.92972335610327,167.2394530251124,156.27312755425345,156.56122895391778
226,2013-09-17 21:08:22+00:00,158.52797818587115,156.81084388468435,173.6677721625711,171.7946952548683,172.91768447747836,167.17714215478557,167.68795552602
227,2013-10-11 21:02:23+00:00,,,178.74080935307228,188.31560847651406,194.9061718277166,182.8850982624651,179.74111857256952
228,2013-10-20 20:56:17+00:00,175.82834247919476,181.54283015629755,188.01607208361338,194.37699114921045,,,
229,2013-10-28 21:01:57+00:00,181.07576784531798,183.20300028677556,201.681549121242,204.2168871291325,197.68498233517607,193.02262304766958,191.46422995889546
230,2013-11-05 20:56:22+00:00,,,,,185.85387941416104,188.13687827189582,182.84075014088066
231,2013-11-12 21:02:36+00:00,173.66778534317547,174.09932231709124,183.4253011999148,187.59169324918432,180.19284005352958,178.53538617613748,
232,2013-11-13 21:01:57+00:00,183.05792326212688,184.7653941008053,197.942559439043,205.0793371383024,205.90558381515646,200.24388308128374,202.36764581142546
233,2013-12-22 21:07:52+00:00,171.13836724373152,171.8641922087594,182.74705800708745,179.8791117895758,182.59195501072855,181.12750205694675,172.56290247257184
234,2014-02-24 21:07:09+00:00,176.55994604978278,173.4436131643406,192.79929010004855,194.43085436273023,189.57513247063022,189.65462976280236,189.60253395776888
235,2014-03-12 21:06:57+00:00,163.31953350748458,174.44062133742648,194.5866074451805,188.3199559086716,181.5938229660351,182.0017236546679,193.76231536100622
236,2014-07-11 21:00:06+00:00,166.44591793617434,165.2607749786473,177.85787055170235,191.06000386696243,186.3936244529882,178.85705023321754,185.2338555809141
237,2014-07-27 21:00:09+00:00,171.98623187089933,170.45159108281052,182.1223369430096,192.38162742274685,186.78804121119884,186.70493667987188,183.66485991244159
238,2014-08-12 21:00:17+00:00,174.4960619554626,174.4705126238463,180.90892139372252,181.3445834007561,187.6898163670171,182.05640466491315,180.2282525019252
239,2014-08-28 21:00:18+00:00,170.64241400574312,170.46395156231162,180.3491723341603,188.26099763033426,184.39335539839007,182.12352155121727,185.86113796190872
240,2014-09-13 21:00:23+00:00,174.1239516999735,173.31344189919787,190.8498721115558,191.87423184160497,189.2600659812577,179.93533266409034,179.2402820519976
241,2014-10-06 21:06:37+00:00,168.35796034132312,164.49955261758157,197.204838316442,191.88662812830125,181.82708533921166,171.35980781165384,173.51582901215562
242,2014-11-23 21:06:36+00:00,167.85542623566332,155.60911289557032,171.5456091093853,173.51639278002895,171.81463654383512,174.67729222068252,170.79168775426638
243,2014-12-02 21:00:25+00:00,188.21073762737961,183.88217956582042,192.64663936349888,205.3108885043886,200.98969555091475,206.90372701596488,208.422074727452
244,2014-12-09 21:06:31+00:00,176.1094351411123,171.8859788686662,172.5648648264879,178.3156674827641,182.9543050782432,182.4415705222691,177.4918461156809
245,2014-12-25 21:06:31+00:00,181.07384200458102,173.31256402890864,179.00839338753445,186.10369877976217,183.01975019902076,185.8488997862887,182.6323954603114
246,2015-01-03 21:00:17+00:00,183.5864932139089,179.54502671438735,183.88562436098962,192.86508119466467,194.21402015973857,202.85106801835792,193.5731255692132
247,2015-01-10 21:06:28+00:00,176.0237062186898,176.65363682324775,176.78899096761532,185.18618440476388,181.89068692834215,186.22938795491388,184.60846553436014
248,2015-01-19 21:00:13+00:00,186.48963419260323,189.623354217368,203.7947643866426,207.12702506966664,207.5935948025374,197.72270234522637,201.01041799835764
249,2015-02-27 21:06:12+00:00,174.26727685695298,175.59232901374722,190.13767592991877,184.3239845485846,184.00954072643214,180.2689747168738,
250,2015-02-28 20:59:06+00:00,188.84012008950424,194.45281516644928,203.32998231423664,,,,
251,2015-03-08 20:59:55+00:00,204.02371300760882,203.96454225943475,212.0555441434693,212.23768251676145,213.49991008315578,,208.03485320868444
252,2015-03-15 21:06:01+00:00,176.2208672989084,180.28535376732742,185.18699795449436,189.9461488837684,190.5684554758686,181.96091783949197,185.4343284762287
253,2015-03-16 20:59:13+00:00,182.18834929868322,184.71007003450197,199.22416966971653,202.45704037181702,,,
254,2015-03-24 20:59:46+00:00,179.23663328131826,182.92511172018547,197.10128620255878,200.49079579685318,197.18470061622742,194.89219142780019,196.82095175352626
255,2015-04-01 20:59:19+00:00,177.60380341759134,184.73924725091038,194.38739743009498,192.4223362155084,194.69323501976746,186.85281648232151,184.0996808090201
256,2015-04-09 20:59:36+00:00,174.93739955930377,174.1255193616336,186.65483317673161,187.64274749970778,187.9318374690162,184.77165245907463,173.56142763882187
257,2015-04-17 20:59:28+00:00,185.88115895555865,178.19040185619622,,,,,187.6272305635805
258,2015-05-02 21:05:37+00:00,,,,,,,
259,2015-05-03 20:59:34+00:00,171.9826218841062,171.4520968866652,173.94363174733692,184.00515485505179,187.91435045454168,186.14591941138337,
260,2015-05-19 20:59:42+00:00,,,,,168.4154952542449,173.00863878594305,174.41703971323878
261,2015-06-11 21:06:01+00:00,164.82656990305125,162.75805197220575,178.99751253256125,174.76030971071648,,,
262,2015-06-20 20:59:51+00:00,,,200.1855279393587,197.4894804260613,191.97578753210448,190.06061360974215,190.55509576883378
263,2015-07-14 20:59:47+00:00,178.5932216834864,177.40401503855398,197.58983863955874,196.01545804839185,192.63530706570677,193.78882340778247,196.49833756548645
264,2015-08-14 21:06:15+00:00,,,,,,177.09030407548659,181.97663500374318
265,2015-09-07 21:06:17+00:00,157.57594133535198,161.08961590884041,164.83141226286563,147.7053315330001,154.98979861085243,155.59585128235724,167.801316155047
266,2015-09-08 21:00:08+00:00,178.60757489723477,171.8670074387023,174.63681626887967,164.18541411860215,169.47945921436687,172.58574240655975,173.15984250089045
267,2015-10-01 21:06:20+00:00,173.48917016000777,166.7375208000994,169.7670931194474,155.545595169672,174.36674278422655,,
268,2015-10-10 21:00:21+00:00,176.0757518001025,178.58748440770557,175.62952574935392,183.46999976516602,,,
269,2015-11-11 21:00:53+00:00,172.8479397842071,,,,,175.98273545413556,171.30597447221652
270,2015-11-27 21:01:07+00:00,174.96707483419388,175.47511516611124,172.47232115901753,168.34968567818956,,,
271,2015-12-04 21:07:24+00:00,,,154.77144737101437,173.0897186250888,169.45718114487102,179.9072820814924,174.07904151322583
272,2015-12-12 21:06:32+00:00,174.16112289786824,170.154451658819,159.99184493569985,170.08055747912627,168.7662012848136,172.7999504634469,176.35105565893832
273,2015-12-13 21:01:23+00:00,183.30090810647366,,,,,177.6124431784295,181.37845063406405
274,2016-01-06 21:00:18+00:00,198.02876017563364,191.45358213816792,193.10287057007127,189.48909912856402,205.14536083093472,196.12128786042328,201.9812504037449
275,2016-01-13 21:06:30+00:00,175.01533842901043,173.30319420997188,165.2909354075537,166.74857660303144,179.5653055638617,166.5591383515505,169.7636092649931
276,2016-01-14 21:01:52+00:00,,,,,186.70903508031662,193.9621100135674,
277,2016-01-21 21:08:08+00:00,,192.19381310307637,186.2211576991535,191.31788851006252,188.25023975705133,170.9344909036889,179.47606551482193
278,2016-01-30 21:02:02+00:00,,,,,,176.78597822839413,177.02112307734862
279,2016-02-14 21:06:21+00:00,172.91543128478963,171.75106858799754,170.39594313027624,170.48507043665208,172.77606323890183,162.56788072910453,170.25915369426946
280,2016-02-15 21:02:07+00:00,169.60651893750529,170.24532448821333,177.99247460468035,172.3444244879825,181.20029361043163,170.14867957922448,
281,2016-03-01 21:06:19+00:00,,,,172.89799230364738,179.209130267077,171.88320975855677,172.0312094658329
282,2016-03-10 21:00:06+00:00,178.60278757748952,189.87631898598767,193.64636793336396,189.81254700085586,183.74108835569484,186.48864360605998,195.80897097335188
283,2016-03-17 21:06:13+00:00,169.23914417428543,178.57192573310616,166.78172446960326,164.5989463495615,177.935521013925,175.2419834948696,173.93194379025917
284,2016-03-26 20:59:57+00:00,185.75530337713585,176.674058728374,180.81465703941313,178.24760574091016,184.5700790291628,182.70292398922155,188.73191522183555
285,2016-04-27 20:59:47+00:00,169.14701768120554,170.40582306340173,176.9926778036648,180.24403462345742,185.84630569600185,179.1436166805687,185.2599333949377
286,2016-05-05 21:02:37+00:00,166.5487351506517,166.49377631845812,168.46915544097521,180.71644176071362,170.821946970213,,
287,2016-06-30 21:00:05+00:00,174.80658406465477,174.31798858707978,186.06896308550526,194.8754989812327,187.064901709331,195.66427004408735,200.40819127104075
288,2016-08-17 21:00:19+00:00,170.82482459445615,167.95703962220406,169.23641099908005,174.08876381829683,177.5654446929269,186.50700720540618,177.99281989216357
289,2016-08-24 21:06:33+00:00,160.3896957218775,152.78617225465274,154.73404709356117,160.33975283660675,162.83012700567946,170.14466043101916,168.9562447378994
290,2016-09-09 21:06:38+00:00,155.47305024344658,151.58130685087596,150.59897888433542,151.01178594907736,155.12790729182143,155.47636269426644,169.85458125088533
291,2016-09-18 21:00:28+00:00,175.18280272540778,176.3608014206474,175.56644977718653,181.0241849120275,183.87164321097455,186.624904253612,198.14228589131864
292,2016-09-26 21:02:59+00:00,,,,,,176.78934976371582,175.0358131436696
293,2016-10-19 21:09:09+00:00,173.30979609633522,165.30581282302634,163.5218716313082,,,,
294,2016-10-20 21:00:35+00:00,,,175.35678253635942,176.6286104298366,177.26191575828182,182.88903853983746,186.13423775734793
295,2016-11-13 21:02:47+00:00,179.65331944854248,179.83881019164596,173.931516821406,,,,
296,2016-11-28 21:06:45+00:00,160.38999460400953,166.67959209306065,162.61946135281505,166.7932148174618,165.74682520347585,165.89829535682833,173.61791621495266
297,2016-12-31 21:02:33+00:00,,,,169.13502261910017,170.50259212534345,179.99177948631143,194.2751724804959
298,2017-01-08 21:00:25+00:00,195.13271476086015,187.85570094548652,181.64917485458324,174.9684679906582,181.2851941615718,186.95190006458077,189.97056349440868
299,2017-01-15 21:06:34+00:00,167.91962172942752,165.57960923688663,173.02123004831162,169.26739182137092,166.9671263663593,172.70652082229037,174.61904328021188
300,2017-01-16 21:02:22+00:00,175.98207472819556,175.3513757553352,174.9329668239953,182.06040601991893,183.48711667235398,182.6653256478632,
301,2017-02-09 21:00:12+00:00,185.23424033886025,188.36278640492287,180.57666031964547,182.26221113369385,184.87311951699576,184.75607262137598,195.94555188390063
302,2017-03-05 21:02:21+00:00,173.77789467435733,,,,,176.08158713472432,187.06922844364564
303,2017-03-21 21:02:27+00:00,,,,176.9425252110558,179.98404738359028,180.46694775059962,199.21018235201223
304,2017-03-28 21:08:39+00:00,,159.85729278722943,170.69885640709322,171.3191295882695,161.7239909128469,164.90935167097666,163.95276757162253
305,2017-03-29 20:59:50+00:00,169.2777579491791,171.53231208499403,176.41777060551993,182.38884046771386,182.53861723747247,178.55183686085184,180.62235617474107
306,2017-04-06 21:02:31+00:00,157.39530131989667,166.20902097799163,165.23526625820298,183.3238755653339,,,
307,2017-04-13 21:08:45+00:00,152.71465220800528,148.84444227009226,148.93175998050813,,,,
308,2017-05-08 21:02:42+00:00,,182.75261424534432,190.94157925245753,196.11207908664073,186.4955264927366,195.42567032887342,198.57389431257604
309,2017-05-16 20:59:41+00:00,176.48008519842517,180.06417545927286,186.89513181638398,186.12045378235467,174.43422977353282,172.6889073747369,176.88493993555923
310,2017-06-01 20:59:51+00:00,172.9004278495573,175.7472308605,179.65117345557186,187.94028747403982,183.24494884473145,176.76791187388412,182.81919692229613
311,2017-06-17 20:59:57+00:00,173.60370930342503,168.7456256240812,173.53647123147016,179.60129176224697,182.66529593535,179.06941182687243,181.80284689630804
312,2017-06-25 21:02:53+00:00,,,,,184.78961986150233,182.41236988041854,192.58879050315642
313,2017-07-03 21:00:01+00:00,174.99184271075123,178.1748921537751,180.6658217063898,193.6281455360964,192.41926022076467,183.52356960519214,196.39831105940004
314,2017-07-11 21:02:54+00:00,165.40882701315732,165.9204468895189,183.56421155701557,184.90151402439466,189.84806544157846,,
315,2017-07-19 21:00:06+00:00,176.54260464687326,171.44133033414295,177.18244936751964,191.01701529151703,187.2862077427308,184.8756253890824,188.53662186671684
316,2017-08-11 21:06:27+00:00,153.6621314353526,149.76928442394427,153.4560383425944,165.02921734010576,168.53576484942263,157.39535494014373,157.74670531934032
317,2017-08-12 21:02:50+00:00,,162.67041707393133,176.00016886857674,182.1149996126926,186.1700968280559,181.34268326421335,183.75651577713126
318,2017-08-20 21:00:19+00:00,179.27279828436207,176.2102996305176,183.30599506594749,198.07727566652645,194.57886628236804,193.82302449269764,190.84204239509083
319,2017-08-28 21:02:51+00:00,,,,,181.36875928078035,176.58267426076836,174.12946612276497
320,2017-09-05 21:00:21+00:00,173.61463825642758,172.96243796683345,188.9618359288574,193.96515303590746,187.5484402080699,182.41518045150124,187.47375090567888
321,2017-09-12 21:06:31+00:00,158.25500827079296,159.8897655879429,172.39432114469886,177.8631679532609,174.29212658491048,159.3571096264919,169.59980208931762
322,2017-09-21 21:00:24+00:00,172.66035892445382,169.4471716743263,188.04232921683874,191.96387793091884,188.7471505142183,181.31898663270323,179.0896323971496
323,2017-09-28 21:06:38+00:00,170.99065042180482,166.95741891113684,181.31530693970842,187.78613361511233,183.05974563166814,174.4885091830546,175.39678220700526
324,2017-09-29 21:02:50+00:00,,,,208.25712819977795,205.80781706566225,203.01075068497443,207.15660166161624
325,2017-10-07 21:00:30+00:00,174.8696052580176,174.9898989629835,180.26724555794718,192.48799954587562,187.7978687522517,184.555125697451,185.90096637780678
326,2017-10-15 21:02:52+00:00,170.36719220237038,,,,,,
327,2017-10-22 21:09:03+00:00,,171.22151637503922,172.52173863377382,181.04788116280798,166.22658925031413,163.58986844409267,168.10070626832345
328,2017-12-09 21:08:50+00:00,175.76807401005937,177.94259172510394,169.4082931340171,166.8660751957366,,,
329,2017-12-10 21:00:23+00:00,177.72264138094437,192.17072537369978,184.45050507581405,179.21735033391263,180.77387321647691,187.90292115304112,200.65275663440826
330,2017-12-18 21:02:34+00:00,176.60703812233592,182.2982953035892,176.52396927361258,,,,195.36426767553164
331,2018-01-03 21:02:22+00:00,,,,,179.36281641976575,185.85864773924047,190.61988775137843
332,2018-01-26 21:08:12+00:00,,173.6450414543444,176.25117187319307,176.65779786683706,179.98431698362126,170.86883334085627,170.10333702980887
333,2018-01-27 21:00:10+00:00,173.9165434513432,179.96561643196142,177.4238242910732,182.7386277940678,186.17977115282676,186.51001580831868,192.99352321801726
334,2018-02-19 21:06:12+00:00,165.6509449542128,172.25693627712553,170.04165478167073,175.1882402579454,174.9694480716206,172.50238819293622,179.18688105032945
335,2018-02-20 21:01:42+00:00,176.06608703500652,183.21428034762243,,,,,190.31352300568597
336,2018-03-16 20:59:47+00:00,177.39656632337187,187.92618247938185,186.6100290255754,183.6089326747798,183.16615728233432,187.55163166151047,195.34031346084302
337,2018-04-09 21:01:04+00:00,169.68264900173224,163.43001395806095,179.9438699806315,170.52570090615174,173.65573233056162,,
338,2018-05-11 21:00:30+00:00,172.89381699507433,,,,,,186.54853423708704
339,2018-06-20 20:59:11+00:00,176.7692163107399,176.7661266719056,183.73851386920353,191.3579289852668,193.98626294594422,175.59525041093622,197.5158000477029
340,2018-07-05 21:05:43+00:00,,144.80243067540022,,,,,
341,2018-08-07 20:59:36+00:00,177.65635085957325,177.05265208746002,182.2710898101552,176.8444766617329,190.43469540808692,188.12721025432575,184.5173943481884
342,2018-08-15 20:58:48+00:00,,,176.2224217291917,169.2874226896602,180.97689788592697,180.64821103151925,184.89091206528286
343,2018-08-30 21:05:58+00:00,152.14875178621762,161.58056488989382,155.61393173102624,151.92388583737932,162.95049496225346,158.32267173528953,164.59500233899408
344,2018-10-18 20:57:21+00:00,,,,,176.7528453077247,177.9090934642047,176.4382497981371
345,2018-11-19 20:56:38+00:00,,,,193.42535952240235,186.28674104938634,186.56811840596328,194.562040473738
346,2018-12-05 20:56:13+00:00,,,,,,181.60240658941984,183.91760772024605
347,2018-12-12 21:02:12+00:00,153.71889494729186,161.1858853922048,164.1367469284921,172.16285855272986,165.14534486900402,165.1339817614333,
348,2018-12-13 21:00:06+00:00,172.62790502369543,177.5549463166203,176.52775507185086,184.753081247702,181.08539661689488,180.70531516455503,193.39331384793851
349,2018-12-20 21:06:18+00:00,177.5856689366853,174.87961675545657,175.8722647112915,177.2306824690537,173.89395469356324,180.91553442803774,182.3264598352338
350,2018-12-29 21:00:07+00:00,185.75436828220893,,,191.66531372011787,189.02129010833082,206.12463948269271,
351,2019-01-06 20:55:17+00:00,,170.7677125273626,172.11826326330535,170.75462868094232,174.87374966626467,176.61016493028364,192.4968188532262
352,2019-01-21 21:06:13+00:00,157.89065854017815,168.22756907117125,176.0100246750511,181.67671714522854,177.24862147620047,173.57722090106827,171.3259114355771
353,2019-01-22 20:54:46+00:00,,,,184.04229147654237,180.55613977410948,177.32938907540324,180.73726196364152
354,2019-01-29 21:00:43+00:00,171.48717321818103,177.4663121045353,181.97971899365368,179.8930555622178,163.14861524521805,170.52302770207245,
355,2019-02-07 20:54:17+00:00,167.82799857274068,174.33951442812915,180.109663671121,178.71036349683703,175.32126653710952,189.84913204953543,191.50975314847128
356,2019-02-15 20:59:59+00:00,181.4089097929019,,,195.00171635940532,,,
357,2019-02-22 21:06:08+00:00,173.25034174275007,171.4652075423303,169.09907969477703,164.0421345899167,177.8017211581668,174.33928554774175,175.0291659763253
358,2019-02-23 20:53:48+00:00,,,,,187.4780997712974,188.11510488631666,196.83574953285222
359,2019-03-02 20:59:46+00:00,191.9710300061633,189.12281293727378,182.7371056111968,167.8175317958229,,,
360,2019-03-19 20:59:49+00:00,177.745031227503,181.6206717900214,179.19265591460004,182.17369673328147,184.09918384600996,182.14044773832126,198.66300288314866
361,2019-03-27 20:52:46+00:00,180.70906889197693,186.36731390052185,182.23618434012383,187.4494919879203,,,
362,2019-04-12 20:52:12+00:00,171.83577832978438,181.8285947090168,,,,,185.15310814382977
363,2019-04-19 20:58:07+00:00,,,,164.4719373825506,173.64049336380998,155.33579629109846,169.15782097995242
364,2019-04-20 20:59:39+00:00,170.09080319571868,172.9412604881911,170.41487399530612,176.80842455950278,179.7582995157683,172.7164158929946,186.32998406120177
365,2019-05-22 20:59:53+00:00,179.36798913050433,177.0726818050147,189.34154944796137,187.79216169028692,179.13709352019796,177.96091733589702,181.04164118158494
366,2019-05-30 20:50:24+00:00,173.2711790087234,170.61442258758947,185.23763178437386,191.18887163846395,179.90187679097457,,
367,2019-06-15 20:49:49+00:00,172.17342705940032,171.42597849737055,184.17851080354112,192.80006107812508,186.1177086895631,176.08987857279175,
368,2019-07-09 21:00:10+00:00,,,194.90016612061032,198.15256393833624,196.89383475462435,187.45241042854062,191.8709909299829
369,2019-07-25 21:00:15+00:00,170.55622849660932,169.68189626307668,183.02708409606208,185.83068312537733,186.1959311482307,177.10328792591935,178.97149386032802
370,2019-08-10 21:00:21+00:00,183.24207017507655,181.13244765313206,187.59252261012094,194.4580112331621,192.08784858335744,192.95429448999005,186.3072864009825
371,2019-09-10 20:52:29+00:00,,160.81507925358446,178.1567051626748,185.65822137737126,176.19128880237406,,
372,2019-09-27 21:00:35+00:00,176.15821135194716,172.45005766995658,188.46170904143972,192.9286698941682,188.40973515055404,180.65113206976616,181.42315126664
373,2019-10-21 20:44:33+00:00,,,,186.47358615797444,182.0277762316373,178.88464103154277,189.7240352681251
374,2019-10-29 21:00:38+00:00,182.0311657643383,178.66759889085532,189.91652262075127,194.66759607483255,,207.24111694332544,194.9335571141862
375,2019-11-14 21:00:35+00:00,182.4463048647783,196.917587714424,215.81954391814958,209.12322987608098,200.850139865917,191.61359943140988,199.52481230339868
376,2019-12-07 21:06:44+00:00,172.31698532183248,165.90079807943914,174.0254441988254,174.62459771883078,176.40640312978073,177.66041423700517,176.09012345288022
377,2019-12-15 20:48:09+00:00,,,,,181.06225234527142,178.450869206994,173.0664019988913
378,2019-12-16 21:00:32+00:00,180.29334991061137,178.73095844641108,186.16402403099738,193.1801413109217,194.3324582563539,197.7943415846608,201.82611805966698
379,2020-01-01 21:00:27+00:00,168.2481451059088,174.0814215107311,169.48890810141822,172.55120844029005,180.58804904582848,179.51828482944188,177.03940118037735
380,2020-01-17 21:00:24+00:00,180.67945173785841,191.13538776711096,183.7832645947291,186.72516022857533,176.07785301978254,164.83510735788437,167.62316155965922
381,2020-01-24 21:06:33+00:00,170.78512496365587,171.5324034055775,171.26215898749462,170.78180341468817,164.49498298444755,151.72167977776908,170.61533729918236
382,2020-02-02 21:00:19+00:00,175.13729327809727,176.07855752541457,182.28041830813174,175.40254153842557,170.80685656887925,159.9587102465594,179.34015035036853
383,2020-02-10 20:39:05+00:00,176.55555214487103,176.161867654357,,,,,176.27916137108136
384,2020-02-25 21:06:24+00:00,169.0060351744893,169.35243098397044,166.1401323582572,165.70225189987536,164.54756632049535,173.85213254570004,168.9948267424627
385,2020-03-05 21:00:10+00:00,177.0818012315803,178.84108366740978,173.7061865490323,169.97113026238716,178.69272834429626,,
386,2020-04-05 20:42:16+00:00,,167.5245737340677,178.65602779956183,171.8261478273022,149.94701186777016,159.61661457927377,163.91321753510096
387,2020-04-06 20:59:53+00:00,187.85036540115112,184.46001325043787,195.67337681414506,200.97577059573132,,,
388,2020-04-13 21:06:02+00:00,164.96038799681503,162.5748580391482,170.89891037467467,156.73496522219054,145.04307931059776,154.67004586979428,163.59965031442184
389,2020-04-22 20:59:47+00:00,180.83305837137658,174.21362814081556,193.39652423470588,181.03780712848734,175.07262446599725,177.45264507452822,176.20956593083372
390,2020-05-16 20:33:38+00:00,,173.07584915770153,172.68981187167287,176.2700699611901,177.03395397290336,171.03980615436424,174.97243442225914
391,2020-05-23 20:39:23+00:00,166.60129768211058,161.07376068067884,166.1954819414191,,,,
392,2020-05-24 20:59:41+00:00,185.99589105858595,181.1304417745875,184.4922233378789,181.55337541466724,182.6787696391001,184.2134711255304,187.0588676477823
393,2020-06-01 20:32:41+00:00,177.88956394931878,177.0518206208342,184.72369273035085,,,,
394,2020-06-25 20:59:59+00:00,172.15867325942958,171.166155950078,175.4962670272674,180.45253649696193,180.23369925557466,174.3850533897516,181.76463935678117
395,2020-07-03 20:30:48+00:00,178.5335903618758,,,,,167.18352531297256,173.34244141038545
396,2020-07-19 20:29:49+00:00,175.2250783354943,178.19994236898341,185.38093094369563,194.2534441522296,,,
397,2020-08-12 21:00:13+00:00,176.92811007180404,175.20623283613762,180.19749440319868,188.6407776766111,183.24593067549975,178.17543937389306,189.51871147641512
398,2020-08-19 21:06:28+00:00,,,154.9880845667205,164.80783741415206,171.5020445616728,150.16131358994193,163.40623998134507
399,2020-08-28 21:00:22+00:00,180.16797288331668,176.59614360159065,185.49437323662679,203.53711950552622,197.43811091664162,192.60620295047775,201.09620723484213
400,2020-09-05 20:26:46+00:00,,,,,173.76950973303383,169.02425858540354,168.74216365358748
401,2020-09-13 21:00:28+00:00,179.87738074601202,182.55730872173459,195.73450788434937,206.1559402700182,201.83641396827824,201.01775438048128,200.87045866242818
402,2020-09-29 21:00:33+00:00,176.04764416927097,175.06592019829935,189.70673083660236,196.17689601651057,187.38500418991606,178.94592695800924,183.77920339901104
403,2020-10-07 20:24:41+00:00,168.5345211309221,167.01985031378436,195.86871796678187,196.65656741436104,187.29791440230522,,
404,2020-10-22 21:06:45+00:00,165.28989210182004,158.75353471126553,191.94198969793104,191.26015935870583,180.62120207746364,173.8150465367894,174.35591403904027
405,2020-10-30 20:29:21+00:00,163.64978164702643,,,,,,
406,2020-10-31 21:00:33+00:00,180.80276924595927,181.7641819849508,213.52689054856322,214.49764334767175,198.80709900067347,190.71829455870378,193.8571794696054
407,2020-11-08 20:22:34+00:00,177.1274530657255,,,,,176.49828984887557,179.4198424809375
408,2020-12-01 20:27:07+00:00,186.05467007187787,181.7400522577067,180.66232454668003,181.8201457902937,176.31190466927072,174.97665160244335,
409,2020-12-02 21:00:35+00:00,188.91774305114066,183.80425729118542,183.06604083353773,189.11155428407577,192.97561633871044,187.06509592429478,196.650516986515
410,2020-12-10 20:20:16+00:00,177.4104678584073,166.09029557578367,163.74571478626754,,,,
411,2020-12-18 21:00:34+00:00,181.87457993033496,182.36998355753508,181.2640765188898,200.14893220544573,192.0987317020667,189.6909278380756,196.03144559198287
412,2021-01-03 21:00:30+00:00,175.56889502030202,175.45984553138297,180.1314903597447,,,184.25025922771022,178.05211897113938
413,2021-01-11 20:17:58+00:00,173.86471795970516,169.81654152496134,173.3934507354863,190.80902361317806,184.58056740187965,193.5505306293505,
414,2021-02-04 21:00:21+00:00,191.78944758048505,185.43616573465366,193.1402932919701,186.6065610476683,200.06339621641825,189.28229885591244,203.162831679807
415,2021-03-07 20:20:03+00:00,166.8337952886122,168.07819460467508,160.77520721194188,,,,
416,2021-04-16 21:06:06+00:00,167.4267336298754,171.99623283749239,164.7789328127282,167.70409682868853,171.1965607987649,170.12222350096505,186.57735665968374
417,2021-04-25 20:59:50+00:00,176.84798300518057,175.23046975461907,178.1867576372341,178.24079340469208,182.48985755367238,180.92246595856122,192.71864640556603
418,2021-05-11 20:59:47+00:00,154.94332371545724,172.48067394147373,174.00630010940984,180.80374435405903,176.5014664219258,178.15265761805748,195.09163203593525
419,2021-05-27 20:59:57+00:00,169.7717312283684,171.43485927626293,175.00304741568863,185.94268726302997,180.92491950857993,168.91525265356555,199.52291560538677
420,2021-07-13 20:09:25+00:00,169.96980501801835,171.31189470192575,190.07837148447533,189.56754184801375,183.34347822285463,,
421,2021-07-30 21:00:17+00:00,174.01863849642993,168.2673042334108,176.78371900211476,178.98895093942033,179.73547748116823,182.52204877042905,178.31134944176995
422,2021-08-07 20:01:03+00:00,,,,,,178.95495558705443,175.3797972513421
423,2021-08-14 20:06:36+00:00,,160.83637775784985,157.5775441475874,177.58790887808536,171.71817237860583,176.37049268165757,
424,2021-08-15 21:00:23+00:00,,187.95600334620147,174.21854668191216,187.3425115911004,185.87050873810884,183.61173581081553,183.18545180277516
425,2021-10-26 19:53:58+00:00,172.07578820515636,172.44923641981157,182.88702231384266,,,,
426,2021-11-03 21:00:39+00:00,182.60648646990754,183.08938723658883,191.35807820694322,200.77083526031993,188.11944300011695,183.99679835071893,184.4095002027501
427,2021-11-10 21:06:48+00:00,,,,186.6608114548575,187.22318401965242,,175.93943778680494
428,2021-11-19 21:00:34+00:00,178.98974121347277,175.09653325362254,191.83284157875764,195.54271131088558,183.37919509271592,183.28845956985572,183.23317874087004
429,2021-11-26 21:06:46+00:00,166.83591431256227,164.66159356471755,175.71732628389483,,,,169.38524224642592
430,2021-11-27 19:50:55+00:00,,,,196.8607104209427,181.47061033334592,183.20421604725715,187.83311812325013
431,2021-12-05 21:00:36+00:00,170.35745455802405,163.80262314366695,179.32147198928092,182.4202728738508,168.44764514143563,170.5903894806363,171.8226860945812
