,dates,nzd0019-0000,nzd0019-0001,nzd0019-0002,nzd0019-0003,nzd0019-0004,nzd0019-0005,nzd0019-0006,nzd0019-0007,nzd0019-0008,nzd0019-0009,nzd0019-0010,nzd0019-0011
0,1999-08-17 22:10:26+00:00,197.09072070336285,189.41650179078425,186.65538442246307,198.13371034377246,221.43813681005193,221.4475344647366,204.13878653975345,207.03530664463625,202.10588146412405,199.35212299619826,193.08424276662495,184.91109135965294
1,1999-09-27 22:04:25+00:00,,,,,,,,,,,202.16441716741429,190.66164649697888
2,1999-10-04 22:10:38+00:00,197.95856080490728,176.424922360488,195.04009082026883,207.0399353634029,224.15020360281792,,,,,,,
3,1999-10-13 22:04:24+00:00,,,,207.04735040901292,227.40498920008218,229.0616288498685,214.27123910691694,209.54373221710833,209.66124780784386,209.69448338627845,204.4847958348484,187.90876474259105
4,1999-11-14 22:04:18+00:00,,,,,,,,,215.5959520058138,214.53344207996963,203.13641846080185,197.34247006148598
5,1999-11-21 22:10:24+00:00,191.36158920529536,189.4655152090023,196.70298586120276,202.50640366126862,219.82633644196153,223.94032853076573,211.6920788543006,212.5101293164028,213.54909487315575,212.65482368267527,205.61599540359447,181.23787105911612
6,2000-02-09 22:10:19+00:00,217.2149601095311,215.9338741000515,219.37172567081595,232.7329576796993,241.86020360559698,248.87848672918523,238.09122079368424,236.49802108462117,238.12423049457087,234.4466387481626,232.09468029317713,220.5964138557476
7,2000-04-29 22:09:53+00:00,214.0037335168049,210.51634401156505,211.26517309617415,221.29486816650706,243.6048412154835,245.06016188676924,232.56804052303625,233.30116701522923,232.5069854251772,234.35222911608867,223.6732974314676,213.26369782559522
8,2000-05-15 22:09:42+00:00,202.06462307811321,198.21645032652546,202.69510327646387,216.27718868305584,229.02593496251026,233.7553295902146,223.38445290702057,221.62883024907634,219.77762132724615,217.19903555225085,214.907247071292,204.11553540244472
9,2000-08-03 22:08:44+00:00,199.70486694717545,196.22783460499278,192.3288133163928,203.78756713301632,214.47068028426224,223.08302640142307,213.83606806484556,211.35347820762925,215.6848650197287,213.6241584477158,206.8558776578831,187.16189467565513
10,2000-08-19 22:08:38+00:00,194.9744275130287,183.4576124532005,188.57377278638654,193.98746941821923,207.0719327121571,215.31464854107665,205.23968844285912,199.74059563859197,204.2625096105755,199.864293887391,195.41029279446974,175.46017436811863
11,2000-09-20 22:08:03+00:00,201.83230152711505,202.61909115995152,202.8994545345708,206.60009767731663,223.76316158328694,230.61999712703877,216.90761167969424,216.15342565363053,217.18426057988535,212.91905028571057,207.30334327035283,196.12360369993564
12,2000-10-06 22:07:59+00:00,213.41966972749736,206.39379842421712,204.40350778481437,213.65095101653273,231.802910093467,237.63957467554314,228.82403320972213,224.72390747364975,222.37014166522405,219.73534217226074,214.06516872939883,203.01966552980747
13,2000-11-07 22:07:53+00:00,203.2816054304187,203.37355997218464,199.22517935933905,201.6994604887931,229.3076045775419,234.6579575451506,225.50851642410615,218.9698824601582,212.19672391751783,210.1334521201893,200.86072939906842,179.85323039573362
14,2001-01-26 22:08:07+00:00,216.41520372596918,216.1143313435386,219.72791242247595,235.67073564989434,247.81682881914153,250.08464179129464,242.8308866649499,236.5259641380054,232.96292540634738,234.5492288347208,224.9888218618165,224.68466759055192
15,2001-02-11 22:08:01+00:00,202.86358614217207,198.24653176091257,202.27675991282874,207.84088283658647,232.57472542109147,242.811095024804,227.15281017702438,223.70218569526554,220.48742776458934,222.63842573710699,216.15866709638863,204.48767960871925
16,2001-02-27 22:07:54+00:00,,,,,,,,,,221.12986787781875,220.58426707916271,211.98874517936056
17,2001-06-03 22:07:16+00:00,,210.08845627562133,216.56547334094182,219.89772817887587,239.06105997532808,242.59209896198203,230.9774094786419,228.15658184114585,228.55785227765014,223.872344967825,222.25595336683824,
18,2001-06-19 22:07:05+00:00,,204.5387002091141,205.08369822650462,215.29508999975604,227.88392185801624,236.9715249658909,226.31382387942278,221.0908619813963,222.93530127805985,220.34874579023807,211.33484594354383,
19,2001-11-03 21:59:47+00:00,,,,,,,,,,,,190.42669184059946
20,2001-11-19 21:59:56+00:00,,,,215.4134183650542,237.11171429860815,242.91463663279995,232.72645558487727,231.52153016015245,227.54982405391894,223.37494866196968,215.80276022000135,211.0254973183461
21,2001-12-12 22:06:14+00:00,198.578885252244,196.6166314754205,199.47281762113153,203.49543090175132,220.81455591822782,227.3725024887549,214.30253850058511,212.3378389157496,213.2914945393978,209.29644098539018,205.2458753838294,
22,2001-12-21 22:00:05+00:00,,,,,,,,,,,,
23,2002-01-22 22:00:16+00:00,,215.42916235667226,221.568660209869,224.71833728198877,244.84603612795465,246.2750290952759,234.08201463036343,229.85762167162906,224.5757684582816,229.88295021559182,227.22020238222763,219.5683241367367
24,2002-01-29 22:06:21+00:00,206.2237798233033,198.42439020112351,207.93182420949597,208.19181169067798,231.1095287890779,236.39225886841152,220.13138594802572,220.21900847176616,219.43873455160175,215.33832741798847,208.28261649925088,195.90443910078426
25,2002-02-14 22:06:29+00:00,212.53530776470217,211.70369066703512,215.67258643722906,221.32558404872523,240.41957040534845,248.7157690367768,239.9285584045454,235.30503271575085,233.1577591471403,229.73773220424152,218.98178587168783,213.110108642188
26,2002-02-23 22:00:19+00:00,,,,,,,,,,,,
27,2002-04-03 22:06:21+00:00,228.07460653401856,217.9625094949068,228.35717401072316,228.12512573251877,252.00847397755913,251.18571111472048,236.97220779171533,238.32379014733166,215.2374570473582,211.27409420863358,206.55656045019336,
28,2002-04-28 22:00:14+00:00,,,,,,,,,,,,
29,2002-06-22 22:06:03+00:00,199.56842598082542,198.59590445727312,197.36365935515224,200.87994923921167,227.51919586172113,232.42218299240034,223.1089747249541,214.061810919461,209.31447910902355,205.19134099244664,198.64329136119295,
30,2002-08-09 22:05:46+00:00,191.60551539425842,193.6361188548274,193.59790985102978,200.78285212685046,216.1041001897952,223.00692106022032,211.35009161819673,208.31490731670746,209.11577652822115,208.16147265945534,193.32475365124967,183.14545931043088
31,2002-10-12 22:05:14+00:00,200.1597788098538,204.04812837259013,206.1699998607558,208.43049612263312,225.19889507600254,233.44030890854074,223.0127536227906,218.9415018557289,216.72025242135243,213.09377690326596,197.7113044179626,189.33303267673634
32,2002-10-21 21:59:12+00:00,,,,,,,,,,,204.77910225829007,192.46501998314494
33,2002-10-28 22:05:22+00:00,208.8180700943794,203.93435541597026,206.48235762767746,221.36515505823527,231.55097200161904,240.2622495815434,227.59550167260488,224.23169083395982,221.29365756318185,216.84440502564982,211.10610161616282,202.41726756664067
34,2002-11-13 22:05:30+00:00,215.3920875822863,209.14502032157347,214.24414546560183,218.07435864723854,238.21825535653588,240.48344620409236,229.06352460828612,228.52524144053552,227.65943117985222,223.9342159739128,221.06237844034558,214.7745582321405
35,2002-11-22 21:59:33+00:00,222.95740133027263,216.93685896842558,217.74619586382124,234.113374807761,252.23355564793,249.84657878512272,232.8002686032655,229.22019391294782,230.1292303365601,224.84608186518506,215.9208185592109,210.25776167386854
36,2002-12-08 21:59:39+00:00,,199.58962641964723,212.48078058050982,211.03122773989548,228.58908222351377,234.73795927163485,218.7799465011909,,,,,202.21380716790952
37,2002-12-24 21:59:45+00:00,,,,,,,,,,,,
38,2002-12-31 22:05:56+00:00,202.13260224627044,199.8047002236726,203.2897265671498,208.5448544049833,226.23494877432637,232.36277401908384,218.7356594527707,217.4991561753702,215.47128747482995,212.9374622970681,207.35498060060957,194.43055941779542
39,2003-01-16 22:06:02+00:00,203.3157932199051,204.55540588087857,205.12104373024826,208.08795896985927,226.91090468996217,235.796192861739,225.58845918735082,222.96501671272327,220.13491841706136,219.07521193628295,213.0992477817872,205.34484418333238
40,2003-02-10 22:00:05+00:00,,,,,,,,,,,,
41,2003-03-21 22:06:15+00:00,214.5822104930494,210.64987505955042,217.33576797443547,221.4290458008234,238.20162445509408,246.67952086026565,232.609311917611,231.61568784909636,232.31219358462442,226.96017984873544,226.03987970513006,224.0615244519266
42,2003-04-06 22:06:21+00:00,218.4326850973086,207.32106321544296,212.74437623588835,226.48305377464104,232.65988927848971,240.77260062524957,,,222.97920037895966,222.09681166319294,218.40583884778087,215.90352107641107
43,2003-05-08 22:06:20+00:00,204.36012569864582,203.5238125975335,205.79146115295129,214.1753839282686,230.49077423421954,237.03504284112609,229.41844546513758,224.96397186078667,226.43397044498573,221.9564593350184,222.0622278681505,214.47984264058198
44,2003-05-24 22:06:17+00:00,203.03491004850858,199.7075242704354,200.47486649480678,208.26875329162198,225.24175281579923,233.80520920519183,224.2282262127457,218.46191572987308,218.79415181592913,217.1114651227329,213.80400867215127,
45,2003-07-28 21:48:04+00:00,192.68937944544015,188.233737460504,191.93910217770406,195.38080129349834,213.8733020265062,219.85590628698688,205.07005852544043,205.44941215637212,205.04926742049355,202.87855973225132,199.33288860559355,188.96150688909728
46,2003-08-20 21:54:39+00:00,193.7413413977263,189.38560542810274,194.21745667649853,195.40916106603183,217.63182121473898,223.59453191709684,214.3342153632412,214.38554416458393,211.6354308181576,208.6929666177215,206.08314283877536,191.56725576186614
47,2003-08-28 22:05:57+00:00,,,,,,,,215.6642371614631,214.9101958742867,211.35156277215285,206.5238390581704,199.42580394697532
48,2003-08-29 21:48:38+00:00,208.00753163661335,217.35818256442053,218.1976620973802,210.1339346870665,225.78475660488093,231.82983736501075,223.17822740220618,223.63160569894376,225.16687515765665,218.89327920532637,218.58665399137072,214.2945657031116
49,2003-09-30 21:49:06+00:00,173.39970030089052,186.33403410080453,199.33692164381185,208.8957833231164,229.699834305111,235.12481619862135,222.18660214555663,217.50920458876007,213.65585391045616,207.72080688861493,204.26922120140767,195.38463034365753
50,2003-10-31 22:06:00+00:00,189.01954836872278,187.33831814683353,189.4243183076742,198.9513897739274,223.47748316166087,,,,,,191.88179962804873,173.70322535792369
51,2003-11-09 21:59:54+00:00,214.23449354969466,209.78078337738563,217.7933871385436,225.04556019398083,238.60131651057856,242.65937934161744,231.03267422371263,223.09109105810236,,,,
52,2003-11-16 22:06:11+00:00,,,,,,,,,216.6590901668905,209.86151854244065,202.5463712192517,190.46964024386313
53,2003-11-25 22:00:05+00:00,,,,,,,,,,,,
54,2003-12-18 22:06:24+00:00,201.6770667850253,201.81841604867418,210.14187144659542,215.75580906288468,239.8502596278775,239.12343030290725,224.52466652907353,218.17433690961852,217.42440129649466,,,
55,2003-12-19 21:50:03+00:00,211.80497013147362,213.71359649814443,217.38610571393116,224.43191795671422,244.96963000418393,249.12829160060284,236.9312658100335,235.1734926748664,234.5159444430701,230.98841308770182,220.27840485239363,207.19822214728956
56,2003-12-26 21:56:18+00:00,,,,,,248.78024637622076,240.46987436504307,235.68537928974462,235.47080334404365,231.08787372361644,225.00515538760607,226.42352892750836
57,2004-01-28 22:00:28+00:00,,,,,,,,,,,,
58,2004-02-04 22:06:41+00:00,,,,,,228.09846477743062,220.39105573377148,217.32935922046457,215.82335446079037,209.70846489698803,207.24532953674608,197.7738364708253
59,2004-03-07 22:06:48+00:00,206.98735013674334,208.71181418445192,211.42552642805117,208.60577709047027,230.03819892787783,227.0749291942511,214.88551543367765,210.66197284229153,216.54212104624636,213.62161866171095,214.7839519633881,
60,2004-03-15 21:56:41+00:00,199.99703553325708,196.97442548901515,199.10948349882312,198.9353817567709,219.0639667652862,224.81682305446114,211.4308843695821,208.7343616946723,209.84937147430475,206.26901960450692,200.0732812720894,184.54101526517104
61,2004-04-01 22:00:40+00:00,,,,,,,,,,,,
62,2004-04-08 22:06:49+00:00,,,,,,,,224.21110236934481,223.25217115217023,214.73098049599596,207.90831761652126,199.4984451382015
63,2004-04-16 21:57:19+00:00,208.5941923400696,203.25174996546386,207.2323712066517,212.80906329017452,235.9617340953636,237.59110580494237,224.2386390020475,223.42554606133928,225.08300807177727,221.83648631681538,217.26538601244425,208.62857591523957
64,2004-05-18 21:58:14+00:00,206.35888580905495,205.11331518487856,202.41073519294665,203.8366486279073,225.7146920767079,229.83586811140603,218.30968883742776,213.58816476169588,216.75549900309653,212.5764840875602,206.2720730721586,198.0560299872765
65,2004-05-26 22:06:45+00:00,,,,,221.3239625675572,231.51607428932573,219.89246815754922,215.29882995427994,215.41761227033425,213.80725468427062,202.60496091963594,190.60418110416052
66,2004-06-11 22:06:38+00:00,204.47536095823807,199.89086436287792,203.79728859471498,211.87001210027657,226.00296505810155,232.68639259287576,221.61431093391204,217.40767508107754,218.26134689722429,214.22067576395642,,
67,2004-06-12 21:52:47+00:00,207.8174551769822,205.0416345566969,201.26878192135774,205.36435152454473,220.99944302269114,229.22164443304368,215.755082588141,219.81466309461513,218.1608830826658,213.65206500036476,207.1309157485255,
68,2004-06-19 21:59:10+00:00,,,186.82226359990912,178.67984006298934,197.9161382613004,204.61281551743937,192.7536598384528,191.34440908449636,192.53833709644135,,,
69,2004-07-13 22:06:34+00:00,,,196.20268151881606,203.89419564190004,218.57141735865383,227.24426556245572,215.26954227273998,215.71929082590182,215.22036264026463,211.86006743143375,204.42609799064402,
70,2004-07-29 22:06:27+00:00,199.30365626241763,195.53381007699184,192.97393008123663,196.1630880129442,214.42492684558795,218.8874597747142,210.99652765428655,205.48454562211768,205.819812118758,204.59356654594143,202.15402993693144,
71,2004-07-30 21:54:04+00:00,198.12625196323822,190.89724346347353,193.8979829053274,198.6593210134932,217.49970621048027,222.21988523329873,212.020648241365,209.43802420833885,210.78748600025955,209.73859012589338,206.17970312485443,194.71467143394827
72,2004-08-06 22:00:22+00:00,190.9028576056997,184.55279915818465,189.1015024782336,194.5628910990783,213.29805427794665,217.57099638277424,206.12114963544397,208.07063398877239,203.2603164940682,204.39616839847406,197.69755253785996,
73,2004-08-30 22:06:20+00:00,207.13029937020755,207.96406914115644,208.9625297189758,210.54458553831196,229.15836382830943,236.69653447759973,219.61935261784592,219.02616191739727,221.05038411092454,214.10264894840824,211.00604658113622,
74,2004-09-16 21:55:17+00:00,202.21813273519044,197.20967293360843,202.54152097944365,210.18392826457656,224.34810777416038,230.0890153060183,217.4747382121142,215.29061125813516,216.67416139078793,217.25628671255038,213.57351922894614,201.45194711557025
75,2004-10-10 21:59:56+00:00,,,,,,,,,229.0292007075176,221.97483757663377,208.50605075089015,
76,2004-10-17 22:06:14+00:00,195.85198383495745,192.1835277505044,191.66538191629976,195.00032474697605,216.36359326123736,220.99422205883644,212.5809293601303,210.55894770701065,,,,
77,2004-10-18 21:55:59+00:00,207.64699129881694,204.278522054248,211.7898141242826,214.89256972959194,235.2689945356899,242.47454507089643,226.79067528084036,219.9556588792348,219.54265359385317,213.8642233283034,205.53957638510425,200.09142770829473
78,2004-11-02 22:06:28+00:00,,,,,,240.59590170788329,228.39344303281518,228.28426797882975,225.86780031246437,221.8618611150659,213.92363714615237,210.49314133137062
79,2004-11-03 21:56:19+00:00,216.94143422542953,207.18857611011725,213.40083761839483,221.30350937605957,240.80337954985103,241.62272786683283,230.60935572631172,228.71663385151774,227.50803319897568,222.8138304918585,217.4746189758806,210.50773427763755
80,2004-11-11 22:00:21+00:00,206.02433073045842,206.988555302471,210.02937125759803,213.42643308976787,232.3116194723454,237.45687097662102,227.1378679078768,225.23486747334564,229.899178484783,,,
81,2004-11-18 22:06:34+00:00,,,,,,,,,,,,
82,2004-11-19 21:56:31+00:00,,,,,,,,,222.84727410548135,218.7987027921644,212.49820605050482,206.15655304390867
83,2004-11-27 22:00:30+00:00,,,,,,,,,,,,
84,2004-12-04 22:06:44+00:00,208.35709489023964,204.35073189955457,206.829490129928,220.3040336119499,234.60043847575923,240.88728756373362,231.78105701305597,226.89218616398995,226.4614193433865,222.2906316265255,206.50041013235764,
85,2004-12-13 22:00:36+00:00,,,,,,,,,,,,
86,2005-01-13 22:03:41+00:00,216.32475809166954,212.87497372366857,215.7573586628357,220.99731534326892,237.71544541007432,240.54551135387945,229.68200002037472,227.31997707227427,237.0628488405715,233.68374458779337,231.39671728722465,228.0066434842595
87,2005-01-21 22:06:59+00:00,198.23317734310615,199.18055955461085,201.5397335708864,205.51011250212142,227.3632986039717,231.73059207019838,221.6458765070319,218.61215454656713,216.94208908192172,215.45991596183063,211.40882536104914,203.1624204539329
88,2005-02-14 22:04:09+00:00,214.36261794495368,213.6338506505123,216.44040688019683,225.93317365140268,241.5172973220812,249.39856975596157,232.8281275204109,221.92769077626124,218.3631813925172,214.73259311401063,205.2286386876195,207.44631991306383
89,2005-02-22 22:07:14+00:00,206.47545336906694,204.95528305007582,212.4499922058851,215.7368209010228,235.09091887655694,241.0290616191943,227.15330875983946,229.0944627638336,227.50360021704057,224.68812031067094,221.80819556134458,216.1689086037177
90,2005-02-23 21:58:07+00:00,218.45775607914302,217.33375638121075,223.58621119089176,229.71759970489032,245.96079707184117,250.29945002679776,246.0247466122554,238.3773567175894,237.54479445690856,235.637425662812,233.18859522427695,226.49005339711874
91,2005-03-02 22:04:24+00:00,225.92026087557915,219.4809002393199,231.02732321414314,234.78742837212792,254.91773538497094,255.269123282314,246.81295386589912,247.7790949989978,249.5398345424745,238.02052618879293,231.0702178215937,224.1239819340947
92,2005-03-03 22:01:06+00:00,,,,,,,,,,,,
93,2005-04-03 22:04:40+00:00,224.10222786746183,222.14303525720948,225.674883443168,232.20730855600706,249.78173577592472,251.31851627627165,240.03008329932192,238.6456378384984,238.8161347722405,237.5778696770001,229.90489046367352,222.23768107458764
94,2005-04-19 22:04:43+00:00,223.14163109644326,221.50928690529292,222.3603405383676,225.8287421816144,244.5930463484629,251.66090300299524,240.973047268679,238.45750400797,239.8299290919487,239.49923193971466,231.74466599845937,221.30004183549966
95,2005-04-27 22:07:10+00:00,215.33260148725032,215.13969814471128,217.6565925507363,218.80190447274495,234.18584639244585,246.96031278399818,240.7895314368145,233.36185019239744,235.397518463506,221.92234914707788,222.43176181198427,216.20136339368082
96,2005-04-28 21:58:35+00:00,,,,,,,,,,,,
97,2005-05-29 22:07:09+00:00,197.34179395504577,190.24667199591977,196.25126986695355,201.51680958825412,221.2661818055721,227.50289212157662,215.9557866817184,213.11629398245947,209.53274257526914,207.9561668994475,195.74478209466048,
98,2005-05-30 21:58:51+00:00,,,,,,,,,,,,
99,2005-06-06 22:05:05+00:00,217.29792009631706,207.8504680019739,212.35550706941783,218.75493855873265,236.30070418766647,241.90667302467213,230.82860975091654,230.23145018820406,226.32646301640415,222.52126969402283,217.04222945765804,196.39143343038674
100,2005-06-14 22:07:02+00:00,199.40264464361832,199.1050756963655,199.0897839169898,203.61147138010048,222.20341750059407,229.07241051016348,215.4892607189411,216.18027205323145,212.873610682733,213.04226989963928,206.73810164025593,
101,2005-08-01 22:06:59+00:00,201.88799326451746,199.13716409690335,199.25924936288396,206.40705234533715,223.54632759786,230.58646527346946,218.46080241952168,211.4265262113825,212.3842650946067,203.18624950815604,195.42586113284068,
102,2005-08-25 22:05:41+00:00,195.49333732825826,195.8991140078772,196.47059270897265,199.59178542596788,218.07137365417614,224.85300279039706,211.24034915123738,213.86067711396535,219.83099076215052,213.62756664933312,207.1601990173775,198.21259237803372
103,2005-09-03 21:59:32+00:00,196.63116531728093,194.4347902880476,199.7106554285741,204.0782806554969,225.07373524150861,230.7151298212937,221.38735991431076,219.73340350441325,219.98456341117264,219.40424103275424,211.3279981675411,200.23692917812193
104,2005-09-26 22:05:42+00:00,216.99385447509988,208.98840345113177,208.86706960479543,212.83769338102576,232.94878032686267,237.38993801258133,228.16420488057383,221.7273255958572,225.49475742620407,222.05091020755793,219.43252844116876,207.70018984885485
105,2005-10-28 22:05:36+00:00,210.12693853585355,210.96245023392717,219.30256257326639,222.90548803605614,239.57575994333538,244.70215388716102,234.14302945410816,230.6009390563499,235.9749727279365,217.00313521846,209.83590468372432,199.43217317456134
106,2005-11-21 22:07:07+00:00,203.14589825033937,200.6168397519797,206.64210717374806,209.20367993124026,230.12557274549027,,,,,,199.72669534141875,187.87589793858848
107,2005-11-30 22:01:00+00:00,,,,,,,,,,,,
108,2005-12-23 22:07:15+00:00,197.9832065086081,200.2257002955508,204.13110414548376,210.29025717934698,228.56913205169008,232.8842523188729,221.594732859778,217.60668173022725,215.28507601313436,209.93279072835645,202.6280644026726,184.64302134955327
109,2006-01-08 22:07:25+00:00,213.02510740816524,210.89629580064783,212.42665311394873,220.60419349690173,237.79035501079153,241.44788878764416,229.18326144285223,229.3839794794201,227.63576405604692,226.67286799836654,222.45508452709097,211.85411653311468
110,2006-02-01 22:07:49+00:00,194.75117564031487,186.07540323115225,192.78951493724068,199.17779907830433,212.50766097338808,216.08640196891076,208.8657035016315,,214.8382526675247,209.0540084306975,,
111,2006-02-09 22:07:38+00:00,199.96611952281367,200.42537032886702,203.77870470110008,213.34848878011542,230.63970763459312,235.84104337320073,,,,,,204.32392951801793
112,2006-02-10 22:01:51+00:00,,,,,,,,234.8998084179003,236.35646393902675,232.61106175577206,227.63286597701608,
113,2006-02-17 22:08:11+00:00,211.482512218201,210.83941887311929,218.45197784030444,219.26707550602498,237.28430613364318,241.99201137489075,234.20615277517717,231.68658657027976,236.40250864591974,232.4725122209885,225.340951725658,223.81330799996496
114,2006-03-13 22:07:41+00:00,208.92013190078595,206.06439706480782,209.20398460057496,211.07504541097316,236.961222972113,239.84488850497715,,,,,215.8180442823337,213.20764619301025
115,2006-03-14 22:02:31+00:00,,,,,,,215.79902322753532,217.54626994874266,217.5064277114237,217.49602044146926,,
116,2006-04-06 22:09:08+00:00,193.60120412053098,193.10881079402682,190.79411214669477,198.18693748273276,213.63693261063895,221.8469779005932,208.03224587854524,205.5659655793769,205.26743344123895,199.53873825261968,193.51014064095398,175.4693086818696
117,2006-04-14 22:07:36+00:00,,,,,,,,,225.3861191707006,217.86501916895557,211.0908866305065,203.98997790396788
118,2006-04-30 22:07:38+00:00,,,,,231.81444947541726,230.4576837082954,221.2890872925767,220.72790377216822,220.8777300680869,217.27947265347203,212.69742075039895,205.48229561234146
119,2006-05-08 22:09:38+00:00,206.95842073506057,211.34949016064593,205.05963635391063,215.13990292008188,230.81842245496136,235.5164043425444,223.20345433102295,220.7421914704134,226.0683297903261,227.58794302389072,218.57492983233445,212.2621243514247
120,2006-05-16 22:07:40+00:00,209.52719835714154,210.25093970124146,212.02678633179303,216.96122596288933,232.1196882282351,243.21181789388692,231.27914530045706,230.13349230271595,227.10972985285815,226.86154397990762,214.0529134059843,
121,2006-06-25 22:10:20+00:00,202.84626799477832,199.14425097001165,203.25207991443173,208.24681932077368,230.45852141052447,236.95591161554876,215.1708170040109,213.63137241480598,214.4261679911947,209.66054608749306,205.22838491126015,
122,2006-07-03 22:07:28+00:00,190.79566218990485,183.37374547297614,189.76726904644235,195.05270597191432,216.56695460792713,220.83589608871483,206.46442468583635,206.29960516946784,205.246497045097,205.48676848586345,197.11750048791862,
123,2006-08-28 22:11:11+00:00,208.71358311214527,204.8405010001808,203.78044161890844,208.48830543729002,229.06652755091457,234.99330853907182,222.22199485992684,223.1896597727406,222.71083097355108,221.46036005136912,212.66558970671602,205.02520258305725
124,2006-09-05 22:07:11+00:00,201.46155806008855,198.30614447874643,200.8619237248785,201.21768700210578,225.08407270563745,230.4200999324718,225.14961585349306,214.58830434896942,215.81799635064863,211.34378085880041,210.1018106749804,203.360451132392
125,2006-09-21 22:07:05+00:00,200.35618249616007,201.22838766676875,202.2553842099988,206.14105368605394,225.58840076171205,231.584189814742,218.47380130199093,217.6567771461501,217.59490537335847,214.9657780632127,207.27943330426228,197.42521610069284
126,2006-09-29 22:11:34+00:00,,,,,,,,212.6187065060557,215.8356474432527,216.15394246091674,211.41152794035781,198.96486195571998
127,2006-10-07 22:06:56+00:00,,,,,223.2849355452279,224.01018156524003,211.79987871811178,211.47788487521606,211.33543573801083,207.34314440650397,,
128,2006-10-24 22:05:38+00:00,214.54443488185842,206.89335351901974,210.10044241001611,214.20000263033396,234.27451565851177,238.7604240506744,227.97282391129573,222.79524283732314,223.82584903061985,215.77458981261552,211.01239451225493,203.5059973515214
129,2006-11-01 22:01:10+00:00,198.03303117236138,198.9375541007093,206.80293806237873,216.30333358096476,237.33272818803312,240.36439047495128,228.96275228366645,,,,,
130,2006-11-08 22:07:27+00:00,,,,,,,,203.1413514904001,204.73316969362455,202.13458982471508,196.50366126297965,187.30572656737104
131,2006-11-24 22:07:37+00:00,,,,,,,219.45846669966033,214.99016764797494,216.9197833758302,215.8132833078755,211.74093808000765,205.63296411924418
132,2006-11-25 22:06:19+00:00,216.0424861730635,221.85154447524408,237.35196225347826,254.3762220829768,298.4531461595663,284.3494388594124,270.51899037101725,275.33645479780284,,,,
133,2006-12-02 22:12:34+00:00,199.15710969175376,210.70990738898652,220.88012058873807,229.95392119970003,253.3532687678291,272.01396634957837,254.25973952204114,252.4830932364722,,,,
134,2006-12-10 22:07:44+00:00,203.76497018926813,206.12673459675773,208.9569302185966,212.6665338721847,235.89528266018812,,236.3739273416214,228.92474378798323,223.67803136808425,221.92367137195845,213.16416880099797,209.82836971158667
135,2006-12-11 22:06:28+00:00,245.98882099242428,266.22650483477497,,,,,,,,,,
136,2007-01-03 22:12:49+00:00,215.80533796937513,234.82694290869304,246.00809292955717,,,308.0103426405182,,,,,,
137,2007-01-19 22:12:30+00:00,208.45997804469997,207.86826108585467,216.36618092095284,223.90441785257428,241.49489844343134,242.6774226696091,233.17305307869668,227.66599972493975,226.20104700401822,225.17679436909663,224.15193967074896,213.88174546430375
138,2007-02-12 22:08:00+00:00,197.91465350608507,198.65883563985057,203.79769890233658,214.44992332059846,232.48846450467948,237.17062770625037,226.77886795931758,222.5421266643625,224.9397359856187,221.75129726831585,214.80686861581466,
139,2007-02-13 22:06:23+00:00,210.92771739547283,206.55271237408806,214.28802511003533,223.99924802863518,239.27691184735073,247.48566069724296,237.18019317975177,235.51188668726456,234.9422269588641,224.8414368039926,217.26348600657272,211.1500969055641
140,2007-02-21 22:01:52+00:00,,,,,,,,,,,,
141,2007-02-28 22:08:05+00:00,204.45465173832028,202.52367709062054,208.4759328343328,218.74256708807064,235.21412995445996,237.892728641287,231.71323864881558,227.6567313294486,229.5616909664772,226.69882031641015,222.76121146612792,215.51189243648034
142,2007-05-12 22:01:48+00:00,213.5578363082019,207.13079459846148,210.899654724519,216.40989159005878,235.43083573611116,244.2344821972177,,,,,,
143,2007-06-13 22:01:40+00:00,,,,,,,,,,,,
144,2007-07-22 22:07:45+00:00,201.41022445000414,192.4950510871172,194.90090659030687,198.8094996770458,222.1959273873259,229.17898144727886,220.3488813623042,210.913604848325,212.42380030041903,205.5731678113371,199.33201185067765,210.12306782257724
145,2007-08-07 22:07:40+00:00,198.92274441976275,193.46799902263078,,,,226.67141599656162,227.9281695517987,216.53991995493342,213.92733326272014,,,
146,2007-09-17 22:01:13+00:00,,,,,,,,,,,,
147,2007-10-02 22:10:31+00:00,195.6760066085493,195.81066982004407,199.13680648538835,205.07279571858237,220.44955925312593,221.1902993205189,206.7102192867048,205.6834141080883,204.90502517242774,201.74170902283396,196.45763460040294,183.6250901628002
148,2007-10-10 22:07:19+00:00,188.18925454019487,185.79989872527085,184.90610491136704,195.25923475299373,211.3524100894146,218.6126584584576,208.2431595139465,204.9632193748556,206.1235902608857,200.92217400726537,194.86324348905856,183.61360171512064
149,2007-11-27 22:07:48+00:00,206.96058252927432,196.64151885813808,205.84843249588505,210.80006052751568,233.1903001965174,226.48770763171865,,,,,208.9446844557829,197.33653103666876
150,2007-12-22 22:01:44+00:00,208.8477605867661,202.4007448340963,204.13535138425655,204.73495430160492,221.29329958957405,228.4613701498898,218.94175747121918,216.50746829889383,217.8847817526212,,,
151,2007-12-29 22:07:56+00:00,200.4489367440251,199.9781048313101,201.30799845814897,207.2748830580037,226.69142426972883,232.89357189420028,222.04143649983212,221.65535952929227,223.19418614032014,219.0813012991201,215.57663353316875,
152,2008-01-14 22:07:57+00:00,,,,,,,220.9233573219242,220.02640628762543,222.41237863604718,219.73578188075527,212.8166530477485,205.37485229077876
153,2008-01-23 22:01:45+00:00,194.32009747895023,190.82198193950148,193.9892723403742,197.8823718448295,215.17662252943006,216.3338460948374,,,,,,
154,2008-02-24 22:01:38+00:00,,194.22391871695248,198.9458156655118,205.2986470898784,226.14887958949694,226.49446133281452,218.22189403466473,,,,,
155,2008-03-18 22:07:44+00:00,198.23290940684078,200.21848870623424,201.96307586857253,209.31356717992477,224.69395311699586,232.79237635736698,219.2822628901159,218.32679929017863,221.08458634886628,,,
156,2008-03-27 22:01:33+00:00,,,,203.30666848371828,221.54015382114022,228.38343554731117,,,,,,
157,2008-04-28 22:01:29+00:00,,,,,,225.747340298209,216.11094915821747,213.6477124984697,215.2211039086436,213.68990459814484,217.362315130898,207.53717702366205
158,2008-05-30 22:01:17+00:00,210.45928406992772,199.3132341156458,199.57622204097305,202.31597686595896,219.5447021809837,229.46844388746507,214.41318637385154,205.29811202474656,213.92759130712554,214.28238909163363,,
159,2008-08-09 22:06:47+00:00,197.44607740509593,191.19360711080964,186.29349323929148,190.26444724918792,211.07816190872862,211.64962348358162,203.66758319521608,,,,192.17826352496965,185.92288142786205
160,2008-09-03 22:00:25+00:00,,,,,,,,,,,,
161,2008-09-19 22:00:16+00:00,,,,,,,,,,208.291621875205,199.47551813773123,188.4339022368894
162,2008-09-26 22:06:23+00:00,198.22256510745552,196.4734946005702,190.82320391104875,198.03904314110156,217.70744213475564,217.37165761772545,211.97976398053478,212.55597958981315,212.37868236490135,213.12474279151255,207.60508477128388,192.22947672465583
163,2008-10-21 22:00:12+00:00,,,,,,,,,,,210.6147979169042,203.13483729148854
164,2008-11-06 22:00:27+00:00,,,,,,,,,,,,192.69321132005584
165,2008-11-13 22:06:43+00:00,200.04681190955313,194.7640666009639,193.35836402348735,200.02301932945608,212.6513996648824,218.58540433359005,211.67621176418035,213.23555358039332,215.16825522421775,211.69926513507158,208.81730034192768,206.0824651077441
166,2008-11-21 22:01:05+00:00,189.6222004017173,187.35915952781895,185.67148377375233,189.19529238815505,209.1655559020335,218.54749842312114,209.8631035802499,207.03690413142672,207.58867881793813,205.9176818082234,205.40751403450903,197.0117780392805
167,2008-11-29 22:06:55+00:00,,,,188.68689425643558,206.760409742112,211.9483286570787,207.91868323788893,202.4861888780601,203.89957776708502,202.82612669700276,203.15096683349924,191.11883839522085
168,2008-12-15 22:07:05+00:00,187.47179024175418,176.13027560028888,179.2721484904625,180.05595177041224,198.67738087124232,200.82770884428905,195.087422967574,190.25631553300082,195.2885803047394,197.78488178179535,194.5319138515149,177.7639625138385
169,2008-12-31 22:07:13+00:00,,,,,,,217.12873099091178,219.54592319852102,221.87689558480653,217.4162877855419,214.60938722855434,202.43872233165413
170,2009-01-01 21:56:07+00:00,,,,,,,,227.3932057213718,229.24394252190632,224.9548672876227,216.37539942130562,207.08794247506404
171,2009-01-24 22:02:55+00:00,204.569236607608,199.89356658780065,208.12694384187816,209.54700331132054,227.40991169493523,236.26906320358074,229.01568035535394,225.74687468614695,227.12082140678717,221.81126983979212,217.06600220601032,212.64741886618026
172,2009-01-25 22:01:10+00:00,,,,,,,,,,,,
173,2009-02-02 21:56:58+00:00,,,,,,,,,,,,
174,2009-02-17 22:07:31+00:00,195.30750346609466,198.78706322159172,202.7256117471601,205.967385021596,228.1050132800789,235.2838634199097,223.64414198965338,222.10242211607394,218.0009130047367,217.57361567169846,,
175,2009-03-05 22:07:40+00:00,186.88259945614783,189.99067832689005,193.10696692157376,194.94620376795308,215.0719799646508,219.67712637371957,212.50103019720552,209.36299976782703,209.18625966905708,205.27331775318396,195.6784272504343,184.3919057934503
176,2009-03-14 22:01:34+00:00,,,,,,,,201.47548827499358,200.13927698683153,195.13532989229367,191.7968684728538,188.32475049661826
177,2009-03-21 22:07:47+00:00,205.76292825216103,201.37369430867093,208.05476510699492,216.4300913530971,233.2170545291849,235.81098900998407,226.80164820038758,224.12906702345208,220.37986591067542,216.4009352748805,212.51856529353697,202.84377592473157
178,2009-03-30 22:01:40+00:00,,,,,,,,,,,202.96740058008407,202.8305621806001
179,2009-04-15 22:01:45+00:00,197.46312142436585,189.27851299980424,198.24692219933522,213.22942625536055,222.73706100635562,220.78274139937457,,,,,,
180,2009-05-01 22:01:49+00:00,197.0908691138024,185.88916850346592,190.78015142625563,201.1096038763642,218.7880052402573,225.10275651957454,217.93772858028348,213.23710123698964,220.34697771639497,,,
181,2009-05-08 22:08:01+00:00,200.2143255784595,198.74005172231065,200.99495861580456,206.33083541389612,223.29354915043191,229.57996033609524,215.9750303142154,215.11335130388898,212.5766329326531,206.17292313742124,199.4731353343548,194.63178541474727
182,2009-06-02 22:01:51+00:00,,,,,224.78142994546658,229.4926436980282,216.6484068512904,217.5151619026326,215.51092211435525,219.45777531315446,215.48913146551723,210.660538231618
183,2009-06-09 22:08:01+00:00,202.93627816739843,192.78866076063045,195.28037126682028,201.12394617941004,216.3720025755529,220.63687843998628,205.97816021773014,200.4246808093384,213.30721258298217,,,
184,2009-07-04 22:01:47+00:00,191.2634901360323,181.4674613599478,182.3597513098597,189.6756354994568,208.49613460986592,213.26293277913354,200.18451799036384,195.5819198973517,196.6539270642391,198.06934613492712,189.72078640169775,173.0599659423073
185,2009-07-20 22:01:42+00:00,190.04896606669863,184.71232727967995,183.10567602379527,191.0414484243185,213.1569152125388,214.38757381931688,205.84777187077896,204.507278094823,,,,
186,2009-08-05 22:01:37+00:00,,,,,,,,,,,,
187,2009-08-21 22:01:35+00:00,,,,,,,,,,,,
188,2009-09-06 22:01:35+00:00,,,,,,,,,,,,
189,2009-10-15 22:07:44+00:00,201.34132079562872,195.94283973973793,188.0509198650549,194.29129111605306,213.67665862259432,218.52412649538482,210.89635337937057,204.26637510721122,208.74277020302156,,,
190,2009-11-09 22:01:57+00:00,,,,,,,,,,210.10152263049872,202.0986861901838,198.41037567363628
191,2009-11-25 22:02:09+00:00,,,,,,239.60842554203987,226.92087421378528,224.4600227566572,224.86524067189478,221.421422731552,219.754835074294,215.077474621215
192,2009-12-18 22:08:39+00:00,205.53379310449546,203.38693270574547,212.20348463663663,215.03797788623962,,,,,,,,
193,2009-12-27 22:02:38+00:00,202.99089547923745,201.42576576629014,204.0030960185316,206.26424939935237,223.12449048901652,231.29966221760276,218.6909968157851,216.40895670847047,217.67989139811195,,,
194,2010-01-27 22:08:26+00:00,207.0412659168792,201.59305217433797,209.52721057093876,216.06260996576503,236.64750166497288,242.85010537975728,229.37778232050053,227.82330130052446,228.7980190246944,228.4856738736753,224.4398891038097,216.85034169666625
195,2010-02-04 22:09:23+00:00,198.07582718741563,194.2958606832479,200.5746471430764,208.5981946223754,230.05610673916289,233.1619866304449,221.92915284974313,222.65138579992345,223.92634679386578,218.18027816222963,219.71169281703786,209.06819708061818
196,2010-02-05 22:02:17+00:00,,,,,,,,224.20347618143975,223.43728597325725,224.89286110626216,224.7128352589514,216.75617719185757
197,2010-02-12 22:08:30+00:00,220.7268366127795,211.78121436092647,217.96978063483047,221.52431836636248,245.07790644592734,247.0899573728362,231.42808593282743,230.10049254648578,230.49062659095475,227.05680518116998,227.12171701821075,225.394216153077
198,2010-02-13 22:03:18+00:00,209.78142523755565,206.2801831600483,209.74670963560334,212.56690838990417,245.52681467160116,,,,,,,
199,2010-02-20 22:09:33+00:00,209.5165080977278,206.09984750433523,208.4506713295579,213.0986782935783,236.48484725430083,242.33698463907982,230.62299747992319,229.06360597838727,,,,
200,2010-03-08 22:09:41+00:00,208.82575445723828,204.3294085874939,211.32756585666473,219.1674778162882,,,,,,,221.34752190065993,210.1800981783421
201,2010-03-17 22:03:33+00:00,,,,,,,,,,,220.43723087388372,218.64838725474291
202,2010-03-24 22:09:46+00:00,,,,,232.4545992354182,236.4858828577024,229.05571843602817,222.83826026910583,227.39660905398716,224.78990916228904,219.83172188750285,214.32872051384098
203,2010-04-09 22:09:48+00:00,,,,,242.30944811496977,242.2437110200257,230.7156405393628,229.9750241599036,230.48553585404366,231.2045948906714,225.7553215236138,215.74992411771012
204,2010-05-04 22:03:35+00:00,213.46421776289114,211.78627433760653,214.80323265342045,223.7083287019345,235.22391276752757,244.11032872793453,232.46392820589384,234.49767558985806,238.13318585958254,229.92516282327207,231.36077932221488,228.06296532153627
205,2010-05-27 22:09:43+00:00,199.5988165991317,194.75737333262305,196.18139472689984,200.67960293676546,222.85400258747129,228.11607104813635,,,,,206.83545844789828,194.54711020190194
206,2010-06-12 22:09:43+00:00,197.12099415512313,189.72155648967723,194.10620021479613,198.90779628519806,222.6124344319175,221.9187864435014,208.74517830320625,207.3288058702626,208.35363023160585,201.81439902524974,194.00565044149334,185.65394327818746
207,2010-06-28 22:09:46+00:00,194.35790480350107,174.96501867547482,176.89347514834313,198.8210377035496,212.0135695927232,217.73112772963302,206.2303141705532,203.45477710470396,206.92659855160284,201.2654794045712,197.192720933378,192.63932733188085
208,2010-07-07 22:03:37+00:00,,,,,,,,,,,,
209,2010-07-14 22:09:48+00:00,198.08978986019562,193.6544306681672,195.33015130685962,205.93497377798076,214.8306097416052,221.01294453295245,212.96061380157218,207.092745761497,211.43923416232556,207.00666291613413,202.313025336322,192.07924938942563
210,2010-07-23 22:03:38+00:00,,,,,,,,,,,,
211,2010-09-25 22:03:41+00:00,,,,,,,,,,,,
212,2010-10-02 22:09:49+00:00,212.56407136522162,197.30895521072608,198.50369667464665,198.13066466332106,215.7992170906617,224.20398884930168,210.83583560940502,206.59435304231855,204.79231384098247,202.04489944107561,195.71115563138065,197.02436342195094
213,2010-10-11 22:03:45+00:00,196.81511568621175,189.8216070648689,190.83852156144494,191.3025854468761,,,,,,,201.5369026515374,196.78916423323577
214,2010-10-26 22:07:27+00:00,198.67841805217728,197.0090056377542,198.77335443703242,207.69422292688648,224.84452090119888,227.8495178399693,216.48346692904292,217.29776427867375,217.10573068039128,219.12132067766385,203.33001976661274,194.60286501949028
215,2010-11-27 22:07:24+00:00,216.42595363973686,209.91202078816497,215.7671125337204,220.16412025290586,239.539974404724,244.38295908205978,233.08342799147482,232.1210728385441,234.0344807316077,227.61352906156992,215.07286521931837,207.4695005654
216,2011-01-14 22:07:31+00:00,206.43163570899512,201.36361682999078,204.01387579344896,211.41403555539983,228.47310812065032,233.15445222610842,221.04636305770953,218.57700337964343,218.0614195973879,216.4736880536342,214.01115174798088,201.71164794596314
217,2011-01-15 22:04:42+00:00,204.29129125195,201.65756493338728,204.78449998968364,210.79923152282103,227.00719302045394,234.22983209822004,,,,,,
218,2011-02-07 22:11:00+00:00,,,,,,228.37913517080852,220.46631966974363,220.154396139537,218.5383266599293,219.84038650228933,212.1444162255742,200.00789589455567
219,2011-02-15 22:07:34+00:00,207.97939629494346,197.25596749191186,193.45575477452286,201.38126096034992,221.22090138841415,230.89632625042864,213.5320669332949,210.16084421814048,209.74528430467794,207.90405214413042,207.91113834047582,208.60374842758907
220,2011-02-23 22:11:05+00:00,193.66659141359406,183.61306364362227,185.6765595436946,,210.82638343956432,204.58339390306253,196.23952996321793,202.49944622222964,205.86499191876632,205.72700291104428,200.55004673595437,186.89896577221623
221,2011-03-11 22:11:09+00:00,207.6875001112082,209.51874249515942,211.12929010066378,218.30997275291278,231.09002238778692,239.5441558425385,225.64854879184116,224.90302863419922,225.0542966937085,218.5331752227019,213.55626839098503,201.30256264748036
222,2011-03-12 22:01:19+00:00,,,,217.19507835070465,230.06820719517353,236.02659722214972,224.40971455775366,224.59783972991906,223.83339427913526,225.3148179113213,,
223,2011-04-05 22:05:02+00:00,,,,,,,,,,,,
224,2011-04-12 22:11:12+00:00,210.00873443048246,203.13266629498332,208.96212064065807,216.35944263119956,230.73900310709905,,,,,,220.12951110429617,211.07464866189864
225,2011-04-21 22:05:00+00:00,,,,,,,,,,,,
226,2011-05-07 22:05:01+00:00,,,,,,,,,,,,
227,2011-05-30 22:11:11+00:00,204.43850510104124,202.31195584530877,201.00342957671302,206.06855604154435,227.57355234269096,233.04776277281815,215.70256617572477,214.11991530898047,215.32628722477423,,,
228,2011-06-08 22:05:01+00:00,,,,,,,,,,,,
229,2011-07-17 22:11:06+00:00,207.74633729155,204.9291761925498,196.20364991282946,205.94850565439626,224.80775018718708,227.382521580869,212.3061392777566,210.58563710470276,214.09744901799826,214.19127148337515,207.88099323977255,
230,2011-07-26 22:04:54+00:00,,,,,,,,,,,,
231,2011-08-02 22:11:02+00:00,199.03157278370077,188.23359304501503,188.89923901716028,197.57338862805335,211.4562883590044,216.59084614733587,202.23541246057354,197.00150037788458,199.76273868710712,194.94083115602476,195.098566192983,176.36900824205506
232,2011-08-18 22:10:59+00:00,202.781286638919,194.0596331217606,200.32941477219927,204.36833267842698,225.53503370650034,222.26404375996452,,,,215.5755281553519,208.83030042431164,195.4079704629989
233,2011-09-04 22:00:03+00:00,,,,,,,,,,,,
234,2011-10-21 22:10:56+00:00,215.41252454282616,209.21972583844192,210.70018391391227,216.46066013157372,228.37262436248903,236.515252183423,227.28852739088157,222.1343284548349,222.1722320623227,214.26040656167908,212.10727713743168,209.80953297064124
235,2011-11-22 22:11:15+00:00,199.8658900708189,201.19803336738437,202.96702903973335,209.11219726522822,226.32835099793252,234.16953248623412,219.40881023346697,219.62457663321362,222.4987858783981,220.60166945361442,221.30725539260663,215.0728428500804
236,2011-12-01 22:05:09+00:00,210.54874903298722,198.4434525828251,202.19597440471,208.27017578321517,225.42544415845364,233.54599487720898,221.53396045388317,,,,,
237,2012-02-10 22:11:42+00:00,200.3889691690046,190.98939993262027,196.29440655751992,205.4612928773348,217.18727811517516,224.12476987767496,218.12613344213472,215.09302924005135,215.94803612650503,215.29347035097373,208.50481991085485,194.41593950503125
238,2012-03-13 22:11:42+00:00,212.6950539092025,208.15130670923384,210.77517012275965,214.33721165410648,235.0238494222432,240.0821164693405,231.58500054030313,226.12931864464076,227.0306913009955,230.2791780734175,218.9834447416132,213.87320760741522
239,2012-03-22 22:05:32+00:00,,,,202.47812588654708,224.2925237384635,232.13556882377694,219.35929127105416,219.73753106981272,221.05635129091672,,,
240,2012-04-07 22:05:28+00:00,,,,,,,,,,,,
241,2012-04-14 22:11:39+00:00,219.31417155819784,215.89412192188198,219.05970746274252,218.36771693698626,226.2530872692232,203.42385183709982,186.022005560624,182.59238506953693,192.9564019994523,199.42965891230088,,
242,2012-04-23 22:05:40+00:00,,,,,,,,,,220.9523934027202,215.28658474587672,208.30142974408994
243,2012-04-30 22:12:02+00:00,215.5944408782673,206.88769672933225,209.60865976499082,216.0045443475583,229.8517626765887,240.50059954019088,,,,,,208.42060304751436
244,2012-05-09 22:06:03+00:00,,,,,,,,,,,,
245,2012-05-16 22:12:19+00:00,214.05539175260958,202.53378452789153,199.39544980868692,199.57376513632587,221.35317400895175,226.26678130290858,215.63456317334476,212.18343546028078,218.5050479304177,,,
246,2012-06-01 22:11:59+00:00,212.16197004902682,211.683265924588,209.9457144049145,214.3396708502358,228.61006287802627,232.43576844326515,221.7507959914375,217.8144758498178,211.5487175346576,206.28919284106075,207.05306826348487,
247,2012-10-16 22:07:10+00:00,,,,,,,,,,199.22768768221104,190.61084610038637,
248,2012-10-23 22:13:24+00:00,,,,,,,,,214.58490129995934,208.39247920815177,202.7383020631158,209.56731775261315
249,2012-11-08 22:13:27+00:00,,,,,228.95155983734253,233.43051329471595,218.4140132028921,216.8876335386007,216.1290996423738,213.86144615361326,206.86584956538735,205.2125838907865
250,2012-11-17 22:07:23+00:00,207.66168576975218,196.8751158754707,202.44907068702204,206.59000901391033,225.71170146283592,,,,,,,
251,2013-01-04 22:07:34+00:00,,,,,,,,218.04035205113686,224.24934698516938,219.64887311241907,212.84955232244366,212.52740748744174
252,2013-01-11 22:13:44+00:00,201.8057179402425,205.28922553648286,207.6501504068615,212.54574157020824,229.31545592018804,238.337882797275,224.88995551143745,222.38601019092084,,,,206.9316879521438
253,2013-02-05 22:07:37+00:00,,,,212.98218410592366,227.062426495425,231.4605864550886,219.63019321460683,219.54542889556242,220.84659397789505,,,
254,2013-02-21 22:07:34+00:00,,,,,,,,,,,,
255,2013-04-10 22:07:26+00:00,,,,,,,,,,,,
256,2013-04-25 22:19:21+00:00,203.72997851098933,204.99522198274315,206.66240114494096,209.99914320812567,226.53023381097663,232.9782774719892,219.3488001034208,218.60306143776162,217.77870806474,216.1052097301274,205.98497586042663,197.7900248047945
257,2013-05-11 22:19:31+00:00,208.75187280211085,210.45481295061305,213.56563865596638,213.57564194855567,233.83623292845076,243.14182770587223,227.9320803546199,227.73687179406033,224.93428922867628,224.08933355359696,210.50622510975705,211.06658877014812
258,2013-05-12 22:07:17+00:00,,,,,,,,,,,,
259,2013-05-19 22:13:27+00:00,201.29816934341787,199.66510776242484,199.48879542400215,205.48210820828172,222.70174465167028,230.1760013030131,218.23673166601907,215.2321117399304,211.39036343344142,207.01602095101558,196.44542354489928,180.3320070681612
260,2013-05-20 22:13:26+00:00,,208.8522421241442,209.49639811501797,214.15327608826834,224.50528068639747,234.0899995860503,221.57852041157938,218.62972729428486,218.11032493061504,213.96156058299522,208.34781310439615,193.72912330837065
261,2013-05-28 22:07:11+00:00,,,,,,,,,,,,
262,2013-06-04 22:13:16+00:00,185.47312926746218,182.20213324986207,186.24641719305487,190.18194995102783,211.11874340794884,210.85972356186963,199.82132126678968,201.67143814456816,202.36971991928945,201.13880545145173,189.81356661142456,172.68422012557693
263,2013-06-13 22:07:04+00:00,,,,,,,,,,,,
264,2013-06-20 22:13:13+00:00,198.03106822157378,190.30393057801803,185.98658550086418,193.14850216720734,211.49520124697545,220.00356835925118,208.037886300119,200.3595823199335,199.12867196592057,190.8144263001299,182.11868028743015,160.77606550670754
265,2013-06-28 22:19:33+00:00,203.81838444979113,202.12173868307707,206.66319778384562,207.79884958406132,229.15782138346853,231.28398802515412,215.17620190691767,216.40083640247926,217.33597970025343,213.94010154337528,207.06924188495208,197.86499507147977
266,2013-07-06 22:13:02+00:00,204.67582291004237,202.40069230358478,202.76995855809048,206.37064168491537,224.11987243594746,232.75023515563188,220.36245578018915,214.99566687001058,215.47524052369445,210.17462645459278,210.1863015843318,
267,2013-07-14 22:19:34+00:00,206.13129748508757,207.1328853504893,208.42418800525994,207.6982368525387,229.30427222026765,231.54071505151197,218.11813317951413,215.47034824244858,219.44005301822224,214.91307980487673,206.97495225915512,197.72236065517967
268,2013-08-23 22:12:58+00:00,,,,,,,212.64773760146383,207.28337625034348,208.34754351546866,206.14757405056966,203.7094009418561,194.82841460448176
269,2013-08-31 22:19:38+00:00,215.80272676473814,212.98199653235903,215.0424175542402,219.1497490526289,238.58001438992412,241.93871509561868,229.27573797398142,228.01823750557193,228.74985106111703,223.6626569878238,221.50449911748055,218.05048609362083
270,2013-10-02 22:19:28+00:00,214.7383994710748,208.15264346468692,211.42654268674002,218.11529626269666,232.4078261758215,238.04699745109832,229.83122166824558,224.93604975843854,225.08811484017394,221.93341306038062,217.08095748234115,215.0220400086248
271,2013-10-18 22:19:25+00:00,201.91850690016796,203.56900725450018,204.28717649129027,206.13810007072263,225.02467713490176,230.98520635978443,217.49975350957754,216.85126924547092,215.68499193971985,212.35857407241895,208.92190741432842,202.90263274204608
272,2013-10-19 22:07:27+00:00,,,,,,,,,215.53914452680291,207.6771559086659,205.12673557457896,199.94549896589507
273,2013-10-26 22:13:39+00:00,205.67708726137366,204.1108881729621,205.43044002405438,212.4046452616668,229.54597806282717,239.5205920138999,,,,,213.13936181086314,207.424624446076
274,2013-11-03 22:19:20+00:00,204.58017780405285,206.04273985694695,208.7542596571705,210.54965726472656,229.50554010360915,238.72172295058664,222.87544765860918,222.64922647965258,221.2596876562401,218.18727995134455,212.1960839336541,208.81869914733642
275,2013-11-20 22:07:36+00:00,,,,,,,,,,,,192.82876112685798
276,2013-12-05 22:19:13+00:00,197.247174608223,186.52829713236795,189.40988116054046,197.68415119829,215.49673668775023,221.5847512841371,209.92483088215832,204.72317943833912,209.01477212200572,206.10280874446164,205.5561394442928,188.11104072554417
277,2013-12-22 22:07:47+00:00,,,,,,240.4486040742326,231.14316338228838,235.91095171914304,230.2558900480575,,,
278,2014-01-06 22:18:54+00:00,204.52959004444065,207.8801215657371,212.6276913098658,215.15289658656863,233.32561484959837,245.4440772123222,230.12961009832784,227.2779210787193,228.32583259053072,227.4970418556949,220.896702477021,217.96015005222193
279,2014-02-07 22:18:33+00:00,201.52221455261616,202.6004119836353,204.51266964520315,206.8341839251566,228.60722775513432,235.43792794394017,222.88489028264286,218.01635938512683,215.39155196848807,214.3172083034035,208.84392792801552,197.48512384157956
280,2014-02-23 22:18:20+00:00,213.00890026117796,207.19844873833617,212.11043676181225,219.80150607361307,236.5290815840846,239.9459738134715,232.0030503924738,223.77646523457437,224.3214102455672,220.41681768716165,217.83811427903666,209.08416027025172
281,2014-02-24 22:08:07+00:00,210.75573378574748,205.83424104149216,205.35270635097186,209.8250052338458,223.56743182906405,229.7135158472082,216.34155105498849,209.3340398561481,211.3239337934154,,,
282,2014-03-12 22:08:14+00:00,,,,,,,,,214.3076379170945,210.83712713689098,204.5792816639164,198.42113233783576
283,2014-03-27 22:17:50+00:00,214.24161095018775,210.25985904250177,215.69658383574912,215.18717798828263,226.86701995331313,233.32828441027527,224.8740160733437,219.69113654716844,224.10291266060963,224.80349572194802,227.86733137910903,220.79384693677787
284,2014-03-28 22:08:22+00:00,,,,,,,,,211.9347259387273,210.6414906901749,208.72000660714767,197.3156892953994
285,2014-04-12 22:17:37+00:00,208.0385745701321,204.99969581563687,207.71333739244145,214.2916971884289,226.33749320881512,235.06829378407127,224.27074896832374,220.8536536383585,223.46870442581903,222.92612590455892,219.0294871236392,210.05239971911553
286,2014-04-28 22:17:22+00:00,199.94133122992233,201.87466148740674,202.67727478649945,200.87680564020377,221.37551151538173,224.30445683956324,210.05322037712804,208.13396002460405,209.54899876772953,204.44645826805123,196.12420979871595,187.35532661699727
287,2014-04-29 22:08:37+00:00,,,,,,,,,202.98477565667957,199.7276329875344,193.07262864075696,180.42406052022105
288,2014-05-14 22:17:08+00:00,206.05479149084118,207.20139052900876,209.1037946290657,210.32199093853268,226.60043777281754,231.55538829194182,219.32190653729944,221.40127047075006,218.85460844704022,218.87475222518862,211.98115476854977,201.59556791559945
289,2014-05-15 22:08:44+00:00,,,,210.35862521494946,228.69668088747372,230.27960672639077,216.73682079132922,218.61436832318446,218.915630133214,220.2802411451367,215.7249161410037,201.58056835391403
290,2014-05-30 22:17:11+00:00,210.0178663072206,211.9959391320188,213.124820084827,208.96663927422927,231.05285749316587,233.34553062034655,218.07069358458784,221.4029676280444,220.24560662965393,216.9309253769757,210.80979883616953,202.9136482214168
291,2014-05-31 22:08:48+00:00,207.38192235744626,202.5045174146657,214.432345380571,210.3880325050243,,,,,,,,
292,2014-06-16 22:08:48+00:00,,,,,,,,,,,,
293,2014-07-01 22:17:22+00:00,203.5069134736667,193.3094667198011,199.59788855018715,203.08877860312927,224.32039913513592,219.0725734846592,212.34757437540844,207.48965341161806,211.19542787134114,207.2589871390667,205.62280623189656,192.84504748651707
294,2014-07-17 22:17:28+00:00,202.46754886353747,204.5370375740498,202.3716868472452,200.7330116435952,218.4759474690497,220.49823969085543,208.3422372982799,212.4446617970618,216.06164108026172,212.3678469464961,202.97356443617954,191.29748178188737
295,2014-09-20 22:09:08+00:00,,,,,,,,,,,,
296,2014-10-06 22:09:20+00:00,214.4418186700953,202.19040860286947,207.4700606935488,206.30363806689292,228.41896247621088,230.64461773528396,226.5479293187272,,,,,
297,2014-10-22 22:09:29+00:00,,,,,,,,,,,208.55560082821597,194.542745273126
298,2014-12-09 22:09:48+00:00,,,,,,,,,,213.892715215083,210.15300187744003,208.5913461697735
299,2015-01-10 22:09:59+00:00,,,,,,,,,,,,
300,2015-01-25 22:17:32+00:00,212.1561728936441,210.5535978517618,210.88822756498394,216.55968138099882,232.90679748226594,242.62003581369316,225.6663737858213,226.14959171707923,224.0172727999271,216.13733554500115,212.12479174160092,206.21473958150563
301,2015-02-11 22:10:04+00:00,,,,,,,,,,,,
302,2015-02-26 22:17:23+00:00,,,,,245.28882983329623,242.69352747674787,231.08675494506983,226.54722497429498,228.6627920990124,226.4789695250878,222.8882101955479,209.84392880167243
303,2015-02-27 22:10:16+00:00,,,,,,,,,,,215.25541770905375,202.27976054264786
304,2015-03-15 22:10:22+00:00,,,,185.08534784574266,,204.51919440530466,193.00178308491024,192.17248777047513,189.53074413454672,187.5809034416252,181.46993107304544,
305,2015-03-31 22:10:28+00:00,,,,,,,,,,,,
306,2015-04-15 22:16:58+00:00,216.76760817300874,217.85675082285744,221.22615410490656,222.6236009207993,241.21483158512424,239.31594135327418,225.53219697161893,222.3406043798288,224.37081156663524,223.33732564226736,221.6328857438702,213.09600127498885
307,2015-04-16 22:10:38+00:00,,,,,,,,,,,,
308,2015-05-02 22:10:44+00:00,,,,,,,,,,,208.08525736145666,196.49010726608554
309,2015-05-18 22:10:52+00:00,,,,,,,,,,,,
310,2015-06-03 22:10:57+00:00,,,,,,,,,,,,
311,2015-07-04 22:17:02+00:00,209.1193595387838,204.4492404261403,198.66161711759486,203.81905296371752,220.678644119316,222.43454466556577,216.1559245561943,212.2177939604741,206.22684148479854,209.82740912689178,202.2440355889908,194.21366008871277
312,2015-07-05 22:11:06+00:00,,193.5021899951247,191.7416638413945,201.46450456782125,,,,,,,,
313,2015-07-20 22:17:10+00:00,210.8890041438174,210.7266720497457,211.9882948396821,211.38861619396238,231.94494698514072,237.2750775042987,214.1263365091249,217.54779753262807,221.57205062764234,212.4373460236965,207.78264763731755,187.375029455496
314,2015-07-21 22:11:10+00:00,,,,,,,,,,,,
315,2015-08-05 22:17:13+00:00,195.95168811377147,195.50303409598544,193.90258996177778,200.2761683601592,215.93018670378564,221.53162727344795,210.34125877663465,204.76367132990285,205.23559221078628,199.35374662708438,193.99175965417234,184.3488235467895
316,2015-08-06 22:11:13+00:00,,,,,,,,,,,,
317,2015-08-21 22:17:21+00:00,196.59274693317886,197.52002380347005,199.2243902464541,206.05199035037703,226.10967056312722,227.50288757753876,205.6385057049588,204.81832133021376,215.42071076701785,212.66968824079245,205.33456751920508,197.85523405220445
318,2015-08-22 22:11:15+00:00,,,,,,,,,,,,
319,2015-09-06 22:17:26+00:00,217.44791497101502,211.93141803049343,211.3335210151932,217.0085736266867,232.36997608265244,238.7144094438582,232.62004035155493,224.1514392620639,224.04856934125846,217.49302204816487,202.05828359304272,181.10524428019986
320,2015-09-07 22:11:17+00:00,,,,,,,,232.2626924290755,238.28453712525814,234.0060147041069,,
321,2015-09-23 22:11:22+00:00,202.86765631452118,201.30794190795976,205.020421673799,205.81661815326655,221.86471851314266,228.11733768351613,213.13251766351945,,,,,
322,2015-10-24 22:17:40+00:00,203.92776274718705,201.25082718077044,206.2497945084952,213.85545360379768,231.44601667653058,236.37696383511934,224.11583479890822,218.9227992688855,219.74657956356387,215.61257333213513,210.25296934534717,200.77005176278283
323,2015-10-25 22:11:47+00:00,,,,,,,,251.40432202489302,236.8959149191174,229.34857598525915,217.02193655057465,202.95775293040086
324,2015-11-25 22:17:44+00:00,198.09847280959374,199.2231406303835,205.1482744457635,209.45531848004615,226.4119420134194,233.33041066192953,221.51740012909733,220.5928810203611,220.1685837479515,215.40491638874866,208.34795247814537,197.1069599278814
325,2015-11-26 22:12:17+00:00,190.96768166458247,193.54771007048024,198.9252367109148,204.71521662656227,225.97013059315097,,,,,,,
326,2015-12-11 22:17:42+00:00,204.61285828976145,209.5454121025117,211.09917722009752,213.62319415855094,232.47892403442566,242.0065289221055,228.39500587176997,229.874911373259,224.63681644596974,221.05056653967722,215.4250765524029,206.22873138146394
327,2015-12-27 22:17:43+00:00,211.77887444735197,213.74952562507374,218.17331465435026,223.9313972615047,238.71083461419857,247.49084258990797,236.2269573947908,234.27115970319574,232.077629435627,227.32454857536584,221.85131167994757,219.41834473916316
328,2016-01-12 22:17:40+00:00,201.41455403160344,192.20915126847666,195.8920048166736,203.05717025216617,219.113673353562,223.42681702303935,215.58272102222924,207.61855315267613,209.27509528870357,208.76285171771323,202.89461721528593,193.71222194520846
329,2016-01-13 22:13:01+00:00,199.74557265671385,196.27499806944857,202.8432042712391,,,,,,,,,
330,2016-01-28 22:17:39+00:00,201.59042061954912,204.12215222989215,205.8447114983784,205.81390704451297,226.98856222681513,228.71092320039907,220.17070623748697,218.85642904597535,224.0743831148874,218.77395845638995,214.56175196934416,209.15604040006144
331,2016-02-14 22:13:17+00:00,198.75143868124132,191.4453306176551,201.70127030141802,202.34284176579501,217.45939380882464,224.54337681685504,216.48638569900987,,,,,
332,2016-04-02 22:13:35+00:00,,,,,,,,,,,,
333,2016-04-17 22:17:09+00:00,210.0996190973005,203.28635425443767,205.7513608903208,212.07769810937137,225.59036670993828,234.25535347856615,226.53901929971573,220.42232416385895,223.1419944896559,221.78334672966324,215.46489292308718,205.42709073487555
334,2016-05-19 22:17:11+00:00,211.29943396223743,205.5650216939903,210.2503147991159,218.13323656553362,234.19232037195778,238.2362438035504,227.9729994079563,225.02090137348654,224.52213387436575,223.6228942698527,217.6072106672189,208.35628726388975
335,2016-05-20 22:13:50+00:00,,,,,,,,,,,,
336,2016-07-23 22:14:00+00:00,,,,,,,,,,,,
337,2016-08-07 22:17:37+00:00,209.28517534947036,210.39935378494988,212.0029721684472,210.643979682498,232.23700770245898,238.0432421884988,219.27541224912682,219.92888674342595,220.11621312356365,217.47207484274827,211.70410650345386,209.77952788487266
338,2016-08-08 22:14:02+00:00,,,,,,,,,,,,
339,2016-09-08 22:17:48+00:00,200.69205129650376,204.8546372600883,205.5104747851529,208.70936327853838,225.62062366697583,233.16557706986424,219.92049847219258,219.93146171238226,218.33003441913084,217.15104691256664,205.75785205267192,201.89436668151765
340,2016-09-09 22:14:07+00:00,,,,,221.77471945399824,231.4864778895034,209.80966837756878,211.29029193360188,218.6861838193838,213.50616752900058,205.21619131317422,
341,2016-09-24 22:17:49+00:00,212.868107248886,203.25503800053147,202.7349717956185,202.4277360321389,222.65001769241175,230.2256259142033,223.9681329702618,216.06612506093947,216.08949846715763,213.7698819420186,206.69927632241266,204.2349752060037
342,2016-10-10 22:17:54+00:00,215.5973775388983,209.85353182858717,212.5717016817178,220.20617958569918,239.31927182480803,243.57573833773642,232.57982881956397,227.7428227194733,226.89385521704548,224.66547933876373,219.83415513204628,214.8562934227154
343,2016-10-11 22:14:10+00:00,202.7694540470722,200.1065665725401,206.6729076933382,208.49371311732554,225.5383141672468,,,,,,,
344,2016-10-26 22:17:56+00:00,215.7562514786258,212.43938867555244,216.23145619533284,220.23177385625416,242.41721607339912,241.38725943887428,231.2252681873635,229.09917088783894,229.8984017439333,222.2071836749758,220.42622082408133,216.18460572886184
345,2016-10-27 22:14:06+00:00,,,,,,,,,217.4659278448623,211.255335549071,206.6715932270358,202.61443197802222
346,2016-11-11 22:17:55+00:00,189.09882016581648,191.81279616761162,193.7454092306134,192.30738690460956,214.42275682763085,223.6734931853418,221.6104675111333,211.2106267679185,207.5558428237312,197.00090708819013,188.7773638869842,184.5363893203931
347,2016-11-12 22:13:58+00:00,,,,,,,,,,,,
348,2016-12-29 22:17:49+00:00,214.93058973545132,213.45216484887058,217.3438628956753,229.22332490654068,240.80517426736807,246.76036630426051,240.80011839450265,234.84722208238995,233.0716903599487,231.3450985329366,226.6324384899075,217.30807255872523
349,2016-12-30 22:13:44+00:00,,,,,,,233.4372138786344,225.11370488744598,226.6194650092745,220.5360836786754,220.6273497624561,217.58018824209768
350,2017-01-15 22:13:33+00:00,,,,,,,,,,,,
351,2017-01-30 22:17:38+00:00,211.64467285300938,216.23108481556295,220.4517750412449,226.68336696794003,242.0274388486055,251.98756395577408,244.12607792908514,235.7330063703798,235.8908726481824,235.75799591570419,229.86709577527316,227.3518355235028
352,2017-01-31 22:13:25+00:00,,,,,,,,,,,,
353,2017-02-16 22:13:23+00:00,,,,215.1626253894103,233.81936834543976,240.1837333097705,227.32134246627223,225.7886301173747,229.97141381448606,,,
354,2017-03-04 22:13:31+00:00,,,,228.09195473181103,236.53224934832016,244.86886166500864,232.17644521581775,229.69877512453812,231.30786527672524,232.9946868434299,225.07003990118406,222.21985087478612
355,2017-03-19 22:17:15+00:00,217.56331720229178,210.67319903839157,213.97729317608673,224.39758983668796,235.52631666899012,240.49279457403333,229.84261620728526,225.2294124753183,221.83386983228803,221.97288956563878,211.56463244640153,209.86797325148297
356,2017-03-20 22:13:37+00:00,,,,,,,,,,,,
357,2017-04-05 22:13:40+00:00,,,,,,,,,,,,
358,2017-05-06 22:16:55+00:00,214.97857755443803,214.52560387651744,220.9715901017953,222.4871027753635,244.01335509793756,245.80788171176175,232.45009646258686,228.68390534743003,227.54040723219637,223.84155756249586,219.56094294315193,208.72445663008693
359,2017-06-07 22:17:15+00:00,218.8494990442821,211.26942536999766,215.10137700705772,224.54403340921587,243.3694195800994,245.0660950106654,232.8717295522298,225.89324174303323,228.88391231365023,226.5023384750382,218.7892598936014,205.4459836898635
360,2017-06-08 22:14:00+00:00,212.47775665359356,202.02730860947838,211.55765851055378,,,,,,,,,
361,2017-07-09 22:17:23+00:00,205.89592644796238,207.49583548409467,209.24117483293438,211.39152750218753,230.26125212426254,235.26729594240177,220.1908696881636,220.4720241712111,218.08741640445518,214.1214729911866,210.29758611973088,201.45876449476089
362,2017-08-10 22:17:37+00:00,193.5685639980293,195.8850410109244,195.31179327634976,204.6009618295772,,,,206.4876954358252,206.15511056271868,201.25509724460412,199.89363372183135,191.24614946908264
363,2017-08-27 22:14:01+00:00,,,,,,,,,,,189.5977921978871,176.61310150924004
364,2017-09-12 22:14:00+00:00,198.09934007765557,189.64336833523018,193.92711586626967,198.47423490291905,219.64960144146877,222.54933919520667,210.08206159633397,211.1742751763381,211.7545544210737,206.42118333524326,199.7167910006997,190.0086784634772
365,2017-09-27 22:17:48+00:00,200.69203275548895,204.78818978386653,204.21591709366947,207.85095562215668,228.42659156949486,236.2671240436065,219.42492766733724,218.2910297365203,215.25196656750404,210.06074632136907,205.87183654367826,198.75778323681686
366,2017-10-14 22:14:02+00:00,,,,,,,,,,,,206.38229110332412
367,2017-10-30 22:14:03+00:00,,,,,,,,,,207.47439443613285,202.49721908056765,193.39220129291536
368,2017-11-30 22:17:44+00:00,,,,,235.19191528260635,235.75873701016246,226.20983021563688,218.44718705812394,220.66711331743554,219.91992058580243,199.53360381295275,
369,2018-01-01 22:17:44+00:00,198.45300770753047,202.49243176471353,206.1269313086716,209.7402141831243,227.2026141858634,235.47873637351034,225.158634952718,222.53826448691288,221.5892059342694,219.30097858330564,215.6270008368644,205.77115018536884
370,2018-02-18 22:17:22+00:00,,,199.08616718778816,205.45189517778198,225.75562004531733,225.14792022705674,216.0671927129016,211.4413913607521,213.06694504988522,208.4373302711772,205.55684350480973,198.17874196053984
371,2018-04-07 22:16:59+00:00,215.5514397000356,212.6271289459044,216.3177743433446,225.98951584260138,247.5403788880742,245.40315524307707,236.41721930221948,228.8387737186602,231.70595931219384,227.78782476714954,221.7954591876225,215.46690291205255
372,2018-05-09 22:16:40+00:00,221.23541594222092,222.11332929586513,224.91845206786178,225.2740876334453,247.53793492318408,249.0421240744591,234.58110976424797,231.97893469887336,230.47560220295097,224.11330464733945,219.6590722955082,206.1489054117891
373,2018-05-25 22:16:28+00:00,209.92535889365686,202.14625470631518,209.16369085288184,213.80010453566743,230.47352121402218,235.16103330485055,226.71900138366937,219.14487814550128,215.68682930684818,213.6771449651111,208.9896269254108,205.46343768455057
374,2018-06-26 22:16:36+00:00,210.9683613425615,206.80110715828317,207.5077350908009,217.65406851555426,233.4490282966574,238.26201911932043,228.25125751293703,221.96182097581297,219.36536075241682,214.38821004994915,207.31279825966303,203.07789720741832
375,2018-07-12 22:16:44+00:00,203.3973783422895,203.811402186778,205.15697638430606,203.5262955098762,219.88068138236792,224.078784976078,208.0185528255711,206.97386690557903,206.54451443671402,200.36266018510105,197.4243325454124,178.6434034957007
376,2018-11-01 22:17:30+00:00,215.86878291474133,209.0062703490651,219.37225388774485,,,,,,,,,
377,2018-12-19 22:17:28+00:00,203.48984131903114,200.7606329348756,207.06467668256136,216.09395388719793,231.60369582133472,237.42839062269823,227.78038099189155,221.51782002920856,222.19065738686578,220.87081853699146,214.74723360362225,206.2888884006597
378,2019-01-04 22:17:27+00:00,210.62133170642198,211.17844923339194,216.83420646673497,225.94251626215808,246.40793372735067,248.1277002076673,236.63211656811345,233.6782041614428,233.67313034957962,231.2631064100219,220.80383924135123,218.6195079110486
379,2019-02-05 22:17:21+00:00,213.05935104404418,211.99836550505015,215.0253432097755,226.59792585416955,235.90810979876753,240.3784588527319,228.42351804070418,229.48616704545157,229.02591520914098,224.85571254792416,222.4253074677663,221.64923584124082
380,2019-03-25 22:17:09+00:00,216.3364335398358,215.70608021089703,217.96641675952253,231.15987647232353,245.0370346879705,247.6255851662195,242.63085119723533,236.27998232524496,240.84165931613035,233.10611383355365,230.0054332063732,222.49321180198578
381,2019-04-26 22:16:59+00:00,225.89509274446934,226.49376663232505,231.89467800841058,230.22173336627645,252.12282606922085,252.86753061593845,243.18949998710954,240.17489589347147,236.64983240324523,237.97081164010095,229.61211290147727,223.7257307322944
382,2019-05-12 22:17:08+00:00,207.18362867581854,201.78196065767978,204.04070520232062,215.92960723372477,231.1731253670847,234.72427548679312,224.90774166762606,220.6029332433814,217.23945552031412,217.85311224640165,208.56465040730038,198.16333041852508
383,2019-05-28 22:17:17+00:00,214.34259815913938,206.73901236019228,210.21436227867144,216.9968747638168,237.17779713713495,237.8052198059987,228.7879814539375,222.32291093480492,223.3635290352588,222.60749735043566,214.05612797637318,201.6994352553233
384,2019-07-31 22:17:38+00:00,207.63529959159746,206.36447581939083,207.36366187243866,212.06976156684675,230.80526252214275,237.65540115641025,225.86198382133088,222.86049220064183,220.1236994252666,217.50267524586724,207.02166976331512,200.61017384811393
385,2019-08-16 22:17:44+00:00,207.69155100034607,208.33133561855584,210.62728615166114,214.09946958808035,230.87330164625837,237.48186660765876,224.743696610317,223.66865456418756,221.15250781054922,215.3294424217272,210.88085770594435,204.39542403835438
386,2019-10-19 22:17:59+00:00,202.5594314191857,200.63045602398162,206.14870944033711,209.9864931234337,229.66760568607097,234.44889845389073,219.77805856464687,217.91771820171556,216.6035422844231,215.23253666725705,204.213630076555,201.02153154102183
387,2019-11-04 22:17:58+00:00,212.97232144209448,206.29715949146396,209.13426805902935,220.62852776062866,236.23306562493096,240.7050691603668,233.2665857243883,225.753211435629,226.43973285266105,221.83685006381634,217.03648969588943,209.3314083105071
388,2019-11-20 22:17:54+00:00,214.32024178918613,209.36587889209645,213.73597160377315,218.97792465555747,227.649155055895,231.0807027730852,229.69893986057693,220.4827714544074,226.0509979266947,224.4946900457614,218.1356870464435,205.91615404629155
389,2019-12-22 22:17:51+00:00,182.8530978536873,186.21729616739063,,,,214.1490871430875,201.1712599653553,199.71324166919,196.9916414782823,194.48811612852194,179.8104835294966,163.84130724270585
390,2020-01-07 22:17:47+00:00,206.610584225971,208.2303106286728,208.9840699124671,217.23625662654544,235.12076593151468,237.14584039408777,229.07795364559647,223.1821286394224,218.09504409203723,210.2376381820186,200.6907128143084,195.25506699718514
391,2020-01-23 22:17:43+00:00,214.97937596280102,210.48623536228376,215.92384201358124,227.17723419606514,251.4995824517136,248.85959201911584,236.57798869944781,230.8092762481879,231.21699180105875,232.00495008340073,224.34420242239793,222.62478035891698
392,2020-02-08 22:17:38+00:00,213.0604578939241,210.9674399805873,216.20644975400913,227.63506015806186,249.4349298283257,249.82442118693456,238.82533030837027,235.77075416089912,234.12062430771564,235.2281727876797,228.01904555432728,228.16234442926913
393,2020-02-24 22:17:35+00:00,217.76909783995973,215.13593265900278,218.01956433499214,232.85997857031836,247.05906839729226,248.49409127197276,246.19619653733005,237.99078542883166,235.29786940085316,233.6564710645127,229.52421841833132,229.17118501511803
394,2020-03-11 22:17:28+00:00,216.04003660434373,215.47893775541095,220.5532787792148,229.4889273829798,244.79839762961626,251.78642289378772,241.9847026480665,238.40436544224917,234.51744922029647,234.1783766317234,221.5588179816733,217.5681747175409
395,2020-03-27 22:17:20+00:00,215.98107742854035,218.01732927989164,221.80744433764934,233.0163000105088,244.22654992488268,249.85050998323158,247.65006853444802,238.2357271535093,237.6685066231322,232.7461637784738,228.57464655117758,231.21660712194966
396,2020-07-01 22:17:22+00:00,217.10821443710623,204.0619182910748,212.47337005267428,215.9645248051304,233.66230452759706,237.35865819102435,227.6794124175204,217.80661731733528,219.65499522063362,213.5120886573723,211.43877371169754,195.32289116667835
397,2020-08-18 22:17:38+00:00,194.847492307103,192.1012746113689,193.958268087856,198.44231884547563,218.9360127287247,217.85052157063163,201.85059285883466,199.60800858589988,201.87077094944613,202.65114294583728,192.41758601335715,183.87893878855297
398,2020-09-03 22:17:46+00:00,203.90183231296402,206.43028626059262,206.29525011195918,207.32814071753995,229.67929325036067,231.9689661482045,217.51151347484387,219.55057473987944,216.36830986525652,216.418304978069,207.2242420302735,203.56563014532483
399,2020-09-19 22:17:52+00:00,210.19128353103636,197.14036554822619,207.52949993770974,210.3655044714781,233.24540585097193,231.6308736915159,219.98850406068502,217.25102817198294,218.8603542730763,218.1954361666959,208.98102507697234,205.9622571373859
400,2020-12-08 22:17:57+00:00,204.90281266386586,204.56487830812873,207.0297307434961,214.38667596546,228.41684231194273,235.99696941890397,224.85601559747147,220.84534890328837,218.7162766080381,218.69118367292793,212.5643776368234,201.84371836839793
401,2020-12-24 22:17:54+00:00,195.64198964397644,198.27895606060406,202.57705443864256,215.0455734958378,229.09881582807463,236.1420020646844,225.83777744319627,220.7912948522548,223.17515115459457,220.5558054620932,214.67555236933848,203.2258053412917
402,2021-01-25 22:17:44+00:00,219.72958659948856,216.8626901108293,221.95077175474327,225.14226264569967,246.84550853698767,245.83358831789437,232.37562620676627,230.66934850170796,232.43275731729628,229.34533466605637,226.6869943891248,218.3016343567345
403,2021-02-26 22:17:35+00:00,204.71042247917393,204.79678954389246,208.10353537579635,211.61485423640016,230.59352077895818,237.19033922737162,222.83264848236422,221.60254873942728,222.1847991536942,220.3983755291817,213.84048517266294,212.47071807672899
404,2021-03-14 22:17:26+00:00,215.39662550832566,215.40204650591838,219.42244532506425,229.42505833793663,241.35474818751746,249.83441972731262,243.54625787919798,239.32772642928967,228.2089392555189,229.26862003459422,219.86556973351983,218.30909383667137
405,2021-03-30 22:17:22+00:00,205.07316982506788,199.41244989590837,205.83777228159502,210.06584382204193,230.91009760521356,233.0414431401833,218.80283637447002,217.0591705964758,221.4702503389573,218.32111498768953,215.12572490567953,207.857390396358
406,2021-04-15 22:17:16+00:00,218.0072666884198,213.7628292063738,216.20555051328313,229.19464998066286,240.49468759599236,247.61397742500364,234.57640595665112,228.40587234803203,229.37857560764544,229.0134678197608,222.61661893379906,221.8932985701118
407,2021-05-01 22:17:07+00:00,223.77595572349247,213.4211715677872,216.78029160359742,231.48389536987938,246.307821128711,246.24569992260058,241.86943313040388,236.07008850275938,233.4337817342801,229.14381062752648,228.46437799728227,220.68360546759976
408,2021-05-17 22:17:12+00:00,204.86523496060263,203.88834255173833,209.21209897729636,214.9368718161835,230.21699077940298,237.78384829678865,225.8167906839967,222.83074942750815,221.01921275770255,219.31450179806947,217.62501487338707,208.2774850305354
409,2021-05-26 22:11:07+00:00,196.65379959007032,192.72137872046392,194.36223072595257,203.01166019045436,222.5011092453336,229.43838017543845,215.42558017576746,213.84905935669806,215.12825011401065,208.89814195893874,204.2224435662176,191.37945141771357
410,2021-06-11 22:11:14+00:00,,203.8036976138463,204.54400197627405,208.83334138261444,227.5342528915323,236.05204179949584,225.92020136035964,222.5464209627425,221.26318296492465,220.16842603868525,210.9290188617141,204.74574776053518
411,2021-07-04 22:17:29+00:00,215.62794338939207,207.61110413503604,209.91311071411997,216.92747274450107,234.42880777467417,241.22701257209096,231.44465658823043,227.8250741930915,230.1379223558343,230.5334651390341,229.59059900396178,220.83970678830397
412,2021-09-22 22:17:53+00:00,191.1265821596641,184.29481533871117,188.79808671303124,200.7712547941507,216.1997170698935,219.04443469764848,211.77900414909058,204.5638984799412,201.50478308681383,203.411496413385,197.8284728219807,193.6025916185753
413,2021-10-24 22:18:01+00:00,202.87746131237006,194.61166234533388,199.57186183907956,204.84140739050525,228.81360471723445,224.94750428656408,216.25857001937,210.44534991785096,214.33589515455557,215.00054701502813,213.2899218654653,214.25421782058146
414,2021-12-19 22:17:52+00:00,208.82816930554986,210.1199157634404,213.42393137557173,214.6944163630484,235.55431809810432,244.079408635102,227.26246304706805,225.95261504384325,225.45643702141638,222.00295242914876,216.69562561327763,209.2677032260748
415,2022-01-12 22:17:49+00:00,,,,,,232.21955232733936,217.85773880168244,217.25667981568603,217.45531145441288,214.9357823577052,210.31917464723284,197.7331869501553
416,2022-02-21 22:17:43+00:00,204.90850594651974,199.2386985130775,208.8888917108769,210.64762637747486,229.7433100511921,228.68716879406014,213.5586798179747,211.27086322809134,215.3411871031446,212.94368728453782,213.0588064997357,206.76773309347405
417,2022-04-02 22:17:19+00:00,,,194.89984482458507,201.9162374428942,220.20250972829945,224.57155308369937,212.26125237379762,214.24032348496888,205.04271532735902,203.64111595538859,192.35011819765361,182.8322122200783
418,2022-05-04 22:17:26+00:00,209.38971392882692,209.0379447673632,211.889527198216,215.37438092965212,230.5181048018186,236.6037012033171,231.26262908540184,226.82023570800496,222.39050759310788,218.00576066831925,212.0568465217206,205.85320960329352
419,2022-05-12 22:17:13+00:00,215.98099463192744,214.25009239689257,218.8151832723621,220.11821009630137,240.76889198193035,240.6630169390748,226.4929599731614,225.89775317352434,225.19128633897014,223.83312910522446,217.38659700507455,205.08380930314536
420,2022-06-05 22:17:39+00:00,210.15349666696883,209.58387334851903,211.7538417223419,219.5585500626431,233.80245765642584,240.23558499100776,227.60396823832775,224.1777108005482,221.9003218402995,217.9566522334865,207.30820651656256,200.4964663443903
421,2022-06-13 22:17:12+00:00,206.66072053686875,204.4477736747382,204.87517528922325,207.33096026002775,223.77717488093904,233.09877079723864,217.9458700785326,215.2682208855369,212.43187159481332,208.9425919412041,199.42150772342217,192.29194384945973
422,2022-06-14 22:11:35+00:00,215.11704392078408,206.75140101118373,214.23619260807263,210.7541910738405,229.61756261098688,236.7724671311969,224.52180450851142,218.82604581141572,215.74623607422228,213.71529959420573,204.35629143534698,200.1045768208191
423,2022-06-21 22:17:48+00:00,211.26537871003285,204.6754152683347,206.36454978112727,217.09284936870273,227.3052731331883,236.43637414848078,227.29326100056653,220.44557626483672,217.28185347190566,214.6322458887996,209.28916605157292,195.6840724176456
424,2022-07-08 22:11:15+00:00,,,204.55347018412832,203.20131484785688,220.43166053177217,229.86390939488365,213.7899897202086,211.8553539843026,209.77093888639388,206.36937949368715,198.21231779243692,184.5106641600187
425,2022-07-15 22:17:24+00:00,208.72328936795586,211.62271329845285,210.28369798155006,208.59155987269247,230.3407718029543,229.70782426641512,214.34745268814967,213.85191465335262,212.88314562774912,211.2655121346046,205.6246856739673,199.6001946709034
426,2022-07-31 22:17:39+00:00,211.75504305690512,211.6672544738141,212.33576317055054,212.71067717059728,233.37587518839663,239.70891117231272,219.14357088481853,220.9461813706788,219.13499760863365,217.5044233662328,209.85317551370252,203.1904040118644
427,2022-08-09 22:11:34+00:00,202.80127942402393,191.89952547556598,201.81381962554394,207.1614319231531,220.13924525491785,226.53881677766188,216.4130878496306,209.71110220976203,208.25763176519757,201.39737551839193,192.94723698723573,187.47682759543267
428,2022-08-25 22:11:39+00:00,193.02878599742326,183.63262873339372,183.46755559886236,191.93771263216667,236.61568865544203,220.1880881398212,199.6082408791978,195.39879048039637,196.8986471950959,194.95150498319668,194.1767565884818,176.98003033031074
429,2022-09-09 22:18:11+00:00,195.3383203898658,197.71594928712486,199.75112363663393,200.00944047579054,221.8820613628498,220.5074040915908,207.68784499272724,206.35321435326173,209.665914403792,207.94655616934511,200.61754888587927,193.03276617480168
430,2022-09-17 22:17:54+00:00,195.43658258178968,199.2191697368579,196.7012412770125,201.98270541137484,223.49069242178666,229.40733877611424,209.8203884737048,213.23030508000733,216.50411194562312,211.67098772798852,199.08197561166293,190.7645334222046
431,2022-10-11 22:18:06+00:00,191.89601847528516,184.0953713063236,192.01669142120383,199.09178165736714,211.857852829956,216.32117134488976,210.6545465093571,200.10391821971214,201.70759282508445,202.82155015764906,195.1338493500438,188.4198682871239
432,2022-10-19 22:18:03+00:00,200.31377921358305,202.0875850492472,201.21083910047875,212.82228230052212,226.08808264424064,230.85824224897556,216.62804571212794,215.34556359540724,218.03851168205532,218.2345973839061,213.8602443786506,210.1360656597774
433,2022-11-12 22:18:10+00:00,190.75715272350124,183.95323285753994,191.52626103480594,200.25650395016356,211.3197987362093,216.48311910263638,212.54089998559593,206.45754727224372,206.36412945292696,212.591552885477,202.81430014769813,197.4834552729372
434,2022-12-22 22:17:59+00:00,194.40802622697922,197.24625879604392,199.22913227113568,203.14728765006893,222.9666945216878,229.71519286224577,218.20734845917212,215.96762233929658,216.9493346563285,214.8751114809504,209.37831589615956,206.96068364519044
435,2022-12-30 22:18:00+00:00,186.63763648167478,193.32253365271202,198.4913367305193,200.3696688083119,220.7883705364358,227.78992972744885,215.10855191331342,216.74371985155,213.259271461064,212.33392489986392,206.18232662293212,200.84101265855531
436,2023-01-15 22:17:53+00:00,196.5599760606326,201.39919693216598,204.18806354259533,211.137400142969,228.62820171885465,237.84511119939546,227.3396774087113,224.35861342353522,223.91081748467678,221.6535607171666,215.1464356509834,207.9024945847022
437,2023-01-31 22:17:58+00:00,189.81928444564147,191.81366609048283,194.05671467184973,201.0213040988343,219.68856671654487,224.71575282899653,217.0435620393899,211.86790983890134,211.8844098015131,212.55033228787335,214.89771674013585,218.2324988273439
438,2023-02-08 22:18:06+00:00,204.1022237760637,200.00915243553473,211.48137346165515,209.7245625351265,233.60051631850456,233.0321095792876,229.36457669296652,226.23434198639916,223.04464180500366,219.40373528700007,213.58712477624863,222.29485773806584
439,2023-02-16 22:17:50+00:00,202.5157447508218,199.70444110452252,199.23329443013654,201.14419121566414,219.4502989900737,228.5076740146359,217.5332200608032,214.9766135895272,214.3675606746938,213.5287458712105,207.6981608196571,206.15893144186273
440,2023-03-04 22:17:37+00:00,197.28968107391057,197.5021195582095,200.1742643545548,200.5337417962318,221.34489434016137,223.7251045424737,211.82251849979536,210.6945423189441,214.33982997492166,213.93332928718038,209.95458546869656,200.44475853989317
441,2023-03-20 22:17:28+00:00,198.59342180756434,202.14610308249223,205.65858196026397,208.08604883139301,225.18327115199867,233.36209056401327,220.45213382131675,221.61605084482756,221.61236959436297,221.80209190233649,216.77723062665564,210.49516275583858
442,2023-03-28 22:17:33+00:00,,203.1185874293608,207.00480975926095,207.58652644668058,225.83053575902704,237.93436947946657,224.9195338452446,223.14125958829968,224.31039080094158,224.11838336907962,215.90929017341253,208.0106160298576
443,2023-04-13 22:17:27+00:00,194.4440077363199,198.8282483950381,201.63638385499408,205.191650831123,222.39797366957242,228.02941526067687,223.63418173613644,225.43633942887897,215.68166366103435,214.26953461833236,209.3528913320436,200.47738607372568
444,2023-05-15 22:17:12+00:00,212.42566226532222,205.8775779108669,206.5214852787092,215.34486705591135,222.87170528285438,229.5215712678944,225.83580738643172,216.94563355858722,221.6020442447417,228.58475041822294,227.13467831808512,227.7128076062227
445,2023-05-23 22:16:53+00:00,203.37070487368237,187.43915159916799,190.42480429310476,202.24293752722068,220.87951262399145,220.36527873777985,211.64707180853773,214.26558053505568,213.56963149155354,215.88227057610808,208.86258895547394,198.34874674928386
446,2023-05-31 22:17:04+00:00,202.13633286023602,201.5495605278831,198.15224797388262,199.8692744783977,220.63602649390467,229.27152108366425,218.87947100954534,215.66283310910106,211.96704970458038,207.2932929737225,203.45033575278134,212.19737756282342
447,2023-06-08 22:17:00+00:00,204.83884491177633,193.19525895603383,204.09962204048517,205.52021645854796,228.24025359315277,224.66504732968193,214.02911545710407,216.47537444363047,220.09713950070417,215.98204986572352,212.00684433828454,198.38983623779833
448,2023-07-02 22:17:05+00:00,192.43410880115988,188.85204336853567,194.9844465253415,197.23552187044194,219.85878750353285,219.98246508516365,206.13574209083458,205.06038158691516,207.5507857098763,204.64498492342608,199.69512784391353,186.83844906206235
449,2023-07-10 22:17:17+00:00,203.32152964064193,200.4219209681871,200.31076213638212,200.97673051440785,226.5949922185497,233.00040233674946,225.63133925741502,212.34716977593303,213.89133233867906,208.90129105642725,202.00125080732903,212.2345184032451
450,2023-07-11 22:11:00+00:00,207.67410983196493,204.5283879955828,199.26309476868906,201.6865512933165,222.64215337283443,228.10729974635308,222.46281367477943,207.57608804022502,211.22912891756047,202.30914419796093,196.74790565093753,215.85779038701853
451,2023-08-28 22:11:20+00:00,,206.64593413019864,207.27677209546138,210.24958440135626,224.52906997766684,230.86651921072178,217.8576735096751,216.96980456210076,220.9561397744572,221.236909000276,225.74000105966758,219.85570157260315
452,2023-09-20 22:17:40+00:00,205.6577158906841,205.0156845417367,203.27262064317975,206.27530132646018,229.6668789641604,233.6110309052299,218.87724877993662,218.03593393274616,219.42599332868693,221.15373630425648,211.56971819878663,208.3849208729274
453,2023-09-28 22:17:43+00:00,191.242093660115,190.61617173243758,189.6931235448868,196.43632703237958,218.97812905964602,222.89527975501548,209.8164895707809,209.7899956849624,212.67587370483838,208.27130201743253,204.5215964487256,200.64331566144295
454,2023-10-14 22:17:45+00:00,197.74953281101716,198.44094003344404,199.29081800153287,203.69826622727507,224.94915021048104,229.36785125507902,217.6206304259243,219.2478524874173,220.67381931111916,218.3170768394223,215.53183805255745,212.6852105159872
455,2023-10-15 22:11:39+00:00,201.975740319274,198.31502598160503,198.5214837118057,207.71633889931863,227.01436056748057,235.49686540526858,222.80127563497578,221.34802302955023,223.8288196569997,219.43198216901604,215.82841900962615,211.89956408466435
456,2023-10-22 22:17:50+00:00,201.1923592014517,197.70409815978425,198.15782986370982,204.87332284405946,223.7107825354477,230.78443868072242,219.35797018068482,219.94732386094827,217.61994698926364,219.06173839910358,213.92975407266132,213.19704313375985
457,2023-11-15 22:17:47+00:00,199.73932526680835,191.0113916832529,195.65113409878708,206.30932283957628,227.1256842176685,226.1680649301803,215.6457478637212,219.9068761905695,222.22515639019807,218.71190398124742,218.97215840814832,208.09700719953068
458,2023-12-09 22:17:50+00:00,,,,,,,,219.53891182097016,219.08970544617137,219.3868781241663,215.02193459768569,208.11361611986337
459,2023-12-17 22:17:48+00:00,208.2245040897072,209.9830598442926,213.52389139956802,216.3855250688729,232.77709915880195,232.18862395052156,223.43245803395092,225.61707450787924,229.49312578239858,229.397010245637,226.58330028819415,224.7412834059532
460,2023-12-18 22:11:45+00:00,,213.70386787435842,212.7417866982511,219.97537145562,233.77459282923982,241.41074098076007,229.16953045657615,233.65437369198128,233.89572335907323,232.3850381418585,227.71656973004576,233.70248499123915
461,2024-01-10 22:17:52+00:00,,,,,,,,,,,,
462,2024-01-18 22:17:42+00:00,195.13893172422436,196.53022508982824,201.7149922893543,205.97103236793484,227.70171605364536,234.27312798753098,222.84491427487268,220.19526834146106,220.78320599434826,218.97722358753202,214.8810041091363,207.67399157604703
463,2024-02-04 22:11:43+00:00,208.5456882734363,209.59115658218988,211.7437257644252,220.64996130182698,237.62479693850858,242.10515649035233,231.5603565953965,229.43365858681722,230.2730157215204,227.54685733248587,220.73019538534479,218.0170806827202
464,2024-02-11 22:17:53+00:00,209.36747670255238,202.85103781592494,206.64713440779212,209.75372335951064,234.71242867211637,238.979164210475,232.53008765447242,234.55624086446565,231.986920389944,226.00902543145332,220.08900964917387,214.75034324896004
465,2024-02-19 22:17:39+00:00,218.3327782519993,212.07688191423534,219.82073139093453,223.34843064800788,243.5954166134414,246.2676101038954,233.70022023453708,235.4597840322832,234.52176105698868,237.30611864451677,231.8626138534133,219.79827979197614
466,2024-02-27 22:17:43+00:00,207.72865325848326,206.31451705938736,215.02051529520472,216.31648370747047,236.2341912928012,244.12242934643925,231.7801728208201,232.88804750280127,230.5299664082188,233.36610612936542,222.68394819510047,212.44097664782538
467,2024-03-07 22:11:36+00:00,208.471887204741,213.54814226509714,217.72168791005706,222.8620927620938,242.22152700630377,246.32130501317036,229.66329397853104,230.48510312201054,237.06924590065125,234.1355887024537,225.7053705789143,217.53090209824472
468,2024-03-23 22:11:31+00:00,200.53942098232272,203.6849969417836,209.32688182427145,212.32195326340812,229.48631667157193,236.06939426160608,228.32214048684875,223.95727593560503,224.33391819755815,221.13525136317347,215.5576267479595,214.12093107007223
469,2024-03-30 22:17:36+00:00,212.82385151572697,215.0399361303856,221.69925152946644,231.2668402831096,243.60164653321874,247.24428584299102,244.41909041212833,236.42876211807362,238.63465233399907,231.8064869727371,231.19538475682472,231.97266872086092
470,2024-04-08 22:11:23+00:00,,202.47030703125935,212.76347828598873,214.96474015913765,235.0411810273859,242.38266184291626,230.54202466292853,229.5922392354657,233.09570381148924,230.43371066801768,226.69828674276332,226.62907755573258
471,2024-04-15 22:17:28+00:00,207.97504325630516,206.04796895082836,207.78630970368712,214.44498341074228,232.53442930388832,240.61890739469615,230.81337722599184,226.40300840474845,227.3147108667637,222.48356666037472,221.5405079852527,214.44583361891338
472,2024-04-23 22:17:03+00:00,211.77349380754774,208.45002621646674,211.70401668464385,224.41544670074313,237.72828204609877,243.54249344693437,237.52182736456334,232.1500433446243,232.07215635121375,228.15194133461293,223.07020591811718,215.80501052290316
473,2024-05-01 22:17:11+00:00,207.76026961453243,207.83186225024872,211.78451268975286,220.2804158782917,236.5592683754322,240.86613350603352,234.078722210381,229.6136728359332,230.33572671377712,229.12073738854986,220.5591991484634,215.80525345010955
474,2024-05-09 22:16:51+00:00,207.86253011556846,210.12786826978606,211.80292955311248,216.49665184951928,234.61502489053274,247.2204111701845,235.5941893628324,234.87474079117732,228.72807400730102,227.98507225367305,220.43466585792584,215.52276439224826
475,2024-05-17 22:17:03+00:00,213.5080104708733,205.015918274189,209.65107297752883,218.69547514743823,237.2476493924961,240.42369158550642,227.68857669607087,226.58802957021948,227.5318534582731,223.51737288493257,219.71720320653566,208.49053554459118
476,2024-06-26 22:16:52+00:00,208.8233844894667,209.5743908029566,211.17860992672055,215.04861907511443,233.9842139337278,243.8675320480757,227.52908834151904,226.9164148013086,227.580139028392,225.1815921463386,217.7048889419503,213.6492943032279
477,2024-07-12 22:17:00+00:00,209.83056362928374,207.53957749345722,208.63670634901777,212.29103265491796,235.46321020051613,241.72028287915356,234.36772683690953,228.19872862039904,225.8357290515901,225.30250859185404,218.30551961966523,209.751694717937
478,2024-07-29 22:10:53+00:00,194.73710896941085,187.54995143302781,184.4718968012245,194.3420246374299,213.70011630180187,221.52058423990732,211.16518302945525,206.89207030593326,203.825917876716,196.96886954681852,189.71002938719636,166.53796359541857
479,2024-08-05 22:17:06+00:00,203.83987469752051,192.32354993989134,201.92860448876147,205.51605204836372,228.08914796938333,227.81735882974544,217.20746286480747,219.65597960758612,218.4382318528388,215.8582230407884,210.15710161847252,204.2103620778044
480,2024-08-13 22:17:14+00:00,216.0206361404868,208.98708053368765,210.3155633497913,220.23589877842412,238.01307577844807,243.80300863951982,231.4517270308802,226.40381927429087,228.7159031341755,226.56058077300236,223.9502947171093,222.801943326422
481,2024-08-21 22:17:19+00:00,210.17524484663596,207.12179353963896,207.92814246460338,209.3401776196067,233.30390410921495,231.80506676208344,222.28485160359406,223.72562076321563,220.71735614248138,220.45828659393757,213.0850914346387,211.0410476126776
482,2024-08-29 22:17:21+00:00,211.8500078916699,204.29709293616227,201.6311186434904,212.5319367806613,227.99024162505796,236.41230120498716,229.04169319341653,220.96661113749448,217.19479562862844,214.02404385793406,210.0950371502142,204.7793977900517
483,2024-09-22 22:17:21+00:00,208.71314002004644,203.89419721582757,209.22334513521756,210.69535304822156,232.57372978357026,236.698129578316,226.03700343745243,226.77193402120386,221.09276075447406,220.57126963739643,212.3923121202419,215.45969067947888
484,2024-10-17 22:11:30+00:00,195.54632583246752,194.13831649424583,202.30473779965877,205.46209266624362,225.3582947695703,231.6927963976552,222.53935569056856,218.91531650519323,219.8472250546004,215.41805556960492,210.7065425181465,204.09468594143846
485,2024-11-02 22:11:29+00:00,,,,,,,,,,,,
486,2024-11-17 22:17:38+00:00,194.2550274806184,194.14548803677047,199.28842481426386,206.3578503055886,230.09038556269786,228.37226513374588,220.68042745094328,219.11049750526624,222.2270846172614,220.87680518781323,211.53720877041084,208.11078367864
487,2024-11-18 22:11:35+00:00,202.6795716921364,196.46307984182863,202.2763411071675,210.5645051982212,230.57966448881518,234.92612736918622,223.02793018860604,224.92859903638688,224.94091247746823,223.14796034178946,214.56233106658692,209.4403129898505
488,2024-11-25 22:17:51+00:00,217.25781774923527,212.72734882268682,219.82045433419057,222.9268144543558,244.44050102066737,244.70373679073285,231.6057086823945,230.41002855892185,229.9172610731886,228.6080432410589,225.00021534488727,215.56780344981968
489,2024-12-03 22:17:45+00:00,202.1909801511079,199.38194493638923,204.2509722633021,206.82593461464845,230.82848738647513,235.28204542805202,224.52664298361756,224.44070630220398,227.46148910921423,224.19063671791318,222.02867968942255,214.58614501072978
490,2024-12-04 22:11:36+00:00,204.1705870565761,201.48684076527718,209.53749181800993,211.44029185445555,229.47477448720193,235.58941397384422,224.74093013519547,221.34827732996084,226.0696199771868,224.16540027645527,219.60832928575172,219.2245455976362
491,2025-01-12 22:17:45+00:00,202.96573446102468,206.38854291761757,211.07222134681945,217.34347089324962,234.03613349041282,241.34349841851156,233.12093585240908,225.90499659321824,224.9503939696711,223.97428815544095,222.8222140453069,219.86095660945756
492,2025-01-28 22:17:42+00:00,204.56726410665087,205.2156827461054,,,,,,227.78506908393175,229.4775086742974,226.78343470080526,224.1605074914192,216.55342453548639
493,2025-02-21 22:17:31+00:00,,212.3279797382519,216.62156564800327,224.15960125666732,244.38772779016122,246.04538040867732,233.79541066169182,232.51105132341118,232.2015402516424,230.59733307629307,227.68022189726003,221.15789359537214
494,2025-02-22 22:11:33+00:00,,,,,,,,,,,,
495,2025-03-01 22:17:39+00:00,207.2786674074703,204.62049114950128,211.9107514832735,211.67509592721078,235.57877125382063,238.7609740139008,232.7266129468114,227.09002157346234,228.96149888503433,229.31009957468086,222.16820881642656,226.87763538841386
496,2025-03-09 22:17:26+00:00,217.66154546625245,215.50637257878878,224.27236630841543,224.39957421925885,244.94891267569284,246.6538328531994,236.48985359181037,234.94924531480268,235.85566852805624,234.74194275616722,231.00460271067965,219.77890841972584
497,2025-03-17 22:17:32+00:00,,,,,,,,222.12153875075148,223.51575774012886,221.4647863105264,219.56162172552692,217.01281055527485
498,2025-03-25 22:17:16+00:00,217.91244296122144,218.452258422214,226.6772774749566,230.46018293406178,248.62088820630353,254.5575426239015,242.6280609221553,241.27642993355187,241.36117647220004,241.94509294335447,235.72895194961387,227.3490464749131
499,2025-04-11 22:11:17+00:00,,,,,,,,,,,,
500,2025-05-04 22:17:17+00:00,208.1599610813098,202.9799636115474,202.95821815611467,204.62980003962028,227.93229760838489,234.27995978991478,225.63808690684178,223.28632557060413,224.55751782934678,220.82005812064594,214.27205849066658,221.95952574231833
501,2025-05-12 22:16:59+00:00,191.40477626516662,193.79015939719844,186.97838229216018,197.01717215027384,213.65155133954138,217.3566055109764,205.0924829355155,205.34389187083556,212.43115793378308,205.93159163188216,201.52298193613325,
