,dates,usa_CA_0211-0000,usa_CA_0211-0001,usa_CA_0211-0002,usa_CA_0211-0003,usa_CA_0211-0004
0,1984-05-02 18:13:15+00:00,206.4542822090267,222.21192650759613,209.1878093234573,193.7074559366523,276.8238750956218
1,1984-06-03 18:14:10+00:00,225.1418852722951,215.83021714718967,198.94384518427103,191.93079542055787,294.9319934478487
2,1984-09-07 18:16:09+00:00,245.35382927087764,226.23985278844162,205.4558745570887,197.61043105692815,280.469205237729
3,1984-09-23 18:16:11+00:00,221.58156521661957,211.99472645704907,189.952703762755,179.1679484114196,312.9299613275675
4,1984-10-25 18:16:05+00:00,222.45375098328577,215.20648681792488,202.70954139848658,195.04379155117496,
5,1984-11-17 18:22:07+00:00,179.99372487824408,199.125196655553,183.7111801900186,197.6280599089669,319.16516042630843
6,1984-12-12 18:16:08+00:00,,,,,
7,1985-04-19 18:16:20+00:00,219.1574503484703,211.52949364279277,207.33380039937225,196.73836086230583,
8,1985-07-24 18:15:56+00:00,238.71054145895377,225.77926400348713,214.86238912897454,212.004306568558,327.7846549072463
9,1985-10-12 18:15:03+00:00,226.59245540393974,224.88135404925154,209.0588113102812,198.94957310102248,374.7286874902363
10,1985-10-28 18:14:51+00:00,220.98828514473206,223.53394546301539,211.77094166536506,194.6002247473081,392.4313751991464
11,1986-02-01 18:13:04+00:00,,178.1386857399003,176.05536130487639,163.78796918278016,
12,1986-03-21 18:12:01+00:00,208.90011207364117,197.86021241310553,185.0061941522997,197.86638715698695,348.8291735308263
13,1986-05-08 18:10:55+00:00,220.1172300328142,205.65116483739558,185.6556040204308,193.8682700298723,
14,1986-05-24 18:10:28+00:00,232.10623272361312,216.4073670205781,200.75112616338873,203.72233126007004,357.93835845424223
15,1986-06-09 18:10:00+00:00,205.1514155360113,193.5253120495545,179.61393366114734,188.06608215242275,
16,1986-07-11 18:08:57+00:00,217.3697274562216,205.94183045780275,187.5787787754349,197.09022087550545,
17,1986-10-31 18:05:05+00:00,200.40202371031387,205.2972767424571,189.64785783404858,190.64804688143272,376.45621931785064
18,1986-12-02 18:04:29+00:00,184.46985147280233,190.15989050272415,191.79611858489707,172.2751721982201,384.9813553309598
19,1987-01-10 18:11:50+00:00,,181.8546705962387,196.78356052921367,195.13292323121712,337.10744075566475
20,1987-01-19 18:05:54+00:00,163.52979322582706,194.09427490741393,197.2962113548334,191.11274702134958,308.4058645300535
21,1987-01-26 18:12:16+00:00,165.0148708981294,196.56511327390115,204.5887296741359,192.873994960825,307.97651239091545
22,1987-02-04 18:06:27+00:00,141.83282886480632,192.14371289048208,209.87046196920562,208.48094092863641,312.21040955386485
23,1987-02-20 18:07:05+00:00,173.2732222130312,199.74957288155886,210.36731764171387,213.69997257076,340.1974326001889
24,1987-04-09 18:08:50+00:00,188.43239423436344,213.5368009003496,214.9877128907942,198.45096904744338,
25,1987-08-15 18:12:08+00:00,243.39203978766727,229.791718972255,213.94976056201412,214.06983922436686,317.75689776959547
26,1987-08-22 18:18:30+00:00,243.44058180397354,234.34514210204998,224.0100884544755,225.3586334445008,
27,1987-09-16 18:12:57+00:00,227.99458033429997,217.42498041297705,203.0961055523004,202.8470112845006,291.5269003514937
28,1987-10-18 18:13:35+00:00,246.68996219525118,239.35779647800388,226.6489027408492,223.0309777957325,356.3992055470869
29,1987-10-25 18:19:52+00:00,239.26664126042937,235.69383217453947,227.06272989127444,216.69397461785485,379.9390461564122
30,1988-03-26 18:16:06+00:00,214.3901717519038,208.75946196190554,208.0304846666964,207.2316204942337,327.57700819119356
31,1988-04-11 18:16:10+00:00,213.91347574924635,222.53660763009003,208.3875470766496,207.6098666080228,341.74534677197045
32,1988-05-13 18:16:26+00:00,229.19767252832287,215.5743341506087,215.16070402091523,211.9131309767381,324.7945543293959
33,1988-05-29 18:16:33+00:00,222.5262008083814,203.19644351868902,202.77428356037987,195.83180844341865,294.1771732127741
34,1988-06-30 18:16:43+00:00,229.09540847489518,213.08425589560932,196.7586836525219,200.92594570758607,337.9152431551403
35,1988-07-16 18:16:47+00:00,243.05847198507402,213.58537532802998,203.3354302904479,199.89521056581404,334.1087761481308
36,1988-12-07 18:16:32+00:00,171.20554708693993,210.79606939558357,197.74388672516656,180.3743865539668,360.52320959349277
37,1989-01-24 18:16:01+00:00,187.12032827568532,203.12200099985355,197.53112367591973,182.82927201598136,376.50729220446425
38,1989-03-13 18:15:27+00:00,196.46475530481422,,205.572055796231,209.336691185431,
39,1989-05-16 18:14:33+00:00,222.9656142359867,208.20502890648905,204.33268725390525,203.94959893251956,
40,1989-06-01 18:14:21+00:00,236.25949733820593,224.43931724683426,207.97704541593828,203.416890534481,
41,1989-06-17 18:13:55+00:00,238.03850103508992,226.44228926917444,203.29780049432765,198.52333885038124,355.1935023722161
42,1989-07-19 18:13:21+00:00,238.7168487764465,217.9371480879589,202.67848294704365,198.38410935297014,
43,1989-10-07 18:11:36+00:00,258.443188662928,236.16371482009214,221.57740287336125,220.90490505045605,368.48198587359224
44,1989-11-08 18:10:35+00:00,221.28950116240892,221.07417880700376,212.99751877103947,203.27096413884746,350.249895862928
45,1989-12-10 18:09:39+00:00,199.7418081224072,215.16045155931073,204.92883052395393,184.0984301238216,389.1567624370275
46,1989-12-26 18:09:11+00:00,170.72990784452958,208.18280313460932,194.54834314599742,166.08869578019355,
47,1990-01-27 18:08:09+00:00,208.65742313159333,217.10734092388068,196.75243795655896,172.21450057647158,
48,1990-02-12 18:07:39+00:00,192.48087385299,198.70493027230953,186.69706446490306,164.65632891946717,
49,1990-05-03 18:06:11+00:00,,,196.0137805744957,,
50,1990-06-04 18:06:15+00:00,217.31646200276745,208.53383249891382,192.22398586699887,190.2967012008167,
51,1990-06-20 18:06:14+00:00,231.44565681029525,220.2071249944768,198.9583013502467,204.06411494119652,370.30709743647606
52,1990-08-07 18:06:04+00:00,230.6098981493447,209.1976955668713,197.55186195271529,,
53,1990-09-08 18:05:54+00:00,,,,,358.2041892545326
54,1990-10-10 18:05:41+00:00,207.79840090476162,217.94495085301045,201.02812386348975,200.00418281650047,367.4772553866786
55,1991-04-04 18:07:44+00:00,211.71332362652316,200.36615726532946,205.00407570279063,196.91528663076235,
56,1991-11-14 18:10:16+00:00,205.84013775079933,203.28898153927804,200.37628258403478,188.40072006992588,
57,1991-11-30 18:10:29+00:00,183.68855192809303,196.19688486194042,195.54328220943324,186.03565001157264,347.6181473256018
58,1992-01-01 18:10:21+00:00,,204.07356478668513,195.1415575569785,168.5937865712421,325.61783832271067
59,1992-04-06 18:10:05+00:00,196.51029089898938,232.31763261685953,220.02473372095713,215.27035482234012,301.32866927650133
60,1992-04-22 18:09:57+00:00,235.6470150188078,233.65256758358703,213.9313542512042,217.6712166973205,278.7525670741976
61,1992-09-13 18:08:12+00:00,258.7204735044043,242.04988169724675,221.9042544069487,208.44945855479148,
62,1992-10-15 18:07:34+00:00,238.90636911177089,234.67695082108432,224.69415014564265,215.9251133443773,
63,1992-10-31 18:07:23+00:00,194.61835070394525,206.47023188684776,193.98756898483958,180.6075526555421,
64,1992-12-18 18:07:25+00:00,154.79407340474097,200.1003939046277,197.69783229230816,203.82183307191806,299.6439985873064
65,1993-01-03 18:07:34+00:00,187.8703393801804,206.87768086418376,211.24568308463614,202.6605323382403,
66,1993-04-09 18:08:21+00:00,204.84182842506254,207.7754022117223,210.13297407404812,196.39975668273314,
67,1993-06-12 18:08:36+00:00,232.8855209693527,219.60662666274527,210.86500459916837,205.65509018352418,312.61937759746456
68,1993-11-03 18:08:08+00:00,219.19622359172547,216.2749103731263,211.61584601538806,199.38228712723503,359.748597433027
69,1993-11-19 18:07:59+00:00,221.01120048737693,235.4438231976324,216.03569585951283,217.8689146499061,381.2575101336829
70,1993-12-05 18:07:57+00:00,188.6405254939797,208.67626526701866,192.31858092038394,185.33188345277824,
71,1994-01-06 18:07:35+00:00,168.75025772017267,210.6652987578194,209.18023847211862,192.24405571743515,
72,1994-01-22 18:07:20+00:00,149.08182572214153,182.54123425556404,180.4256642465363,156.7989995948262,
73,1994-03-27 18:06:30+00:00,214.20531731921676,219.62949513371598,211.8593991643713,197.10588142462353,362.37205995315355
74,1994-04-12 18:06:11+00:00,230.78810476112932,226.35043368280526,215.53598327113036,204.1364621563416,
75,1994-10-21 18:01:31+00:00,231.76684353618,226.2509044941007,202.92743208827412,195.13168127377932,392.58588945121323
76,1994-11-22 18:00:24+00:00,199.17205018572344,209.50348459295338,183.23924108584282,174.98940951393485,388.8281977277086
77,1995-06-18 17:52:07+00:00,225.75132667309626,215.7005309085538,205.75075960165813,210.14455671181219,
78,1995-09-06 17:48:26+00:00,235.69517060829324,218.35562235499023,195.46733349006547,202.08799591671416,388.5076375919374
79,1995-10-24 17:45:55+00:00,225.68288125895916,224.5658271458169,199.5336248712245,201.3082350596938,395.9626900584108
80,1995-11-25 17:45:51+00:00,192.35159850451552,213.91697559374987,185.40686785432337,169.23332251065452,315.22494610689836
81,1996-03-16 17:53:32+00:00,189.12965975849963,218.6940034008598,213.67064903172817,175.77443880521196,326.26551577282885
82,1996-05-03 17:56:29+00:00,232.18157078520647,230.86791369117532,217.7099273859871,199.58626012233057,342.0888992503177
83,1996-07-06 18:00:01+00:00,245.83253459854362,225.40768777775858,200.83028565821348,205.94214769430033,324.7628809517702
84,1996-09-24 18:04:18+00:00,234.19289093202696,231.21786901811112,,,
85,1996-10-26 18:05:57+00:00,194.1232109303193,216.83040359862392,195.61781530429184,188.94563318164063,273.76656784396727
86,1996-11-11 18:06:42+00:00,218.28724588411615,210.33105170127334,185.45879032790899,182.94281033783085,303.78902579731425
87,1996-12-13 18:08:13+00:00,197.99630921869755,220.00314157351275,216.596405747897,187.92972387388778,286.0698896408286
88,1997-02-15 18:11:09+00:00,192.96666031114094,216.57117121740356,214.36529458487126,202.30110518924337,297.45306457765605
89,1997-03-03 18:11:48+00:00,209.37230407028585,222.58134227630478,214.82985454439122,210.7419768345292,297.19072182876175
90,1997-04-04 18:13:01+00:00,235.99003483780297,228.68950130159112,212.44887769471916,199.79054614043986,293.24642022703154
91,1997-05-06 18:14:08+00:00,240.01183154172807,236.81415360411947,215.74955387413004,202.5474587044604,329.1347047742099
92,1997-05-22 18:14:41+00:00,250.45897647144915,235.92167753566446,226.0962257091518,218.96144994095107,
93,1997-06-23 18:15:48+00:00,247.1340960051007,228.91994509363894,207.3683287343824,203.0649448597901,
94,1997-09-27 18:18:50+00:00,207.74831339271748,211.50178701991337,204.17262581586326,190.28812790481948,339.90386666211117
95,1997-10-13 18:19:16+00:00,236.648689143496,228.82271464376575,200.13532198552423,201.35527471397958,370.9968519833205
96,1997-12-16 18:20:52+00:00,173.4772729238076,,170.78728998404583,179.67306887663636,317.484941088976
97,1998-03-06 18:22:32+00:00,188.85292797318996,222.18749988467314,208.8975309608159,184.39022950740522,311.1492293209363
98,1998-05-25 18:23:40+00:00,229.58771145586698,226.8147395306774,218.64352715358777,201.33170077762836,
99,1998-06-26 18:24:05+00:00,,,,,
100,1998-07-12 18:24:18+00:00,256.10160343455277,239.34905875900048,220.15843146899846,206.07673231450124,334.58240321683957
101,1998-10-16 18:24:54+00:00,243.2629697263771,229.91099705761363,213.92088629502746,214.4920534769795,355.5218821724658
102,1998-12-19 18:25:04+00:00,198.48171645309316,,174.16392708990787,,
103,1999-02-05 18:25:13+00:00,208.65630207265644,202.12019549223774,197.16505325994572,197.84312053285686,319.66456045234435
104,1999-02-21 18:25:20+00:00,204.33303001025212,198.11134946498677,196.98758148218977,200.77583582104356,297.943249110998
105,1999-03-09 18:25:10+00:00,191.9406572920133,187.9273827860113,183.98195509413577,201.2991280841742,281.35903517762875
106,1999-06-29 18:23:51+00:00,233.52778029887085,211.73182668785074,191.5418953655801,202.20629429735433,
107,1999-07-07 18:38:51+00:00,234.73763441609617,224.66301917202472,204.58476374153503,196.67198164273353,263.5986820063633
108,1999-10-11 18:39:06+00:00,226.53195819414213,218.43077425222543,209.9236766243951,202.2758527712308,
109,1999-11-04 18:22:08+00:00,226.06022264063648,215.48034328868636,198.52633499731542,192.6112058065339,
110,1999-11-12 18:38:57+00:00,208.47708074415934,208.5284255589554,190.1402367612171,191.23745053878326,
111,1999-12-14 18:39:01+00:00,184.69603832553574,211.22640845390725,174.99388309908778,178.77292150849956,268.16257773701096
112,1999-12-22 18:21:09+00:00,195.85128899453576,218.12318743834936,184.941631148275,185.74728085548958,
113,1999-12-30 18:38:51+00:00,192.81288020255263,213.25010964147825,189.6163601395283,191.22684097807036,
114,2000-03-03 18:38:41+00:00,167.0553306192207,185.1747051598272,194.62439122428827,177.13804784426733,257.60085350498974
115,2000-04-20 18:38:21+00:00,220.0866746915117,224.31996796579048,219.4480455575222,196.2957905756727,347.59957463681263
116,2000-04-28 18:21:24+00:00,220.42498434426585,219.590671622229,206.870950530871,199.9834624684471,297.6830060164639
117,2000-08-02 18:23:18+00:00,242.03150634581164,224.56510629141633,203.34254609208435,197.3038399920496,306.7965113159194
118,2000-08-18 18:23:46+00:00,240.0391491049855,,,,
119,2000-09-19 18:24:18+00:00,233.1171795319184,224.28535630863325,205.38097900428613,195.77141178925024,
120,2000-10-13 18:36:15+00:00,230.0087346260202,228.08595548790737,206.7783697192785,191.9127986645541,
121,2000-10-21 18:24:43+00:00,228.68535932873274,220.49470092978845,197.8646390164377,190.1372188228999,288.7736985390175
122,2000-11-14 18:36:25+00:00,221.57736003127823,216.95044117984386,197.99812424698627,185.58542606626958,
123,2000-11-30 18:36:26+00:00,210.76811655765889,211.16638361395917,180.79100706598348,174.53548307379396,289.9000024703031
124,2000-12-16 18:36:29+00:00,184.353764911821,207.41672081143398,185.83580869364596,176.8325062926983,268.42969145346245
125,2000-12-24 18:25:44+00:00,171.4875382165976,200.40565268239916,179.41566761831697,173.99608226313504,
126,2001-01-01 18:36:28+00:00,167.71752898529505,208.03109508125613,185.41258113749223,177.35215237624408,281.839691652101
127,2001-01-17 18:36:33+00:00,190.90006014432316,209.17055709205164,201.40848895477404,175.59773883654614,274.6733185438937
128,2001-03-14 18:26:11+00:00,207.3517904234757,215.92791395208215,206.43520769882787,189.3676064448756,296.7573365430152
129,2001-03-30 18:26:12+00:00,220.63733222799138,221.76579369658307,203.46511119586557,185.21492587226493,295.0620713572937
130,2001-05-01 18:26:16+00:00,231.97058832156128,221.20083066415273,197.17487822598807,190.67537789749503,276.5868769787824
131,2001-05-09 18:36:03+00:00,226.1993394160078,208.45040747858008,186.975596852457,180.57687526098144,315.79295066548315
132,2001-06-02 18:26:25+00:00,219.59457020602505,200.62137529499958,185.02591682144143,191.58750260880882,274.7492278484179
133,2001-06-10 18:35:42+00:00,,,,204.24566885726375,336.23348877246787
134,2001-06-18 18:26:22+00:00,245.0535463677607,209.70180469239102,189.732791482746,194.6666134335233,306.55107318018105
135,2001-08-05 18:26:24+00:00,243.36122825602013,223.48155424054144,202.4485392922677,196.1528267045136,369.3146310286547
136,2001-08-21 18:26:20+00:00,,,,204.05239092102235,387.197250071862
137,2001-09-06 18:26:14+00:00,237.7859498654484,221.93897596336498,195.0298843284091,189.08402544335829,370.7125234483445
138,2001-09-30 18:34:25+00:00,241.93942944614378,224.40086422802466,206.5071216836107,197.11301800947197,380.7573185709306
139,2001-10-24 18:25:53+00:00,217.4422185063943,208.930150586673,185.7178519428729,174.55037062514157,
140,2001-11-09 18:25:42+00:00,213.30195363576897,214.99368204157074,191.54681871898302,177.4843799942665,334.1119580069369
141,2001-11-17 18:34:36+00:00,217.23774913506608,212.3170159988035,197.45560665677203,187.88130851532085,
142,2001-12-11 18:25:30+00:00,188.635737994172,205.62339508386214,183.40343747103643,177.04076832453313,323.28594498609715
143,2002-01-04 18:34:44+00:00,169.8472197094393,195.6546584348456,197.03702916625795,182.980141064331,282.31398302452493
144,2002-01-20 18:34:55+00:00,199.86958124097094,201.5857582050731,182.05450724051573,176.09039044811138,
145,2002-02-21 18:34:56+00:00,199.42150383944917,196.28750296208085,188.03826435479914,186.04535828316554,288.7471716718723
146,2002-06-05 18:22:35+00:00,221.11259656000763,209.1351561328708,179.66583416891277,195.01426754391025,270.9545577384145
147,2002-07-23 18:21:26+00:00,247.41150183215643,214.44303686843907,196.16168776160194,206.04646376362618,
148,2002-08-08 18:20:57+00:00,239.3622130564649,210.62437659939604,190.7576351273245,205.33196283884743,
149,2002-09-09 18:20:07+00:00,234.87322595842622,219.48859314937866,215.55994726088383,203.3443799621106,359.0406446693767
150,2002-10-03 18:33:47+00:00,229.61362768188317,215.66266693936439,200.35790646627794,201.34986974661197,390.2962521556962
151,2002-10-11 18:19:06+00:00,231.13649926408016,216.81780209477427,201.26007577113182,203.86147632326586,370.0593704664603
152,2002-10-27 18:18:42+00:00,199.65876537889827,210.85666647248505,194.56333833434218,196.77706616457624,356.50693137772885
153,2002-11-20 18:34:11+00:00,184.9661208874315,197.7508423089894,180.97839911498647,177.3839394743387,
154,2002-11-28 18:17:41+00:00,184.3531000805105,197.14789809333436,185.1890743980869,180.0920587894555,348.61009762158926
155,2002-12-22 18:34:24+00:00,171.90467919730082,189.72637425490598,180.97196592311602,186.401493494685,359.42824772278755
156,2003-01-07 18:34:22+00:00,158.28123944561813,,,173.89384501701744,
157,2003-01-15 18:18:27+00:00,145.9076000431409,201.79534502465006,183.42868711503448,181.36326061421676,372.8217712274916
158,2003-02-07 18:25:07+00:00,185.72577582291672,214.38069558402597,196.3111216024757,188.0862608273938,362.0074622912675
159,2003-02-08 18:34:43+00:00,193.94921706626857,214.64743883716707,205.0569029036807,189.17879952000968,352.37883356589674
160,2003-03-04 18:19:37+00:00,195.1947081572319,214.43812675029565,188.01682056563888,196.88031205710814,375.69449944121146
161,2003-03-11 18:25:57+00:00,216.56101086070433,225.10204212769278,201.03436360970957,210.86568712819192,295.7939100820293
162,2003-03-27 18:26:20+00:00,196.3701992731399,216.28186664478832,210.3582314162781,191.3682214502493,285.0443127638846
163,2003-03-28 18:34:45+00:00,199.96232878068903,215.51866839952217,198.0957026186832,186.79536041988416,266.17852500631204
164,2003-04-05 18:20:24+00:00,210.0573891729077,225.81926282225004,208.8531274542293,194.72785526201434,272.3620076257759
165,2003-04-13 18:34:50+00:00,189.25213309601693,207.10922766598117,188.0010562740422,179.7642791692251,
166,2003-05-07 18:21:09+00:00,205.3890105177713,233.2389613684267,216.79206158561013,203.29304153218024,
167,2003-06-15 18:28:03+00:00,,,,,
168,2003-06-24 18:22:06+00:00,234.22774393252303,218.19043434306084,197.04755415487213,199.5139171089785,318.3843288035626
169,2003-07-17 18:28:41+00:00,238.45280322691696,221.85052009150178,,,
170,2003-08-11 18:22:58+00:00,234.2333669922561,233.8796160991613,226.68014399491392,221.51817764824312,373.06229828031593
171,2003-09-12 18:23:32+00:00,248.58716240440435,232.41992606588752,212.76667395229194,200.8833049318337,343.4053989242102
172,2003-10-05 18:30:01+00:00,,,,,
173,2003-10-14 18:23:57+00:00,222.60416321176302,214.47953820669352,199.74047254509262,197.0792462022621,359.23542181292856
174,2003-10-21 18:30:14+00:00,,,,,
175,2003-11-23 18:34:44+00:00,224.33141889451483,223.50462577526912,208.56888577577425,210.07283811160514,
176,2003-12-17 18:24:41+00:00,175.43888311744882,196.0709600784259,176.14875212191774,164.21123068762031,
177,2004-01-10 18:34:59+00:00,,,207.023201716092,195.33579375669913,
178,2004-01-18 18:24:51+00:00,,,,,
179,2004-02-10 18:31:08+00:00,,,,,
180,2004-02-11 18:35:11+00:00,205.50118137722475,229.76206450579804,225.7392371363315,216.2556234525284,339.5806671809093
181,2004-02-27 18:35:11+00:00,,,205.8204803104136,189.3216845088023,
182,2004-03-06 18:25:06+00:00,201.9902730233706,214.89225925953488,199.75717322032492,192.6678214804968,378.5036453782574
183,2004-04-07 18:25:32+00:00,218.02076274974124,208.65018781391393,194.87771671288186,193.8921113511382,
184,2004-04-14 18:31:56+00:00,216.04040942908406,203.12981089426015,197.97340694092395,193.33580805919146,
185,2004-04-23 18:26:01+00:00,235.60166682871125,213.17647044277976,205.0739692855803,210.60398978087832,
186,2004-05-09 18:26:28+00:00,226.8550341387878,201.7383196377125,200.8781481834686,210.80677062918298,
187,2004-06-01 18:33:18+00:00,220.55541397936634,199.07493531524054,188.45686705441898,194.88160783814155,
188,2004-06-02 18:35:11+00:00,233.51247639632297,211.43363777826983,197.12285433453945,,
189,2004-09-06 18:34:46+00:00,251.2075001299959,237.92223624506929,214.87973155058233,207.02384382033367,386.4339560539805
190,2004-09-14 18:29:54+00:00,240.28645967116228,220.84336595080057,199.8218928680431,195.0948556883705,344.0356414691661
191,2004-09-21 18:36:14+00:00,242.87825871848338,,,,
192,2004-09-22 18:34:41+00:00,252.08660570130274,,,206.49112676752864,374.8906378516929
193,2004-10-24 18:34:50+00:00,221.32539876482087,210.8787035218637,205.01330999953643,,
194,2004-11-01 18:30:55+00:00,225.26722706366982,222.98560773928725,213.62768590445873,206.6633307388032,374.59358718165157
195,2004-11-24 18:37:30+00:00,,,,,
196,2004-12-03 18:31:33+00:00,208.9437447538745,223.10589207191265,208.4508003415535,201.03379658934543,383.53790728320274
197,2004-12-11 18:35:15+00:00,199.86839553350026,217.0575707336579,199.8244860537155,190.13354659851947,
198,2004-12-19 18:31:51+00:00,189.97789173793674,206.12999343542066,204.12150294623868,205.40312445597726,360.633003917384
199,2005-01-11 18:38:18+00:00,,,,189.76492817853898,
200,2005-01-12 18:35:28+00:00,190.70686700878377,217.81907050443516,208.8048319752261,206.73332415904065,375.7420227485367
201,2005-01-20 18:32:15+00:00,177.94020626177343,198.77526809554183,200.04648334456436,191.6571055257894,
202,2005-01-28 18:35:30+00:00,216.70057585197938,209.62160158426735,,,
203,2005-02-12 18:38:45+00:00,,,,,
204,2005-02-28 18:39:01+00:00,,,,,
205,2005-03-25 18:33:07+00:00,202.17148183723958,210.347635527739,210.8727198707315,204.42171909764386,375.5545819694998
206,2005-04-10 18:33:11+00:00,210.63616614639517,234.10530669998425,226.52132419406303,205.76100817501782,
207,2005-04-17 18:39:23+00:00,,218.99774204386867,210.11337639936193,192.99945068283537,
208,2005-04-18 18:35:36+00:00,,,,191.4426046997907,
209,2005-04-26 18:33:15+00:00,221.60485978584902,218.5262210397541,217.95315843514865,204.34298541927964,
210,2005-06-05 18:35:36+00:00,235.80162588878503,223.07843703182527,213.74539299091057,,
211,2005-06-13 18:33:36+00:00,230.99897521900968,226.37454663026583,213.48436023045807,211.12239926748492,
212,2005-09-25 18:35:09+00:00,243.39262152293705,,,,360.6799425538609
213,2005-10-03 18:34:08+00:00,246.77861414952935,237.02090325166392,221.8740733885797,209.51681011113067,375.9956674286461
214,2005-10-19 18:34:07+00:00,230.57306407272108,,,,
215,2005-10-27 18:35:22+00:00,234.6021484162412,225.62507789801228,203.65075913860997,197.03348105879246,
216,2005-11-12 18:35:32+00:00,220.20659748446192,208.54851267593685,191.1733601297445,196.07979286586018,
217,2005-11-20 18:34:37+00:00,222.32865905200268,224.05585565140686,220.73731060886485,209.272682092213,374.1431664875927
218,2005-12-14 18:35:41+00:00,,,206.58167941187622,203.09497552658655,370.30450049734736
219,2006-01-15 18:35:57+00:00,196.7672069680525,217.6901288473483,194.81913163016705,186.25186755484592,295.9402905844532
220,2006-01-23 18:36:04+00:00,198.55600622518398,222.75957943944957,197.90876664760867,191.5046182463347,312.5901837165967
221,2006-02-08 18:36:27+00:00,199.3347575131404,193.72396680922955,209.44277189400108,181.7347054521373,288.2246702486331
222,2006-04-05 18:36:08+00:00,195.335225651476,201.50411943107767,230.87639202676743,215.920703091351,277.77249636728783
223,2006-04-13 18:37:44+00:00,193.90307284714808,202.3209640191457,225.0446084029974,203.88903740421978,281.2062234107603
224,2006-05-07 18:36:08+00:00,216.11121529075646,,,198.49725288728186,252.75454374311698
225,2006-05-23 18:36:08+00:00,217.67079935809303,223.44100744141488,215.02570058043463,204.34027387909003,284.7409043370492
226,2006-06-16 18:38:40+00:00,230.45030864103256,224.4187122021154,210.8975243863446,209.47720350633472,279.4725418034851
227,2006-07-18 18:39:10+00:00,249.5289271515293,231.1850971678618,221.02213192340335,209.01032803655912,284.41149646672915
228,2006-07-25 18:45:26+00:00,,,,,
229,2006-08-03 18:39:22+00:00,234.0878158260426,219.23516392065332,205.7606844004958,196.22064714106358,
230,2006-09-20 18:39:55+00:00,241.11705916571205,225.65321279768017,208.84504035586212,202.58272389995236,281.58941031222736
231,2006-11-07 18:40:27+00:00,225.66868881146902,223.03599474462476,214.16110105840977,205.12360985430917,383.1825606112503
232,2006-11-15 18:36:01+00:00,,,217.75124168484692,218.50420004690656,385.2051213560812
233,2006-11-23 18:40:35+00:00,222.87074599533352,234.76710375645325,208.4599706599882,196.59449734993146,365.1641633250262
234,2006-12-01 18:36:10+00:00,231.05795869481975,233.70654962207624,219.1700140082603,208.92127375194735,
235,2006-12-17 18:36:15+00:00,,,197.54335920054962,193.05220609335794,315.4283093208121
236,2007-01-18 18:36:18+00:00,,217.83545460266322,196.7737222355439,173.020194502408,357.7834957789952
237,2007-02-03 18:36:26+00:00,,,,185.21070789543185,325.1622347431697
238,2007-02-19 18:36:31+00:00,,214.84890520633806,191.53431236165747,185.7517231359909,
239,2007-03-15 18:41:01+00:00,225.37093981908055,213.9910938478042,202.12755511504048,197.71927234808723,
240,2007-04-08 18:36:36+00:00,,221.41351824249392,214.1911123582577,199.44958792367834,257.85884183920814
241,2007-04-16 18:40:51+00:00,206.77911044097127,205.9650673255476,198.23967097214364,200.82935370857368,282.80846809836044
242,2007-06-11 18:36:20+00:00,,199.87222016890533,187.32430226832273,184.89397039710494,250.85304440091204
243,2007-07-12 18:45:57+00:00,,,,,
244,2007-07-13 18:36:17+00:00,241.37866160316966,,,204.2798623249211,
245,2007-08-13 18:45:37+00:00,242.09152958319697,,,,
246,2007-08-22 18:39:20+00:00,222.367542676472,205.3539426884771,185.43060658340667,179.63408078420508,275.12290147679767
247,2007-08-29 18:45:26+00:00,235.48405950699902,228.10282644448287,215.57219477421788,204.50494945324732,
248,2007-08-30 18:36:00+00:00,255.86387395010584,,,214.1285870012737,
249,2007-09-14 18:45:20+00:00,,,,,
250,2007-11-02 18:36:04+00:00,220.48794920290348,207.867896621607,194.21917634287175,194.03527364155198,341.64465629734906
251,2007-11-18 18:36:13+00:00,210.09684259590009,216.59545909078886,189.254915088701,195.63285658655263,
252,2008-02-05 18:43:01+00:00,193.08416851793194,198.56564155329815,,,
253,2008-02-14 18:36:41+00:00,203.72383709349947,192.32758543724714,177.71562503717038,180.34181585165445,307.8904095232458
254,2008-02-22 18:36:19+00:00,195.43833586988137,189.8638155954085,163.1064249462626,167.35669252720533,292.8822554122267
255,2008-03-09 18:36:13+00:00,206.8840986923199,203.00830217522275,182.87649992495054,173.64327537079146,352.22527429907984
256,2008-03-17 18:36:02+00:00,218.35761499178201,209.73905172301986,188.64211946746488,183.5952656216745,317.33183550513303
257,2008-04-10 18:36:12+00:00,,,188.38013759961623,186.68142220143818,332.5791987609052
258,2008-04-26 18:36:09+00:00,235.26498977944183,219.39793015480961,201.1047575489731,192.7722406866364,
259,2008-05-12 18:36:05+00:00,,,,,
260,2008-06-13 18:35:49+00:00,215.52298218989887,203.47224650676853,177.52371709622386,179.50219873233144,
261,2008-06-21 18:33:35+00:00,241.7608327656976,220.77999326369255,206.50256314532825,199.29186179552372,363.868263328495
262,2008-07-23 18:32:39+00:00,222.86963108802314,200.39157504877446,179.64723313269005,185.69365679761026,364.15102705705385
263,2008-09-01 18:35:06+00:00,230.9694680105172,219.1539745726078,186.25695849913538,,
264,2008-09-25 18:30:49+00:00,218.3557577193498,210.7927856502199,199.31763258097288,201.59334167512787,354.04062049378155
265,2008-10-10 18:40:51+00:00,,,,,
266,2008-10-11 18:30:18+00:00,214.4008642729065,205.9879868825334,184.12778749395042,185.87160230448026,354.2050393540152
267,2008-12-06 18:35:29+00:00,,,,187.1062740395394,369.86472311513234
268,2008-12-22 18:35:38+00:00,196.81921665087935,209.13146667674866,192.9544297410648,,
269,2009-01-07 18:35:44+00:00,195.2292107858939,199.53881786756332,190.42960530477185,,
270,2009-01-15 18:31:09+00:00,207.10073767420607,212.93829163622536,207.617748127547,213.90519547639812,384.9698024509083
271,2009-01-30 18:42:01+00:00,210.2423886815571,208.9616549339543,199.6496782431561,,
272,2009-01-31 18:31:35+00:00,210.78168738915124,200.55983100684452,192.73499223948411,213.73832801834251,379.4287651688136
273,2009-02-07 18:37:57+00:00,194.39191405347947,191.92178729202385,180.75688534189405,186.86067195414293,
274,2009-02-24 18:36:04+00:00,197.24417357946496,212.4368677087936,188.70791020950318,204.9249468527624,
275,2009-03-11 18:38:43+00:00,195.9414043501529,202.26186146360394,188.60196983083466,199.84210133914596,
276,2009-03-12 18:36:12+00:00,212.00317550940545,211.7496952133019,,,
277,2009-03-27 18:39:04+00:00,220.93986035604894,203.10254799093323,198.48944562409733,205.2034365327584,373.83268874274074
278,2009-04-05 18:33:04+00:00,209.99742758018118,216.05161012179005,199.7404332661098,204.0234307143158,347.1982435906117
279,2009-05-07 18:33:41+00:00,210.94514737376636,201.29563567516556,193.27470565445324,199.23902908239035,
280,2009-08-27 18:35:34+00:00,243.69101873923202,224.58355503217643,207.86787746652988,200.16260756393496,350.9731615695939
281,2009-09-03 18:41:51+00:00,,225.36329281435272,205.37606593764062,201.61901042521566,373.0537060307246
282,2009-09-19 18:42:04+00:00,,,,,
283,2009-10-22 18:36:20+00:00,200.82929256713777,205.63219171256077,195.29847420875177,195.6584756307919,
284,2009-10-29 18:42:38+00:00,,,,,
285,2009-10-30 18:36:19+00:00,214.0957913543706,221.82481387081364,201.7591255506195,202.52445150530153,369.15625690353306
286,2009-11-07 18:36:35+00:00,202.39513569002327,209.15987622252874,185.06652048594185,188.97516697168464,
287,2009-11-15 18:36:25+00:00,197.59953634235168,201.2355330789201,189.94808344456956,193.8875339051501,376.56994887675967
288,2009-11-23 18:36:47+00:00,186.29734892181736,190.3949906229418,193.64183386816515,183.4126254193133,
289,2009-11-30 18:43:03+00:00,,,,,379.53837755846837
290,2009-12-01 18:36:33+00:00,190.0952121283149,197.8105888147951,191.28658843250886,178.6241917812775,362.2343196920096
291,2009-12-17 18:36:42+00:00,159.09179325389047,164.36032030610707,174.11214221624155,174.17017571916898,318.3259058317245
292,2009-12-25 18:37:15+00:00,179.43024320859192,191.00083290578172,197.68858372911606,,
293,2010-03-15 18:38:12+00:00,194.56027037816904,214.0082126601385,219.3890943825161,191.04886275346095,290.9601631716523
294,2010-03-23 18:37:00+00:00,192.16430512709675,210.52558207537123,203.44829498366636,181.6190179398926,306.810396330418
295,2010-04-08 18:36:59+00:00,,,,,
296,2010-04-16 18:38:17+00:00,,,212.82073946740894,183.31271112242555,361.2218769646856
297,2010-04-24 18:36:55+00:00,201.46365131176898,198.92733950306192,199.64743047918296,187.88939674739217,330.48172940843637
298,2010-05-26 18:36:48+00:00,199.32479910353916,203.71781738635062,197.6609780225484,180.16178259323502,
299,2010-06-10 18:44:23+00:00,,,,,
300,2010-06-11 18:36:43+00:00,208.04493985724872,207.05229015863475,202.48270014857172,188.4909011829898,
301,2010-06-27 18:36:38+00:00,220.39739101806458,206.4069659008793,186.47902017204532,186.42983345204698,
302,2010-07-04 18:42:47+00:00,,,,,
303,2010-08-22 18:38:19+00:00,,,216.76804470138097,207.51843791361492,363.9908031026895
304,2010-09-23 18:38:21+00:00,240.01051896046295,225.46549562989736,223.26490621937307,214.37890495303856,391.83390034650404
305,2010-10-09 18:38:23+00:00,227.5106775259514,225.2817574653416,203.8514233331989,,
306,2010-10-25 18:38:33+00:00,208.63944144070737,205.04080768782356,192.13776637755106,177.6666956537957,
307,2010-11-01 18:44:47+00:00,218.19686532533387,,,,
308,2010-11-10 18:38:44+00:00,216.2322385637436,210.16121818816382,,,
309,2010-11-25 18:42:03+00:00,217.18517341558552,218.78503348073968,199.13315200281957,200.86453104631605,
310,2010-11-26 18:38:56+00:00,215.2134003463708,205.1886824973366,188.25985398317684,192.8712802600436,
311,2010-12-12 18:39:04+00:00,,,200.09950442686917,197.91851413791505,387.08146456960316
312,2010-12-27 18:42:09+00:00,186.2099622670651,204.638529138821,204.06352798898047,,
313,2011-01-04 18:45:27+00:00,182.15870395536678,201.36434121847194,193.71934919230318,,
314,2011-01-05 18:36:00+00:00,199.2203754655986,217.21191649017058,206.8355897333577,182.94656273347414,380.29395877842745
315,2011-01-20 18:45:35+00:00,,,,,
316,2011-01-21 18:36:00+00:00,202.49439545265506,200.76533186129163,186.10279735431376,171.9195426722075,319.9461236614961
317,2011-02-05 18:45:40+00:00,,,,236.26680590305276,352.3251085679001
318,2011-02-06 18:36:02+00:00,213.02696953617635,216.5967065406109,219.45496499286122,202.70505679071016,371.35337863913907
319,2011-03-17 18:42:07+00:00,,,,164.93066981735106,
320,2011-03-25 18:45:50+00:00,,,,,
321,2011-04-03 18:39:41+00:00,189.1130330932029,208.49952476549635,192.64329007376705,191.28767680525488,
322,2011-04-11 18:35:51+00:00,220.7314198240473,196.4512185729101,196.50829363775824,205.4229228830796,
323,2011-04-27 18:35:43+00:00,216.40208517860896,200.15180272302788,203.7321398596217,197.68923191638814,
324,2011-05-05 18:39:41+00:00,221.74176765171978,,,205.52406833898354,359.17114942087426
325,2011-05-12 18:45:50+00:00,,,,,
326,2011-05-29 18:35:34+00:00,216.85287570810948,206.3278449666102,195.0155356613806,196.33338680950624,
327,2011-06-14 18:35:24+00:00,221.7913274438502,214.0366747734282,192.5516201496462,197.4750390032393,
328,2011-07-08 18:39:36+00:00,234.01439064885497,212.48700195329118,192.40967320094285,196.4385998796469,
329,2011-09-18 18:34:31+00:00,240.86939399025047,223.61361630276926,214.54847543968572,208.57308385740097,370.27123983388435
330,2011-09-26 18:39:19+00:00,226.6221382722337,219.88667840833838,204.30390185395422,195.22349550268382,399.605328257618
331,2011-10-12 18:39:18+00:00,213.32316841818084,217.72751370512512,204.94820056844162,197.9020676341203,
332,2011-10-28 18:39:26+00:00,,230.33051577175684,210.9575552642381,204.13704288157788,391.3696419908377
333,2011-11-04 18:45:40+00:00,,,,,
334,2011-11-13 18:39:37+00:00,219.83486079870812,221.89582439363716,202.43653956471508,202.33990806489538,
335,2011-11-29 18:39:47+00:00,210.79021526860785,218.1699896752292,204.3348216181216,184.08830631086704,
336,2011-12-06 18:46:01+00:00,,,,,
337,2011-12-15 18:39:53+00:00,210.42809491009405,235.62608692826737,220.0469578509279,,
338,2011-12-31 18:40:04+00:00,197.36869330242774,219.00189803890487,204.87895004602987,193.55863764905698,338.1516745685621
339,2012-01-16 18:40:05+00:00,197.6779640367937,201.85989079408463,209.20530195711464,189.17463682743673,333.310105373449
340,2012-03-04 18:40:10+00:00,216.28029836447695,197.20987425936852,209.35446649940934,210.7499736505232,357.0432645574621
341,2012-04-05 18:40:09+00:00,,181.461570706956,187.34110692828335,186.58534399633444,
342,2012-04-21 18:40:16+00:00,216.09889321890367,,,190.3718297117707,349.5038471219197
343,2012-05-07 18:40:41+00:00,221.91017208984312,204.70112059494699,174.58937795551273,191.99071737482663,309.4971550227994
344,2012-05-23 18:40:41+00:00,219.61448296746352,199.8507391479201,173.55311491226962,,
345,2012-06-08 18:40:25+00:00,,189.20282818374423,177.01118012534505,177.62112752868236,265.99120157450943
346,2012-06-24 18:40:33+00:00,221.21367496482105,201.15563997636033,185.89011343062825,190.54094202802042,
347,2012-10-14 18:41:48+00:00,213.49848336569212,213.21392005932987,195.23076436179701,186.87397777124812,
348,2012-10-21 18:48:03+00:00,,,,,
349,2012-10-30 18:41:55+00:00,215.03731558939472,218.39358531573905,199.090136415746,193.51332827541555,
350,2012-11-06 18:48:05+00:00,,,219.7757791776881,,271.96220502539546
351,2012-11-15 18:42:01+00:00,218.820866901914,,,,
352,2013-01-02 18:42:14+00:00,171.08709523755192,213.7101973811813,,,
353,2013-01-18 18:42:14+00:00,,,,185.1900581908831,
354,2013-02-26 18:48:23+00:00,,,,,
355,2013-03-23 18:42:08+00:00,,,,,
356,2013-04-08 18:42:06+00:00,212.47022883866845,207.34491364752415,198.4069304924015,192.74544723617157,273.6783752206007
357,2013-04-09 18:46:34+00:00,222.4469243725759,217.15125825485816,207.78410563002254,199.81945101542945,
358,2013-04-16 18:47:53+00:00,234.4727066224728,215.74948291188628,204.24810738114758,199.2376223479471,288.7908183899393
359,2013-06-27 18:41:38+00:00,,,194.98871526040648,189.35627062721548,
360,2013-07-13 18:41:28+00:00,234.78612835679496,220.03423588143144,200.86242745228822,,
361,2013-09-06 18:47:48+00:00,238.24223874809044,220.13578941471522,,,
362,2013-09-07 18:48:06+00:00,243.2134799019539,227.67782295654615,214.7422261259813,203.38075926514776,
363,2013-09-15 18:41:43+00:00,246.22279942754628,231.85016381111086,216.8113574244593,,
364,2013-09-23 18:47:58+00:00,236.59986409619523,221.7275457722078,207.75217179147506,203.61001810288215,
365,2013-10-01 18:41:53+00:00,,208.92475778532477,190.34656346026614,183.37154350123845,284.68022986884307
366,2013-10-09 18:47:57+00:00,226.01483996824277,213.25381620144043,191.38197720456472,190.33689894573655,290.25758743563193
367,2013-10-17 18:42:06+00:00,222.95616638187386,208.01326608868038,193.2690010704914,198.5530211571401,382.7542167344654
368,2013-10-25 18:47:49+00:00,223.94751865341752,227.0367973038722,216.54800552183366,203.8260149327372,382.64066740473135
369,2013-11-09 18:48:25+00:00,219.8971326986005,,,,
370,2013-11-25 18:48:30+00:00,249.2739836278448,240.7733988065498,,,
371,2013-12-04 18:42:24+00:00,215.73637267808763,221.6670873574147,201.84387496332732,195.18015053527714,407.6047351210691
372,2013-12-12 18:47:38+00:00,219.6594402198099,228.2317744764529,215.00939264376092,208.262204790387,387.40273563837485
373,2013-12-20 18:42:25+00:00,218.1605721918854,218.39370417634245,205.07934684865023,198.44540907123164,
374,2013-12-28 18:47:30+00:00,205.0725789664214,207.99827260448777,201.1901246052931,193.43071816974464,339.6858146136443
375,2014-01-05 18:42:31+00:00,202.2218371394508,219.3561314348495,,,
376,2014-01-13 18:47:15+00:00,219.54621342854404,213.74082902022917,192.1777553702961,187.7750975560872,364.42348696935744
377,2014-02-22 18:42:47+00:00,213.53588563538975,222.19602553369828,,209.3374296144036,
378,2014-03-01 18:49:00+00:00,,,,,
379,2014-03-10 18:42:53+00:00,189.53814516477016,227.1747675787699,,,
380,2014-03-17 18:49:08+00:00,180.3435098300623,,,,
381,2014-03-18 18:46:32+00:00,203.92378021105014,217.53735483289796,207.0556304595571,203.07884330530908,
382,2014-04-02 18:49:14+00:00,,,,,
383,2014-04-03 18:46:16+00:00,220.442339421783,208.9466656163105,216.28327146704248,204.6990018390336,
384,2014-04-19 18:45:59+00:00,219.4961850084545,227.43437000268074,212.3364779570364,202.06562100107504,337.077979727524
385,2014-05-13 18:43:23+00:00,236.7589099803584,237.17250944205077,219.6316708535042,204.83932449228692,
386,2014-05-20 18:49:36+00:00,,,,,
387,2014-05-21 18:45:34+00:00,224.13015648699925,220.71598335872613,206.49685159581637,,
388,2014-05-29 18:43:27+00:00,227.64031874317658,210.39775865168176,195.06075122215006,191.76505621479177,349.152364367668
389,2014-06-14 18:43:28+00:00,228.7525289843743,,,183.3557057863902,349.0786385233115
390,2014-06-30 18:43:34+00:00,239.7667221802934,234.03875534988546,201.74742212346987,,
391,2014-07-24 18:45:57+00:00,240.48875304804744,218.83167800714878,213.00475416270658,202.2394472544838,363.8784495547399
392,2014-09-01 18:52:21+00:00,240.7811149753123,225.71564025303337,217.20348664926584,210.53412966381111,361.1126509586559
393,2014-09-17 18:52:23+00:00,235.37681774960393,230.64190048406073,218.96509385883593,220.4136389324913,341.80748472877264
394,2014-09-25 18:50:01+00:00,216.36348778967252,216.2619848570097,,,
395,2014-10-03 18:52:26+00:00,,232.7149889286778,213.81855132645987,208.56143597981205,379.21424111427496
396,2014-10-12 18:46:17+00:00,207.8342309513896,207.50371684049873,198.6725017881712,193.96676641224477,369.7050595083889
397,2014-10-27 18:50:22+00:00,205.32009378951173,,,,
398,2014-10-28 18:46:14+00:00,226.46961028645754,218.85705712477724,219.31615812026936,203.75035816323324,385.7196599324175
399,2014-11-05 18:44:18+00:00,192.60075445713716,,,183.71365170104534,352.66248269911625
400,2014-11-28 18:50:36+00:00,,,,177.37355429777452,
401,2014-12-23 18:44:36+00:00,185.31778344597114,221.02586856157316,208.46364502610714,192.7372507156444,359.1508270603603
402,2014-12-30 18:50:45+00:00,217.15697465488216,224.69112246516522,207.5645877905742,191.59943384701302,358.88609067870914
403,2014-12-31 18:46:05+00:00,231.06379442618697,231.1334155227064,219.06976079840948,204.51116870040755,386.9210522492332
404,2015-01-24 18:44:40+00:00,216.08632885638897,217.7589719213667,207.87998056933745,202.75392309664528,
405,2015-01-31 18:50:55+00:00,,,,,
406,2015-02-09 18:44:46+00:00,221.9929059155922,204.57558092463285,202.91320698602922,194.14261648257306,
407,2015-02-25 18:44:54+00:00,214.13888345898323,230.85296527289185,,,
408,2015-03-04 18:51:08+00:00,,,,,
409,2015-03-05 18:45:47+00:00,231.25605933950231,243.65161274026877,225.42975384907209,210.66026202376278,387.5517837776027
410,2015-03-21 18:45:38+00:00,228.54426553289608,219.40436247096926,217.354677748242,205.4411816316903,387.8644840970773
411,2015-03-29 18:45:08+00:00,238.9513248211601,230.75659723036975,211.42927474066693,,
412,2015-04-14 18:45:17+00:00,241.83610092711123,,,207.2263284023248,335.7168302330552
413,2015-04-30 18:45:23+00:00,231.31869140871484,,,,329.6342045192458
414,2015-06-25 18:45:24+00:00,245.6114297958973,229.03682176405195,214.3769830484007,205.18293365730574,321.70001879289595
415,2015-07-11 18:45:35+00:00,245.36769599431864,236.00166672805153,228.84543653765357,229.05271974477864,
416,2015-07-27 18:45:41+00:00,249.55656216296123,235.15667130909662,220.2294171677021,210.70551860348814,343.5094408566935
417,2015-08-12 18:45:45+00:00,268.66024064181516,256.29245813041433,250.37366860934762,239.45406777014108,
418,2015-09-04 18:52:05+00:00,252.87181059735568,232.26601392527698,220.29476772540053,213.81853566425818,
419,2015-09-05 18:45:56+00:00,,,223.34003803246415,209.0569841452411,325.30657819425755
420,2015-09-20 18:52:13+00:00,,,,,374.5111117702533
421,2015-09-21 18:46:02+00:00,253.60309394981135,236.26357609043617,,,372.9547636662879
422,2015-10-06 18:52:16+00:00,260.1389477926667,238.74314184640107,223.11612925042073,212.17371139203854,372.8967007951091
423,2015-10-07 18:46:07+00:00,,,221.73645085259025,206.94786649137095,358.47430049377306
424,2015-10-22 18:52:19+00:00,227.37631213616436,223.55334183669413,216.69299965298734,218.02776653070723,
425,2015-10-30 18:52:41+00:00,,,,214.48802323142908,376.2082377104553
426,2015-10-31 18:46:11+00:00,233.79055170941547,225.15787598772187,206.9946943274231,209.3112983257327,367.19708147451877
427,2015-11-07 18:52:22+00:00,,,,,
428,2015-11-15 18:52:58+00:00,218.30118904760258,,,,
429,2015-11-16 18:46:12+00:00,226.66757752655113,223.4230658881775,207.40418752731645,203.49694352774853,350.0775581748955
430,2015-12-01 18:53:10+00:00,212.3140881985167,208.04972477941104,202.39396157329287,186.12229870629866,
431,2015-12-26 18:47:24+00:00,200.6973888034856,204.06520092215695,192.22655912241623,182.88173808070925,374.5142743793004
432,2016-01-27 18:47:50+00:00,178.4732435482905,173.28998789127934,,,
433,2016-02-04 18:46:06+00:00,193.27478723255467,167.8839997564533,178.17041436804644,190.23837944501818,295.53996858723775
434,2016-03-15 18:48:10+00:00,176.47578311239064,177.21394865143927,167.19740947602625,168.439336207888,254.25247885915402
435,2016-04-07 18:54:27+00:00,198.79241524598643,,,,
436,2016-04-16 18:48:21+00:00,204.33580517046238,197.48053486762964,213.58587418825573,193.93257483979605,275.3690706808334
437,2016-04-24 18:45:35+00:00,190.04271713308637,192.18565248712753,214.26012556231692,189.2642554710712,269.6238109881502
438,2016-05-17 18:51:49+00:00,,,,,
439,2016-06-11 18:45:46+00:00,211.49217289601228,192.75075887546046,,,
440,2016-06-19 18:48:38+00:00,224.20147686703606,210.20722530263706,,,274.0712499186259
441,2016-07-21 18:48:39+00:00,232.21508008235412,212.02920440172406,206.78933012915422,,
442,2016-09-06 18:52:28+00:00,247.7391062234096,229.23114552649574,208.80055205763367,201.21372833488311,346.595384128549
443,2016-09-07 18:48:46+00:00,248.12905300205483,224.51601461562186,209.07977898516077,,
444,2016-09-23 18:48:49+00:00,245.86530877593745,222.72766896618822,,,360.45105624037467
445,2016-10-01 18:46:19+00:00,248.16680188178725,240.89789398076528,228.006851367041,210.89050403216402,395.7558564224441
446,2016-10-08 18:52:33+00:00,,,,,359.4675517972438
447,2016-10-09 18:48:50+00:00,251.06393129524363,234.78976763001083,218.1362261624191,209.61766913123438,389.5609403836064
448,2016-10-17 18:46:24+00:00,194.12081120765401,190.57726924981642,182.3574408308725,184.28414766245203,
449,2016-11-02 18:46:25+00:00,210.91961867186703,209.4302836529762,201.0448500940235,205.7042264901843,387.4881034757959
450,2016-11-17 18:54:47+00:00,,,,,
451,2016-11-18 18:46:25+00:00,219.1275082118217,192.96223032020785,180.64091497733384,197.89337948631479,367.182031558312
452,2016-12-20 18:46:18+00:00,211.1545938364457,204.73485326654023,177.3335891669384,198.3122767827081,355.47578146108316
453,2016-12-28 18:48:25+00:00,194.63242450538627,,186.85587511603052,204.21587548654585,354.22347306513706
454,2017-01-05 18:46:16+00:00,208.9763979233262,196.2868753052875,189.14874526335936,224.43926161133993,
455,2017-01-13 18:48:14+00:00,201.28839965548707,,183.12462047816416,200.926782162392,
456,2017-01-20 18:54:20+00:00,,,,,
457,2017-01-29 18:48:05+00:00,175.86882569596844,179.69856812408983,179.66633499246907,179.30514769167516,325.73620015046276
458,2017-02-22 18:45:58+00:00,171.54559228342615,,,,
459,2017-03-02 18:48:10+00:00,204.72600795659244,200.28873344601493,193.69365553125124,197.53148316516626,
460,2017-03-09 18:54:23+00:00,,,,186.30164166826563,327.3870522610022
461,2017-04-03 18:48:19+00:00,182.37234802707817,,,193.93402061725962,
462,2017-04-10 18:54:34+00:00,193.32180084375415,190.2063165778548,195.4658404580019,,
463,2017-04-19 18:48:27+00:00,170.12782521055064,,,223.97760193885762,
464,2017-04-27 18:45:23+00:00,178.34707761121228,194.64816237083176,203.56894266249967,207.97108998329747,351.45136123598223
465,2017-05-12 18:54:44+00:00,,,,,
466,2017-05-13 18:45:29+00:00,191.25868366409017,202.3889835322842,195.83775630646213,203.97210578842797,268.0842400557879
467,2017-06-05 18:51:54+00:00,,,199.6604711802391,199.5198561845702,251.61188715056429
468,2017-06-14 18:45:46+00:00,217.11465716611343,203.25097493622553,208.58209868631934,201.526359774553,276.2004805003975
469,2017-06-22 18:48:42+00:00,217.97265663938904,208.28684623410214,193.68310703143305,192.951030234315,
470,2017-07-16 18:45:54+00:00,227.74212593359167,211.38936899769269,192.86660769259703,193.34606377006497,289.96025593226966
471,2017-08-17 18:46:08+00:00,241.7500709199062,225.69632190211487,203.72036168037104,193.1988920650161,341.8219483173686
472,2017-09-01 18:54:52+00:00,,,,,
473,2017-09-02 18:46:11+00:00,252.62404868774982,233.83634953650997,218.0355567160128,201.63809820784337,361.9970726173372
474,2017-09-10 18:48:40+00:00,,,207.75706025436205,200.89414111487997,349.5164995604863
475,2017-09-17 18:54:49+00:00,,,,210.06080699799972,347.15850114540285
476,2017-09-26 18:48:40+00:00,251.43472608165902,232.84723073972498,213.36809726230854,203.1503129573675,385.14645129631367
477,2017-10-04 18:46:19+00:00,259.5383000434346,234.33666739347052,199.31883148548266,203.07831289098786,388.50925532265336
478,2017-10-12 18:48:42+00:00,232.30959205120567,222.10505228041828,,,
479,2017-11-05 18:46:21+00:00,232.7025582018808,223.75177638361197,204.91943269276652,208.59395718842748,404.74171879542814
480,2017-11-21 18:46:17+00:00,225.6498375756864,216.40538922893845,195.94698983642715,200.7643404875646,391.3663774665739
481,2017-11-28 18:52:24+00:00,214.50770853591504,218.49948567445915,190.95617257798727,205.1750907384819,
482,2017-11-29 18:48:35+00:00,209.78859280278934,210.2727971267662,185.1079179916854,192.1155707371934,
483,2017-12-07 18:46:13+00:00,220.2980359298942,222.35583411535396,209.20307979504224,201.53767345627216,389.2288747698646
484,2018-01-31 18:52:08+00:00,221.06680856403318,218.71107247446446,200.42759495389262,198.7216643911119,395.31320809634263
485,2018-02-08 18:53:49+00:00,,,,193.01966267810712,350.50136555807353
486,2018-02-09 18:45:55+00:00,212.99699467743707,229.4007931992725,215.28727831811253,202.61551592939986,385.03523847348464
487,2018-02-16 18:52:03+00:00,,,,,386.08140175493577
488,2018-02-17 18:47:34+00:00,215.44340483695692,,,187.08238596946046,377.00596063455237
489,2018-02-25 18:45:48+00:00,221.66628913760573,207.90218733752502,206.61620221845348,191.63681123117,368.9626856744161
490,2018-03-05 18:47:23+00:00,222.6080684711026,218.6034241781395,,,375.81388412538996
491,2018-03-29 18:45:32+00:00,224.59477738412903,215.0408369680037,195.71428257033114,208.29329581652235,389.22760531203824
492,2018-04-14 18:45:23+00:00,212.84138754068158,207.80325434638328,195.54380714617068,201.85363050494036,
493,2018-04-30 18:45:15+00:00,217.17941893709096,214.00514514403102,193.4576729710385,200.05349736144078,
494,2018-05-16 18:45:04+00:00,227.29589719648243,214.50501303093364,206.2144687901327,209.17329138659906,380.31199418130143
495,2018-06-01 18:44:51+00:00,236.02300156948627,208.16788483345564,197.33363390009077,202.40401418771805,372.8653353065855
496,2018-06-09 18:45:53+00:00,,,196.78724209907747,196.89134003944613,
497,2018-07-11 18:45:15+00:00,242.06042178942704,228.78196728100795,204.82997680612465,207.80716454348558,348.1164027893193
498,2018-08-04 18:45:24+00:00,249.2914688438082,226.57834563250415,208.43683658148376,197.27065739467034,354.1744928928973
499,2018-08-11 18:51:39+00:00,246.02577936442557,225.333684281175,213.60379110656655,207.7340661722614,367.2284592507381
500,2018-10-07 18:45:52+00:00,226.12901750654842,214.19093855864395,194.83517794213725,187.55568114643893,
501,2018-10-15 18:43:15+00:00,240.9107980794152,,,209.10389384056685,375.64311013033273
502,2018-10-31 18:42:55+00:00,218.90395232897677,219.5646389979956,213.3900310527249,200.92706521947127,
503,2018-11-08 18:46:00+00:00,232.00028565404185,226.46102196185615,202.83143927084961,199.51916165315868,402.98684157626184
504,2018-11-16 18:42:33+00:00,225.25163961246687,,201.00321953536644,195.8563957399272,
505,2018-12-01 18:52:10+00:00,,,,,
506,2018-12-02 18:42:08+00:00,203.51645193373784,202.77667524590723,186.28198929827695,180.4286804000416,
507,2019-01-02 18:52:07+00:00,215.76062251960715,213.20443801826173,191.66498943713628,185.3683411611866,376.07221922419666
508,2019-01-03 18:41:13+00:00,205.54000866198703,212.37047791658907,193.11074364034673,173.8085550450624,388.2904165024992
509,2019-02-19 18:51:59+00:00,223.34082752669593,202.2320957214664,191.5576027826798,190.8516896602097,392.55377926995806
510,2019-02-28 18:45:45+00:00,183.97524340755575,191.00710012564568,182.4349536822633,191.6801227395485,
511,2019-03-08 18:39:14+00:00,176.0389245307146,,,205.2283703616953,381.9172980965004
512,2019-03-16 18:45:40+00:00,193.39782696403915,197.9296783853287,186.6312441278015,187.6371421729217,
513,2019-04-09 18:38:09+00:00,210.7753896267292,201.1538276956638,213.5903040846045,,
514,2019-04-17 18:45:31+00:00,202.60540726032409,211.57937913461447,199.65106770230435,193.7198939447751,
515,2019-05-03 18:45:31+00:00,216.0410706997448,211.0009965707126,196.7376653947415,193.7344942669339,394.64057816814903
516,2019-06-04 18:45:50+00:00,226.52318009572537,210.72570757095127,192.3556132704457,196.56160335506303,
517,2019-06-12 18:35:46+00:00,225.91162438243273,204.02137805568051,188.5819664752856,187.91671175213605,
518,2019-07-06 18:46:00+00:00,232.47994658478098,216.0908434024925,202.5026978837679,199.28427495616424,
519,2019-08-14 18:52:23+00:00,251.6285546019414,230.89565241668745,214.4722905543899,204.43325478885842,365.475251847047
520,2019-08-15 18:33:16+00:00,247.44713338376957,226.96731661388748,213.36740648343505,,
521,2019-08-31 18:32:35+00:00,250.01584502957684,242.58091774000667,227.91030293849275,224.94588630376091,368.0834938216141
522,2019-09-15 18:52:32+00:00,246.99719889392298,233.05171387763775,219.06330388988945,211.04580638095342,382.8844125006982
523,2019-09-24 18:46:24+00:00,253.52955957058944,236.0782174870184,217.4113878004747,202.88877211898424,359.5642654907095
524,2019-10-01 18:52:36+00:00,,,,,
525,2019-10-02 18:31:12+00:00,244.6768349553845,,,209.83151944252236,385.5148840374288
526,2019-10-10 18:46:27+00:00,250.85429380823322,232.6126912584874,212.61410215351506,205.54300514288605,393.5031839746576
527,2019-10-26 18:46:28+00:00,227.6386974745139,217.36447389898711,193.83502204906077,197.82386705519605,387.4977729280886
528,2019-11-03 18:29:49+00:00,245.83549179173033,233.62720425112767,216.61294446390264,,
529,2019-11-18 18:52:35+00:00,233.89458056645097,230.31159399605775,213.59083618798263,204.53533651898843,394.3336621934988
530,2020-01-05 18:52:27+00:00,214.1820460380936,208.71298336831333,211.41637158463138,199.02037237658558,
531,2020-01-06 18:26:40+00:00,198.41911733843813,,208.8133411699708,,
532,2020-01-22 18:25:53+00:00,222.70294474723045,221.72994805666963,221.05578758321175,,
533,2020-02-15 18:46:06+00:00,208.61659887560646,223.80878966790752,210.03998679912817,197.20274788046612,
534,2020-03-02 18:46:01+00:00,217.70213375856986,211.56537679678073,211.370814214045,194.98102199313894,
535,2020-03-10 18:23:23+00:00,202.22070256394133,216.58019012523556,198.2069327185998,174.8291061566802,
536,2020-03-26 18:22:30+00:00,233.52822659993183,232.903373298002,227.35829204807948,206.04323615205197,363.0831901459357
537,2020-04-03 18:45:44+00:00,241.1297059274521,227.59780466707156,211.27523152332546,204.40721859946748,304.2915927612179
538,2020-05-21 18:45:31+00:00,233.99187230447797,234.13244514431543,222.14772942059776,214.21265778575042,348.42632285574723
539,2020-06-22 18:45:47+00:00,249.66775485651524,235.81209413964834,220.8479555850648,209.5265552520322,
540,2020-06-30 18:16:49+00:00,250.51504883501866,,211.1662034857744,199.6642393073065,
541,2020-07-08 18:45:54+00:00,246.2860303840541,230.6756114284802,213.86520300685837,201.53415933181049,341.398581046467
542,2020-08-09 18:46:03+00:00,253.9387140141807,233.84597635558595,216.75311845407538,,
543,2020-09-17 18:52:31+00:00,,,,,387.7714632798971
544,2020-09-18 18:11:44+00:00,263.5646614566563,257.8597231760986,250.53640831752847,241.37952627757804,370.06065467905853
545,2020-09-26 18:46:22+00:00,238.0428534664924,227.79434546506621,215.77318038704607,203.5389659990279,
546,2020-10-04 18:10:43+00:00,238.73282485905858,230.93968555817136,221.38940188147293,204.43258199880984,
547,2020-10-12 18:46:24+00:00,240.04694248610707,231.27038316534797,218.76069818879847,209.21413371915318,374.35878769362296
548,2020-10-20 18:09:41+00:00,243.94915333546737,240.52625745089674,223.85846433493444,205.8591278896557,
549,2020-10-28 18:46:24+00:00,256.65214217106484,241.74048738225343,222.908413176529,207.0132082548636,380.48497330215474
550,2020-11-05 18:08:37+00:00,250.87892149395208,244.46435242417914,228.26408640131385,,
551,2020-11-20 18:52:34+00:00,237.39891680115036,230.85266173033213,218.9786388452369,208.73596145269215,387.5606249365569
552,2020-11-29 18:46:25+00:00,234.6940502891217,233.8211989667805,218.27422512558655,205.82338306527902,398.2605519783375
553,2020-12-07 18:06:20+00:00,212.66870022404666,,200.17534107989542,183.98968187336607,
554,2020-12-23 18:05:07+00:00,181.41103759770377,,178.64287081863293,,356.7131181474632
555,2020-12-31 18:46:21+00:00,197.99059587692676,206.97525421552223,177.43476954577986,178.58471355967467,311.8411421037184
556,2021-01-07 18:52:29+00:00,205.88144753055144,201.90719706483313,178.0068530544632,183.13234895599672,274.4104445182299
557,2021-01-23 18:52:24+00:00,199.0922525906672,218.46571711731096,188.05572750762104,178.32408466531749,297.39024575734857
558,2021-02-01 18:46:12+00:00,203.84545945226014,204.51870828636092,186.6532119878284,177.3557771987039,303.01087374468324
559,2021-02-08 18:52:21+00:00,,,189.54111887576101,,
560,2021-02-17 18:46:08+00:00,212.06267069497977,209.37240029341064,197.37980664258217,184.45717082992616,339.5069099658098
561,2021-02-25 18:00:29+00:00,209.93472143400626,217.04093406926356,186.6283408129596,175.21127862763424,
562,2021-03-05 18:46:01+00:00,210.13803609853028,193.87313067395107,185.12567586658247,172.20201903561724,300.33573127138663
563,2021-03-12 18:52:08+00:00,232.8097884785717,211.33507311647986,194.3251454709528,194.0616505743554,353.80984776953557
564,2021-03-21 18:45:53+00:00,227.2707322986785,186.4961106165662,190.90177994926114,195.0274853626874,296.24790719858765
565,2021-04-14 17:56:37+00:00,,186.40203774650442,170.56657213272257,183.62955518580472,297.2377694224779
566,2021-05-08 18:45:35+00:00,219.40514884459256,191.16573162905541,183.33761472925195,188.10159161128496,284.4726915959148
567,2021-06-17 17:51:16+00:00,220.77338627371256,205.935085305593,200.56418277541357,188.5223392127251,
568,2021-07-18 18:52:11+00:00,236.90898562872528,216.66876049154115,195.16345000273404,194.28235911845394,
569,2021-07-27 18:46:06+00:00,245.8363161604905,230.27766812042515,209.17956168858962,201.79641625382337,
570,2021-08-28 18:46:17+00:00,236.57041420908138,217.40198747291265,200.8679441217995,197.820482868221,
571,2021-09-20 18:52:33+00:00,231.0331245893669,219.65938473867803,205.4583749286349,193.80474815383684,276.2452351115524
572,2021-09-21 17:42:57+00:00,234.31527392155166,229.1465090497899,,193.7651483602085,
573,2021-09-29 18:46:25+00:00,220.9916021727462,214.3408309961624,193.5694006823779,197.8581148078931,298.68040686388116
574,2021-10-15 18:46:30+00:00,230.87920454209714,211.79699168458058,197.22584467782642,192.60230030025318,327.87279215155934
575,2021-11-23 18:52:36+00:00,197.6175303456626,212.84002777677614,207.18724426953514,201.948719224094,398.80862144765496
576,2021-11-24 17:37:02+00:00,,,194.92111405496277,,388.0491769888742
577,2021-12-10 17:35:32+00:00,166.2103866870064,,,178.3262265206206,341.56482568374884
578,2021-12-10 18:46:25+00:00,196.43915704732723,206.92765831064852,205.34242874076358,195.15983996490382,371.8414969110285
579,2021-12-18 18:46:24+00:00,198.83623578931855,213.54489058019246,194.37266070021545,189.32487169863091,401.04803676747593
580,2021-12-26 17:33:58+00:00,186.0456291887836,,174.90788053962922,,
581,2022-01-10 18:52:29+00:00,,,,,367.53061446512345
582,2022-01-11 18:46:19+00:00,202.7661503839563,207.30755272782355,183.92378763409067,179.01195837445772,368.23549654547395
583,2022-01-19 18:46:16+00:00,205.07870407706318,219.76234901895805,197.331460831967,184.392833982717,371.9633847839606
584,2022-01-26 18:52:24+00:00,205.12027453688628,215.29581033629196,208.72163877230446,188.2229669827721,318.01805698792606
585,2022-01-27 18:46:21+00:00,201.95894238765976,225.14575018279464,211.5727673787014,187.57972805615864,350.2242424394048
586,2022-02-04 18:46:12+00:00,218.75930518946333,217.8537455933169,203.50571918087053,187.99135770274822,392.1250344818825
587,2022-02-12 18:46:17+00:00,219.8168331514438,233.3946284040597,221.17899755737648,204.8679710592086,388.8602140848128
588,2022-02-28 18:46:06+00:00,209.75001704661565,217.49480326867385,200.58383078591018,184.54519052155865,
589,2022-03-08 18:46:04+00:00,230.13431117803424,227.4548339474798,213.30114603387355,197.39752550592146,366.04123770245997
590,2022-03-16 18:46:05+00:00,203.9280626412531,210.4899033348349,194.2509595625547,189.38200904765247,274.25694184380177
591,2022-04-01 18:46:01+00:00,226.29985049284528,213.82061764840952,194.63171827512807,189.37690088048666,276.8077069163502
592,2022-04-09 18:45:53+00:00,205.32610317998245,199.97776339814152,203.55014147999734,190.12211036100558,271.4203509167884
593,2022-04-17 18:45:53+00:00,,,,,
594,2022-04-25 18:45:51+00:00,204.6275036348558,204.03489894315197,187.08869110227448,193.4750754665443,287.86395929860777
595,2022-05-03 18:45:48+00:00,219.18196331608897,207.1743611812119,186.89501561434932,195.2892048487815,297.3165272368131
596,2022-05-11 18:45:59+00:00,226.9434524864236,190.70511781535083,208.47768779675766,196.80533682203375,
597,2022-06-20 18:45:49+00:00,223.81093697630496,202.07396964327882,190.64971121164345,191.8675071263725,269.94686075353263
598,2022-08-31 18:46:36+00:00,252.77195142579518,239.92811481349426,223.08558696198128,211.84828009039632,382.23540524169266
599,2022-09-08 18:46:17+00:00,231.88695731617938,217.36557208787485,199.49939443960338,198.69656542674207,364.9527631470106
600,2022-09-24 18:46:25+00:00,226.88472824836163,215.35571341923784,212.238252523236,209.6332410375945,390.02155876793984
601,2022-11-03 18:46:43+00:00,217.89343831892282,208.44588422451284,190.4241236227577,181.7685183493059,357.00495020220944
602,2022-11-11 18:46:32+00:00,215.03368515248454,217.69442346459914,195.6060376191853,189.0217615606011,391.7829335230684
603,2022-11-19 18:46:36+00:00,222.35904860366696,223.45876376151708,215.11714644047612,201.41755991080032,394.3142362327777
604,2022-11-27 18:46:30+00:00,198.67104663902077,209.06466808983222,194.61646315343725,188.09369913388113,395.5278595585647
605,2022-12-05 18:46:38+00:00,211.7239275535021,210.35142310735432,190.24455913199657,183.00840901578374,363.24089113864414
606,2022-12-13 18:46:31+00:00,206.05220934498726,208.01194783586809,196.82318833521148,186.85213985844487,384.34551994155333
607,2022-12-21 18:46:27+00:00,207.3600202528577,198.46340546092648,200.56744895931448,193.06107178732026,397.0100858479242
608,2023-01-22 18:46:25+00:00,,,181.62970059416406,180.2236938706706,362.2963733750673
609,2023-01-30 18:46:31+00:00,213.91659211406244,193.56104965172824,183.9557702159782,191.97539376277206,353.9245112432906
610,2023-02-15 18:46:31+00:00,198.16527375947135,188.84352367137734,182.47755708106087,186.45610858689219,319.04363397828087
611,2023-03-03 18:46:19+00:00,192.72714540518828,197.82484685270776,188.02664612491373,196.8268898102548,344.36886829188035
612,2023-03-27 18:45:54+00:00,194.4963154157379,205.8969251439512,208.28624401952968,218.43977811430562,363.1519345319056
613,2023-04-04 18:46:01+00:00,198.22579492076144,197.90193315061737,196.25480535868024,206.5540988371099,364.98010255157175
614,2023-05-22 18:45:35+00:00,212.14218175058176,206.59645630874235,183.56339582608362,198.517530489666,
615,2023-07-17 18:45:46+00:00,230.72574189341432,215.14956060484906,193.7749447041637,197.6670778804043,362.73042737812426
616,2023-09-03 18:46:03+00:00,237.89573883186014,217.95560578782536,198.49936029327048,197.90079378810617,366.332215592513
617,2023-09-27 18:46:04+00:00,223.06072734073058,212.38982274790072,193.21750674987902,191.25564202380025,
618,2023-10-05 18:46:11+00:00,236.23219278263346,218.7785853418244,196.9847735670828,200.40012888225945,393.9798823623312
619,2023-10-29 18:46:15+00:00,217.4416493192105,220.93680509726892,205.16019032064716,192.5342043484013,391.6326288573061
620,2023-11-22 18:46:19+00:00,203.72487950392113,200.095177015158,189.03169496870535,209.8202653876605,379.28327192374553
621,2023-11-30 18:46:23+00:00,203.0988653888166,210.14974193704614,203.27565781621888,196.03229417109924,402.5671263548089
622,2023-12-08 18:46:11+00:00,196.80819942597006,205.44432239821376,180.01750466863854,183.89838063501298,342.38184778630176
623,2023-12-16 18:46:24+00:00,196.41730116154827,205.7509828871556,188.31835533461665,187.49734446203126,386.9256092839292
624,2024-01-01 18:46:21+00:00,172.72861784691375,192.9106375494838,188.30464749720025,182.45357068810785,361.3720011488028
625,2024-01-25 18:46:05+00:00,174.73188875891825,201.97892589958317,190.72650579604903,178.38931161850616,
626,2024-02-02 18:46:23+00:00,174.23075990996284,,180.56100004416794,168.31938680996083,
627,2024-02-10 18:46:10+00:00,182.33859393760588,186.99582546452393,190.56950852279263,186.8616252860901,390.66370018737575
628,2024-02-18 18:46:15+00:00,181.8055167496973,195.90307029501108,196.1327065894891,177.34260152830626,273.67551168309
629,2024-03-13 18:45:55+00:00,185.42095471423383,204.91518965592704,190.2163092567084,179.69413677306073,267.79697177182976
630,2024-03-21 18:46:12+00:00,188.550612281389,206.49741580769924,194.0214294138008,182.998185638877,269.7781674236789
631,2024-04-06 18:46:04+00:00,194.58803255557257,214.56825445523276,208.30990175188927,180.1419694015096,285.7262357199738
632,2024-04-30 18:45:25+00:00,217.73166180943412,217.7542161380319,203.5751137472788,181.5879824070477,268.51072614708926
633,2024-05-08 18:45:41+00:00,222.94861039338986,210.14564255886557,196.44259613853748,185.79460683082272,273.7760019086088
634,2024-06-17 18:45:14+00:00,231.90750923293322,214.7194682623256,185.12993703575657,188.3578848131851,341.78895527029294
635,2024-07-03 18:45:23+00:00,234.0796810775799,210.7874534151993,191.03341843278014,185.83858644111487,346.80716100933057
636,2024-07-11 18:45:28+00:00,242.50162757140745,222.6443917682645,199.6553482264409,196.0136020332423,338.11442499890734
637,2024-07-19 18:45:38+00:00,230.83173879387616,220.28283505214546,199.9201903846251,192.98233231383585,385.12224639188435
638,2024-08-20 18:45:49+00:00,256.28177861454105,236.1940879563578,224.80411115882413,214.53918565838546,399.6319999395074
639,2024-08-28 18:45:51+00:00,244.69574999645158,229.48464610761997,215.84666242326225,199.0832927573199,359.3804641250306
640,2024-09-20 18:52:02+00:00,,,,,
641,2024-10-07 18:45:56+00:00,244.7887448910874,232.6644445401554,218.1257016619662,204.46585340182682,400.71918328291326
642,2024-10-23 18:46:08+00:00,222.4034177809986,228.8153785028565,216.1490700416237,204.47678339281902,368.3799793913131
643,2024-10-30 18:52:11+00:00,225.43368582765686,222.44711121618096,202.77036102776356,202.15391923906208,376.19853321672736
644,2024-10-31 18:46:10+00:00,223.06414883156148,222.08313423175798,198.62636827894522,200.28956884219625,369.7573409928882
645,2024-11-08 18:46:06+00:00,223.39822235620815,227.36511554778969,191.35767990558173,198.56844285252336,376.5597685361424
646,2024-11-15 18:52:15+00:00,208.88813160869384,205.0963816350715,187.09571725535164,188.23048125159073,
647,2024-11-24 18:46:15+00:00,206.8083173834407,208.6319794543234,216.9828354110856,206.17527585530456,391.19844082078407
648,2024-12-02 18:46:18+00:00,202.27604652292615,213.42749028465033,202.42572625367532,192.82428685875874,402.4339484703246
649,2024-12-10 18:46:04+00:00,192.3203149290307,207.94246229530054,196.11014742607765,195.04609630544937,367.4125236997976
650,2024-12-17 18:52:16+00:00,,,,190.1952123774092,
651,2024-12-18 18:46:14+00:00,164.25452279381489,213.01450802227666,197.77765155114625,195.2198657355483,356.17306951670383
652,2025-01-11 18:46:10+00:00,188.12278053803956,210.72326121867556,196.73607963053712,175.4740094941591,348.4093616004588
653,2025-01-27 18:46:06+00:00,221.95991732283784,219.79742437484552,205.2042244030427,182.86994322000476,
654,2025-02-20 18:46:14+00:00,213.7180949072002,209.85457359889284,208.5743562394385,192.49641636186314,334.4072010237672
655,2025-02-28 18:45:55+00:00,,194.09596189079525,189.70466993394712,178.10427533010647,
656,2025-03-08 18:46:08+00:00,231.58266211509215,203.84368302834343,189.55682139414174,201.5556704168757,333.5982360752094
657,2025-03-24 18:45:57+00:00,224.96598138617372,196.51550622982225,209.42238147171938,222.1241409129678,335.0721371816762
658,2025-04-01 18:45:44+00:00,200.60399132461322,199.4860865839291,201.07114435967324,204.39193171996789,280.5297021489283
659,2025-04-09 18:45:57+00:00,197.81356517877796,184.407530481358,198.37445522520107,198.32000573929648,269.24527249514813
