,dates,nzd0180-0000,nzd0180-0001,nzd0180-0002,nzd0180-0003,nzd0180-0004,nzd0180-0005,nzd0180-0006,nzd0180-0007,nzd0180-0008,nzd0180-0009,nzd0180-0010,nzd0180-0011,nzd0180-0012,nzd0180-0013,nzd0180-0014,nzd0180-0015
0,1999-08-19 21:58:28+00:00,,156.0333477641152,163.4315237220681,182.2810111110285,169.02190625484278,172.46980223716358,183.91710651541644,176.07589970608385,182.10221978713477,180.34199195360685,166.61806897950535,165.67071229784187,167.18611845976145,158.6818337048757,175.15645096490042,165.1241281750473
1,1999-09-20 21:58:32+00:00,,,,,,,,,,,,,,,,
2,1999-10-22 21:58:28+00:00,185.09210557192114,175.19006335731348,187.68953867932004,189.99947855597213,188.22363342396815,198.89209227003647,195.88919912723222,200.17376655448854,201.161689034174,198.44981629601142,194.51022908846414,185.76094885696364,181.77994093143712,183.3793590472305,182.21125752830199,188.90679132528564
3,1999-12-09 21:58:33+00:00,175.6351703735351,165.35920295953574,179.13778538595443,188.31298318419385,193.99359828361875,201.5188649172991,193.55785295746867,200.75574206987898,197.00399039395995,199.26908685960782,194.63518940893832,185.07608232130502,178.3110577426318,178.10345277073236,181.7606560825074,183.53590911856324
4,2000-02-11 21:58:22+00:00,184.11761857422326,189.3753391774173,201.43332647576707,218.19530075276234,,,,,202.2380688160113,205.9966057455354,,,,,183.08136022910577,177.81339428442791
5,2000-02-27 21:58:16+00:00,196.09232478096737,186.73912594612332,196.50559914216885,204.47752825702986,201.40432948602364,209.34912357343615,208.13336226317006,205.44928405044905,208.25087088728253,201.28046047795985,197.84262253095528,189.50803806993594,180.54246469497485,186.982453777233,183.67978875947497,181.34334819712745
6,2000-03-14 21:58:35+00:00,189.67447414025645,178.87691508087136,193.4625297701362,201.59826085613633,196.16474639535127,206.2441706612591,202.67591602567322,203.17445733589804,205.84763930868428,201.59333953171452,196.92225644813664,190.4897829133783,179.365242010933,185.90193000444233,182.39264757391663,185.2915979261888
7,2000-03-30 21:58:09+00:00,192.6199360695113,187.94499595342552,194.69074095678252,203.26128789799037,202.8622745712106,202.10588184361745,199.50872846229615,195.39095581310596,202.69494965681932,198.51355098204428,191.16188031841025,186.69717558813898,174.67787490854514,176.12376596533642,178.3932872242152,177.76826289800672
8,2000-05-01 21:57:54+00:00,192.315725455147,185.71212735797795,198.83907195010693,201.55758978563028,202.27587785542926,203.97731309010666,201.85326493053063,203.18958239644965,200.01820944532267,203.01826475198436,194.8577435006637,189.35732333455377,183.2227512457729,181.83847609509706,185.58246085876078,179.77880221420432
9,2000-06-18 21:57:51+00:00,,,,,,180.59335454744956,189.60458268695209,178.57181352059175,190.16923281946058,189.52450829771254,,,,,,
10,2000-07-20 21:56:59+00:00,139.98090544956523,131.92583588738586,,,,,136.35115391701729,,,,140.0289040052244,133.6544232998614,124.61222481081987,122.01760851106837,125.05837400526399,117.35413256839317
11,2000-08-05 21:56:44+00:00,174.33061853015607,155.90003217387417,166.2026469702514,169.06972307967493,176.59452627808818,172.79007697182567,175.04554790640677,175.21974380485216,174.6146026373178,180.2929344502094,176.02183915191264,170.41311670672454,163.2775184244061,156.92197479990813,155.34384505344616,145.92726011079273
12,2000-10-24 21:56:17+00:00,,170.59153873703139,186.44066514510504,188.28875799347645,190.78959029227838,196.7411629033545,180.3619828794643,173.81828493523128,184.04981400951874,190.1522385268727,189.30253615705936,176.43279811364837,,,,
13,2000-12-11 21:56:00+00:00,162.2809920488928,153.7159690418803,175.63334188596386,176.34862293033345,172.09248395779008,176.7455728232467,170.39902570956346,172.55769988579405,170.8664792499747,171.18650692847424,165.74076192826897,154.31546285555692,144.03796417939373,143.47343748411706,149.33440052683108,144.42482049367396
14,2001-01-12 21:56:30+00:00,170.25937067407767,174.6069440181879,199.55578787952234,194.19799876921178,191.1388401967658,193.4787159390484,193.76273657508142,195.63237951918197,183.17848707922315,190.93508368698315,182.0434621244634,176.2081946560814,168.09462975277512,159.18059209239163,162.8899126492333,162.31903953868868
15,2001-03-17 21:56:16+00:00,,,,,,,,,,,,,,,,
16,2001-05-20 21:55:29+00:00,182.0276516655619,173.36175455926042,190.90088297619099,199.9608783279255,193.00035009220485,202.8821981554913,198.3916550101011,195.0674815167716,203.88930679356756,202.3549271070723,194.83486185972427,182.00320397264557,167.9524112425442,166.07938622750345,172.2455404216807,171.17233719387949
17,2001-06-05 21:55:16+00:00,183.52003136423724,179.01462777062426,197.82585027487423,204.5526599714938,196.22639869187182,204.2027468731,200.6633562285336,200.98997577375292,204.26162984259307,198.33602270437208,188.6614660564919,185.51590127500444,169.06503323060554,170.8693244117371,170.06499175327804,166.67673855906264
18,2001-06-21 21:55:05+00:00,187.60021829039547,178.80579473923427,197.16241214519968,194.28826028270504,195.29551876176237,200.8989324328448,200.30837760295316,204.53567453666008,202.1686214378362,200.8334437680307,197.60438380641028,182.28822637053315,177.75046973428704,173.77829747254557,173.4270308901303,168.9952093748209
19,2001-09-09 21:54:36+00:00,170.85982362170841,160.54864863274298,184.54863989612403,187.1932909408899,176.22691842178693,188.08361061396081,186.29690760360447,183.80936745518906,189.78459675989095,184.67382692677367,184.10763745558035,177.58458635879828,167.56891084141557,170.1750811536475,168.26279621620017,163.2402351585308
20,2001-09-25 21:54:04+00:00,,188.98105058023276,198.5071658341896,203.18417712439836,197.24803339757494,200.9406768014477,201.317443324984,191.60415579556656,194.8808283697274,192.65978074185807,174.2122052510865,172.10889271141622,159.33233048447033,161.91825668044353,170.59762061908145,171.73637309912942
21,2001-10-11 21:53:46+00:00,181.17576318959502,173.4544220986544,191.8451480773394,198.2921284196313,186.52593855265974,196.19015514334626,191.2309381152791,187.84605773160825,193.0587672265355,187.92961918715247,185.75135547217454,175.45262938390832,167.49889797468876,168.3443403946324,170.60010645061772,177.0310577291102
22,2002-01-15 21:54:23+00:00,191.45468457883598,179.23257864190023,199.36248146428392,201.00590499214965,196.6628367403203,204.3595250775013,198.26111173327794,199.32601589756496,202.3427675173562,196.5185916630655,196.20897891300308,186.12417577771203,179.01675050535474,185.53566805336067,187.39400458850707,182.8749122259709
23,2002-01-31 21:54:26+00:00,161.15880880995735,154.2384557841999,176.07520411877832,184.01623470922524,160.95538268475607,182.1114326751755,185.46231621359158,185.29701620970886,195.07354982565028,185.185548129654,182.55794470382665,171.97966846702488,163.19673271000352,162.75937831301442,161.45230866244327,161.43902369255034
24,2002-02-16 21:54:54+00:00,179.2051763246959,174.41565537535104,185.85483248802092,194.49341585617486,190.96769831614196,191.575861188536,192.5969141381107,186.97721135657696,192.28887440680708,189.91206392180501,182.44111143858774,180.93399761546922,164.70983107089972,167.554009715449,170.95526544306242,170.16451974603558
25,2002-03-20 21:54:24+00:00,209.50821570050806,184.96504574681128,192.52703202358796,197.3183368663054,191.19912075218903,199.47429990406036,196.03325845435668,190.9484424352824,198.5580846442781,191.4514055587974,182.18318733449655,179.67603989583813,,,173.39901347215113,175.44753749386408
26,2002-08-27 21:53:36+00:00,192.89466660667995,194.90087743361892,204.62820717855493,209.03000493015028,203.06581026984605,201.66368966449565,200.41351771254745,195.3031801260871,197.69250107697383,201.14326893432104,193.24244194702294,187.70235634940758,175.08551402431058,169.17899007138263,165.731625689378,162.03511762780812
27,2002-10-14 21:53:19+00:00,196.22509640350933,188.20924568655093,198.15455932228477,207.68009468663547,205.07265518206594,204.83672032485777,196.43129013581145,200.16608378886406,198.75720096997514,199.16510851549026,196.30234613834662,181.11011099745738,174.72817091914507,167.08547606716402,168.9991890978868,171.02831603487707
28,2002-10-30 21:53:25+00:00,191.31094733554312,189.596381075811,199.0061720143155,202.27330443171857,203.19929287943899,198.5661772553437,201.1262548499773,205.77526471707966,206.55454381735615,196.48881737463998,195.32347508937298,187.86900009180323,174.39144505849754,175.04435071513072,170.6716381629536,171.47351697247416
29,2002-11-15 21:53:36+00:00,178.900486034167,176.0442444839685,191.57165878887236,192.73724081950175,194.6050818607585,189.54422655556334,191.33005102621473,189.90998387763608,188.20639438851626,190.11901910157493,177.30762158372525,174.5404251668383,163.83739359102222,157.4437576899364,160.0218840751256,150.3597645591688
30,2003-01-18 21:54:06+00:00,184.28332677457144,180.19599440982586,196.39717421651832,195.66745126449212,199.9601521409289,195.70358218520897,191.95851235989275,186.40659967047594,189.38232078505115,188.86732564412793,181.353418420325,175.94516599781224,161.40064401625955,160.69165842108058,162.15128900104344,157.13548672890212
31,2003-02-03 21:54:38+00:00,187.67620122137868,185.21602416571392,200.6161501145537,194.27930648142302,192.02881391711276,184.27017235055408,170.5167493131093,,147.78085283273427,160.75427215419143,,133.33775367090266,,,,
32,2003-03-23 21:54:16+00:00,191.56647672982928,183.94658780801467,195.66215888757034,189.1309830797921,185.4668094864348,186.65033409381465,182.88017657212083,186.0506558674777,184.54191820047274,186.64562273079255,176.31047177897972,166.26111792320978,159.0454167394064,154.563443634033,157.61231416961692,152.76882229915364
33,2003-05-10 21:54:22+00:00,193.71620750441411,188.07686118303715,197.47940244759585,193.14434577308452,184.42998942283768,179.47782018503284,179.76131354769865,173.48125417829436,184.02338742927734,180.48527800564034,180.5568284219218,183.03820257339206,172.5040091705868,166.59186775317727,153.849297361892,159.22334081341472
34,2003-07-21 21:42:09+00:00,189.24092598134172,183.44708594494557,195.90095450261776,186.43829538277893,187.74221948522586,180.9119292130076,182.51369740488735,178.97241864727732,176.35556049907098,179.38466467911303,168.630948161953,168.4008642899821,158.7775124756583,153.89544110122614,159.60053315064872,144.79615851291922
35,2003-08-06 21:42:27+00:00,181.6649412415926,163.43109584661377,191.49067928252424,189.9782400876197,176.70207612709063,173.6074140677587,172.14785074394382,167.0084352912563,170.90891627304157,176.01017923549253,168.64515270690933,166.8348048025591,165.91043672635178,159.7774183110763,150.74171156282299,154.17817575947572
36,2003-08-30 21:54:22+00:00,169.5980809885784,160.2252202115834,178.11719116370045,175.09493935460034,174.92858848840348,170.96385712836812,169.2491694525259,167.53630377228544,165.53253830332116,168.17524361501648,166.83743982063302,165.11283479345957,160.4875762053647,149.5283985982495,156.0641072692144,
37,2003-09-07 21:43:00+00:00,171.70936974271567,170.65155506193898,196.5687459804544,219.13979229173594,182.95042287068992,179.77570921718845,175.44412619432936,173.43434117282942,174.0273992774285,166.30333408216606,168.41468992606846,165.9909167199126,158.13152892548263,158.99175170718462,160.12904981076807,155.63436630774487
38,2003-10-17 21:53:51+00:00,197.43097934274374,186.2489779745111,202.81033439902015,202.94984720645425,199.33807364658537,201.04422520693512,196.6929805662309,199.08828753546726,199.6593955951361,194.83296180014935,,,,,,
39,2003-10-18 21:37:48+00:00,,,,,,,,,,,,,,,,
40,2003-10-25 21:43:40+00:00,181.011328588641,171.8367389221124,197.98643952221238,195.79598847963294,196.30043468009973,185.21911145266867,188.75214658895337,186.64952410223412,184.792953288443,187.6429366119813,177.62145280227446,178.20293242399546,160.90845790517432,159.88542262760464,164.72910007838027,163.22519644559944
41,2003-11-02 21:54:26+00:00,167.79999653074339,173.93575016584475,189.43080830184158,187.62389224104595,188.29957462648645,,,,,,,,165.21849144254142,161.22185303407988,167.35138951486817,164.41243930266026
42,2003-11-18 21:54:39+00:00,185.65106296650973,181.32877738400506,194.86001312330117,202.02408103769332,198.01713043260477,196.36300917882863,193.95002107108553,189.81270435914774,194.1837747868541,188.82822277990925,186.93700719219015,184.37752459202392,170.31049342139417,172.3762435847997,172.2228550319041,
43,2003-11-19 21:38:14+00:00,,,,,,,,,,,,,,,,
44,2003-12-04 21:54:19+00:00,192.93468436456632,180.52831826770418,195.75660258708905,199.96735448969616,193.15682073752484,196.29175045024172,189.3631457946397,193.36276072492583,192.08491564777248,,,,,,,169.98982794838201
45,2004-01-05 21:54:33+00:00,181.36219626254092,176.24774913414538,195.12371909299787,192.5879878290865,193.27097172150843,,,,,,,,172.718728223259,168.76218100787605,169.7953619006614,171.79175048550695
46,2004-01-21 21:54:39+00:00,,,,194.7186580305832,191.99572194599034,188.80980619227628,177.18519218223992,179.14382176574938,180.4183962879658,180.99568001867618,176.80490066292597,166.26967298859708,163.41170565403314,158.6919320502554,161.17358585834018,161.94743964248934
47,2004-02-06 21:55:08+00:00,201.962811490399,187.86586100541177,206.69813694604176,209.9717827090042,208.25410289728984,209.33910578975247,207.27616857090445,200.1571858289621,208.64151381858903,201.45737153935173,201.171224374058,195.31387272131906,182.96730093979835,186.03883555042376,186.58558925310368,185.6622444958833
48,2004-02-14 21:44:57+00:00,199.95515641484465,186.9434607030656,199.00525218036898,208.0976798177898,193.40370744943314,,,,185.1931886808666,200.35641570870843,,,,,178.6363480331551,173.69885085797014
49,2004-03-09 21:55:15+00:00,156.5671274048302,163.90785060812453,163.86368449359236,178.08989738832267,173.73366431228888,174.84467088749577,,170.87100645481365,178.77715476165423,177.49892703807825,176.05644612903984,164.59865056530276,169.90861975833639,161.80959958378233,166.97718476161714,173.50013497056415
50,2004-03-17 21:45:08+00:00,170.60658677338057,166.7866532800743,176.51419800206457,186.72615074702784,191.15642721111854,192.07935644253365,191.34463230808757,185.31564469489786,187.46069128547592,189.23919504989027,181.7255946216687,178.8330351115955,171.56452591537243,170.56077081921438,174.37296547073885,172.76476092110713
51,2004-03-25 21:54:54+00:00,,175.88238314262216,197.2657327892461,194.74690558201686,197.0037021613548,194.6186740185609,192.32847319216594,195.23251541174275,194.23731814557408,199.32962100728992,192.59627859064415,184.06621153109657,176.33553451384475,172.59798933654253,178.2557692595173,181.2919361599098
52,2004-04-02 21:44:55+00:00,182.5904855920788,175.01895834329275,192.98910657501287,191.6803866281089,193.66439629016824,192.23768016378725,189.49822718055887,193.5888807482498,191.15028526090876,194.0084514642911,187.53591076178049,180.35164194020228,175.2460269525071,169.9734912766255,176.0087252398518,174.77932201187662
53,2004-04-10 21:54:50+00:00,182.79365103553937,168.25357460844677,180.26397440704315,198.35207677273155,192.7522316147412,190.22221367301754,194.72422002234447,195.70851278447296,,197.74091667664177,189.2163767716473,,174.33580599829818,,,
54,2004-04-18 21:45:25+00:00,163.31181357365003,155.0198473363263,172.1843727763686,177.40986738731226,173.50166331543383,176.00056242070087,174.08566168974804,170.46452721936532,174.67846142380438,176.71539489342513,171.63231168428345,169.47595762485395,167.7476798830916,167.8112066701004,176.6734878445534,174.0626344872877
55,2004-05-12 21:54:49+00:00,175.7919738200585,170.98574721835337,186.87180215387318,189.8204650824597,185.26771821007102,188.18507744087663,184.18891459712586,,,,,,,195.67141404465286,177.66752437011485,171.3723672878285
56,2004-05-20 21:46:20+00:00,183.77932672473338,172.91508191893936,198.57037334745272,198.77120178536805,192.40999974797325,192.0868191781348,182.65489241025,184.10759636932485,189.74288046485398,189.29364849728336,187.9428685424629,182.41985671433923,181.47875152521706,175.9242271041175,180.5410075945747,180.87301389354263
57,2004-05-28 21:54:47+00:00,183.1682660656366,174.48910824335235,187.24111633867162,190.28751719238844,190.54048222604902,189.6366639597475,190.2478991624926,191.936801176356,189.36359132607566,193.60774691211412,184.989696370318,179.91998916198494,175.01707788573447,168.9105778368247,176.6098946709845,173.74955576334816
58,2004-06-21 21:47:40+00:00,192.0752300685572,184.75250001763825,205.0210165105781,199.24526961970787,204.00560954426464,204.24544782874534,202.18093923334456,206.64813170770196,202.30787294010292,205.956929484644,196.52140030550157,192.9790315797249,187.4830361699283,181.11564082930184,188.38907691596103,187.6042418445033
59,2004-06-29 21:55:03+00:00,179.5657734573702,168.93451946231914,181.88783029878522,190.1282087686423,182.52967190232542,186.58014565265185,186.9998727078162,186.27339890390436,191.13522087725028,190.85581211335187,182.6665421184063,180.4242082291221,172.3632278193293,171.87992688548937,176.55468802666405,176.34853270620005
60,2004-06-30 21:41:46+00:00,,,,,,,,,,,202.61658578539172,190.4355893466199,182.10211133543177,171.63242084126267,191.44828980975169,195.7450387203728
61,2004-07-07 21:47:45+00:00,192.6462409343674,179.80224190241188,200.4688231857643,203.6064881010654,197.2123160060118,204.14591043227384,199.80881798880446,199.29448172931572,199.55548036260336,195.41435872489913,195.52729581386598,186.7551961773702,178.0634037402546,176.41222080049593,182.94590470170857,187.09184361706446
62,2004-07-23 21:48:09+00:00,176.16074513915254,172.1849103959171,198.26322182258843,196.88252891579253,198.84192224740352,194.66812177766178,191.41378620790064,197.29773614908893,192.67321137023617,195.28624965257808,188.2308272855441,179.31925639390593,180.7256138588816,172.5869997054382,178.41206747212834,182.29394949820858
63,2004-08-16 21:54:26+00:00,185.22248160808473,177.33419889816287,194.4710720093988,196.6663136076118,192.64040537698858,196.08811966078218,186.97851962538093,189.1235106715138,188.04812384861526,189.42856940749746,186.33061578893359,,,,,
64,2004-09-18 21:43:46+00:00,,,,,,,,,,,,,208.20681398179516,200.639921167532,212.3292664471288,208.36089677014454
65,2004-09-25 21:49:43+00:00,182.70653582394786,173.65271018664916,191.44704165076166,191.5739311268968,192.23608779989243,188.57031528311478,187.10848040013914,189.7592483074573,187.09627482827253,192.65825943237397,183.15531949613955,181.4981122048505,175.44263839009577,177.99168375641813,184.45294967124283,185.8930471997084
66,2004-10-20 21:44:28+00:00,,,,,,,,,,,,,195.27202152127285,203.03083909683963,200.3714852639491,206.2775100666505
67,2004-10-27 21:50:47+00:00,219.31036037321846,194.54130568529908,200.41587319002707,205.81432870942487,201.37160491661305,201.99956497663658,203.60408413845835,200.63226691604658,199.33910541260758,201.70985804144814,193.96544563567429,194.23375796445697,191.75711444285332,184.44730583887542,195.5922728909844,191.8863757222924
68,2004-11-04 21:54:31+00:00,175.0702142512526,172.27730779770368,187.74165869693684,,,,,,,,,184.93970889023757,182.0348456069701,181.33584419800792,187.40533953257238,188.8999483551747
69,2004-12-23 21:45:40+00:00,,,,,,,,,,,,,,,,
70,2005-01-15 21:51:45+00:00,156.9730779634946,154.9520112461639,175.91777363482194,174.1465567597137,180.31207291391078,180.08936479269647,192.3971937059211,196.25608153569704,203.05275091907987,211.00135241629536,206.56720326609835,205.55495359267886,200.8634512133512,192.60705045615535,208.58942059072245,201.76252542490423
71,2005-02-08 21:55:35+00:00,,,,,,,179.86416376226944,172.2532275986245,185.387542035613,190.08829038127024,188.09708017561266,187.90409747919713,177.16591747242222,177.96079407947397,178.1438660338344,169.50538425268462
72,2005-02-16 21:52:37+00:00,,,,,,168.7031137798889,165.08535825745648,164.66706945967232,180.25575794446948,,174.2321764100118,164.99364661293257,,,,
73,2005-02-24 21:55:17+00:00,169.5846313668364,,,,,,,,192.09152147362983,198.90857848227122,195.7019594335509,192.50644109939674,185.51187601696657,181.53095248574215,187.7719901722716,183.74610727031964
74,2005-03-04 21:52:52+00:00,161.797703786069,159.08362940194579,186.29045879960898,180.7498892779627,188.84044038427407,188.2273212136113,193.36277930181814,191.42902738436894,191.0400170837823,201.07942935565052,208.1055234766075,203.7713089962865,206.68407645460735,194.89996898584664,200.81942805254542,200.1937631163891
75,2005-03-12 21:55:44+00:00,166.8427406644631,161.25314798012852,172.37904624323636,180.5308380236365,156.40519810783132,164.95465461000575,164.82520766365138,175.25056391174638,180.87254724012953,185.02367192091526,190.79693048467126,189.20982241802125,,,,
76,2005-04-13 21:55:12+00:00,160.52367974640543,158.29700903527157,174.4073187268989,179.06695300766484,189.68337319891444,184.66550007630536,186.97642479923073,174.72298677931283,172.65922941120365,168.13270051522545,175.71608757393355,173.23712745169988,171.9815924683705,181.4212775815769,182.25456203709516,182.8050920270255
77,2005-04-21 21:52:46+00:00,192.35861874426095,180.75495874923087,192.85268869040934,202.52915396654467,198.10480156505,197.9099233931434,194.6697659260781,186.65672542692002,196.6442332755413,193.99824894219597,191.71327696756816,186.70143118385718,183.97814740637307,184.4103520925554,186.78949213238724,188.15658103944222
78,2005-04-29 21:55:36+00:00,,187.77422962547962,205.49980863119737,211.49909657423336,207.80554018229074,211.43654796533403,205.9670053951493,208.2210917220515,208.71135404721403,208.8618515375347,209.26392797283648,204.06640953882126,201.48232034704338,199.87837399893112,206.72065737457515,208.62580314175327
79,2005-05-23 21:53:00+00:00,174.51393721248576,169.71363045211126,183.87908782901872,181.76576674382756,180.31157452086467,188.51486501449995,181.6997274712319,184.22344626561352,186.71342074508956,185.06168344103514,179.3077484905515,173.59392594595448,165.25309832982367,167.08448286519172,170.18379837768452,180.06091682939677
80,2005-05-31 21:55:35+00:00,,198.24844252430398,193.78844128621517,,,,,,185.04643309430884,,,,,,,176.88718883059406
81,2005-06-08 21:53:33+00:00,181.05587151050386,181.77926927733677,196.86512918777072,200.14927952216215,200.137287057058,201.999300899776,197.85976292462806,206.68456186709867,200.64838577803704,200.33772543344563,195.78353137886114,189.9126051207882,190.38491035766924,180.49773262791786,189.11840843021923,188.15083485826
82,2005-07-26 21:53:30+00:00,213.48717840531802,194.75632818899734,206.33884954904462,206.76252052075634,194.81499395844475,202.0903102827229,192.12368498195949,193.12122945392557,201.91645031026272,196.0372925357249,202.24945131344725,195.993497946652,184.1846320516351,185.0983063036858,170.73000539028084,165.20275785388236
83,2005-08-03 21:55:25+00:00,210.8513653651651,192.1339874150507,204.3328336752057,208.8310829697853,198.09433324264924,201.3395455777054,193.2607814102771,196.27227612665476,198.98002529169233,202.01009432222415,211.05686969764392,204.0254390061213,197.58780546189323,197.2890544759468,193.93473435430283,191.41836666802243
84,2005-08-19 21:55:20+00:00,197.35272751662464,185.33276344299944,201.8742794662846,203.15227835490487,197.322899527198,199.00911112483698,191.65525524344778,191.5403931032838,190.5901459824897,196.31457647423395,195.57569460374862,186.20131144493578,183.56465362449768,,,
85,2005-10-22 21:54:51+00:00,168.26735006040826,162.79601007163106,180.6178720082699,187.9381322137032,182.71376544361888,178.7226991500164,182.90567652458324,175.63414382576258,186.50931767881272,184.4590324248137,,,,,,
86,2005-10-30 21:53:39+00:00,191.34757032633019,171.89624508072447,191.6097053309719,194.71161302261342,190.13165974313478,188.8316773050962,186.7766840692479,181.36095985130706,186.8570327156937,182.1672605732955,180.18261327634218,171.02643482004962,165.529543909197,167.103972262618,168.35652089021863,165.13563427921505
87,2005-12-09 21:55:38+00:00,,,,,,212.51239394683964,201.11121304540936,200.06943239571115,202.18391854324975,198.89807135251743,198.52215087758867,188.9774610943573,181.14489316507678,183.10478764616772,183.1680044447893,181.5023287410399
88,2006-01-10 21:55:52+00:00,192.29267960068793,195.5300664021674,198.4999468618632,201.34659852015673,198.279719713522,197.31405513985123,195.63997489240438,191.41900725973179,,,,,,,,177.37891577691832
89,2006-02-11 21:55:41+00:00,,,,,192.20399630995007,189.21309028980608,189.79277532410867,183.6512498050152,186.54787051781665,187.06174305297463,180.1648289817837,178.44217587487117,166.30696411782333,169.20556069261076,172.26478583537997,164.9629230520697
90,2006-02-19 21:56:15+00:00,,,163.96503691972455,168.5388237658439,170.31440537544276,164.27776056257844,168.41690169459753,164.73675660141348,159.0320540095996,167.51150340405266,165.06373577239452,161.85158555865837,164.6291337555579,154.38985094161757,166.59359827559683,167.14703727864674
91,2006-03-15 21:55:44+00:00,,,,,186.77138164097937,173.25561877372024,174.62160061610257,173.47129695192146,175.42147068760343,175.88701297513765,175.67447355175386,171.81313045030376,160.29460321634843,160.67715523821522,158.73277026042433,156.1652619924032
92,2006-03-31 21:55:42+00:00,,,,,,,189.89820750737846,181.08365935742492,185.7954781986571,185.9557743251375,180.49860730766187,179.32275804248548,165.1169803258763,165.6911670517602,172.31226030371383,171.2881579499298
93,2006-04-08 21:57:12+00:00,192.18215429461014,179.3456460667804,196.45439476040067,197.0338608883087,196.78712893183373,194.18510273784437,189.12621714876138,190.41751945224297,187.8278857961381,188.75313418804737,184.38477964127335,176.79576968440531,174.62578374036661,178.2751667336901,182.14352668857853,178.2278194856729
94,2006-06-19 21:56:00+00:00,,178.90953842567015,194.01383889132657,198.1271665398852,191.60274587252817,199.91984707211378,194.23894151791748,189.371860786407,193.53778452924044,194.09031467850636,186.77052734299153,187.1015279042202,179.3418803048519,182.34572829713616,185.19267443892335,
95,2006-06-27 21:58:24+00:00,163.3923912842659,156.9378138715777,181.01167340552834,181.33194450769201,183.33737933315106,182.95717255097333,180.46161207505023,175.42028515353283,181.13374210842807,183.57552329385564,177.33859250916652,168.41221784667835,169.7960797631252,160.64783785553266,172.71594629333356,171.73176988176624
96,2006-07-05 21:55:30+00:00,190.1360876710414,188.40981344465473,203.5642413156629,201.0762989963489,202.06928917406316,197.3051044065999,194.06229956448516,193.0307107159294,189.31175371466426,,,,,,,
97,2006-07-13 21:58:38+00:00,190.91017840014743,192.28415138811962,199.86695718169213,203.47578513933558,203.3707118846853,204.92107614793753,198.7099150650362,192.82658237333567,193.84492454379455,199.33806715719973,199.6354373213719,197.7991244895262,188.1616676837369,189.4335445931555,192.67720827186096,191.9241370733625
98,2006-07-21 21:55:21+00:00,186.55147434534192,177.9705400661643,192.02335006747987,192.76257979811237,191.39226299829784,186.20495659824945,185.8568863005536,179.061814631655,180.1414616713343,184.49149448543756,180.55172701398644,181.89151632516734,177.98342923385493,177.97503082188243,179.05596011519432,176.9432797357195
99,2006-08-22 21:55:17+00:00,192.09312878615904,188.4077969308019,195.76685675514838,202.14626759431934,197.9220636424268,201.71914106561448,200.35597637962076,194.11707144193488,195.6264568624139,193.43790532663402,192.0169710196277,190.49259579456228,183.91446365410962,189.9896231918321,191.5882512984595,198.80815679149845
100,2006-09-23 21:55:30+00:00,205.1684530104716,201.5157666031878,206.72073118789996,210.88771696061477,211.99089691731427,208.85123466537212,210.34079822769405,208.77606980056885,207.60687037566152,211.55450397937776,204.486898055938,205.81282448411568,,,,
101,2006-10-09 21:55:01+00:00,185.17196617863482,178.49605784091813,190.39576569398488,196.31614273983564,190.46614072465118,192.72604918441522,191.9255161308095,188.3275150544764,191.22149193855336,189.3918447878776,186.48181157879478,185.66425784071998,179.5114730683215,174.24835297581237,182.42783786106665,176.57752296291093
102,2006-10-10 21:53:56+00:00,,,,,,,,,,,,,,,,
103,2006-11-26 21:56:05+00:00,179.20806873878908,180.37519057602302,190.56425434633246,192.35721743834605,197.6575169080403,193.4435790315114,196.05693148729966,199.64158726495918,195.98457382683196,204.97179829667897,194.18549758628012,195.94067093368682,,,,
104,2006-11-27 21:54:23+00:00,182.7825855723427,167.37297703808278,189.1708284302355,192.33337915352226,189.9877238561752,,,,,196.5348466479916,190.95138235512664,187.2869738427645,180.9622079324822,169.9361046371375,179.52029931849336,195.13560950527
105,2006-12-13 21:54:31+00:00,151.55775670319713,161.35476283037463,163.08213271270853,171.48725238349343,162.964902919447,170.43512466350356,163.00737745309536,173.4340048747096,168.94044166536494,174.62073476915145,162.6698636370954,161.5379585880707,150.28932816129728,148.45087067437728,164.879678826999,162.47903250805217
106,2007-01-30 21:54:48+00:00,201.04382611480415,185.11928419872285,195.86618950259103,208.34870418525355,222.5486541948279,216.02214850277312,,216.04074640080486,225.71312842186185,220.37802574250034,217.7316720379859,215.01525778201398,209.65864372689566,206.96476300966592,208.45455859683977,210.560789529533
107,2007-02-14 21:56:03+00:00,,,,,185.87014361039627,185.68029317222462,181.12556279519868,183.99886036779856,185.83055812899266,184.29253944392465,182.78824538658705,178.11115452201588,173.61573656325962,175.1285771512383,177.94812764840978,179.42079976988143
108,2007-03-02 21:56:31+00:00,196.48144778363428,179.81970242006136,196.94706151812323,199.28707921016587,192.7621364445569,199.5391419680899,194.8814332932214,194.91549229692532,197.76810510829685,193.81859137718646,,,,,,
109,2007-03-18 21:56:09+00:00,176.27627947082794,172.30128730101276,189.74106086803198,,,,,,,,,188.34151451483183,185.6328386623642,183.27903759935313,185.95360168894797,185.2349326595365
110,2007-04-19 21:56:31+00:00,,186.82226706671668,202.35215421677796,206.10687348660997,200.64845705590307,207.3483715473842,203.84928535330909,202.81686164711795,208.127134955075,203.4202028682191,200.81999193128115,197.61648305313366,190.66843479540944,194.58453508190476,205.54452942457405,198.44001174614414
111,2007-05-05 21:56:03+00:00,,,,,,,,207.49868705333506,214.03999856054455,212.592336341828,209.07620103147005,203.76736151232393,196.63082808616517,198.30985741470343,199.22969711049686,199.7863435680134
112,2007-06-22 21:55:53+00:00,206.97698937909874,203.96429530856935,201.14722856394144,211.5533054443316,201.55042705434943,,,,,,,186.7600101375845,171.99835371408003,,,
113,2007-09-10 21:55:27+00:00,173.82158411597692,157.13360904858777,170.32671091263924,172.2986725909252,,,,,,,,172.14242642719148,162.57464288806662,159.18111588610574,160.66854185708215,149.75107547427217
114,2007-09-18 21:59:06+00:00,140.52046669969965,127.33452979331778,157.00669077380846,151.43239814056687,150.5650613479685,158.97554431518822,145.28046241594947,141.617774358648,,150.0159123181424,153.2995193835655,136.59397084994475,,,,115.93644440280956
115,2007-09-26 21:55:23+00:00,,,,,,170.27659704207056,170.8756312089319,175.51436677789852,173.11598208860002,178.64362553698567,171.05805034085802,167.92224634598335,157.1507659108639,152.30684767529507,155.32206544052002,150.75617240234538
116,2007-10-12 21:55:23+00:00,180.34379494112352,164.7719091588676,177.94159005750075,181.58354664669554,178.8749683743437,172.53620271718336,175.00542321633444,174.0028690446326,180.23231542201836,,,,,,,150.48375364828468
117,2007-10-28 21:55:34+00:00,172.8158332584132,161.87125541609504,178.6357678111212,167.19733962265252,170.43627458632878,174.2831400295889,168.98273226815797,,,,,,,,150.3979746076804,142.57953045713597
118,2007-11-22 21:50:02+00:00,,,,,,,,,,,,,,,,
119,2007-12-24 21:50:11+00:00,,,,,,,,,,,,,,,,162.64221870260718
120,2007-12-31 21:55:59+00:00,177.86517781384478,169.03692153099178,183.16574007234772,182.39515820715604,187.82403169875727,183.2351767233715,187.4870483898194,190.03594839006445,190.00475810422105,191.00452215219656,182.69337373998133,179.1411347669298,170.52975455953106,164.76533131168603,171.1867758622958,160.113875407798
121,2008-01-09 21:50:12+00:00,,,,,,,,,,,,,,,,
122,2008-02-01 21:55:57+00:00,193.61725654427403,182.58093523326616,195.37921872499462,203.2655474670363,195.0973580404898,,,,,,,,176.34965850086883,174.64599275806486,177.87868656056585,174.45989978174708
123,2008-03-04 21:56:12+00:00,184.17992028036403,169.04404541788315,190.90983932938795,194.11658265967145,189.90881828102744,191.5127178172952,188.54264518638684,183.49785437154517,188.10184005034688,188.76689341386808,185.10256889058678,183.41697265760607,170.14407652499852,,,
124,2008-05-07 21:55:40+00:00,192.36929744929932,179.14606405707212,202.17725716580293,200.50803534556078,200.68631502524846,204.36221223162423,197.33192831341006,194.6408954881568,197.86212272833788,192.87634990350563,191.43968030644808,,,,,
125,2008-06-08 21:55:26+00:00,,,,,,,,,,,,,,,,
126,2008-08-27 21:54:42+00:00,,,,,,,,188.25377467372581,192.20816462790023,187.22579836002973,183.52958856670833,174.83764094242892,170.66519566740442,164.00329876142945,167.32853191368935,190.14517910964057
127,2008-09-28 21:54:48+00:00,186.50412188309912,177.33435968730404,193.45995815794413,202.94522687935392,196.52953544226045,205.79794900963813,197.7393026704749,195.99931223311228,191.37570909439862,196.95558586426102,190.67356945590302,,,,,
128,2008-10-14 21:54:18+00:00,158.83422823478475,158.23260240501367,169.8306212658323,180.80674981102118,182.1983984735295,188.03769004891433,188.2651404249778,183.05823962410014,184.18746556205264,182.13431308542746,170.0883664469647,185.67028437346949,,,162.4253784536607,165.85973622547357
129,2008-12-01 21:54:59+00:00,,185.4971088018407,199.846115322495,183.21619863105684,193.16556218173793,185.3966959091441,193.4233736453326,190.9234800365499,191.87919498673523,,,,,,,195.06472330776452
130,2008-12-09 21:49:42+00:00,172.8809133280691,152.7350332302438,182.03480348955006,,,,,,162.31056610003594,172.34912431475135,,,,,167.5719144778265,157.34009423406175
131,2008-12-17 21:55:09+00:00,,,,,197.08436853658804,196.20149257320804,202.04147526019645,197.97843424973257,,,,,,,,173.196781122198
132,2008-12-25 21:50:10+00:00,183.61749596378945,173.28242946223443,192.93755530926995,197.15752598956644,190.07679219045528,198.3067019027839,190.00016788005,190.45582500244964,192.89091499016433,188.2464425922502,184.87364443486706,178.50925533384225,164.39530708714608,168.71105498207217,166.4656331144483,164.8716990230968
133,2009-02-03 21:55:25+00:00,183.1840093980575,182.24313767097598,195.05528719081912,197.47952454320892,199.14689713306495,198.6408662149343,,,,,,,,172.46114992610308,177.37821485101284,178.7540896404157
134,2009-03-23 21:55:51+00:00,,,,,,,204.35706054562863,203.20667340052887,203.39196467297856,198.10235674193666,192.94257621929958,185.6267775323972,176.66714904486085,179.4433606393109,179.6757328934917,180.36334581680714
135,2009-04-08 21:56:20+00:00,183.93896055564736,171.63251927199423,184.8040594730407,193.4053220427333,191.02553088802392,197.24081264154893,192.47604970887366,190.48683105912568,190.85082577813765,189.39440988264863,184.30248915377862,176.36310502299062,169.53488725449873,,,
136,2009-05-03 21:50:16+00:00,,,,,,,,,,,,,,,,
137,2009-05-10 21:56:03+00:00,,,,,,196.82616640372225,197.07137521808065,190.37779926575263,191.55411558087724,195.6744884190144,181.47330162313514,179.91505086433622,170.7682532971849,170.11836478613927,173.5373754661769,172.39696785078763
138,2009-07-13 21:55:57+00:00,176.3586374779068,162.42808808720187,170.72073703491552,169.9734475482946,161.12153159958356,169.6441655335253,164.1275094498695,165.74838783199044,169.40185584303566,165.78486372892283,164.78245256909526,161.05635450463913,147.28455069756217,146.92244176982024,152.46533336140143,144.17435780476004
139,2009-10-17 21:56:13+00:00,188.90367832065223,181.98058019823728,196.9299791597939,205.56152310150637,206.01005780716196,206.72198799398893,201.9038466974758,204.1700687300476,197.52463375850175,202.47682272749637,194.34822778348484,189.54604251627723,183.4830214364823,,,
140,2009-11-26 21:56:28+00:00,179.32434831699447,169.0712208698126,178.1099118078425,193.87386797655836,196.20231731414736,205.13107168111156,202.62938249118318,192.56455290907545,197.10424790352107,195.7117238722218,186.16020536193818,185.89568867464098,173.33415531358452,175.16491269544636,172.18426709908005,173.72783751665557
141,2009-12-20 21:56:43+00:00,186.235218075695,,,,192.78668279293353,194.82832384712557,185.25164826117447,184.50884727960695,187.7877310903975,176.78162306626527,163.5688357180377,,,,,
142,2010-01-05 21:57:00+00:00,191.77005691253743,186.8927801045734,201.6613931670282,197.4935827780238,,,,,,,,189.47877827177123,175.8502226275941,172.30627977124445,176.6994436726611,176.96659246845508
143,2010-01-13 21:56:25+00:00,,,,,,,194.764737378944,192.5929335041556,193.70665282570602,200.87329593809636,195.05694261924,187.42704937801395,177.15031894351853,169.31555961433443,176.3138034444212,179.43808839926655
144,2010-01-14 21:51:21+00:00,,,,,,,,,,,,,,,,
145,2010-01-21 21:57:38+00:00,,,221.3706257568326,207.08858808735204,205.66011242137589,209.310444530764,199.91806957278322,198.68042935995763,195.08417804638802,196.91264397056557,191.74897441153928,185.8443429833278,174.08860140089072,173.4873563340861,179.11750446723104,182.72866820735658
146,2010-02-06 21:57:51+00:00,186.22592937367938,178.93388361357577,194.1132482065334,190.24968685653957,190.823886595572,193.3359844005628,,,,,,,,169.210823929174,169.66090984014133,168.10798737680386
147,2010-03-03 21:51:54+00:00,,184.14036240552744,206.09071617585593,209.37664289469086,206.1271821509273,208.7798622626371,205.95154938022665,207.79825020358984,201.18316642007093,195.4050217915686,195.42328365573707,188.18427627910168,179.18083959828616,178.73909145957714,180.71051486403445,184.02211436900808
148,2010-03-10 21:57:44+00:00,,183.4038300428806,194.88030617591207,199.790711662769,194.61310355098007,196.5411491911916,189.1317134084084,186.12487911605098,188.03049485799784,186.6131715746447,180.11344281791096,180.52373983221145,170.95142222512027,173.61724995559396,172.35305950014828,176.9233063428918
149,2010-03-19 21:52:00+00:00,,,,,,,,,,,,,,,,192.65212001809928
150,2010-03-26 21:58:13+00:00,200.18375230182988,191.31312449948052,206.69151261060162,209.96343008351135,209.18024512792397,212.2417482975921,205.70444302831157,207.78368735989397,205.39326720041362,204.60186671194367,200.20692116118576,190.76781278469102,187.7995338506861,184.53104776238538,188.2822777720214,
151,2010-04-04 21:52:03+00:00,,,,,,,198.47202229658794,197.2087760030105,192.05900794875123,,,,,,,
152,2010-04-20 21:52:03+00:00,,,,,,,,,,,,,,,,
153,2010-04-27 21:57:49+00:00,,,193.53796464215003,194.85738486292792,190.3734353479773,193.0865744264256,185.96664107171753,177.85889662164314,182.87741373200868,180.41677168712164,177.56217203646563,168.63015918996905,160.80248319049088,162.41910263640747,165.42973457695248,164.01110967944683
154,2010-05-13 21:58:09+00:00,,158.2989816037979,186.21795491187635,190.54855650406532,191.05191890696653,192.24699221755176,187.69797240880726,186.79436448484,186.37499565252892,182.36241587915637,178.03832543465913,170.73760044158655,164.6922389444588,167.92441912672697,168.7557432818356,168.953115887853
155,2010-05-29 21:57:45+00:00,202.17544286575514,190.28037887991664,203.10085204452702,204.4287290706644,203.6234139133204,202.32146676106552,197.52556522042997,198.4788799484593,196.41988674263436,196.4488835370721,191.0292537296662,179.7588217241323,175.23376844759852,172.96751418752734,177.06531959138064,174.23865390651514
156,2010-06-14 21:58:10+00:00,212.6880878996169,195.68714278066545,207.7364888571671,211.11286219192266,208.73316457897863,214.18995512518111,211.37210203682207,212.39701690593984,207.5459513038235,201.933362697436,199.53161744081228,189.68845585860348,,,,
157,2010-06-30 21:57:49+00:00,207.1470996924626,202.83317968473003,215.92210414370538,223.80632260282354,216.39890953894735,214.43809155191923,216.44238891433858,213.4966359432704,220.2133915540879,212.20657763927863,,,,,,215.30947781590737
158,2010-07-16 21:57:51+00:00,,172.98305543917462,192.5227497821345,195.92756398556088,194.49660994677996,191.69469715004627,187.3672371758129,187.07119109180647,187.70280696732766,185.07486731915293,186.2874867142657,175.997704922164,168.3599517577081,170.2428708494574,164.31338866602522,163.15913631343827
159,2010-10-04 21:57:53+00:00,,,,,,,,194.4185744564095,187.83996079522257,190.37331821638935,179.89773539969298,175.42166713074616,166.925576695179,164.99430712100667,175.5041139331199,175.88872843493323
160,2010-10-20 21:58:04+00:00,189.15486360706086,,,,,,,,199.65356745335333,192.45613666484672,180.82105712036142,182.433041645772,176.43924420401416,171.8423195969313,178.30858852700206,186.6579549952457
161,2010-11-05 21:58:13+00:00,192.03503923125115,183.81107077203802,196.68608114253195,199.51132873409207,194.6012868987884,196.45637965313568,195.3846281660629,187.7178649762811,193.32965610297893,187.6508780052918,183.19410231776016,,,,,
162,2010-11-21 21:58:26+00:00,,,198.32504395982423,201.6078205395338,205.2470102744982,200.78450700540154,199.75555968629814,197.67000422006268,195.5640895478593,197.32482300249498,190.36374428635034,186.67655393098903,153.71201437297069,,,
163,2010-12-31 21:55:32+00:00,181.5680547013408,181.61338730118203,186.84265369673412,192.26135980105508,185.7943152196566,193.14068213263107,202.27538179658274,196.64935497514134,194.45947355515966,195.16595211436095,184.66578418691853,180.3251583318167,170.78310865337863,173.52452467900213,178.91774023513463,179.53533488137367
164,2011-01-16 21:55:34+00:00,177.33907115200492,177.4619579284043,195.00394054461705,192.40562914374485,191.00829272900407,192.7941871306935,191.49042581163542,187.9346898739013,187.10090896119448,187.13067544241193,175.7012910106792,176.41983875263116,171.81737295562317,175.2067840928034,180.28100706771272,180.75778192118267
165,2011-02-01 21:55:59+00:00,194.37522526380204,180.82545090439794,196.85218085073222,197.86064349921404,193.89265142755553,204.45442434697628,197.2015401586705,199.27633515191008,197.38718421927612,193.32215352867738,188.50585739047312,182.0616654105508,170.08689155937998,175.60134653483476,177.10039918946316,177.39013452507928
166,2011-02-17 21:55:37+00:00,168.25790268346483,165.41938065060097,188.8678029646275,189.49817702617858,186.9189718786246,190.59793743175084,189.7545519475337,188.50420064142614,183.813642297593,181.9519445305218,171.98895803525255,164.63263275338255,161.39423444637717,159.0800508866355,172.4868191801911,164.73378256153205
167,2011-02-25 21:59:08+00:00,,,,,195.3214531529188,196.63531390165394,192.46664806990626,193.6952652199704,193.15028541999314,190.67345136834925,182.74862285753414,180.0999836327345,167.3290220735835,170.00826324350757,174.79018757525932,175.97968427059047
168,2011-08-20 21:59:02+00:00,,,,,219.71107742435083,200.135526194234,191.04137944864917,198.08344835582392,198.69012856665287,199.87690806559544,196.68434625639938,191.75673253610324,185.93400521031143,186.0341078468912,187.98625688132896,186.00534161519946
169,2011-09-05 21:59:22+00:00,197.70242366720586,188.75565026368986,194.25100122516685,203.79675008873335,198.07877370260383,,,,,,,229.23539794332268,192.21307229998123,190.38476704172518,196.2892159023292,190.29317480919212
170,2011-10-23 21:58:59+00:00,183.87706192167647,179.31972565015113,192.89074944171657,193.59345886252592,195.3480417162856,199.62495404886437,196.35707253860738,198.47900997719935,196.87436926516597,199.07193757662583,192.6275990471015,190.40509321370922,189.73646796383608,188.30390454397687,190.0782685290133,195.22228544892258
171,2012-01-11 22:00:03+00:00,153.96599982159242,156.08037084742566,,167.81517720713586,165.00613529653785,171.4566836208754,171.79419377561797,169.34381086027673,174.23306940402952,,171.06573007774983,173.07245476228852,166.06638332632355,155.697840246624,172.30697008667372,165.10321522931045
172,2012-01-27 21:59:39+00:00,185.0675377555877,177.30738879981777,,,191.86121719571068,199.81931703967987,199.33462211654745,199.56026919503566,201.65420620153265,,,,,,186.28508687043006,181.7234814528666
173,2012-03-15 21:59:45+00:00,193.53297540295736,185.1014538029956,197.50987375605357,195.30851599494744,197.50130054604776,195.38520586624574,197.69124458239313,196.48913246769928,193.82311167997904,202.4152023516213,194.41301715462123,186.77549853871912,179.8926488089314,177.52378561979714,182.42370346221566,181.57237840280803
174,2012-04-16 22:00:05+00:00,175.89360408253873,172.71411860447725,187.39811864109492,185.97660426736462,185.33998471042432,182.45557733255066,182.86361398156205,179.9557551354829,183.3196975449544,189.6912936722755,180.5886947314305,179.06609777271166,171.99447574312205,166.3254508199809,171.87793018108562,163.7786271164511
175,2012-05-02 22:00:07+00:00,189.34777516014537,187.30768365421315,196.96706635775976,207.25278239539415,201.1110252987523,,,,,,,,182.12554395679302,179.83431365353468,178.16900636013003,173.04023297950982
176,2012-05-11 21:54:32+00:00,,,,,,,,,,,,,,,175.7894855788211,165.47691509237552
177,2012-07-05 22:00:17+00:00,189.16779912825297,182.9788750080728,196.11597193085478,199.52115865126237,199.90201920909615,193.5709848561222,194.2486984852921,189.36819565229962,192.25998322348025,190.2301391117067,186.19825052785288,185.99303888097566,175.22159531452647,170.8711032632079,178.32644083257878,170.29692045594288
178,2012-08-06 22:00:40+00:00,,169.76620393804433,198.06282172720344,194.64196752815738,195.98857329324778,192.80253131563117,186.09900624774957,185.58936044045328,191.45255617110874,181.1469947648132,186.00591781600983,177.49442448345815,169.6309990532392,172.55370426900336,170.86635600023624,160.39410530079414
179,2012-08-22 22:01:14+00:00,200.7844018085357,185.4086623603179,201.4717985961444,,,,,,,207.42186650426999,192.74392504637268,189.35569592945868,177.81584825083607,180.36273284043025,185.30496592054706,180.32447546029567
180,2012-10-25 22:01:27+00:00,178.42491832891662,174.0493486577849,,,,,,,191.9140009932811,187.86767913219458,185.91660622967365,181.58959491615687,171.3381853083817,177.53523672855457,180.7003534803233,179.0276633682716
181,2012-11-26 22:02:01+00:00,199.68233778916868,190.79720386212261,202.49340036158713,204.36845242645387,213.20762980615459,210.4923339320794,210.34211132082694,210.37774317609012,208.33064066177232,207.40038490697103,202.51318810738138,194.00348054984354,191.96683136014764,188.21740503747057,192.2890776903732,
182,2012-12-12 22:01:41+00:00,164.35996335165186,162.86908545005122,178.87338880301428,180.51559074424725,,,,,,,,195.18520271217835,164.04470003551876,165.22599548554533,171.28190245665394,166.96463396143855
183,2012-12-28 22:02:11+00:00,176.3507530139141,167.41040935128825,187.5314933387395,191.04605235991846,198.58583134875138,,,,,,,,182.58891926289073,187.17132659280182,191.91900519555838,185.20325725257308
184,2013-04-11 22:07:51+00:00,195.06520099351624,185.9469526171785,203.0968813876085,201.79924532749268,205.76278324428284,201.83896763480342,197.44742026792102,196.72090193751222,195.55200401259688,192.8731931085224,183.3913111663449,181.74227860473482,169.92037559737943,168.90479588352423,172.16504531507897,172.3802575066578
185,2013-05-29 22:07:41+00:00,199.62286122876137,192.91475995177532,209.8868837449172,208.09327413896207,211.30808011180366,207.39674052936817,207.81612705578573,204.25914630537054,206.12293046473565,199.9748607874054,198.9155384761126,189.25275711050818,184.23264126928737,178.93366422725256,188.59282716206278,183.26944458293326
186,2013-06-22 22:01:38+00:00,200.83748349094824,190.88972686352267,207.66104313459354,204.20957568896964,209.82557818737078,206.96646731372417,203.6641006185221,206.75229205576963,201.12411961660194,200.31902238387877,196.8888460859517,189.75283890995235,183.73757857394506,,,
187,2013-06-30 22:07:36+00:00,196.7406271206388,191.86880248784865,202.3521795978192,206.87010117503053,202.96427482296988,207.494326134601,198.08148635470184,198.6551064326096,195.63067382568772,195.318032991926,187.57108878226927,186.06674918870695,176.743309279939,180.55975155188005,183.51545061898327,182.09240565610585
188,2013-07-08 22:01:03+00:00,203.16914651588354,193.2826899506054,205.82998088094018,212.10782602160162,205.61778601289728,208.51594277586855,208.38599357051703,196.21868588811094,200.39176952369854,198.86113775011515,199.84727621773908,182.11966812380564,183.63076732145328,183.29497696742175,186.2341915913652,185.9576994813585
189,2013-07-16 22:07:36+00:00,,,,,,,,,,,,,,,,
190,2013-07-24 22:00:56+00:00,169.22487836618373,166.1866579172914,186.99907234585524,,,,,,,192.3507330042342,183.47316359624796,186.08537250330104,171.4807657634454,172.0740170234642,177.13303592739913,173.8876607990976
191,2013-08-17 22:08:03+00:00,176.68415361401122,166.5307582744989,189.51491379534406,188.00086577624202,187.09091838073468,188.00237761513839,188.17160720879855,184.52531926206134,188.64900707118682,188.8582140518813,184.15485159971072,178.6474761611932,172.22993701777662,171.67053602072895,177.0287758423716,170.93280839167485
192,2013-08-25 22:01:25+00:00,195.6645886505689,181.36764343914967,196.09427819280666,204.27984866534402,197.80186807141084,209.91862621760947,199.78780989446105,200.11735203192697,199.75610176715244,199.81125227579074,195.0100802645456,194.5815318586614,179.37915682196774,182.2045392474029,185.28406090925196,
193,2013-09-02 22:08:04+00:00,177.11890893524117,173.81434414026344,190.89774758169153,191.9243338784915,192.03998738860298,194.58194453003583,188.82842743233286,188.44016964025997,189.35425834131235,192.99786784070392,184.6936818961857,180.80796341347045,172.55018412609482,176.29397234448436,176.71130041371205,177.5417688311643
194,2013-09-26 22:01:23+00:00,171.82548014050215,,,,,,,,213.83890842677098,188.35319922141937,176.69056738735995,176.0056208976369,165.6810727290712,160.44465995325945,167.28425982528105,159.63195883398896
195,2013-10-04 22:07:55+00:00,162.00920521608907,158.97212575735082,179.92383664799547,175.43156830388517,176.84159271462576,174.79225242619145,177.58686014849508,172.91683014913428,176.6551313126725,173.60743487899816,172.37310329466874,163.6459977287671,162.08450341132217,157.32139961349966,160.55827416296083,156.98013230339495
196,2013-10-20 22:07:50+00:00,186.00765521939516,184.76571691623536,198.93989312725097,206.75640052028388,202.6311043947723,206.6582197826415,198.46338738827143,200.98179678533216,199.6214722996513,202.13300519105178,192.91255764784887,193.09453482064077,178.3465011064676,181.0853981184012,179.74641507590388,178.4304826490951
197,2013-11-05 22:07:22+00:00,147.5535789141699,150.31074718853685,,156.57541689028605,156.25285900412675,167.07092680055976,164.7615361287967,171.4316719114403,165.84295418871494,169.47977939351196,164.0754140963381,160.40613933755753,150.98409590255264,150.8072586442998,156.4011250344769,156.2137750127248
198,2013-11-13 22:01:49+00:00,154.91565067841404,157.18111176046494,178.70081181295245,175.78627199872375,183.58075342549674,181.99060226267963,178.14059502505552,177.0912666208084,177.9619521962426,175.6943983310513,171.95178212660457,161.4739493157805,158.01180089922616,,,
199,2013-12-15 22:01:57+00:00,165.21692538945288,156.29109796394778,175.4417801597182,178.5287719319736,178.66948869110186,180.0965104039398,185.52405139858368,,,,,,,,167.94971256217735,164.46601241336273
200,2014-01-24 22:06:45+00:00,184.65022793270785,179.91316536357903,197.0103841726034,193.49864251649137,193.74937369154708,200.63375334438965,202.4757186930085,201.96497385537717,204.17460110856155,200.720299304542,198.47411146632453,190.82196953454684,181.71330184231238,179.5156267253021,183.06826067789305,183.48460745133733
201,2014-02-01 22:02:54+00:00,,,,,,,,162.83416328072582,164.09227585182592,,,151.9040914286562,141.11353026047905,,,
202,2014-02-09 22:06:57+00:00,185.6721837393235,181.68272255026932,192.43343120444374,194.49406028286032,191.37354549675882,197.03574871922703,188.45159390188562,192.2863261449305,190.71221301172676,192.7632847283078,185.38377646105778,179.99829914098967,169.70045642444026,173.2725265981561,176.20200265031406,179.0393144016525
203,2014-02-25 22:06:44+00:00,172.96317996319243,172.9007684560237,181.87854043818172,183.3977012487051,182.84781993979175,187.98491137062845,180.22969728932088,181.0442549944334,182.06721299083569,180.83570849648265,175.25685632784763,169.0864519287217,161.31965198254372,165.98084524863927,168.72197997342096,170.5567053005305
204,2014-03-05 22:02:25+00:00,200.42488071652187,185.98770832331277,205.19219701667572,196.36211078432532,197.4557064975067,199.80149498273147,196.1001727880615,197.34768765463718,196.43701297132503,196.07747932370924,,,,,,170.4557318811016
205,2014-03-29 22:05:52+00:00,178.28107911296266,176.7209274374395,192.94560224580437,194.58617080480454,194.3062912974617,196.16198556513788,191.64979067820494,189.00527810708616,191.66586868698036,192.98517386002925,184.48001658084428,181.2499578973199,176.60119880569047,172.56358988720686,174.09101711863528,172.6347313966553
206,2014-04-06 22:02:36+00:00,170.7452695403481,161.91135104473068,197.47228006673265,195.60404109491682,193.04960632987155,191.74663966044818,188.04305363595196,186.22180729972098,184.31857963663103,188.38701436629572,182.53607831648253,173.3808953333318,171.5510533611218,165.41599102323306,166.20607636930828,164.3182303014136
207,2014-04-22 22:02:48+00:00,,,,,,199.95492606299206,192.8305840760454,190.32784015511217,187.8237330356216,190.28373785798598,185.14907926715338,181.3243258378082,173.89809906981026,167.59264212100896,174.64866520562992,172.28735412930683
208,2014-04-30 22:05:46+00:00,180.1859048042634,,194.46781862047655,201.47240967499545,200.75398366378792,203.6249416748924,195.4333678508228,194.24362732719698,195.983544387587,195.97598161306595,191.51362939238143,187.15696237912712,179.44625029730443,175.43467978772168,178.36297295761455,169.8946449859879
209,2014-05-08 22:03:17+00:00,,162.8133908229983,175.26942591999304,175.70329730898646,,,,162.19274874422095,,,,,,,,
210,2014-05-16 22:05:09+00:00,190.69493774581014,182.37014192563,202.54514899607335,205.14653791991847,207.67971260053125,204.37489882075195,202.7084874228526,199.5304550869115,205.74384860909015,200.8220026114746,200.2969726249879,193.61927314579574,188.08223448054915,183.12829736923018,186.40327805390567,186.62153577138102
211,2014-05-24 22:03:23+00:00,203.54527707326855,,,,,,,205.40994155380665,202.3772263860743,195.089044583157,200.23607911440521,193.58933151312914,181.80994098254868,179.3574768821026,181.02553694160466,182.91101173735578
212,2014-07-27 22:03:38+00:00,195.77176016058306,171.76851870792575,179.29009451939726,183.9695077314195,191.78995921010414,191.54192969908397,184.57430181061056,184.52524441216588,,,,,,,,163.26970083445124
213,2014-08-04 22:05:38+00:00,184.4461824426361,162.50124186421698,184.90043541435114,182.95880314035335,189.5966558105663,187.21800080564037,188.34217678137776,179.09363976828809,182.71288658168683,182.40357086587142,181.99145809051305,174.23121733153266,166.6869856084609,160.48085354145377,168.95980659573817,168.28935679482424
214,2014-08-12 22:03:17+00:00,186.56038135812466,165.9915127183604,183.148546238245,180.03168184654578,173.34004681397116,171.24673818623168,169.39026489378043,176.45955039643823,175.99778613195826,176.51742048893524,177.17552005092523,176.70763192223606,,,,
215,2014-08-20 22:06:06+00:00,181.34634801500704,172.80941457500714,183.81723604537444,187.8628994783152,189.30668780118737,190.88039646198936,185.12892623980514,185.26286879250895,185.8371179267493,190.50019611842646,185.38218795846177,182.7584207078973,181.59291683118366,185.30579644753377,182.71835970726195,185.5710772506524
216,2014-10-07 22:06:13+00:00,,,,,,153.1608350651363,167.56189334425062,172.83156389485745,176.72699949898865,181.99421629516402,168.37128109416253,160.95788826761242,156.0880303912144,151.10395846335356,151.68973221449082,146.02154563586504
217,2014-10-15 22:03:37+00:00,171.8978404199317,,,,,,,173.71563861678592,182.87511728176463,184.60220195867808,170.65229983530142,165.80629557072166,159.16082649802325,153.69141857163407,151.65324822773775,144.90828136079506
218,2014-10-31 22:04:11+00:00,,182.226932863569,196.30301723077736,200.7854912313565,201.66656417484808,198.91174646673056,202.2303736502254,,,,,,,,172.44930845002202,168.0704384377932
219,2014-11-08 22:05:52+00:00,175.74834284896275,172.40300002530216,197.92000892807687,193.21261978769238,195.7975926932511,195.02500830706336,194.98495915139705,193.01540470303405,194.61076717325975,188.25260862242126,181.1558626434022,173.40906579272425,166.62865961748858,164.5090111482812,162.93068281542872,158.64782656290302
220,2014-12-02 22:04:24+00:00,193.56406505299142,178.0123150504915,193.958133870195,193.90158596081324,198.87880637809081,203.15643117970484,202.6959486429599,203.2717048988528,202.21980987919932,200.82105251747313,195.88003993117778,188.71169491386868,185.52176991590426,178.74101174668178,177.1896094653028,177.16420837038174
221,2014-12-18 22:04:33+00:00,188.3868067183819,167.6768341785277,182.2016140825993,182.25350575381637,,,,,,,179.21713774982888,172.75929721264248,167.6595346619612,167.62558446064725,162.31031136161434,170.70452612158488
222,2015-01-19 22:04:34+00:00,199.81327380535492,188.49504239651552,206.73576567725303,195.6359728025542,203.3576183943638,204.2444420804556,201.90768809553015,205.46900585408827,202.1554410933656,,,,191.7628099097214,,,
223,2015-01-27 22:05:35+00:00,161.63042158952754,168.08107087547,184.07132016037934,175.10459863913982,170.00313754299074,,,,,,173.51232683139318,169.45962689375114,157.20631743046863,162.0188319390878,159.590432657323,152.95079331636487
224,2015-02-28 22:05:48+00:00,185.8282855343063,182.64181860644405,198.10584322780898,201.18980200247816,199.87389942605623,198.6952960175176,196.28300540889595,195.39794300175882,196.98385961528007,194.35683963128469,187.40760015887312,179.70027282107614,170.35847687825733,170.98524407906154,175.0662539244139,172.26320338737972
225,2015-03-24 22:04:40+00:00,168.22968768630403,166.8852644225828,169.6735352031939,173.9384239427892,165.49499166896393,,173.93103290644805,171.7611725014917,181.52842802444906,174.25994530694473,175.09325532073103,167.67693836746415,155.4492690445021,157.4246953411397,153.39494483796696,149.54205667875735
226,2015-05-19 22:04:40+00:00,189.72657450227084,186.9890113278064,200.05538818473306,200.62062812656214,199.64653977243353,197.57931408711676,196.13723121705095,193.3242661914065,195.66774286187677,192.88932901163275,190.26321441628164,186.17567322600382,177.376529114248,173.63449024123003,172.97663306279972,167.63659713724792
227,2015-05-27 22:05:06+00:00,,,,206.54523877017286,202.95370255150485,205.95565981181676,198.34618065116675,200.01367756372943,197.21872377253584,197.46911461229345,194.91969175907607,186.84543526223285,180.523369969062,181.11958196235517,178.99633704610184,185.42218010477725
228,2015-06-04 22:04:48+00:00,183.7583128221551,171.91235932523634,181.6060498771384,194.5904109801088,200.48054295967302,204.0594968800517,200.4712604540621,202.32892282911894,199.28614050152385,197.48439936467895,191.90544907341695,187.9876294305252,178.57193836249184,179.21868574740833,181.199525810863,181.62091689298012
229,2015-06-12 22:05:14+00:00,166.75602320236803,,,,,,,,,,,,,,,149.32824445635035
230,2015-06-20 22:04:57+00:00,180.5387149678926,177.05880267541505,192.41216735794993,192.16605916056574,192.69450876044104,195.7125489316315,188.25745167668643,187.0433137526061,189.8714154499952,191.53924046341442,183.20443089062633,181.97202685709567,173.4753944739913,170.91045954330096,173.84873561750086,173.57992279687417
231,2015-06-28 22:05:40+00:00,196.95300881118274,181.86034574937094,190.0913598866605,195.93143662096406,197.2470514193206,193.30413743603324,188.94128808424819,189.17028467109225,194.09657008393583,,,,,168.34396271311547,173.2981858398211,178.04774964022118
232,2015-07-22 22:05:37+00:00,200.6581294966421,200.31799235594687,209.95239587077072,212.48875400187137,207.88684910964432,213.74580822689927,209.28897031039722,212.85359305463126,209.30263172005286,212.4530842636114,203.7689375318181,201.9885855747745,191.0113177053824,193.82342412737663,194.4226217646807,199.13355243374588
233,2015-08-07 22:05:16+00:00,168.12564363184876,167.6577149553817,183.99597619781326,185.13528503996605,191.08963949585768,192.0437600115999,190.48720017363058,186.57922882254263,191.01656648981793,192.61972746527974,188.28120652807522,183.37405444468772,180.24504726391186,173.79381339027063,178.4357875250578,178.26422582385032
234,2015-08-15 22:05:28+00:00,175.02648035705496,165.87605506075644,185.91171827020642,192.80073170795453,191.68629978522648,190.60462085320125,190.66472838071113,186.79875054291017,192.962185045302,186.87856601497793,187.59127186932875,182.41828531310318,176.68143220476964,181.333941856726,176.85695370551437,183.73863249799308
235,2015-08-23 22:05:24+00:00,176.51930875388928,170.29872374558522,189.10222383761365,190.40137393654587,190.54220707089036,191.05977647611718,190.6941966772757,185.30838132561203,188.312369278007,189.17154130903776,185.7164187225513,183.10862406799743,177.20502193400313,174.97241086358105,177.90362970934655,184.05596308240285
236,2015-09-16 22:05:34+00:00,197.51292304650852,188.94592269334646,200.94327496870798,206.13777040177263,205.84336613086552,206.8239362563687,208.28963805007237,199.282456509639,206.92901451451993,199.03536285463144,201.1515446644663,197.6516766114665,187.00417442086612,193.16326277171058,190.725703032614,
237,2015-10-02 22:05:58+00:00,,166.51062525298323,185.0739564371226,185.4965117794858,183.86706595395344,184.64830046400522,182.49565014717248,174.67969422224894,184.47091226471463,176.26823777960217,172.03126548068352,159.65839948319694,,,,
238,2015-10-26 22:05:43+00:00,178.37016051292437,177.22781299429676,192.53226818362336,196.48760946505897,192.3429432289884,197.03978398232135,190.86016986594944,189.63091387729196,187.2448630389262,191.06872910033536,186.06444674276767,183.00072920895136,176.11202352944318,178.19810883442065,178.01095108261606,182.09407739217085
239,2015-12-13 22:06:09+00:00,162.8762616045957,157.0814402026638,173.25440983085804,179.26794325181393,181.43797549675182,181.94335407714058,182.49748040621395,182.9483841131237,187.39802609021172,185.4256207719074,181.6992202838272,175.44829851117143,167.66045603209344,165.44150780423064,169.6646067569865,169.10569312940262
240,2015-12-21 22:06:54+00:00,191.01463433215474,180.8797124570642,190.00227394778116,194.63309851262306,196.16281528527998,196.00568585131242,197.0651958450395,,,,,,,,186.99423204123033,188.91943814754492
241,2015-12-29 22:06:09+00:00,171.5659090959719,165.9931778502622,182.41065352190392,190.61881885412333,189.44923359088864,193.5533722819883,192.9781837514222,192.84150848657214,192.8861115602932,192.16242950551833,187.84162607284773,176.9102377812306,135.4675897370993,156.5319147511435,163.08969157649358,177.45580354518188
242,2016-01-22 22:07:21+00:00,156.9278665936081,154.25780227614632,173.54577328049263,183.74289826826748,176.83340428593476,172.4460017532352,170.97140965482052,170.52739426394345,172.05243560614343,172.87130682230534,173.5976650553275,174.02657687726298,175.70502500812572,172.52589540943058,177.93878730622555,177.04232785544897
243,2016-02-23 22:07:30+00:00,170.81373045340328,173.24490534733144,188.9975423222355,194.84660879357864,198.57672161736224,195.45217968833725,195.41673626985482,198.96546698537134,197.8659804652493,204.0232632168212,197.1740632903339,198.2440247639675,193.00500659179897,190.51822738662992,,
244,2016-03-26 22:08:11+00:00,193.3406511100662,168.11770727581202,181.01513920355447,183.92182401468753,181.0561996791388,179.0274725965042,182.12539647201942,176.4601661677984,183.06050510498085,191.91116568601637,189.64467313467568,192.38890118342948,178.2795575302779,,,
245,2016-04-03 22:05:40+00:00,152.57362682238434,138.3929901989486,173.75240887934984,186.1927367475509,190.95125281941267,191.2804357321796,190.89473329628925,188.69535248213455,192.12397783251026,192.1953341631487,192.04162495849806,185.5920260471001,186.12189292387498,184.66893901185384,189.766457707956,186.70373758041313
246,2016-04-11 22:07:52+00:00,172.1607018318442,155.63817911264897,221.1995711419458,176.08976111052434,168.03305965381261,173.08951008646218,177.3668277512373,182.06360043902703,,,,,,,,183.58274953957016
247,2016-05-13 22:08:26+00:00,189.39835386528668,189.61007632034676,192.6903024561902,198.14888402709784,200.09411001698885,200.46562348363256,202.13599198411285,204.01239144509924,,,,,,,,197.89669715897318
248,2016-05-21 22:05:38+00:00,198.62660591632246,189.95784289610538,201.87863038543753,200.83971302059655,205.87813481003505,205.59395797637157,209.74415211855634,207.44398425299136,212.64327181394043,208.04123142065086,208.98390944418904,202.4689105559089,200.00516889679074,197.7515799695276,204.37862593280752,200.8768528745665
249,2016-06-30 22:08:35+00:00,191.16255357005318,172.18408537125157,192.08104158973418,188.44986075306008,190.64251300851515,196.7766544616861,194.17635776328646,197.39175332059105,198.57705430183492,202.9517158583838,192.1681097601088,195.42623914951278,187.48474490199692,186.36566619464003,194.5722227667654,193.43225628738958
250,2016-07-24 22:05:37+00:00,186.57687715460133,187.97550801004866,199.86813080018652,208.32361714724806,204.5412719994984,208.48788311211027,199.7619470318275,201.77071570670446,197.00298299759388,203.1783919909387,195.09754124856485,195.9710815419985,183.51951765993087,184.43121138758326,185.22940041204532,185.04112916492832
251,2016-08-01 22:08:14+00:00,190.1434295114545,179.6275924290709,195.26767319729913,196.1618120608037,201.893606065467,200.2355987276185,195.2892093662525,199.94786078760353,195.70167430377538,196.4109991266252,193.1611270101712,188.93305421039477,180.93471562518155,181.14549301992287,,
252,2016-08-17 22:08:15+00:00,187.079111185603,183.25694089478455,196.9665257267881,,,,,,,197.04762895241547,192.6201347317611,186.03064647739964,181.6140899839895,182.99132256768465,185.65137883438237,190.1054284502998
253,2016-09-02 22:08:19+00:00,185.96029680729313,184.58941756320166,200.3893361705018,204.07054779265243,203.3817816776139,200.9405937949403,195.91155577507675,195.2445395124262,188.34984937012658,197.32250289078357,186.6596005011422,188.373962834824,181.58671486193586,176.02096312428634,185.28539160145365,180.1990840017098
254,2016-09-10 22:05:51+00:00,180.32132800722016,177.41535622456095,196.11637854960105,201.07847484323005,197.18447646059033,198.90662548035462,192.91696037196382,191.21724650889132,189.38893526598832,192.09238781283594,188.4105058971051,187.72243100478696,178.1857455493271,179.9447403992041,181.85679092009406,187.24120716559634
255,2016-09-18 22:08:21+00:00,,,,,,,201.30665958938394,198.61161678077144,197.3167628615621,199.1062447274416,192.84829609587308,193.17505190915892,182.4953592141698,179.44285320665605,185.7891249464506,184.51338132683765
256,2016-10-04 22:08:23+00:00,187.30994121656838,,,,,,,175.289329404964,180.04210053924714,176.75470357947123,176.61536150690125,171.56000635811074,160.50357898275007,168.12288487032876,167.75470865066077,165.78029876573763
257,2016-10-12 22:06:21+00:00,183.35149389737575,178.48587013781645,188.13617292431812,192.33947732201477,187.90337633256672,195.67391337964418,182.0517730525991,181.21319256170102,182.22070392729762,185.55633270710774,181.54668042149322,176.39518110005022,171.10766358139279,175.75265984726607,180.04461020492803,187.5094115652372
258,2016-10-20 22:08:21+00:00,187.09395205276485,188.0282905862115,201.11223630229887,195.39928058994013,196.52441551749854,196.87885680118478,189.28127102062754,188.61449155194416,186.13582127603436,,,,,,,
259,2016-11-05 22:08:15+00:00,193.08336514551678,188.47662675295322,203.30996007265236,208.4594709883452,199.68762234365238,205.63123183909357,193.83518680570552,195.171542038599,193.35771093343814,,,,,,,
260,2016-11-21 22:08:33+00:00,187.30247049368873,180.62458428038974,198.0878393963527,197.23975492659082,,,,,,,,183.42439920788246,180.75616969501465,177.87590912101695,180.00535921615568,183.92047587436517
261,2016-12-15 22:05:54+00:00,176.62200291259137,181.47150298404884,195.34809298428735,200.77130724112212,198.3478721769024,200.52069131145757,193.80252353133378,195.1128214840606,192.52771336267398,196.01667911636324,185.7700803290063,185.93935695367765,174.10522180290215,175.44075817662818,177.20046595773954,180.8521149505652
262,2017-01-08 22:08:14+00:00,192.10286259787796,178.64293967885516,195.62327308261047,198.87697781625053,194.1210511344712,204.98255564435163,196.1297245700193,200.57693592312546,200.30253366243386,196.634378018391,194.94248033019198,184.93453030824665,184.2833313805421,182.30876618634227,183.72453159919877,
263,2017-01-16 22:05:47+00:00,180.69948663879197,171.09477566016207,201.01407952243454,195.9526732979173,204.59079513058686,199.18757769867423,199.80507212783013,196.4759247918152,200.13930216540095,194.28662310419358,195.28724509680808,188.3569033622743,182.2233978239814,177.73876366920746,187.13988663566997,190.10495138283858
264,2017-02-01 22:05:40+00:00,178.8556730741499,179.4473550232047,199.05052046200203,201.04913457229006,201.92876276812984,202.76821361120173,198.70890239973443,201.60908010486054,200.47361521906583,201.2061454261077,196.24446248126307,196.45682369169793,183.9942128254432,187.66644603474148,190.16067190271445,200.06641113430393
265,2017-02-09 22:07:31+00:00,176.5046905353654,173.99227834623352,183.63574884548336,185.73259474284893,190.78614308040804,189.22973906197367,191.9938885690753,187.0273736949867,186.26350931675938,187.88285396111232,181.73447520567666,180.70649448498426,167.38766607116864,171.24403167837815,177.5769823314288,
266,2017-02-25 22:07:41+00:00,192.62477041784862,188.00980480370546,201.82788066480265,199.23490883823195,207.31738218340115,203.53798941522268,197.96744676544216,201.16552035493396,194.59943058710027,,,,,,,195.23780620254206
267,2017-03-05 22:05:27+00:00,189.84554023365536,182.86022673978104,196.70648234430786,197.60448678492304,202.10638255385484,200.6879482714757,197.6440693698439,194.69127446109144,196.14613557509017,193.93728591990254,189.6531284446651,185.7803746721576,177.47594874382054,177.34748990223846,184.07122654432195,182.81025702439067
268,2017-03-13 22:08:12+00:00,,,,,201.57402772010317,205.69178801655733,196.1970184581649,193.1085453259315,192.793343418026,186.03656276166373,189.0770340483262,178.71665798104058,172.72517624189214,174.1727750273783,180.0369123313139,180.80615203918262
269,2017-03-29 22:07:52+00:00,,,192.52129110690245,199.8075182267593,191.32500226865315,,,,,,175.56783899474715,172.0413271999908,165.26947130553438,166.42347020067322,171.70198611621464,181.29656878321902
270,2017-04-30 22:08:04+00:00,193.01096544072797,183.19926563734248,198.85209256510578,202.13793299254334,197.51458431230367,199.04038746596734,194.2343246719921,188.4671037678822,194.12470520008156,188.6792909414724,192.49787268747758,,,,,
271,2017-05-08 22:04:59+00:00,175.29394239589732,175.80260685378278,184.05411271646716,182.8928826395446,187.46448030308423,188.33639193177015,188.81053772482778,190.90542870705497,192.98870215068425,198.04730312457264,194.19821820060406,190.2362402220336,184.78832532580012,183.84601662662965,185.66994699211617,192.19254742307675
272,2017-05-24 22:05:10+00:00,187.6092275372465,177.70158340682397,196.079315302354,195.49288862149817,199.65297745129678,199.57465444381472,196.65638719269936,192.7696114930193,196.03571299434938,196.05674407185526,195.11031344765343,187.45887270524682,184.34227438688114,185.16101009285643,187.069583062868,189.40077691584676
273,2017-06-25 22:05:23+00:00,181.1469053109288,180.76389393700458,194.02115086717285,199.52888128826993,202.70591180298194,202.5524829468583,196.59900272685027,195.50813266470774,196.5373078150649,200.18791110994474,192.2550661981606,188.25772755234757,178.06693298205894,176.23837278441508,180.95656908044228,175.20579085718992
274,2017-07-03 22:08:17+00:00,172.61429181145814,170.94449444758362,185.2857823669823,190.90485111754134,188.8445259308267,,,,,,,185.15229495501598,175.46765953305038,175.04206136076027,186.57918328797842,180.73721881495706
275,2017-07-11 22:05:26+00:00,194.3292539380678,188.6297732610628,203.0665265061024,205.7435204174631,207.22532593055493,207.78921599845967,199.94464794703165,199.1337489468059,197.75073680153434,201.81943211543611,196.74883909531735,196.27635054217234,188.7542176116711,190.93557319671214,193.58540060892923,197.0395150618398
276,2017-08-12 22:06:04+00:00,183.3026280773832,171.45858751711472,197.3187583195576,192.27301301281818,196.86758177996992,197.0945946284908,197.61015745151158,193.24343707362803,194.6662473173216,192.98227201340154,193.87876739481905,190.2288266317458,184.9923534431393,182.03010098795752,189.84943970736765,189.21014647016648
277,2017-08-28 22:05:44+00:00,153.87714802911657,149.66289289920687,175.5714891032892,179.48071272099773,181.52935257459998,188.6775009278379,186.0455567190541,186.96383588985182,184.30223053397862,189.83647910095004,184.55762282389517,188.00996921797386,177.61213574174874,178.70558256766586,183.72099253142528,184.07134372707114
278,2017-09-29 22:06:15+00:00,145.97858308903287,155.25858596736924,177.8602175065288,175.71899764732868,180.36429173685622,185.4447616770238,184.11313849362935,187.51296022864477,186.78432071996556,192.0079961844096,178.39433483536504,183.09945527573066,175.39805457927807,174.55138108850537,175.84260764969824,178.169470779106
279,2017-12-02 22:05:46+00:00,171.42672684595914,169.19973583677213,187.0277974955168,184.3926461426481,189.13102312708796,188.43406907999142,189.33488845836104,187.54317210191297,192.06126968672106,190.94008599224355,190.48350897181592,183.6378579529937,177.19637785858563,176.18230779648442,180.08811156052252,176.86025763381468
280,2017-12-03 22:02:19+00:00,,,,,212.4125759913712,220.3208565394321,210.2808462067607,212.9156444105433,214.1245394970198,216.53439196279547,213.43070319778013,209.34842615757216,200.19551604215437,202.13603237844166,202.18599461450486,
281,2017-12-10 22:08:02+00:00,178.18706698620156,178.96309792979403,197.6250819975652,198.6749689476784,201.3553003556338,200.4292646452114,201.3495169003558,201.49417005291204,198.82782237778454,201.87859673948253,194.20965497188772,194.64405795234728,182.88848735611367,,,
282,2017-12-18 22:06:13+00:00,171.16112292940156,176.29302016423054,185.93615133179264,187.61843456715212,189.49325786941117,193.2528165248426,189.71535881052787,191.27476906475212,186.58707753666408,,176.62059480178118,187.75877901088697,169.03675895154072,175.33086160201205,182.44992419341597,183.65541507312585
283,2017-12-19 22:02:10+00:00,,,,,,,,,,,,,,,,
284,2017-12-26 22:07:52+00:00,175.395234057262,177.4413070894704,182.15206757242453,189.14028013395597,188.47872204917712,191.6418092406416,191.02886062724448,189.9259648139345,197.04285672713783,199.96349812019963,199.21999896986344,188.34928636329923,184.575005975359,176.82143142055517,187.2341591057462,184.83960143564929
285,2018-01-11 22:07:39+00:00,161.91515437168843,166.56119113821987,175.19932917181137,185.16544471925198,186.6545590267226,187.06414330803653,189.15956934479695,186.39417271080572,186.30013385659683,191.25060901221542,,,,,,
286,2018-01-27 22:07:23+00:00,170.07371781220058,,,,,,,191.479242923576,191.93813315330584,191.22021099930203,188.01509473638947,184.12921378173044,176.9936529531053,182.3989361100029,177.42314081889705,185.00314873507767
287,2018-02-20 22:05:24+00:00,169.58009552980874,168.29741894210565,185.92213646776506,188.1397922415452,192.91744152927893,191.93050502761182,191.5687347047654,195.1477900655632,191.47112941697046,190.13985443894495,185.19937552030632,182.36755522520434,171.4728558963657,177.46864257790008,180.21542948733304,182.81076845507772
288,2018-03-08 22:05:39+00:00,182.33593051983965,180.3622087324303,192.82195881624685,192.57541481149045,194.71772347221852,196.35505652150266,193.46290863894453,193.91254720542568,194.57170359281568,195.29596492388094,189.61581368741037,183.55838117859318,,193.41256908098472,186.953052369722,182.55317020147513
289,2018-04-01 22:06:35+00:00,189.06856173522473,186.88653008926428,201.7810538999363,198.58244619538962,203.87978686120871,202.38308920239828,196.63948768847698,196.26684407643924,194.29835488747793,193.62395135889128,191.0836390422364,182.10989981069272,179.73503883810483,,,
290,2018-04-17 22:06:20+00:00,194.42948858307253,182.86202715954082,201.09151644503567,196.06589553347538,196.09469071412556,203.74947256089462,197.0001970889425,197.36617918224567,,,,,,197.14252947040094,178.74621559653224,178.96595893308668
291,2018-04-25 22:05:14+00:00,193.86520655525624,187.97700742828485,204.90217031162962,205.19987075803263,209.5223944686968,208.54464529947234,207.88831874758884,203.76464863453708,207.08370666327437,202.39279466475216,200.84251489580606,194.19206516622933,189.9994068916264,186.8771995971765,192.11586925214255,189.88167374478527
292,2018-05-03 22:06:02+00:00,178.74897183050913,175.76783804600248,189.43879377576596,190.30983374777946,197.08142828446756,200.44061384396542,193.68653212750215,194.14757118217037,196.11362416533365,188.22743897531979,192.46904354185128,183.30756268947022,177.58295992920395,177.47876327056036,175.71004799810655,181.19702594909162
293,2018-05-19 22:05:47+00:00,196.36107850634824,189.45839117456944,205.19992941858152,206.762783613614,209.171963195933,214.5067169161781,216.36795293698637,201.88526543942558,210.05346862987295,200.23478893928913,200.56604654695587,198.62622646439314,185.4791964088944,188.86067720389775,192.8608894159199,
294,2018-05-27 22:04:52+00:00,197.88072805044348,199.69294761558456,205.9033468279422,211.55152115160425,208.99899525645174,214.00973370302287,208.38680926268356,209.88834875040746,209.32516148836032,210.57362793091772,203.88192455066874,201.89719159950997,191.8373505106488,194.1093838816497,193.22941340410247,194.14724968213082
295,2018-06-04 22:05:31+00:00,177.0804558941979,,,,,,,193.46568217599886,191.91260375299206,191.03351165928453,188.49171742668165,180.14088455546397,172.42012839908932,169.98636960588345,181.5617000903272,178.1037568828533
296,2018-06-12 22:04:30+00:00,,,,,,,,,,,,,,,,
297,2018-06-28 22:04:40+00:00,194.36057048824205,191.9215580980295,201.06849822894554,197.6308531380822,198.16125779959089,195.8365306264507,193.2949258944544,192.96567984985106,191.65169277539772,189.8149720284612,185.35321528018724,181.50127868484046,173.28927964596156,175.55562629267646,180.70139889140944,171.31573321593055
298,2018-07-06 22:04:54+00:00,205.13381537884518,205.7065603519357,213.97840673045405,208.64064624457794,215.63013100090072,207.483395399431,208.17448356857287,200.24149438869873,204.1269895077733,200.77572722635423,197.30940201083965,,,,,
299,2018-07-22 22:05:01+00:00,174.62806364072924,173.84083879984496,181.3607012568188,,,,,,,187.71411272284072,181.57481544786327,178.9196022401994,164.80717372216697,175.31446725721835,182.73965199953312,181.19343940181577
300,2018-08-23 22:04:01+00:00,180.93580069032043,178.30113758788525,193.81632526293006,196.43695280161148,197.6552902591076,200.92618174934526,194.4377743552237,198.12913183349193,,,,,,,187.42882739154862,191.52872266273403
301,2018-08-31 22:05:35+00:00,170.54409965958422,174.72547026488417,184.0955253050724,186.6558999750886,186.35540426160924,187.4432824227569,185.4021415235467,189.87693409374612,186.23381932665993,192.24310029421798,182.73896293991746,184.19148434800522,176.34955856007966,176.03434252781466,176.99937444450538,172.7722123620835
302,2018-09-08 22:04:05+00:00,181.69601189928218,171.4973715017881,189.8065967266507,191.03570655168946,190.20313296696395,191.4297393110809,186.20810631437303,190.14339730625673,192.19324262779568,192.48956448458046,187.9066730685292,183.54604988881815,177.07585449448104,180.23686896518896,183.80470328385138,179.2535071398811
303,2018-09-24 22:03:19+00:00,,,,,,202.5645112003411,192.01429052168567,193.88377803876762,193.15516889170553,192.22750406951147,185.80829598369732,183.17564518089338,177.19590800601284,173.51005063957905,181.59700757938253,182.95357130802066
304,2018-10-02 22:05:23+00:00,190.62628515085055,182.53920298956766,199.32519128365738,200.489819820621,206.9836184211188,206.8231739640703,206.45145390555828,205.0976682269632,209.31371634820886,206.13189748487721,203.10985075132842,195.81406685277273,191.82922278196497,187.6893333891731,195.30154442027472,193.18309384530392
305,2018-10-18 22:05:53+00:00,188.86487449192344,183.86878455782488,197.98037051674314,201.53869829504114,205.68769057844386,206.49154120756899,207.7475371039171,205.28868325553876,208.54507528083283,206.91203153154808,205.23063205642492,198.7539992492096,196.49527147021632,194.17834317055392,199.30134607447062,195.76787406808157
306,2018-11-11 22:02:13+00:00,164.93984569752303,173.05020998894187,192.85223372401856,185.33062890152996,208.08298633717146,,,204.11231925989017,192.66045749004837,194.63651862409117,180.80925849406105,,,,,
307,2018-11-19 22:05:34+00:00,174.73005433110723,163.80100793056124,183.0231944966258,183.53225520522864,186.28057032342372,190.95034193706982,190.20801122143746,188.16224219553402,187.47340633320965,190.31473848618856,185.7464341105939,181.04930168263334,175.39153274722975,174.3380017833244,179.47949971356198,176.01695930839088
308,2018-12-13 22:01:23+00:00,,160.70153550066107,185.6649829161596,183.9944613269463,190.41859352536025,191.5726734473123,188.57725214243624,188.22172989101782,187.97945726086152,192.67759218745795,180.45428036616906,184.35085148614235,168.83701413135068,167.27230549080602,176.8709427962455,172.43136801453232
309,2018-12-29 22:00:55+00:00,,,,,,206.9471454310347,204.65795426320375,201.40145847569923,204.62912461419273,197.17776866698458,196.5960723255073,186.94950731886405,180.8943082826301,183.15438764803005,182.75776233768212,186.22863957724562
310,2019-01-06 22:05:29+00:00,170.00225328931833,165.82287479144176,183.57772656900082,192.33812175618417,193.28888057077688,197.25093121972134,194.03305219518785,196.4928561141568,195.79840836631908,196.98724968918364,188.38888543659093,187.65462768013106,175.15512265591514,178.4624871428661,179.59621105294156,180.90830352013336
311,2019-01-22 22:05:50+00:00,181.4011360529754,181.14520293755552,190.0535436819178,194.4352446327965,197.36677099357365,198.95405784962784,197.98029545592686,197.6783520983047,200.5915452834436,197.64929185856994,195.49499878650448,189.73719586335054,182.27856413299602,177.12535292243373,183.82713984329087,182.68307206205657
312,2019-01-30 21:59:54+00:00,185.8561712865788,172.30357859176613,,,,,,201.26066938255403,198.8344015162603,196.21626734869687,192.81027558607173,187.3820275220936,178.3115735980616,182.97618599280716,183.08094655668432,186.96595166045824
313,2019-02-15 21:59:50+00:00,179.9454974101153,176.55232133454604,192.8286421826034,200.1920708936884,201.32344524934035,196.17839623639387,203.60731631876152,196.60614390974928,201.31605462064846,201.80757369165772,197.85446788077195,192.14741607699423,185.92470254326952,184.08350749707697,186.00075152676658,
314,2019-03-11 22:05:38+00:00,185.32648920482018,178.18183551793678,195.7347673427615,189.08911877763308,196.31641470858375,192.71959588817404,191.2445510740234,188.37853459801033,189.80903557996413,190.769139051129,188.37357262246144,184.40992223698984,175.6456856986731,172.22960936295198,179.69918159891444,174.77202368235163
315,2019-04-04 21:58:16+00:00,,,,,,,192.38977925859686,193.48257984890813,195.37989830181527,189.20199567475865,189.40395928148618,189.20725964402854,176.44866352294062,179.65610215792054,179.88008103174545,177.13460394483067
316,2019-04-12 22:05:06+00:00,189.5947966471553,189.42850699580282,200.11796102090403,204.8643140537913,205.52940490343488,206.02141959798823,201.7711602674736,200.9380575707284,203.19099536306942,200.6192634038297,195.93569716022438,191.44070191326432,183.09407761462458,182.61486638441403,183.6986089745959,182.95753475211518
317,2019-04-20 21:57:18+00:00,192.71866387351744,183.7466965085885,197.57311085214738,198.9951666553431,199.54791512049812,201.3387203425048,201.81523980351005,194.56717610972026,202.54804484480889,205.6400099608692,200.9991068710452,193.78769315328546,186.85747100263677,180.37717728799714,186.206967046517,179.16279416501462
318,2019-05-22 21:56:04+00:00,202.7360539080704,192.23906159336235,201.37357720630942,208.0868678323929,204.7748093375787,212.0387296294545,206.61338941307426,,,,,,188.5634723810274,192.337987762077,190.9680151553532,189.79812921671115
319,2019-06-15 22:05:51+00:00,188.153804117414,184.92928788367968,194.38103932333036,200.39076771039774,200.12671435274308,204.47611348104007,201.0969183492496,201.4404981573191,201.09557617979567,198.75928191861487,193.41677219956117,189.40875739342104,180.55370959472933,180.78818749928095,181.25347984352814,184.66480391384144
320,2019-06-23 21:54:55+00:00,197.95867673197114,192.1156700365905,200.25792535987418,,,,,,,210.99163508733778,210.776042062437,193.36224504164244,195.2818209617784,192.38938805569578,188.7140423520117,194.70972643459288
321,2019-07-09 21:54:42+00:00,197.85489136700377,179.74485371397213,,,,,,,202.94025667526202,207.19105075117133,207.60178614480114,193.49127771411878,188.91096839384875,197.93485905121827,187.9818587272658,186.08140286609094
322,2019-07-17 22:05:35+00:00,185.5158425430345,176.41999685115465,195.47751229780022,192.21238831916756,196.02516470610567,196.80911398749896,197.83275630453682,198.56813332361983,200.08287424882974,197.8613514133695,196.72897452579016,191.800724846829,184.86457934289166,182.07661414601395,185.38709996363656,183.37652349515145
323,2019-08-02 22:05:42+00:00,191.89694917782867,187.44382286693119,200.58004210147882,204.96738327924814,204.10473218392158,206.4280663532587,197.8855154417811,197.7669815924169,196.54734319179076,201.0396265313496,195.86458768277234,194.58636373055685,187.55424768590476,187.47342141424568,187.64263857914904,189.20315901019433
324,2019-08-10 21:53:25+00:00,177.17814428488637,173.9033949524837,182.3601565568745,192.79724766100085,186.76811212939822,189.42218293062413,183.1040364693249,178.69317981960816,180.4899694072446,184.00473471873664,,,,,,179.28818218785327
325,2019-08-18 22:05:47+00:00,,,,,,,,,,,,,,,,
326,2019-08-26 21:52:21+00:00,183.58607865131268,179.98856958446163,192.18294969848012,188.36332589359984,190.61309244034058,197.6104257131541,191.60599163807393,186.3852884212047,191.96958435260154,195.39150443838747,194.26897241371583,190.92113229543924,,,,
327,2019-09-19 22:05:56+00:00,202.7765768142389,187.1254464948651,200.86066008748253,200.54250836499006,204.403478042119,203.50732108688067,199.92543564315721,196.73078659035394,198.0177978022141,197.25213719945606,194.5454457847346,189.47720955437828,184.70839173114973,182.152255385563,190.12472165570827,183.40392365655654
328,2019-10-21 22:06:25+00:00,175.49493918800792,179.0900065448021,184.46716573635553,187.3024958505344,183.79951009169892,188.6878735642394,181.9688033751105,185.02602108702345,183.12053653749447,185.5969415300168,178.84453096760484,179.32883721315272,167.77169060996334,174.73836676615934,174.80222840292862,172.32963897542265
329,2019-10-29 21:49:36+00:00,,,,176.44146027626869,179.59279971493703,183.62108954267,179.22205601015338,180.70023293828706,172.9138052521656,181.57263724149848,175.5128528080745,172.1120710926381,166.4282821891968,162.89188864196808,170.06235508396068,168.9636912371545
330,2019-11-06 22:06:24+00:00,181.28734399889944,179.64867246809757,191.7358920408785,188.6114202936679,188.1362296260915,191.4321930434973,189.34788930540265,187.95422329483543,188.6748760682733,187.37873852688256,185.05296628645297,181.1024651790945,173.22030105503467,177.42526483446954,182.44411367947376,183.4275213317101
331,2019-11-14 21:48:52+00:00,173.82442092532997,,,,,,188.03315204391046,185.1371263673483,187.89765571038106,186.05578095633203,184.43784379373264,,,,,
332,2019-11-22 22:06:21+00:00,171.6564779131622,175.55892293775818,183.78228494842213,184.2889978762186,184.90229311443372,188.70589695291306,185.50628480969374,185.37912251684205,185.19436809829855,184.3731467624071,180.44289099730847,176.8839962501287,167.97020251569955,171.92228076800532,176.75320354727964,179.34765093770878
333,2019-12-08 22:05:56+00:00,181.68375295590798,176.51975738355148,191.12121173478008,187.55101070474112,188.7920535904605,188.9997952251098,190.38841956359275,187.46155439495146,191.00732883917152,186.53240808652637,177.59276370839265,170.31259433045363,175.33322309932902,173.8753977035112,180.82776821324288,176.29673015628484
334,2020-01-09 22:06:13+00:00,172.61595887836967,177.08329050480376,190.78854326073338,192.58812424640573,193.96529631535552,197.93719768123205,194.63766120662402,192.10291557947932,196.20895809973044,193.90318726684572,192.20299003505315,184.34626911701866,178.02733036104846,176.71903225794955,182.29630984537042,178.13191371294607
335,2020-01-25 22:05:45+00:00,181.14414962551427,180.9898138187066,198.4170885712455,198.47533182480072,200.36508978412672,201.325233900843,196.04235130457138,193.7288384529403,195.12322436552853,194.6963928743134,192.56752647350672,185.85422591770168,178.57604810239704,173.70373894399697,181.9986495904891,180.09418853893968
336,2020-02-02 21:45:17+00:00,190.4123678587026,187.4223312376915,200.04447688337535,207.5563136354802,208.01317866823663,209.74736247632424,203.36750846456715,204.82928110892482,,,,,,188.90269898250037,193.0381206806557,197.98481820336713
337,2020-02-10 22:06:04+00:00,180.5910235318298,179.42493598780027,198.64585685246428,199.85932406572977,197.8890611561422,202.027287414652,194.54059438524615,196.32234207419853,194.9953532346437,196.4075528366566,189.30445614863683,190.39257670208298,175.57008878185854,177.52962439829182,178.34818448477438,183.40557094855558
338,2020-02-26 22:06:00+00:00,175.52754994132334,179.44967494574996,200.22960103196692,197.99884515561212,203.11516418963754,200.98634004375896,197.61887406992463,192.0659811769953,195.98433392004173,195.30819576832118,196.49665239971648,187.02260215597127,179.17405052014357,174.5683369208944,182.51032697232455,182.06367782136826
339,2020-03-21 21:42:43+00:00,,,,,,,199.31662098615763,196.55677891937412,199.03460195550994,197.71925952503375,193.57705871962128,185.18685856136958,178.7392038140567,177.12766251946644,180.11614613056645,183.41711128219058
340,2020-04-06 21:41:25+00:00,196.62147455513858,,,,,,,189.13097906796096,190.30898111475608,188.4654588411265,184.34042021080492,184.39751225376747,174.21647886062155,174.50929436778108,175.42317323784349,176.04240856447768
341,2020-06-09 21:37:36+00:00,197.88558803955556,183.25449025931024,197.47522032433864,195.8384242811445,197.62421231704835,195.744634759424,194.24752196669792,190.18904537589736,191.5178411009771,193.73297996469935,186.20769377482034,183.45193056006042,177.4519581955454,183.43943988241344,175.90643873539165,172.40771974049187
342,2020-06-25 21:36:40+00:00,174.74265696344494,162.59658177667578,174.886236619761,181.67838475502765,172.9606700808174,174.01819928489988,171.51066712049698,173.9868179865872,172.58101795800204,165.72993455520324,168.76562388675148,162.38683404249937,153.3969540532106,,,152.76326938210082
343,2020-07-11 21:36:06+00:00,207.61229272561363,195.27640272923387,197.38938469641158,207.4628549929934,190.28171134428231,193.77380476722047,195.90273820340192,185.11097328838946,190.03995323980865,183.42023302460927,181.35768342811667,,,,,
344,2020-08-12 21:34:06+00:00,201.97024600923737,190.43105909326903,204.70962766869044,204.86826848171432,197.5718066104227,203.61509600132837,195.63834913341526,193.79218750370427,193.70269829970843,192.23768130800732,179.47507301216325,182.21486089490332,169.985052878464,177.76666934795438,173.76102107162234,171.98451582492407
345,2020-08-28 21:32:41+00:00,183.84831959795966,187.4863791380744,193.6011684348653,203.53970623100952,199.66721751405387,199.86560285597088,195.47590739034425,195.43135614511374,190.62530845855306,192.40885931188393,,,,,,187.6411810482563
346,2020-09-21 22:05:54+00:00,191.4998822641419,191.27980027979703,204.2823431992204,209.62694660237483,206.23358581037073,207.0439117052967,200.6319197461669,202.46611812443822,198.53834908113737,197.63301195176388,184.7556556496294,181.22178124044206,173.1975898816579,175.15420783729027,175.66954439737324,174.70165603971935
347,2020-09-29 21:30:59+00:00,191.38326685172402,195.03251860569944,200.53867879921842,204.53263955917942,204.1569268922467,205.85411015927465,197.9085671393968,192.16607244500926,182.261273678562,152.93628919565887,,,,,,175.69557953389926
348,2020-10-23 22:05:58+00:00,195.3114945643713,199.23886601145023,205.6327281190168,211.50585404614466,207.74109921773305,210.9810901451665,202.61019393222603,202.85519154072665,197.37011299899265,197.61699712747748,186.7492275488298,185.07931212690872,172.49012757348507,174.6165379018778,173.46641927634448,178.51592386378923
349,2020-10-31 21:28:30+00:00,,,,,,,,203.2523361287849,193.43332810980812,190.37704896829177,183.88267637011484,176.8536574244545,172.4415726356813,165.85735558064368,172.9671830067517,168.79851687066244
350,2020-12-10 22:05:59+00:00,,167.64407963289543,181.72228023927315,187.0091061042746,184.23429969029,185.2751030464246,181.8198538511123,179.78575133376353,175.96437243169422,174.42297356039097,165.09448042803388,156.76527485733087,148.20869217362028,149.26065303922664,154.07796623785984,156.89397779137036
351,2020-12-26 22:05:56+00:00,190.85062655881765,184.09105024193425,199.78674555866377,202.26789987206533,207.64359164617065,205.4039798130079,176.58672696188202,,,,,155.47815094039046,155.0954477182718,149.5836848130749,,
352,2021-01-11 22:05:50+00:00,171.43301968022817,174.66202406015117,190.74920454198548,193.0746365125148,192.2808833168885,195.68526616693944,189.57959834516797,192.06501959427862,191.19569615611934,187.44642486872112,190.4713986638828,183.8305945763015,,,,170.7325340530629
353,2021-02-12 22:06:07+00:00,179.9085276392063,184.78170003457726,196.43183146594396,199.17451871673245,198.6068769672712,202.95097559956858,195.92792838011735,196.64059547990314,192.41322631143626,192.76442296203132,181.93048034861937,178.66652716343026,165.38462723981976,169.2381976414519,175.24316346795882,175.5525799473936
354,2021-02-20 21:20:25+00:00,194.54569887651297,,,,,210.56959983255013,206.65645643299396,,,,,,171.41245205758804,174.73174044384893,181.13247159614008,179.0711680590601
355,2021-03-24 21:18:18+00:00,185.84776426782946,182.09243610261754,197.685290406557,202.32854032285402,198.43594189213437,204.07610539776772,195.5756356679995,195.7577926501609,190.130010230834,,,,,,183.24784032402272,171.27680084817035
356,2021-04-01 22:05:48+00:00,178.12444467725618,182.9419896706545,203.34586629210142,196.5614500945306,197.70944851172052,199.82321926307233,197.0555287928645,192.84625521509858,192.8890785903955,184.00974816969554,180.26871547023217,172.87504580145014,165.02409097755998,161.48220546519087,169.55979537374367,167.95042978777502
357,2021-04-25 21:15:14+00:00,,198.05530860118665,207.49799231936944,212.0645388969654,211.8410128931312,214.46045151524967,200.86879767096283,203.72911183961057,204.37703996141815,199.55046870116215,197.5446694946781,187.2065515920121,180.0683228792521,180.45614704549527,184.19743071788122,182.93451669069367
358,2021-05-03 22:05:08+00:00,200.23110200952107,197.74728460161316,205.77034710974394,207.5426525961035,209.04695079825277,210.08265961898059,205.36804304533337,202.7361890518457,200.65637847778856,194.56993237045427,186.70686514592936,182.03001593733617,171.2967335107362,173.2969735409415,176.13470967473356,176.0868642154186
359,2021-05-11 21:14:18+00:00,,190.99499868587858,211.65405322319165,212.48383863874793,209.9622466866101,214.77249349765458,211.48139364379963,209.19657890371036,,,194.87252570023367,191.13292274121878,175.15099903555523,189.62037137269812,180.81258378234654,184.02541742066734
360,2021-05-19 22:05:16+00:00,206.05801502812596,200.66400124248548,212.93901954210227,212.82563957458905,215.03738301032118,213.40812142479456,211.23597592887245,207.83002007818226,207.7495185507819,201.3778070228456,194.03660703947037,186.36861309726424,180.4851855444174,175.2435804400774,183.4543923463995,179.31166438494404
361,2021-07-22 22:06:00+00:00,195.35858311360624,183.01997757234378,194.47627536585713,194.82429634810225,198.21237987351563,198.1726937885521,193.24852999328306,189.65062109393372,196.16324248409555,191.37174782635572,188.9124102598223,183.35506228275534,177.26686651905888,162.32534086111025,172.75565160290074,175.59651923348017
362,2021-08-23 22:06:13+00:00,,,,,,,,,,158.01869328933034,167.98671416784873,159.3863432897675,157.9868374146114,164.23976395707467,161.94309823287233,153.50804452440553
363,2021-09-08 22:05:54+00:00,175.9401203118087,176.94852392581151,195.147066314806,194.0453239246739,194.70122718560762,193.31164860178166,189.13806117142812,185.58362650571684,182.86366043879607,180.99815603280365,177.34331727547934,172.41357910029282,165.05036198909437,162.76712057006813,162.47793860396843,156.4402972990897
364,2021-09-24 22:06:20+00:00,187.43119600774662,187.6755726634111,200.9352347705997,196.95097662601165,197.47134389361707,197.4814522570588,195.88613080560134,190.43745273081498,187.50763867970232,185.28352596031286,181.92383158773356,176.24914444131775,170.17731035783876,167.1937712489388,171.00899898840808,157.54524350884367
365,2021-12-21 20:54:01+00:00,186.20310500557395,187.7022893061036,207.7254501658987,202.38162013075234,207.22053320742398,,,,,,190.92200902747146,181.99677425237869,172.33976823930013,172.74242173830947,175.4747035952364,172.83880044003428
366,2021-12-29 22:05:53+00:00,185.37401735011025,183.20000846233373,197.02405442688567,198.5696230923284,197.48641000163371,201.17581207457656,193.8727524712411,193.54713944320275,191.92077713463019,188.00507422961164,180.29981185276634,176.5141383275265,168.30873960634514,166.64071293800328,167.94607700686328,165.889377390246
